smiles,group
CC1C2CCCCC2CN1C(=O)c1cc(F)cc2c1CNCC2,med_rigid_carbo_amide
CN(C(=O)c1ccccc1SCC(=O)N1CCc2ccccc21)C1CCNC1,med_flex_carbo_amide
O=C(C1CCCC1)N1CC(S(=O)(=O)NC2CC2c2c(F)cccc2F)C1,med_flex_carbo_sulfonyl
CC1CN(C(=O)c2cccc(-c3c(F)cccc3F)c2)CCN1c1nccn2cnnc12,med_flex_hetero_amide
CC1(c2noc(C3=NN(Cc4ccc(F)cc4)C(=O)CC3)n2)CCC1,med_flex_hetero_amide
COc1ncnc(OC)c1C(=O)N1CCC(Cc2ccc(F)cc2)C1,med_flex_hetero_amide
CCS(=O)(=O)N1CCC(c2ccccc2)(c2nc(Cc3cnc(C4CC4)o3)no2)CC1,med_verylex_hetero_sulfonyl
Fc1ccc(C2CCC(n3cc(C4CCNCC4)nn3)C2)cc1F,med_flex_hetero_plain
CC(C)c1ccc(CNC(=O)NCC2CC3(CC3)S(=O)(=O)N2)cc1,med_flex_carbo_sulfonyl
Cc1nnc2ccc(-c3noc(C4CC(C)(C)Oc5ccccc54)n3)cn12,med_rigid_hetero_plain
CN(CC1CCCCC1O)C(=O)NCC1CCN(CC(F)(F)F)CC1,med_flex_no_arom_amide
CCCOc1ccc(S(=O)(=O)Nc2noc(Cc3ccccc3)n2)cc1,med_verylex_hetero_sulfonyl
COCC(NC(=O)c1cc(S(=O)(=O)N(C)C)c[nH]1)c1cccc(Br)c1,med_verylex_hetero_sulfonyl
Cc1ccc(NCc2cccc3ccccc23)cc1-n1cnnn1,med_flex_hetero_plain
O=C(Cc1cc2cc(Cl)ccc2[nH]1)N[C@H]1CCCc2cccnc21,med_flex_hetero_amide
Cc1ccc(C)c(S(=O)(=O)NCC(=O)N2CCC(C3CCCO3)C2)c1,med_flex_carbo_sulfonyl
O=C(CNS(=O)(=O)c1ccccc1F)N1C[C@H]2C[C@H](c3ccccc3)[C@H]2C1,med_flex_carbo_sulfonyl
Cc1nocc1Cc1noc(-c2cccn(CC(C)C)c2=O)n1,med_flex_hetero_amide
Cc1cc(F)ccc1Cc1noc(C2CCc3nccn3C2)n1,med_flex_hetero_plain
COC(c1noc(Cc2cc(C)on2)n1)c1ccccc1Cl,med_flex_hetero_plain
CC(C)Oc1ccccc1CC(=O)NC1CCN(Cc2ccccc2)C1=O,med_verylex_carbo_amide
O=C1CCCN1[C@H]1CCCC[C@H]1c1nc(-c2cnn(CCF)c2)no1,med_flex_hetero_amide
COc1cc(NCCNC(=O)c2cnn3c2NCCC3)cc(OC)c1,med_verylex_hetero_amide
O=C(NCc1c[nH]c(=O)c2ccccc12)N1CC2(CC=CC2)C1c1ccccc1,med_flex_hetero_amide
Cc1cc(C(=O)N2C[C@@H]3C[C@H]2CN3C(=O)C2CC3(CCC3)C2)c(C)cc1Cl,med_rigid_carbo_amide
CC(C)(C)OC(=O)N1CC2(CCCC2)CCC1CN1CCCN(C(N)=O)CC1,med_rigid_no_arom_amide
CCc1nn(Cc2cccc3c2CCOC3)c(=O)c(C#N)c1CC,med_flex_hetero_amide
O=C(NS(=O)(=O)C1C[C@@H]2CC[C@H]1C2)c1cnc2ccccc2c1,med_flex_hetero_sulfonyl
Cc1nccn1-c1ncccc1CNC1CCCc2ccc(F)cc21,med_flex_hetero_plain
CCn1ccnc1[C@H]1OCCC[C@@H]1NC(=O)c1ccc(Br)o1,med_flex_hetero_amide
CCC(=O)NC(C(=O)N1CC=C(c2cccs2)CC1)c1ccccc1,med_flex_hetero_amide
O=C(NC1(c2c(F)cccc2F)CCC1)C1CNCc2ccccc21,med_flex_carbo_amide
CCOc1ccc(C(=O)N(C)CCc2ccc(O)c(OC)c2)cc1C,med_verylex_carbo_amide
COC(=O)[C@H]1[C@H]2CC[C@H]2CN1C(=O)CCc1n[nH]c2ccccc12,med_flex_hetero_amide
CC(C)Cn1cc(C(=O)N2CCCC2c2ccc3c(c2)OCO3)cn1,med_flex_hetero_amide
Cc1cnn(C)c1S(=O)(=O)N(C)CCNc1ccccn1,med_flex_hetero_sulfonyl
Cc1cccc(C2CCCN2C(=O)CCn2c(=O)n(C)c3ccccc32)n1,med_flex_hetero_amide
CCN1N=C(c2ccccc2)C(C(=O)Nc2ccccc2F)C1=O,med_flex_carbo_amide
CCCOC1(c2noc(-c3cc(=O)[nH]c(C4CC4)n3)n2)CCCCC1,med_flex_hetero_plain
O=C1NC(Cc2ccccn2)C(=O)N1CCc1cccc2cccnc12,med_flex_hetero_amide
CC(Sc1nnc(-c2c[nH]c3ccccc23)o1)C(=O)NCC(F)(F)F,med_flex_hetero_amide
CN(C)c1cccc(S(=O)(=O)N2CCN(c3cnccn3)CC2)c1,med_flex_hetero_sulfonyl
COc1ccc(CC(=O)NC(c2ccc(F)c(F)c2)C(C)(C)N2CCCC2)cc1,med_verylex_carbo_amide
CNC(=O)c1ncoc1C1C2CC1N(C(=O)Cc1ccc(Cl)cc1Cl)C2,med_flex_hetero_amide
O=C(Cc1noc2ccccc12)NC1CCCN(Cc2ccc(F)cc2F)C1=O,med_flex_hetero_amide
C#CC(C)(C)N1CCN(S(=O)(=O)N2CC3CCC2C3)CC1,med_flex_no_arom_sulfonyl
O=C1CCCN1CC(NCc1n[nH]c2ccccc12)c1ccccc1,med_flex_hetero_amide
COC1(C)CCCN(C(=O)c2ncccc2NCC2CCC2)CC1,med_flex_hetero_amide
COc1ccc2nc(C(=O)N(C)CCc3ccc(F)cc3)ccc2c1,med_flex_hetero_amide
CCOC(=O)c1c(NC(=O)CN(C)Cc2ccon2)sc(C(N)=O)c1C,med_verylex_hetero_amide
O=C(c1ccc(-c2nc3ccccc3s2)o1)N1CCCC(N2CCNC2=O)C1,med_flex_hetero_amide
O=C1c2ccccc2CN1CC(=O)N1CCCC1c1nc2ccccc2s1,med_flex_hetero_amide
Cc1cccn2c(=O)cc(Cn3cc(C(O)c4ccccc4)nn3)nc12,med_flex_hetero_acid
CC(C)Cn1cccc(-c2nc(-c3coc(C4CCC4)n3)no2)c1=O,med_flex_hetero_amide
N#Cc1ccc(CCSc2ccc(C(=O)N3CCCC3)cn2)cc1,med_flex_hetero_amide
CC1(NC(=O)c2ccc(=O)n(-c3ccccc3)n2)CCCCC1,med_flex_hetero_amide
CC1c2c(F)cccc2CCN1C(=O)Nc1ccc(-n2cccn2)nc1,med_rigid_hetero_amide
CON(C)C(=O)c1cc(-c2cccnc2)nc2c1cnn2Cc1ccco1,med_flex_hetero_amide
CC(C)(C)OC(=O)NCc1cc(-c2nc(-c3cnc4cnccn34)no2)ccn1,med_flex_hetero_amide
CC1(C)CN(c2cc(-c3ccccc3)nc3ncnn23)CC2(CCOC2)O1,med_rigid_hetero_plain
Cc1c(CNC(=O)C(c2ccccc2)N2CCC(O)CC2)oc2ccc(F)cc12,med_flex_hetero_amide
Cc1cc(C(=O)NC2(c3ccccn3)CC2)nn1-c1cccc(Cl)c1,med_flex_hetero_amide
COCc1cc(Cn2cc(C34CC5CC(CC(C5)C3)C4)nn2)no1,med_flex_hetero_plain
O=C(Nc1cc2n(n1)CCCC2)c1cccc(C2CCOC2)c1,med_flex_hetero_amide
Cc1conc1CS(=O)(=O)N(C)C(c1ccccc1)C(F)(F)F,med_flex_hetero_sulfonyl
Cc1ccc(N(C)C(=O)[C@H]2C[C@@H]2c2ccc(OC(F)F)cc2)nn1,med_flex_hetero_amide
CCc1ccc(C2COCCN2S(=O)(=O)c2ccc3c(c2)C(C)(C)C(=O)N3)o1,med_flex_hetero_sulfonyl
Cn1nccc1C12CCC(C1)C2C(=O)NCCCc1c[nH]nc1C(F)(F)F,med_flex_hetero_amide
Cc1cccc2cc(C(=O)N3CCCN(S(C)(=O)=O)CC3)oc12,med_rigid_hetero_sulfonyl
CC1(c2nc(-c3csc(C(F)(F)F)c3)no2)CCNC(=O)C1,med_rigid_hetero_amide
O=C(NCCc1c[nH]c2cc(F)ccc12)C1COc2ccccc21,med_flex_hetero_amide
Cc1ccc(CNC(=O)N2CCCN(S(C)(=O)=O)CC2)nc1C,med_flex_hetero_sulfonyl
COc1ccc2nc(CN3CCCC(N4CCCC4=O)CC3)sc2c1,med_flex_hetero_amide
CC(C)c1ncncc1C(=O)Nc1nc2ccc(S(=O)(=O)N3CCCC3)cc2s1,med_flex_hetero_sulfonyl
CCn1c(=O)[nH]c(=O)c2c(C(=O)Nc3cc(-c4ccco4)nn3C)cc(C3CC3)nc21,med_flex_hetero_amide
Cc1noc(C)c1-c1cn(C(C(=O)N(C)C)c2ccccc2)nn1,med_flex_hetero_amide
NS(=O)(=O)N1CCCN(c2nc(-c3ccncc3)nc3ccccc23)CC1,med_flex_hetero_sulfonyl
CCC(NC(CO)Cc1ccc(F)cc1)c1ccccc1F,med_verylex_carbo_acid
c1ccc(-c2cc(NC3COC(C4CC4)C3)n3nccc3n2)cc1,med_flex_hetero_plain
CCn1c(-c2cc(C)oc2C)nnc1N(C)CCCSC,med_verylex_hetero_plain
COc1ccc2c(c1)CC(c1nnc(-c3ccccc3F)o1)CO2,med_flex_hetero_plain
CCc1nocc1Cn1cc(-c2ccccc2OC)nn1,small_flex_hetero_plain
O=C(CN1CCN(C(=O)c2cccc(F)c2)CC1)NCCc1nc2ccccc2s1,med_flex_hetero_amide
CC(c1cccc(S(N)(=O)=O)c1)N(C)C(=O)CN1C(=O)CCOc2ccccc21,med_flex_carbo_sulfonyl
CNC(=O)C(NC(=O)c1cc(C)ccc1O)c1ccccc1,small_flex_carbo_amide
O=C(C1CCCN(c2ncccc2C(F)(F)F)C1)N1CCC2(CC1)OCCO2,med_rigid_hetero_amide
CCCCC(=O)N1CSCC1C(=O)N1CCC[C@]1(C)C(=O)OC,med_flex_no_arom_amide
Cc1ccccc1C(C)Cc1nc(-c2ncoc2C)no1,small_flex_hetero_plain
CC1(C(=O)Nc2ncn(Cc3ccc(Cl)cc3)n2)CCCN(C(=O)c2ccccc2)C1,med_flex_hetero_amide
O=C(NCC1(c2cccc(Cl)c2)CCOCC1)C(O)C1CCCCC1,med_flex_carbo_amide
Cc1csc(C(O)(CC(=O)N2CCC(c3ccccc3C)CC2)C(F)(F)F)n1,med_flex_hetero_amide
CNC(=O)c1ccc(CN(C)C(=O)NC2CCCN(c3cccc(F)c3)C2)cc1,med_flex_carbo_amide
CCN(Cc1ccc2c(c1)OCO2)C(=O)NCc1nnc2n1CCCCC2,med_flex_hetero_amide
CN(C)C(=O)C(Cc1ccccc1)NCc1cccc2[nH]ccc12,med_flex_hetero_amide
CC(C)(C)c1ccc(Cl)cc1NC(=O)c1ccn(C2CCOCC2)n1,med_flex_hetero_amide
C=C1CC(C)(C(=O)N[C@H]2CCCCC[C@H]2NC(=O)C2(C)CC(=C)C2)C1,med_flex_no_arom_amide
Cn1c(-c2nc(C3(c4ccc(F)cc4)CCC3)no2)cccc1=O,med_flex_hetero_amide
COc1cc(C(=O)Nc2cc(C(F)(F)F)n(C)n2)ccc1C,med_flex_hetero_amide
COc1ccc2[nH]nc(NC(=O)C3(c4ccccc4)CCCO3)c2c1,med_flex_hetero_amide
CC(=O)NCc1ccc(-c2csc(C3CCCN(C(C)=O)C3)n2)s1,med_flex_hetero_amide
COc1ncccc1C(=O)NC1(c2ccccc2F)CC1,small_flex_hetero_amide
CSc1cc2c(cc1NC(=O)N1CCCC3(CCOCC3)C1)OCCO2,med_rigid_carbo_amide
COC1CCCN(CC(=O)Nc2cccc(C(F)(F)F)c2)C1,med_flex_carbo_amide
CCOc1c(Cl)cc(C(=O)NC(C)c2noc(-c3ccccc3)n2)cc1OC,med_verylex_hetero_amide
C#Cc1ccnc(N(CC)C(=O)c2cccc(OCCOC)c2)c1,med_verylex_hetero_amide
O=C(c1c[nH]c2ncc(Br)cc12)N1CCCC(n2ccnc2)C1,med_rigid_hetero_amide
CN(C)C(=O)C(OC(=O)c1c(F)cc(O)cc1F)c1ccccc1,med_flex_carbo_amide
CN(Cc1nnc(-c2cc3c(s2)CCCC3)o1)c1ccn(C)n1,med_flex_hetero_plain
O=C(NCC1(c2ccccc2)CCCO1)c1ccc2[nH]cnc2c1,med_flex_hetero_amide
Cc1nn(C)c2nc(C3CC3)cc(C(=O)Nc3nccn(C)c3=O)c12,med_flex_hetero_amide
Cc1cc(Br)ccc1N(C)S(=O)(=O)c1cnn(C(C)C)c1,med_flex_hetero_sulfonyl
Cc1cc(C)c(C(=O)N(Cc2cnn(C)c2)CC(C)C)c(C)n1,med_flex_hetero_amide
O=C(Nc1nc(C2CC2)cs1)c1cn(CCc2ccccc2)nn1,med_flex_hetero_amide
CC(C)(C)c1csc(C2CN(C(=O)c3cccc(C(=O)O)c3)CCO2)n1,med_flex_hetero_amide
O=C(Nc1ccc(F)nc1)N1CCC(Cc2ccc(F)cc2)C1,med_flex_hetero_amide
COCCOc1cccc(C(=O)N(C)c2ccc(C(=O)OC)cc2)c1,med_verylex_carbo_amide
O=C(NCc1cccc(OC(F)(F)F)c1)NC1CC12CCOCC2,med_flex_carbo_amide
COc1ccc2c(ccn2CC(=O)NCC2(N3CCOCC3)CCCCC2)c1,med_flex_hetero_amide
COc1ccccc1Nc1ncccc1C(=O)NCC1(C(N)=O)CCOCC1,med_verylex_hetero_amide
Cc1cnn(C2CCN(C(=O)NCC(C)c3ccc(F)cc3)C2)c1,med_flex_hetero_amide
Cc1oc2ccccc2c1C(=O)N1CCC(Cc2nc3ccccc3[nH]2)CC1,med_flex_hetero_amide
CCc1nn(C)cc1NC(=O)C1CCN(c2ccccc2Cl)C1,med_flex_hetero_amide
O=S1(=O)CCC2(CCCN(Cc3cnc(-c4ccccc4)o3)C2)C1,med_flex_hetero_sulfonyl
CC(Nc1cccc(NC(=O)CO)c1)c1nc(-c2ccccc2)no1,med_flex_hetero_amide
Cn1nnc(CNS(=O)(=O)c2ccc(C(C)(C)C)cc2)n1,med_flex_hetero_sulfonyl
CC(c1nnnn1C)N1CCOC(c2ccc(Cl)c(Cl)c2)C1,med_flex_hetero_plain
COc1ncc(C(=O)N2CCC2c2cccc(F)c2)cc1Cl,med_flex_hetero_amide
Brc1ccc(C2(CNC(c3cccnc3)c3ncc[nH]3)CCOCC2)cc1,med_flex_hetero_plain
COC(=O)c1cnc(NC2CCCCCN(C(=O)C3CCC3(F)F)C2)nc1,med_flex_hetero_amide
Cc1ccnc2nc(C(=O)N(Cc3ccco3)C3CCCC3)nn12,med_flex_hetero_amide
Cc1c(C(=O)N2CCCCC2CNC(=O)Nc2ccccc2)nnn1-c1ccc2ncccc2c1,large_flex_hetero_amide
Cc1cc(NC(=O)C2(C)CCCO2)n(-c2cccc(Br)c2)n1,med_flex_hetero_amide
O=C(CCc1ccccc1)N1CCCN(C(=O)C2COc3ccccc32)CC1,med_flex_carbo_amide
COc1cc(C)ccc1NC(=O)c1cccc(-c2ncn[nH]2)c1,med_flex_hetero_amide
CC(C(=O)Nc1nccs1)N1CCCN(C(=O)c2ccccc2)CC1,med_flex_hetero_amide
COc1cccc(C2CN(C(=O)CNC(=O)c3ccc(C)c(C)c3)CCO2)c1,med_flex_carbo_amide
COCCOC1CC(CO)CN(S(=O)(=O)c2cc(F)ccc2C)C1,med_verylex_carbo_sulfonyl
O=C(Nc1ccc(C2CC2)nn1)NC1(c2cccc(OC(F)(F)F)c2)CC1,med_flex_hetero_amide
CCOC1CC(NC(=O)c2ccnc(-n3cccn3)c2)C12CCCC2,med_flex_hetero_amide
COCCNc1ccc(CNC(=O)N2CCCC3(CCCC3)CC2)cc1,med_flex_carbo_amide
Cn1cccc1C1CCCCN1C(=O)CCN1C(=O)COc2ccccc21,med_flex_hetero_amide
COc1ccc(C)cc1S(=O)(=O)N1CC(O)CC1c1ccc(F)cc1,med_flex_carbo_sulfonyl
c1cnc2c(c1)CCC[C@H]2n1cc(COC2CCCCO2)nn1,med_flex_hetero_plain
Fc1cccc(Cl)c1CCc1noc(C2(n3cccn3)CC2)n1,med_flex_hetero_plain
CCOc1ccccc1C(F)(F)C(=O)N1CCC(NC(=O)C2CC2)CC1,med_flex_carbo_amide
O=C(CC1(N2CCOCC2)CCCC1)NCc1ccc2c(c1)OCCO2,med_flex_carbo_amide
Cc1c(C(=O)N2CCCN3c4ccccc4CC3C2)c(O)nc2ccccc12,med_rigid_hetero_amide
CC1CCCN(S(=O)(=O)c2cccc3c2OCC3)C1C(=O)O,med_flex_carbo_sulfonyl
Cn1nc(CNC[C@@H](O)c2ccc(Cl)cc2)c2ccccc21,med_flex_hetero_acid
CC(C)c1nc(C(=O)N2CCC=C(F)C2)nn1-c1ccccc1F,med_flex_hetero_amide
Cn1ncc(NC(=O)N2CCCC(C)(F)C2)c1-c1ccccc1,med_rigid_hetero_amide
O=C(NCC1CCOc2ccccc21)N1CCOC(c2ccccc2F)C1,med_flex_carbo_amide
COC1CCCN(C(=O)C(Cc2ccccc2)NC(=O)c2cccnc2)CC1,med_flex_hetero_amide
COc1cc(C#N)ccc1OCC(=O)N1CCCC1C1CCCC1O,med_flex_carbo_amide
CC(c1cc2ccccc2o1)N(C)C(=O)c1cn(C)nc1C(C)(C)C,med_flex_hetero_amide
CN(Cc1ccoc1)c1ccc(S(=O)(=O)N2CCCC2)cc1,med_flex_hetero_sulfonyl
CC(NC(=O)N1CCC(C)C1CO)c1ccc(F)cc1Cl,med_flex_carbo_amide
O=C(NCC(Cc1ccccc1)Cc1ccccc1)N1CCC(O)C(F)(F)C1,med_flex_carbo_amide
Cc1ccccc1C1(C(=O)N2CCCC(O)(c3c[nH]nn3)C2)CCCC1,med_flex_hetero_amide
Cc1cc(C(=O)N2CCCN(S(=O)(=O)N(C)C)CC2)nn1-c1ccc(Cl)cc1Cl,large_flex_hetero_sulfonyl
O=C(Nc1ccnc(Oc2ccc(F)cc2F)c1)N1CCC2CCCC21,med_flex_hetero_amide
CC(O)C(C)(CNC(=O)C1CCCN1C)Cc1ccccc1,med_flex_carbo_amide
COc1ccc(CCCNC(=O)N2C(C)CCC2C)cc1OC,med_flex_carbo_amide
Cn1nnc2cc(C(=O)N(CC3CCCCC3)c3ccccn3)cnc21,med_flex_hetero_amide
Cc1nc(C(F)(F)F)ccc1C(=O)N1CCCN(C(=O)C2CC2)CC1,med_rigid_hetero_amide
COc1cc(C(=O)N(Cc2ccccc2)C2CC(C)(C)OC2(C)C)on1,med_flex_hetero_amide
COc1cccc(CNC(=O)c2cccn(Cc3ccccc3)c2=O)n1,med_flex_hetero_amide
CCc1cc(NC(=O)c2coc3ccc(OC)cc23)n(C)n1,small_flex_hetero_amide
CC(O)(Cn1ccccc1=O)C(=O)N1CCc2ccc(Cl)cc2C1,med_flex_hetero_amide
COC(C(=O)N1CCN(S(=O)(=O)N(C)C2CCCCC2)CC1)C1CC1,med_flex_no_arom_sulfonyl
Cc1sc2ncn(NC(=O)COc3ccc(C(N)=O)cc3)c(=O)c2c1-c1ccccc1,med_flex_hetero_amide
Cc1cccc(NC(=O)C2CCCN(c3nc4ccccc4s3)C2)n1,med_flex_hetero_amide
Cc1cccc(C(=O)N2CCCN(C(=O)c3nn(C)c(C)c3Cl)CC2)c1,med_rigid_hetero_amide
CC(C)Cn1cnc(S(=O)(=O)N2CC(=O)Nc3ccccc32)c1,med_flex_hetero_sulfonyl
COC1CCN(C(=O)NCCOc2ccc(C(C)(C)C)cc2)C(C)C1,med_flex_carbo_amide
Cc1c(N2CCC(C3CC3)C2)ncnc1N1CCC(C2CC2)C1,med_flex_hetero_plain
Cc1cccc(C2CCCN2C(=O)NCc2ccsc2)n1,med_flex_hetero_amide
CS(=O)(=O)c1cccc(NC(=O)NCC2CCN(c3ccc(F)cc3)C2)c1,med_flex_carbo_sulfonyl
O=S(=O)(NC1CC(O)C12CCC2)c1ccc2c(c1)CCCC2,med_flex_carbo_sulfonyl
O=C(Cc1ccccc1)NCCC(=O)N1CCCC1CC(O)c1ccccc1,med_verylex_carbo_amide
COC(=O)C1CCn2c(CCCOc3ccc(Cl)cc3C)nnc2C1,med_flex_hetero_plain
Cc1ccc2oc(C(=O)N(C)C3CCCCC3S(C)(=O)=O)cc2n1,med_flex_hetero_sulfonyl
CC(C)Oc1cncc(C(=O)N2CC(C)OCC2c2ccccc2)c1,med_flex_hetero_amide
COc1ccc(Cl)c(CN2C(=O)NC3(CCc4ccccc4C3)C2=O)c1,med_flex_carbo_amide
Cc1noc(C)c1CC(=O)N(Cc1ccccc1)C1CC(C)(C)OC1(C)C,med_flex_hetero_amide
CN1CCN(C(=O)CCc2nc3ccccc3o2)C(c2ccccc2)C1,med_flex_hetero_amide
COc1ccc2c(c1)N(C(=O)c1ccnc(C3CC3)c1)CCO2,med_flex_hetero_amide
CC(=O)Nc1cccc(OCCNC2[C@H]3CCC[C@H]3C2(C)C)c1,med_flex_carbo_amide
CC(C)n1ccc(CN2CCCNC(=O)C2Cc2ccccc2)n1,med_flex_hetero_amide
COc1cccc2c(N3CCOC(CN(C)C)C3)nccc12,med_flex_hetero_plain
O=C(NCc1cccc(N2CCOCC2)n1)c1csc2c1CCCC2,med_flex_hetero_amide
CC(C)Cn1cc(NC(=O)N2CC[C@H](Oc3ccccc3)C2)cn1,med_flex_hetero_amide
CC1Oc2ccccc2OC1C(=O)N1CCCN(C(=O)c2ccc(F)cc2)CC1,med_rigid_carbo_amide
Cc1cccc(C2CCCN2C(=O)CCc2cnn(C)c2)c1C,med_flex_hetero_amide
CC(C)c1ccc2c(c1)[C@@H](NC(=O)c1c[nH]c(C(=O)N3CCCC3)c1)CCC2,med_flex_hetero_amide
CC(NC(=O)c1ccco1)C(=O)N1CCC(Cc2ccc(F)cc2)C1,med_flex_hetero_amide
Cc1oc(C#N)cc1C(=O)N1CCN(CC(F)(F)F)CC(C)C1,med_rigid_hetero_amide
CC(C)N(C(=O)c1ccnn1C(C)C)c1ccc(Br)cn1,med_flex_hetero_amide
CN(C(=O)c1noc2c1CCCCC2)c1ccc(-c2ccccc2)nn1,med_flex_hetero_amide
COc1ccc(NC(=O)C2CCCN2C(=O)CCc2ccco2)cc1,med_flex_hetero_amide
Cn1cnc2c(c1=O)CCN(C(=O)NC1CCCc3c(F)cc(Cl)cc31)C2,med_rigid_hetero_amide
CC1(C)CC(NC(=O)N[C@H]2c3ccccc3C[C@H]2O)c2ccc(F)cc2O1,med_rigid_carbo_amide
CCC(CC)n1nc(C)cc1-c1nc(C(C)(C)NC(C)=O)no1,med_flex_hetero_amide
O=C(Cn1nnc(C2CC2)n1)N1CCCc2ccccc21,small_flex_hetero_amide
COc1ccc(Cl)cc1N1CCC(NC(=O)NCC2C(C)(C)C2(F)F)C1,med_flex_carbo_amide
CC1C(c2ccccc2)CCN1C(=O)Nc1cn(C)nc1C1CCCCC1,med_flex_hetero_amide
Cc1cc(C(F)(F)F)nc(N2CCN(CC(=O)Nc3ccc(F)cc3)CC2)n1,med_flex_hetero_amide
N#Cc1ccc(OCc2noc(C3CCCCC3)n2)c(Cl)c1,med_flex_hetero_plain
CCOc1ccc(CNC(=O)N2CCOC[C@@H]2CC(C)C)cc1F,med_flex_carbo_amide
O=C(NC1CCOC(c2cccnc2)C1)N1CCCc2ccccc2CC1,med_rigid_hetero_amide
Cc1cc(-c2noc(-c3noc4c3CCCC4)n2)c(C)o1,small_rigid_hetero_plain
Cc1nc(C2CN(C(=O)C3(c4ccccc4F)CCCC3)CCO2)no1,med_flex_hetero_amide
CCOC1(C)CCN(C(=O)N(C)Cc2ccccc2)CC1,small_flex_carbo_amide
CCC(C)S(=O)(=O)NC(=O)c1csc(C2CCCCC2)n1,med_flex_hetero_sulfonyl
O=C(Cc1ccccc1O)N1CCCN(C(=O)c2ccc(Cl)cc2)CC1,med_flex_carbo_amide
CS(=O)(=O)CC1CCCCN1C(=O)c1csc2c1CCCC2,med_flex_hetero_sulfonyl
CO[C@H]1C[C@H](c2nnc(C)o2)N(C(=O)C2SCCc3ccccc32)C1,med_flex_hetero_amide
CC(Oc1ccc(F)cc1)c1nnc2n1CC(C)(C)CC2,small_flex_hetero_plain
CC(C)(C)c1nc(CC(=O)NC2c3ccccc3CC2O)cs1,med_flex_hetero_amide
O=C(CC(=O)N1CCCC1CCc1ccccc1)NCC(F)(F)F,med_flex_carbo_amide
Cn1nnc(CNC(=O)N2Cc3ccccc3CC2c2ccccc2)n1,med_flex_hetero_amide
COc1ccc(CNC(=O)C2CCCN2C(=O)c2ccccc2O)cc1Cl,med_flex_carbo_amide
CN(C)c1ccc(C(=O)NCc2cn(C(C)(C)C)c(=O)[nH]c2=O)cc1,med_flex_hetero_amide
O=C(Cc1cccc(C(F)(F)F)n1)Nc1cncc2c1CCCC2,med_flex_hetero_amide
COC(Cc1ccccc1)CS(=O)(=O)N1CC(C)CC1c1cccnc1,med_verylex_hetero_sulfonyl
Cc1noc(Cl)c1CCC(=O)N1CCCCC1CC(C)O,med_flex_hetero_amide
CCc1nc(N2CCN(c3ccccn3)CC2)sc1C(=O)OC,med_flex_hetero_plain
CC1(c2ccccc2C(=O)NCc2cccc(S(N)(=O)=O)c2)CC1,med_flex_carbo_sulfonyl
CNC(=O)C1CN(C(=O)C2CCc3cc(C)ccc3O2)c2ccccc2O1,med_rigid_carbo_amide
CC(c1ccsc1)N1CCN(C(=O)c2cc3ccccc3c(=O)[nH]2)CC1,med_flex_hetero_amide
O=C(c1cccc(NCc2cc(O)cc(Cl)c2)c1)N1CCOCC1,med_flex_carbo_amide
Cn1cc(C(NC(=O)c2cccc3c2OCC3)C(C)(C)C)cn1,med_flex_hetero_amide
Cc1nc(C2CCCN2CC(=O)N2CCCCC2C)cs1,med_flex_hetero_amide
COc1ccc2c(c1)C1(CC1)CN(C(=O)Cn1ncc3ccccc3c1=O)C2,med_flex_hetero_amide
Cc1cccc2c(CC(=O)N3Cc4ccccc4C[C@H]3C(N)=O)c[nH]c12,med_flex_hetero_amide
CCOC1CC(O)(CNC(=O)c2ccc(C)c(OC)c2)C1(C)C,med_flex_carbo_amide
O=C(NCc1nc(=O)o[nH]1)c1ccc(N2CCCCCC2)cc1,med_flex_hetero_amide
COC(=O)C1(N(C)S(=O)(=O)c2cccc(Cl)c2)CC(OC)C1,med_flex_carbo_sulfonyl
CCc1c(NC(=O)c2cocn2)cnn1-c1ccccc1Cl,med_flex_hetero_amide
CO[C@@H]1CCOC[C@H]1NC(=O)NCC1(c2ccc(F)cc2)CCC1,med_flex_carbo_amide
Cc1ccc(C(=O)NC2(c3ccccc3F)COC2)cn1,small_flex_hetero_amide
CSC(CO)C(C)NCC(O)Cn1c(-c2ccccc2)noc1=O,med_verylex_hetero_amide
O=C(c1cnn(-c2ccccc2)c1)N1CCC(Oc2ccccn2)C1,med_flex_hetero_amide
C[C@@H](NC(=O)Nc1ccc2[nH]ncc2c1)c1cccc(Cl)c1,med_flex_hetero_amide
CN1CCN(C(=O)c2ccc(S(C)(=O)=O)nc2)c2cc(F)ccc21,med_rigid_hetero_sulfonyl
C[C@H](NC(=O)NC[C@H]1C[C@@H]1c1ccccc1)c1cncc(F)c1,med_flex_hetero_amide
O=C(c1ccc(-c2ccccc2)[nH]1)N(CC(F)F)CC(F)F,med_flex_hetero_amide
COc1cnc(NC(=O)N2CCCS(=O)(=O)CC2C2CC2)s1,med_flex_hetero_sulfonyl
COc1cc(F)c(C(=O)NCc2nnc(C(C)(C)C)s2)c(F)c1,med_flex_hetero_amide
CC(C)(C)OC(=O)N1C2CCC1CC(CNc1ccc(C#N)nn1)C2,med_flex_hetero_amide
CC(=O)NC(Cc1nc(-c2ccc(F)c(F)c2)no1)c1c(F)cccc1F,med_flex_hetero_amide
O=C(CN1CCN(C2CC2)C1=O)NC(C(=O)Nc1cncc2ccccc12)c1cccc(Cl)c1,large_verylex_hetero_amide
C[C@@H](NC(=O)N1CCOCC(F)(F)C1)c1cccc(O)c1,med_rigid_carbo_amide
Cc1nnc(N(C)C(=O)c2c(Cl)cccc2OCC2CC2)s1,med_flex_hetero_amide
O=C(NCc1cn2cc(Cl)cc(Cl)c2n1)c1cccc2nn[nH]c12,med_flex_hetero_amide
COC1CCN(C(=O)CNS(=O)(=O)c2ccc3c(c2)COC3)C(C2CC2)C1,med_flex_carbo_sulfonyl
O=c1c(Cl)c(N2CCc3ccccc3C2)cnn1Cc1ccccc1,med_flex_hetero_amide
O=C(c1cccc2oc(=O)[nH]c12)N1CCN(C2CC2)c2ccccc21,med_rigid_hetero_amide
O=C(NCCCC(=O)N1CCc2ccccc21)c1cc(F)cc2[nH]nnc12,med_flex_hetero_amide
COC1(c2noc(CCc3ccccc3C)n2)CCOCC1,med_flex_hetero_plain
CC1(C)CCCN1C(=O)Cn1cc(-c2ccc(Cl)s2)nn1,med_flex_hetero_amide
CC(NC(=O)N(C)Cc1ccon1)c1cc(F)ccc1N(C)C,med_flex_hetero_amide
O=C(Cc1ccn(-c2ccc(F)cc2)n1)Nc1ccc2c(c1)C(=O)NCC2,med_flex_hetero_amide
OC1(C(F)(F)F)CCN(c2cc(N3CCCCC3)ncn2)C1,med_rigid_hetero_acid
CC(NC(=O)N1CCOCC1C1CCCO1)c1cccc(F)c1F,med_flex_carbo_amide
Cc1c(C(=O)NCc2cccc3c2OCC3)nnn1-c1ccn(C)n1,med_flex_hetero_amide
CC(C)c1cc(C(=O)NC(C)c2nnnn2-c2ccccc2)c2cnn(C(C)C)c2n1,med_flex_hetero_amide
CC(C)(C)OC(=O)NC1(CCNC2C(=O)NCC2(C)C)CCC1,med_flex_no_arom_amide
Cc1nn(CC(F)F)cc1-c1nc(C2CCc3ccccc32)no1,med_flex_hetero_plain
Cn1ccc(-c2cn(CC(O)c3ccc(Cl)cc3Cl)nn2)n1,med_flex_hetero_acid
Cc1ccc(-c2noc(C3(C)CCC(=O)NC3)n2)cc1Cl,med_rigid_hetero_amide
CCCN(C(=O)c1cc(C)cc(O)n1)C1CCc2ccccc2C1,med_flex_hetero_amide
O=C1CS(=O)(=O)c2cc(NC(=O)c3ccsc3Br)ccc2N1,med_rigid_hetero_sulfonyl
O=C(CC1CCCN1)Nc1ccccc1-c1nc2ccccc2[nH]1,med_flex_hetero_amide
O=C(C(c1ccccc1)n1cc(-c2cncnc2)nn1)N1CCCCC1,med_flex_hetero_amide
O=S1(=O)CCCC1c1nc(C2(c3ccc(F)cc3)CCC2)no1,med_flex_hetero_sulfonyl
Cc1ccc(C2(c3noc(Cn4cc(C)cn4)n3)CCOCC2)cc1,med_flex_hetero_plain
CN(CCO)S(=O)(=O)c1ccccc1CNC(=O)C1CC12CCCC2,med_verylex_carbo_sulfonyl
CCC1(c2ccc(Cl)cc2)NC(=O)N(c2cncc(Br)c2C)C1=O,med_flex_hetero_amide
CO[C@H]1C[C@H](c2nnc(C)o2)N(CC2CCc3ccccc3C2)C1,med_flex_hetero_plain
CN1CCC(OCc2nc(-c3ccc(Oc4ccccc4C(F)(F)F)nc3)no2)CC1,med_flex_hetero_plain
Cc1cn(C2CCCCC2)nc1NC(=O)NCc1ccccc1CC(F)(F)F,med_flex_hetero_amide
CC(=O)N1CCCCCC1C1CCN(C(=O)c2cccc(-n3cncn3)c2)CC1,med_flex_hetero_amide
CC1(C)CCOC1CS(=O)(=O)N1CCCC(c2ccn[nH]2)C1,med_flex_hetero_sulfonyl
CC(=O)Nc1nc(C(=O)N2CC(C)(C)c3ccc(F)cc32)cs1,med_rigid_hetero_amide
CC(C)C(CNC(=O)N1CCN(C(=O)C(C)(C)C)CC1)Cc1ccccc1,med_flex_carbo_amide
CCC(c1ccccc1)c1nnc(NC(=O)N2CCc3ncncc3C2)s1,med_flex_hetero_amide
CCn1c(C2CCCN2C(=O)c2cnn(C(C)C)c2)nc2ccccc21,med_flex_hetero_amide
O=C(N1CC(S(=O)(=O)NC2CCCC2)C1)C1(C(F)(F)F)CCOCC1,med_flex_no_arom_sulfonyl
O=S(=O)(N1CCc2ccccc2C1)N(Cc1cccc(O)c1)CC1CC1,med_flex_carbo_sulfonyl
COc1ccc(CC(=O)NCC2CCC3(CCOCC3)CO2)c(C)c1,med_flex_carbo_amide
Cc1c(NC(=O)CC(C2CCC2)C2CCC2)ccc(F)c1N1C(=O)CNC1=O,med_flex_carbo_amide
CC(NC(=O)c1nc2cccnc2s1)(C1CC1)C(F)(F)F,med_flex_hetero_amide
CN(c1ccccc1C(=O)Nc1ccc(-c2nc3ccccc3[nH]2)cc1)S(C)(=O)=O,med_flex_hetero_sulfonyl
CC(C)c1ocnc1C(=O)N(C)CCN(C)C(=O)C1CCC(C(F)(F)F)C1,med_flex_hetero_amide
CCN(c1cccnc1)S(=O)(=O)c1cccc(OC)c1OC,med_flex_hetero_sulfonyl
NC(=O)CC1(NC(=O)[C@H]2C[C@@H]2c2cccc(O)c2)CCCCC1,med_flex_carbo_amide
CC1CN(CC(C)(C)O)CCN1C(=O)NCCCc1ccc(Cl)cc1,med_flex_carbo_amide
Cc1ccc(C(F)(F)F)cc1S(=O)(=O)N1CCOCC12CCOC2,med_rigid_carbo_sulfonyl
COc1cc(C(=O)N[C@H](C)c2oc3ccccc3c2C)cc(Cl)c1O,med_flex_hetero_amide
COC1CCC(CC(=O)N(C)CC(C)(O)c2ccccc2)CC1,med_flex_carbo_amide
O=C(c1ccc(Oc2cccc(Cl)c2Cl)nn1)N1CC(O)(C2CC2)C1,med_flex_hetero_amide
O=C(Cn1nnnc1-c1ccccc1)N[C@]1(c2ccccc2)C[C@H](O)C1,med_flex_hetero_amide
CC(CNS(=O)(=O)c1cnn(-c2ccccc2)c1)N1CCCCC1=O,med_flex_hetero_sulfonyl
CC(NC(=O)N1CCC[C@H]1CN1CCOCC1)c1nc(Cc2ccccc2)no1,med_flex_hetero_amide
O=C(Nc1cccnc1N1CCOCC1)N1CCCc2ccccc2CC1,med_rigid_hetero_amide
CCN(CC(=O)Nc1c(Cl)cccc1Cl)C(=O)c1cnn(-c2ccccc2)n1,med_flex_hetero_amide
Cn1ncc(C(=O)Nc2cccc3cc[nH]c23)c1-n1cccc1,med_flex_hetero_amide
CC1CN(CC(=O)N(CC(F)(F)F)C(C)C)c2ccccc2NC1=O,med_flex_carbo_amide
CN(Cc1nc(-c2c(F)cccc2F)cs1)CC1(O)CCC1,med_flex_hetero_acid
COc1ncc(Br)cc1S(=O)(=O)N1CCC(Oc2ccccn2)C1,med_flex_hetero_sulfonyl
CC(C)c1ccc(-n2cc(O)c(C(=O)N3CCC=C(F)C3)n2)cc1,med_flex_hetero_amide
CCOc1ccccc1CN(C)S(=O)(=O)CC1CCCO1,med_verylex_carbo_sulfonyl
CC1(NC(=O)[C@@H]2CCCO2)CCN(C(=O)c2cc(F)cc3cc[nH]c23)C1,med_flex_hetero_amide
O=C(OCc1ccccc1)N1CCN(C(=O)c2cncc3nc(C(F)(F)F)[nH]c23)CC1,med_flex_hetero_amide
CC(c1cccnc1)N(C)C(=O)Nc1cnc(C(C)(C)C)nc1,med_flex_hetero_amide
CC(C)(C)c1cc(C(=O)N2CCC(O)(C(F)F)CC2)no1,med_rigid_hetero_amide
Cc1cc2ccccc2n1CC(=O)N1CCCC1C(C)(C)O,med_flex_hetero_amide
COc1c(C(=O)N2CCN(C3CC3)c3ccccc32)cnc2c1cnn2C,med_flex_hetero_amide
COc1ccc(C(NC(=O)c2cnn3cccnc23)C2CC2)cn1,med_flex_hetero_amide
CC(C(=O)Nc1cccc(-c2ccn[nH]2)c1)c1ccccc1,small_flex_hetero_amide
O=C(NCC1(C2(O)CCC2)CC1)c1ncc(C(F)(F)F)cc1Cl,med_flex_hetero_amide
Cc1ccc(C(=O)N(C)Cc2cn(-c3ccc(F)cc3Cl)nn2)cc1,med_flex_hetero_amide
CC(C)(NC(=O)C1CCN(c2ccc3nnnn3n2)CC1)c1cccs1,med_flex_hetero_amide
NC(=O)CC1CCCN(C(=O)NC2CCCc3sccc32)C1,med_flex_hetero_amide
C[C@@H](NC(=O)N(C)C1Cc2ccccc2C1)c1cccc(O)c1,med_flex_carbo_amide
CC(C)Cn1ccnc1NC(=O)c1cc2cccn2cn1,small_flex_hetero_amide
O=C(c1ncoc1-c1ccon1)N1CCOc2c(Br)cccc2C1,med_rigid_hetero_amide
O=C(c1c[nH]nc1-c1cccc(Cl)c1)N1CCCC(O)(C(F)(F)F)C1,med_rigid_hetero_amide
CC(O)CC1CCCN1C(=O)C1CCN(c2ccccc2F)C1,med_flex_carbo_amide
CC(NC(=O)NC1CC(=O)N(C2CC2)C1)c1cccc2ccccc12,med_flex_carbo_amide
COCc1noc(CN2CCc3c(Br)cc(C)cc3C2)n1,med_flex_hetero_plain
Cn1nccc1C1CCCN1CC(=O)Nc1cc(F)ccc1F,med_flex_hetero_amide
CCc1cnc(CNS(=O)(=O)c2cnn(-c3ccccc3)c2)s1,med_flex_hetero_sulfonyl
O=C(c1ccc2[nH]ncc2c1)N1CCCC(C(=O)N2CCC3(C2)Oc2ccccc2O3)C1,med_rigid_hetero_amide
O=C(Nc1ccc(Cc2nc3ccccc3s2)cc1)Nc1cc[nH]n1,med_flex_hetero_amide
C[C@@H]1COC[C@@](CO)(CNC(=O)c2c(Cl)ccc3ccoc23)N1C,med_flex_hetero_amide
CC[C@@H]1C(=O)NCCCN1CC(=O)Nc1ccccc1C(F)(F)F,med_flex_carbo_amide
O=C(CC(C1CCC1)C1CCC1)N1CCC(c2cnccn2)C1,med_flex_hetero_amide
O=C(c1ccncc1F)N1CCN(C2CC2)c2ccccc21,small_rigid_hetero_amide
COCCC1(C(=O)N2CCN(S(=O)(=O)Cc3ccccc3)CC2)CC1,med_verylex_carbo_sulfonyl
CO[C@@H]1C[C@@H](C(=O)Nc2ccc(SC(F)F)cc2)N(C(=O)OCc2ccccc2)C1,med_verylex_carbo_amide
CC(=O)N1CCCN(c2ccc(F)cc2NC(=O)NCCC(C)(C)O)CC1,med_flex_carbo_amide
Cc1ccc(Br)cc1Cc1noc(CN2CCCCC(O)C2=O)n1,med_flex_hetero_amide
Nc1nccnc1C(=O)N1CCCC1c1ccccc1C(F)(F)F,med_rigid_hetero_amide
Cc1ccc(C2(C)NC(=O)N(Cc3cnns3)C2=O)cc1C,med_flex_hetero_amide
O=C(N[C@@H]1C[C@H]2CC[C@@H]1O2)c1cc(-c2ccco2)nn1-c1ccccc1,med_flex_hetero_amide
CC#CCOc1cccc2c1C(=O)N(C1CCC(=O)NC1=O)C2=O,med_flex_carbo_amide
N#Cc1ccc(O)c(-c2ccc3c(c2)C(c2ccccc2)=NCC(=O)N3)c1,med_rigid_carbo_amide
C=C(C)CN(Cc1ccccc1)C(=O)C(=O)Nc1ccc2c(c1)C(=O)NCC2,med_flex_carbo_amide
CC(NC(=O)C1CCCN1C(=O)c1ccc2ccccc2c1O)c1cnn(C)c1,med_flex_hetero_amide
Cc1ccc(S(=O)(=O)NC(=O)C2CC23CCc2ccccc23)c(C)c1,med_flex_carbo_sulfonyl
C[C@H]1CS(=O)(=O)C[C@H]1NC(=O)c1cc(-c2ccc3ccccc3c2)[nH]n1,med_flex_hetero_sulfonyl
Cc1ccc(S(=O)(=O)Nc2ccc(Oc3ccc(C)nn3)cc2)cc1,med_flex_hetero_sulfonyl
CC(C)C(NC(=O)CN1Cc2cccnc2N2C[C@H](O)C[C@H]2C1)c1ccc2c(c1)OCCO2,large_flex_hetero_amide
Cn1nc(C2CCCCC2)cc1NS(=O)(=O)c1cc2c(cc1F)NC(=O)CC2,med_flex_hetero_sulfonyl
COc1ccc(CNc2cc(C(N)=O)ccc2CN2C(=O)CN(C)C2=O)c(Cl)c1,med_verylex_carbo_amide
CNC(=O)c1ccc(C(=O)N2CCC(C)C2c2cccc(F)c2)cn1,med_flex_hetero_amide
CNc1nc(C)cc(C(=O)N2CCN(C)c3ccc(F)cc32)n1,med_rigid_hetero_amide
Cn1cnc2ccc(C(=O)Nc3cccc(CSc4ccccn4)c3)nc21,med_flex_hetero_amide
O=c1c2ccccc2ncn1CC1CCCC(C(F)(F)F)O1,med_rigid_hetero_amide
C[C@H](C(=O)N1CCCCc2cccnc21)N1Cc2ccccc2C1=O,med_rigid_hetero_amide
CC(CS(=O)(=O)N1CCc2cnccc21)c1ccccc1,med_flex_hetero_sulfonyl
CC1(C)C(NCCNS(=O)(=O)c2ccccc2)[C@H]2CCC[C@H]21,med_flex_carbo_sulfonyl
N#Cc1c(N2CCOC3(CCCCCC3)C2)nc2ccccn12,med_rigid_hetero_plain
NC(=O)c1ccc(C(=O)N(CC(F)(F)F)C2CCCC2)s1,med_flex_hetero_amide
CCc1c(C(=O)Nc2ccc3c(c2)N(C(N)=O)CC3)cnn1-c1ccccn1,med_flex_hetero_amide
Cc1ccc(Cn2nccc2NS(=O)(=O)c2cnc3c(c2)c(C)nn3C)cc1,med_flex_hetero_sulfonyl
Cc1ccc(-n2cnnc2SCC(=O)N2CCc3ccccc32)cc1Cl,med_flex_hetero_amide
CCCc1cc(=O)n2nc(NCC(c3ccc(Cl)cc3)n3cccn3)sc2n1,med_verylex_hetero_plain
COC(=O)c1cc(Cl)cc(C)c1NC(=O)C1CCCCO1,med_flex_carbo_amide
Cc1ccccc1OCc1nnc(SCc2nccc(N)n2)n1-c1ccccc1,med_verylex_hetero_plain
Cc1nc2ccc(-c3cccc(S(N)(=O)=O)c3)cc2cc1O,med_rigid_hetero_sulfonyl
CCN1CCCC1CN(Cc1ccc(O)cc1)C(=O)c1nccc2ccsc12,med_flex_hetero_amide
Cn1cc(NC(=O)NCc2ccc3occc3c2)c(C2CCCCC2)n1,med_flex_hetero_amide
CC(Nc1cccc2c1OCCO2)C(=O)N(C)c1ccccc1,med_flex_carbo_amide
c1cn2ccnc2c(N2CCCCC3(CCCCC3)C2)n1,small_rigid_hetero_plain
O=C(NCC1(c2ccccc2)CCCO1)c1nnc(-c2ccccc2)o1,med_flex_hetero_amide
O=c1[nH]c2ccccc2cc1Cn1cc(C2(O)CC3CCC2C3)nn1,med_flex_hetero_acid
Cc1ccc(CC(=O)NS(=O)(=O)c2ccn(-c3ccccc3)n2)cc1,med_flex_hetero_sulfonyl
Cc1cccc2c1OC(C(=O)NS(=O)(=O)c1ccc3c(c1)CCCC3)C2,med_flex_carbo_sulfonyl
CC(C)Nc1cccc(-c2cn(CCn3cccn3)nn2)c1,small_flex_hetero_plain
COc1cn(-c2ccccc2)nc1-c1nc(-c2ccccn2)no1,med_flex_hetero_plain
Cn1ccnc1[C@@H]1OCCC[C@H]1NC(=O)CC(C1CCC1)C1CCC1,med_flex_hetero_amide
CCn1cccc(NC(=O)N2CCC2c2ccc(Cl)cc2)c1=O,med_flex_hetero_amide
O=S(=O)(c1ccc(F)cc1)C1CCN(S(=O)(=O)c2ccc(F)cc2)C1,med_flex_carbo_sulfonyl
CC1Cc2ccccc2N1C(=O)COC(=O)c1ccc2c(c1)CCC(=O)N2,med_flex_carbo_amide
CC(Cc1ccc(O)cc1)NC(=O)N1CCc2cc(Cl)ccc2C1,med_flex_carbo_amide
Cc1ccc(-n2cc(C(=O)N3CC4CCCN4Cc4ccccc43)nn2)cc1,med_rigid_hetero_amide
Cn1cnc(-c2ccc(C(=O)N3CCCC(C4CC4)C3)cc2)n1,med_flex_hetero_amide
CCc1ccc(-c2nnc(SC3CCN(c4ccccc4)C3=O)[nH]2)cc1,med_flex_hetero_amide
O=C(CC1CC=CC1)NS(=O)(=O)c1cc(Cl)cc2cccnc12,med_flex_hetero_sulfonyl
CCS(=O)(=O)c1cccc(CC(=O)N2CCCC2CSC)c1,med_flex_carbo_sulfonyl
N#Cc1ccc2c(c1)CCC2NCc1cnccc1C(F)(F)F,med_flex_hetero_plain
Cc1nc(-c2ccccc2)c(C(=O)Nc2ccc(F)c(C(N)=O)c2)s1,med_flex_hetero_amide
O=C(c1c[nH]nc1-c1ccsc1)N1CCOC2(CCc3ccccc32)C1,med_rigid_hetero_amide
CC1CC2CCC(C(=O)NCc3nc(C(C)C)cs3)CN2C1,med_flex_hetero_amide
CCCNC(=O)c1cccc(C(=O)N(C)Cc2cc(F)cc(F)c2)c1,med_flex_carbo_amide
CCOc1ccc2ccccc2c1OCC1(O)CCOCC1,med_flex_carbo_acid
CCc1noc(NC(=O)N2CCCc3ccccc3CC2)n1,med_rigid_hetero_amide
COc1cc(C)c(NC(=O)Cn2sc3ccccc3c2=O)cc1C(F)(F)F,med_flex_hetero_amide
O=C(Nc1cnn(Cc2ccccc2)c1)C1Cc2ccccc2O1,med_flex_hetero_amide
CC(C)CN(CC(O)c1ccc(F)cc1)C(=O)NCC1CC(=O)Nc2ccccc21,med_verylex_carbo_amide
O=C(c1cnccn1)N(c1ccc(Br)cc1Cl)C1CCC1,med_flex_hetero_amide
O=S(=O)(CCc1ccc2c(c1)CCO2)N(Cc1ccccc1Cl)C1CC1,med_verylex_carbo_sulfonyl
COc1cc(Cl)c(Cl)cc1C(=O)N1CCC(C(C)CO)CC1,med_flex_carbo_amide
CC(=O)N1CCC(NS(=O)(=O)c2c(C)sc3ccc(Cl)cc23)C1,med_flex_hetero_sulfonyl
Cc1ccc(C2(CNC(=O)N3CCCC(C)(O)C3)CC2)c(C)c1,med_flex_carbo_amide
O=C(NS(=O)(=O)c1ccc2c(c1)COC2)c1cc2c(s1)CCCC2,med_flex_hetero_sulfonyl
O=C(NCCc1ccn(-c2ccc(F)cc2)n1)c1ccc(NCC2CC2)nc1,med_verylex_hetero_amide
CN(c1ccccc1)c1nc(C(=O)N2CC3(C2)CC3(F)F)cs1,med_flex_hetero_amide
O=C(c1ccc2oc(=O)[nH]c2c1)N1CCOCC12CCCCC2,med_rigid_hetero_amide
CC1CC(C(=O)Nc2ccc(F)c(C(N)=O)c2)(c2cccc(Cl)c2)C1,med_flex_carbo_amide
CC1(c2ccc(C(=O)N3CCN(C4CC4)c4ccccc43)cc2)NC(=O)NC1=O,med_flex_carbo_amide
CCCn1cc(-c2cn(Cc3ccn(Cc4ccccc4)n3)nn2)cn1,med_verylex_hetero_plain
CC(C)CC(=O)Nc1ccc(NCc2cccc3nnn(C)c23)cc1,med_flex_hetero_amide
CC1(c2cc(NS(=O)(=O)c3ccc(F)cc3F)on2)CC1,med_flex_hetero_sulfonyl
O=C(Nc1cccc(F)c1F)NC1CCCN(C2CCCCC2)C1=O,med_flex_carbo_amide
CC(C)(C)OC(=O)C(C)(C)NCc1ccc2c(c1)NC(=O)CO2,med_flex_carbo_amide
COc1ccccc1C(C)NC(=O)CN(C(C)C)S(C)(=O)=O,med_verylex_carbo_sulfonyl
COc1cc(C(C)NC(=O)N2CCOC[C@H]2C)cc2ccccc12,med_flex_carbo_amide
CC(C)(C(=O)N1CCCC(CO)(Cc2ccccc2)C1)n1cccn1,med_flex_hetero_amide
Cc1cc(NC(=O)NCc2cccc(Oc3ccccc3F)c2)n(C2CCS(=O)(=O)C2)n1,large_flex_hetero_sulfonyl
CCCCn1ncc(NC(=O)NC2CCOC23CCCC3)c1C(C)C,med_flex_hetero_amide
COc1ccccc1-c1cn(C(C)c2cnc(C)cn2)nn1,small_flex_hetero_plain
COCc1nn(Cc2nc(N)c3c4c(sc3n2)CCCC4)c(=O)o1,med_flex_hetero_amide
CCC(C)(C)NC(=O)C(C)n1cc(-c2ncccc2F)nn1,med_flex_hetero_amide
O=c1ccn(-c2ccc(F)cc2)nc1-c1nc(Cc2cccc(Cl)c2)no1,med_flex_hetero_plain
CC1(C)CNC(=O)C1NCc1nc(C(F)(F)F)n2c1CCCC2,med_flex_hetero_amide
Cn1ncc(NC(=O)NCC(C)(C)c2ccc3ccccc3c2)c1C(F)F,med_flex_hetero_amide
CN(Cc1cccc(OC(F)(F)F)c1)C(=O)C1(C#N)CCCCC1,med_flex_carbo_amide
COc1cccc(C(=O)NCCNC(=O)C2COc3ccccc3C2)c1,med_flex_carbo_amide
Cc1[nH]c2ccc(F)cc2c1CCNC(=O)C1CCCc2[nH]ncc21,med_flex_hetero_amide
O=C(NCC(F)(F)C(F)F)C1CCN(c2ccccc2Cl)C1,med_flex_carbo_amide
Cc1c(NC(=O)C(C)N2CCCN(Cc3nccn3C(C)C)CC2)cccc1[N+](=O)[O-],med_verylex_hetero_amide
FC(F)c1noc(CN2Cc3ncccc3N3CCC[C@H]3C2)n1,med_flex_hetero_plain
CCCc1csc(NC(=O)N2CCCC2c2ccc3c(c2)OCCO3)n1,med_flex_hetero_amide
Cc1ccc(C(=O)N2CCCC(n3ccnn3)C2)c(F)c1Cl,med_rigid_hetero_amide
CCS(=O)(=O)c1c[nH]c(=O)c(C(=O)NC2Cc3ccccc3C2)c1,med_flex_hetero_sulfonyl
O=C(c1coc(C2CC2)n1)N1CCOc2c(Cl)cc(Br)cc21,med_rigid_hetero_amide
CC1OCCCC1C(=O)Nc1cc(-c2cccs2)nn1CCO,med_flex_hetero_amide
COc1cccc(OC)c1C(=O)NC(C)c1csc(C)n1,med_flex_hetero_amide
CC(C)c1cc(NCc2nnc(C(C)C)n2C)nc(C(C)C)n1,med_flex_hetero_plain
CN(C(=O)Cc1c[nH]c2ccc(F)cc12)C(CC(N)=O)C(F)(F)F,med_flex_hetero_amide
CN(C(=O)Cn1c(-c2ccccc2)nc2ccccc21)c1cccnc1,med_flex_hetero_amide
O=S(=O)(Nc1cnn(CC(F)(F)F)c1C1CC1)c1cccc2ncccc12,med_flex_hetero_sulfonyl
CNC(=O)Cn1cc(NCc2cccc(-c3ccc(C)cc3)c2)cn1,med_flex_hetero_amide
CO[C@H]1C[C@@H](C(=O)N2CCCC2)N(C(=O)c2ccn(Cc3ccccc3)n2)C1,med_flex_hetero_amide
COc1cc(F)c(C(C)NC(=O)c2ccccc2OC(F)(F)F)cc1OC,med_flex_carbo_amide
CN(Cc1cccc(O)c1)C(=O)c1cccc(N2CCCC2)c1,med_flex_carbo_amide
CC1(C)CN(C(=O)NC2CCOc3c(Cl)cccc32)C1c1ccncc1,med_rigid_hetero_amide
COCCn1nnnc1NC(=O)C1CCc2ccccc2C1,med_flex_hetero_amide
Cc1cc(C)c(-c2ccc3nc(CO)n(C)c3c2)c(C)c1,small_rigid_hetero_acid
CC(=O)N1CCCCCC1C1CCN(c2cc(O)nc(C)n2)CC1,med_rigid_hetero_amide
Cc1noc2ncc(S(=O)(=O)NC3C4CCc5ccccc5C43)cc12,med_flex_hetero_sulfonyl
O=C(Cn1ccc2ccccc2c1=O)N1CCC(Cc2ccccc2)C1,med_flex_hetero_amide
COc1ccc(NS(=O)(=O)c2cc(Cl)c(NC(C)=O)cc2F)cc1-n1nnnc1C,large_flex_hetero_sulfonyl
Cc1oc(-c2ccccc2)nc1Cc1nc(Cc2ccon2)no1,med_flex_hetero_plain
COc1cc(OC)cc(-c2noc(NC(C)CSC)n2)c1,med_verylex_hetero_plain
COc1ccc(C(CCO)NC(=O)NCCc2c[nH]c3ccccc23)cc1,med_verylex_hetero_amide
COC1CCCC(CC(=O)Nc2c(C)c(C(F)(F)F)nn2C)C1,med_flex_hetero_amide
CCCS(=O)(=O)c1ccccc1C(=O)NCC1(O)CCCCCC1,med_flex_carbo_sulfonyl
C[C@@H]1CN(C(=O)Nc2ccc(-n3ccc(C(F)(F)F)n3)cc2)CC[C@H](C)O1,med_rigid_hetero_amide
NC(=O)C1(c2ccccc2)CCN(c2nnc(C(F)(F)F)s2)CC1,med_flex_hetero_amide
CC(C)Oc1ccc(S(=O)(=O)Nc2cn(C)nc2C(F)F)cn1,med_flex_hetero_sulfonyl
CC(C)(NC(=O)c1ccc2c(c1O)CCCC2)c1nnn[nH]1,med_flex_hetero_amide
Cc1ccccc1CN(Cc1cccnc1)C(=O)c1cccc2[nH]ncc12,med_flex_hetero_amide
OC1(C(F)(F)F)CCN(c2cncc(OC3CCCCC3)n2)C1,med_flex_hetero_acid
COC(=O)c1cnc(NC(=O)c2ccccc2OC2CCCC2)s1,med_flex_hetero_amide
COc1cc(C(=O)NCCN2CCc3sccc3C2)ccc1C,med_flex_hetero_amide
Cc1noc2nc(C(C)C)cc(C(=O)N3CCOCC3(C)C3CC3)c12,med_flex_hetero_amide
O=C(NC(c1ccccn1)C1CCC1)c1nn[nH]c1-c1ccccc1,med_flex_hetero_amide
CC(CNC(=O)N[C@H]1c2ccccc2C[C@H]1O)c1nc(-c2ccccc2)no1,med_flex_hetero_amide
COc1ccc(C(=O)NCC2CCOc3ccccc32)cc1N1CCNC1=O,med_flex_carbo_amide
Cn1ncc2c(=O)[nH]c(CCC(=O)N3CCC(c4ccc(F)cc4)CC3)nc21,med_flex_hetero_amide
CCCC1(CO)CCCN1C(=O)C(C)NS(=O)(=O)c1cccs1,med_verylex_hetero_sulfonyl
CC(C(=O)N1CCOCC1c1nc2ccccc2s1)c1cccnc1,med_flex_hetero_amide
O=c1cc(N2CCCC3(CCCCN3)C2)[nH]c(=O)n1Cc1ccccc1,med_flex_hetero_amide
COc1ccc(CCNC(=O)Cn2c(=O)oc3cc(Cl)ccc32)cc1OC,med_verylex_hetero_amide
COc1ccccc1N1CCC(NC(=O)c2sccc2-n2cnnn2)CC1,med_flex_hetero_amide
COc1ccc([C@@H]2C[C@H]2C(=O)NCc2cc(F)ccc2F)cc1,med_flex_carbo_amide
CCc1ccccc1-n1cc(C(=O)NC(C)c2nn(C)cc2O)nn1,med_flex_hetero_amide
CC(NC(=O)CN1CCC(CO)CC1)c1ccc(F)c2ccccc12,med_flex_carbo_amide
CCCc1nc(C(C)(C)NC(=O)c2cccc(-c3ncn[nH]3)c2)no1,med_flex_hetero_amide
COc1cccc(OC)c1C(=O)NC(C)c1cnn(C(C)C)c1,med_flex_hetero_amide
CO[C@H]1C[C@H](c2nnc(C)o2)N(Cc2nc(C(C)(C)C)cs2)C1,med_flex_hetero_plain
NS(=O)(=O)c1cccc(N2CC(C(=O)N3CCc4ccc(Cl)cc43)CC2=O)c1,med_flex_carbo_sulfonyl
CC(C)c1nn(-c2ccccc2)cc1CNC(=O)c1cccn(C)c1=O,med_flex_hetero_amide
O=C(NCC1OCCc2ccccc21)c1occc1COc1ccccc1,med_flex_hetero_amide
CCc1nn(C)c(CC)c1CN1CCCC1c1cccnc1,small_flex_hetero_plain
CN(C(=O)c1c[nH]nc1-c1ccccn1)C1CCc2ccccc2C1,med_flex_hetero_amide
COc1cncc(C(=O)NC(c2ccccc2)c2cccc(S(C)(=O)=O)c2)n1,med_flex_hetero_sulfonyl
Cc1cc(NC(=O)c2ccc(Cl)c3cccnc23)n(C)n1,med_rigid_hetero_amide
CNC(=O)c1cccnc1N1CCc2ccccc2C(C)(C)C1,med_rigid_hetero_amide
O=C(NC1CCN(C(=O)CCc2ccccc2)CC1)c1cc2ncccn2n1,med_flex_hetero_amide
O=C(c1nc2ccccc2c(=O)[nH]1)N1C[C@H](Cc2ccccc2)[C@@H](O)C1,med_flex_hetero_amide
COCc1cccc(CC(=O)N2CCC(c3nccc(C)n3)CC2)c1,med_flex_hetero_amide
Cc1[nH]c(=O)c(C(=O)NC2CCCN(c3cnn(C)c3)C2)cc1-c1ccccc1,med_flex_hetero_amide
CC(C)c1nnc2c(NC3CCCC3CNS(C)(=O)=O)nccn12,med_flex_hetero_sulfonyl
O=C(CCc1ccccc1Cl)N1CCCC1CN1CCOCC1,med_flex_carbo_amide
Cc1cccn2c(=O)cc(COC(=O)c3cc4cc(Br)ccc4[nH]3)nc12,med_flex_hetero_plain
O=C(CCNC(=O)C1CCCN1C(=O)c1ccccc1O)NC1CCCCC1,med_flex_carbo_amide
Cc1cc2cc(C(=O)N3Cc4ccccc4C[C@H]3C(N)=O)oc2cc1C,med_rigid_hetero_amide
Cc1cccc(C(=O)O)c1NC(=O)C(O)(c1ccccc1)c1ccccc1,med_flex_carbo_amide
Cc1ccc2c(c1)CCCN2S(=O)(=O)c1ccc2c(c1)NC(=O)CC(=O)N2,med_rigid_carbo_sulfonyl
Clc1ccccc1N1CCC(c2nc(-c3cccc4[nH]ccc34)no2)C1,med_flex_hetero_plain
CC(C(=O)NS(=O)(=O)c1ccc2c(c1)C(=O)OC2(C)C)C1=CCCC1,med_flex_carbo_sulfonyl
O=C(c1cnn(-c2ccccn2)c1C(F)(F)F)N1CC2CCC1C2,med_rigid_hetero_amide
COC(Cn1nnn(-c2ccc(F)cc2)c1=O)C1CCCOC1,med_flex_hetero_amide
Cc1ccc(NC(=O)c2cccn(C)c2=O)c2cccnc12,small_rigid_hetero_amide
O=C(NCc1cc2ccccc2s1)NC[C@]12C[C@H]1COC21CCC1,med_flex_hetero_amide
COc1ccc(N(C)C(=O)Cn2ncc3ccccc3c2=O)c(OC)c1,med_flex_hetero_amide
O=C(Cc1cccc2cccnc12)N1CCCCC1c1ncon1,med_flex_hetero_amide
CC(C)n1nnnc1-c1ccc(NS(=O)(=O)c2cnn(C)c2)cc1F,med_flex_hetero_sulfonyl
CC(=O)NCc1ccc(C(=O)NC(c2nc3ccccc3[nH]2)C2CCCCC2)o1,med_flex_hetero_amide
COc1ccccc1N1CCC(NC(=O)Cc2noc3ccccc23)C1,med_flex_hetero_amide
O=C1NCCN(C(=O)NC2CCc3c(Cl)cccc32)C1c1ccccc1,med_rigid_carbo_amide
CC(C)(C)NS(=O)(=O)NC(=O)C(C)(C)c1cccc(C#N)c1,med_flex_carbo_sulfonyl
CC(c1ccc(Cl)c(Cl)c1)N(C)C(=O)c1ccnc2nn[nH]c12,med_flex_hetero_amide
CC(C)(C)NS(=O)(=O)c1cccc(NC(=O)c2cc(=O)c3cc(O)ccc3o2)c1,med_flex_hetero_sulfonyl
CC(=O)NC1(c2noc(C3(C#N)CCSCC3)n2)CCCCC1,med_flex_hetero_amide
Cc1cc(N)n2ncc(C(=O)NCc3cccc(O)c3F)c2n1,med_flex_hetero_amide
O=C(N1CCc2nc[nH]c(=O)c2C1)C1(Cc2ccccc2)CCc2ccccc21,med_flex_hetero_amide
CC(c1ccccn1)N(C)C(=O)c1nc2cc(Br)c(F)cc2[nH]1,med_flex_hetero_amide
N#Cc1ccc(C(F)(F)F)nc1NCc1cccc(COCC2CCCO2)c1,med_verylex_hetero_plain
COc1cccc(C(CNc2nc(C)c3ccccc3n2)N(C)C)c1,med_flex_hetero_plain
CN(CC(=O)NC(Cc1ccccc1)C(=O)Nc1ccccc1)C(=O)c1ccco1,med_verylex_hetero_amide
O=C(c1c[nH]c(=O)c2ccccc12)N1CCCN(c2ccccn2)CC1,med_rigid_hetero_amide
CCOc1nccc(C)c1C(=O)N1CC[C@@H](Oc2ccccc2)C1,med_flex_hetero_amide
CCNC(=O)c1ccc(CNC(=O)CN(C(=O)CC2OCCc3ccsc32)C2CC2)cc1,large_verylex_hetero_amide
O=C(COc1ccccc1-n1ccnc1)Nc1ccc(Cl)cc1,med_flex_hetero_amide
COc1ccccc1-c1noc(C(C)NC(=O)N2CCC(C(C)O)CC2)n1,med_flex_hetero_amide
C[C@@H](NC(=O)c1cnc(-c2nccs2)[nH]c1=O)c1cccc(F)c1,med_flex_hetero_amide
CC(NC1CCCc2ncc(C(F)(F)F)cc21)c1cccc(C#N)c1,med_flex_hetero_plain
CC(C)c1nsc(CN2CC34CCCCC3(CN(C)C4)C2)n1,med_flex_hetero_plain
O=C(Nc1ccc(C(=O)N2CCOCC2)c(Cl)c1)c1cc(-c2cccnc2)nc2ccccc12,large_flex_hetero_amide
O=C(NCC1(c2ccc(Cl)cc2)CCC1)NCC1(N2CCOCC2)CC1,med_flex_carbo_amide
CCC(c1cc(Cl)cc2c1OCC2)n1cc(CN2CCOCCC2=O)nn1,med_flex_hetero_amide
CCNC(=O)C(c1cccc(OCC)c1)N1CC2CN(C(=O)CCSC)CC2C1,med_verylex_carbo_amide
CCN1CCCC(NC(=O)Nc2cccc3cc[nH]c23)C1=O,med_flex_hetero_amide
COc1ccc2ccccc2c1CNC(=O)NC1CCN(C(C)(C)C)C1,med_flex_carbo_amide
O=C(NC1(c2noc(C3CCCO3)n2)CCCCCC1)c1csnn1,med_flex_hetero_amide
O=C(NC[C@H]1CCCO1)N1CCc2ccccc2[C@@H]1c1ccccc1,med_flex_carbo_amide
Cc1ccnc(COC(=O)Cc2csc3ccc(Br)cc23)n1,med_flex_hetero_plain
CC1CCN(C(=O)Nc2cnn(C(F)F)c2)CC12CCC2,small_rigid_hetero_amide
CC(C)N1CCC(NS(=O)(=O)CC2OCCC2(C)C)C1=O,med_flex_no_arom_sulfonyl
Cc1nc2nc(SCc3ccc(C(F)(F)F)nc3)nn2c(C)c1C,med_flex_hetero_plain
COc1c(C)cccc1CNC(=O)NC1CCOCC12CCCC2,med_flex_carbo_amide
Cc1cc(C)c2nc(NC(=O)CCOC3CCOCC3)sc2c1,med_flex_hetero_amide
CN(Cc1noc(C2CC2)n1)C(=O)c1ccc2ccccc2n1,med_flex_hetero_amide
CC(N[C@H]1CCO[C@@H]1c1ccc(F)c(F)c1)C(=O)N(C)CCC#N,med_flex_carbo_amide
O=C(c1ccn(-c2ccccc2F)n1)N1CCC(Oc2ccccn2)C1,med_flex_hetero_amide
O=C(c1ncnc2c1OCCO2)N1CCCC1Cc1cccc2ccccc12,med_flex_hetero_amide
NC(=O)[C@@H]1Cc2ccccc2CN1C(=O)c1ccc2ccc(Cl)cc2n1,med_rigid_hetero_amide
COc1ccc(C(=O)OCc2nc(N)c3c4c(sc3n2)CCCC4)cc1O,med_flex_hetero_acid
CCCC1(COC)CCCN1C(=O)c1sc(S(N)(=O)=O)cc1C,med_flex_hetero_sulfonyl
CC(CNC(=O)c1cccc2c1CNCC2)c1ccc(F)cn1,med_flex_hetero_amide
O=C(NC1CCC2(CCCCC2)CC1)C1CC=CCC1C(=O)N1CCOCC1,med_flex_no_arom_amide
CCn1ncc(CNC(=O)Cc2nc(C(C)C)c(C)s2)c1C,med_flex_hetero_amide
O=C(NC[C@]12OCCC[C@H]1C2(F)F)c1n[nH]c2ccccc12,med_flex_hetero_amide
COc1cc(C(=O)NC2CCCN(c3ccccn3)C2)cc2c1OC(C)C2,med_flex_hetero_amide
CN(C)S(=O)(=O)C1(Cn2c(=O)[nH]c3cc4c(cc3c2=O)CCCC4)CC1,med_flex_hetero_sulfonyl
COC(=O)c1cccc(-c2nc(-c3cn(CC4CCCCNC4)nn3)cs2)c1,med_flex_hetero_plain
O=C(NC1CCN(C2CC2)C1=O)C(c1cc(Cl)cc(Cl)c1)N1CCOCC1,med_flex_carbo_amide
COc1ccc(-n2nnnc2CNC(C)(C)c2cccc(C#N)c2)cc1,med_flex_hetero_plain
CC(O)C(Nc1nc(-c2cccc(Cl)c2)no1)c1ccccc1F,med_flex_hetero_acid
O=C(Nc1c[nH]c2ccccc12)c1conc1C1CCCC1,small_flex_hetero_amide
CCC(C)NC(=O)C1CSCN1C(=O)c1ccc2c(c1)S(=O)(=O)N(C(C)C)C2=O,med_flex_carbo_sulfonyl
C=CCC1(C(=O)OCC)CCN(C(=O)c2nn[nH]c2C2CC2)C1,med_flex_hetero_amide
CCC1CCN(C(=O)c2nn(-c3cccc(Cl)c3)nc2C)C1,med_flex_hetero_amide
Nc1nc(COC(=O)c2cncc(-c3ccccc3)c2)nc2ccccc12,med_flex_hetero_plain
O=C(NCCN1CC2CCCCN2C1=O)c1cccc2scnc12,med_flex_hetero_amide
O=C(CCc1cn[nH]c1)N1CC2CCN(C(=O)CC3CCCCC3)C(C2)C1,med_flex_hetero_amide
Cc1cc(C)c(C#N)c(NCc2ccc3c(c2)CNC3)n1,small_flex_hetero_plain
CC(=O)Nc1ccc(-c2ccc(S(=O)(=O)N3CC(OC(=O)NC(C)C)C3)cc2)cc1,med_flex_carbo_sulfonyl
Cc1nnc(N(C)C(=O)[C@]2(c3ccccc3)C[C@@H](F)C2)s1,med_flex_hetero_amide
COc1ccc(-c2nnc3n2CC(C)(C)CC3)c(OC)c1,small_flex_hetero_plain
N#CC1(c2nnc(-c3ccc(COc4ccccc4)o3)o2)CCCC1,med_flex_hetero_plain
Cc1cc(C)cc(C(=O)N2CCN(C(=O)c3cnc4cc[nH]c4c3)CCC2C)c1,med_rigid_hetero_amide
N#Cc1cc2c(nc1N1CCC(O)(C(F)(F)F)C1)CCC2,small_rigid_hetero_acid
O=C(N[C@]12C[C@H]1CN(C(=O)C1(Cc3cccc(F)c3)CC1)C2)C1CCCCC1,med_flex_carbo_amide
Cn1c(C2C(C3CC3)CCN2C(=O)c2nc(C3CC3)n3ccccc23)n[nH]c1=O,med_flex_hetero_amide
Cc1nn(C)c2ncc(C(=O)N3CCCC3c3cccc(F)c3)cc12,med_rigid_hetero_amide
CCC(C)n1nc(NC(=O)C2CNC(=O)c3ccccc32)cc1C,med_flex_hetero_amide
O=C(Cn1c(=O)[nH]c2ccccc2c1=O)NC1CCc2c(F)cccc21,med_flex_hetero_amide
CCC1CN(c2ccccc2)CCN1C(=O)c1cc(OC)ns1,med_flex_hetero_amide
Cc1ccc2cccnc2c1S(=O)(=O)Nc1cccc(CC(=O)O)c1,med_flex_hetero_sulfonyl
Cc1cc(Br)c2ccccc2c1NC(=O)c1cn(CCN(C)C)nn1,med_flex_hetero_amide
Cc1cccnc1C(F)(F)C(=O)N(CC1CCOC1)C1CC1,med_flex_hetero_amide
CC(NC(=O)Cn1nnnc1C1CC1)c1ccc2c(c1)CCCC2,med_flex_hetero_amide
CCc1nc(CS(=O)(=O)CC(=O)Nc2ccc3c(c2)CCC3)cs1,med_flex_hetero_sulfonyl
Cc1cc(C(=O)N2CCCC(CNC(=O)c3cccc4nn[nH]c34)C2)nc2ccccc12,med_flex_hetero_amide
C[C@H](c1ccccc1)N(CC(N)=O)S(=O)(=O)c1cnn(-c2ccccc2)c1,med_verylex_hetero_sulfonyl
COc1ccc(C)cc1NC(=O)CC(NS(C)(=O)=O)c1ccc(Cl)cc1,med_verylex_carbo_sulfonyl
CC(C)N1CCC(n2cc(COc3ccccc3Cl)nn2)C1=O,med_flex_hetero_amide
C[C@@H](NC(=O)C1CCCc2ccnn21)c1ccc(Cl)cc1,med_flex_hetero_amide
CN(Cc1ccnn1-c1ccc(F)cc1)CC(O)Cc1ccccc1,med_verylex_hetero_acid
O=C(CNC1CCCOc2c(Br)cccc21)NCC1CC1,med_flex_carbo_amide
CC1(C)CCN(C(=O)NCc2cc[nH]n2)CC1c1ccccc1,med_flex_hetero_amide
Cc1cc(CNC(=O)NC2CCc3c(Br)cccc32)on1,med_flex_hetero_amide
O=C(NCc1cn2c(n1)CCCC2)NC1CC(c2cccc(Cl)c2)C1,med_flex_hetero_amide
O=C(NCCN1CCc2sccc2C1)c1cc2ccccc2[nH]1,med_flex_hetero_amide
CC(C)n1c(-c2ccc(Oc3cnccn3)cc2)nc2ccccc21,med_flex_hetero_plain
O=C1CCc2cc(S(=O)(=O)N3CCOc4ccccc4C3)ccc2N1,med_rigid_carbo_sulfonyl
COc1ccccc1C1CN(C(=O)c2ccc(CCF)cc2)CCN1,med_flex_carbo_amide
O=C(NCc1ccn(C2CCCC2)n1)NC1CCc2ccccc2C1,med_flex_hetero_amide
CCNC(=O)CN(C)C(C(=O)OC)c1ccccc1C(F)(F)F,med_flex_carbo_amide
CC(NC(=O)NCc1cccc(C2(C)NC(=O)NC2=O)c1)c1nc(-c2cccc(F)c2)no1,large_flex_hetero_amide
Cc1cc(CCC(=O)NC2CCC(C)(C)CC2c2ccccc2)on1,med_flex_hetero_amide
CCC(=O)N1CCCN(S(=O)(=O)CC2CCCC(C)C2)CC1,med_flex_no_arom_sulfonyl
Cc1ccc2c(c1)[C@H](NC(=O)c1ccc(C)nn1)CCC2,small_rigid_hetero_amide
CCC(C)(CC(=O)O)NC(=O)c1c(Cl)c2ccccc2n1C,med_flex_hetero_amide
N#Cc1ccc2c(c1)CC(NC(=O)c1cnc(C3CCC3)[nH]c1=O)C2,med_flex_hetero_amide
COc1cccc(CC(=O)N2CCC(c3ccccc3OC)C2)c1,med_flex_carbo_amide
COc1cc(CCC(=O)N2CCC(Cc3ccccc3)C2)on1,med_flex_hetero_amide
CC1(c2cn(C(C(=O)NC(C(N)=O)c3ccc(Cl)cc3)C(C)(C)C)nn2)CCCO1,med_flex_hetero_amide
COc1ccc(Cl)c(NS(=O)(=O)c2cccc(S(N)(=O)=O)c2)c1,med_flex_carbo_sulfonyl
COc1cc(C)ccc1CNC(=O)c1ccc(F)cc1C,small_flex_carbo_amide
CC(C)(C)Nc1cccc(-c2nc(CCc3cnccn3)n(C3CCC3)n2)n1,med_flex_hetero_plain
O=C1CC(c2nnc(-c3ccc4ccccc4c3)o2)CN1c1c(F)cccc1F,med_flex_hetero_amide
CCOc1cccc(CC(=O)N2CCC(c3ccc(F)cn3)CC2)n1,med_flex_hetero_amide
Cc1c(S(=O)(=O)N2CCCC(C)C2C(=O)O)oc2ccc(F)cc12,med_flex_hetero_sulfonyl
CCn1c(=O)c(NCc2nnc3ccc(C)cn23)nc2ccccc21,med_flex_hetero_amide
COc1ccc(C)cc1-n1ccc(C(=O)NS(=O)(=O)c2cnc3c(cnn3C)c2)n1,med_flex_hetero_sulfonyl
C[C@H](Nc1cc(-c2ccccc2)nc2ncnn12)c1ccc(Cl)cn1,med_flex_hetero_plain
CCN(CC(=O)NC)S(=O)(=O)c1cnc(NCC(C)C)c(C(F)(F)F)c1,med_verylex_hetero_sulfonyl
COc1ccc(Cl)cc1C(=O)N1CCC(Oc2cccc(F)c2)CC1,med_flex_carbo_amide
NC(=O)[C@@H]1CC[C@H](NC(=O)N2CC(c3ccccc3)C3(CCC3)C2)C1,med_flex_carbo_amide
O=C(CC1CCCCC1)N1CCCS(=O)(=O)CC1c1ccccc1,med_flex_carbo_sulfonyl
CC1c2ccc(F)cc2CCN1C(=O)c1cccc(O)c1,small_rigid_carbo_amide
O=C(COc1ccc2c(c1)CCCC2)NC1CCCCC1,small_flex_carbo_amide
C[C@]1(c2ccccc2)C[C@H]1C(=O)N1CC[C@H](Nc2ccncc2C#N)C1,med_flex_hetero_amide
CCOc1cc(N2CCC(Cc3c[nH]cn3)CC2)nc(C)n1,med_flex_hetero_plain
CC(C)(C)C1(NC(=O)NCc2nc(C(F)F)no2)CCC1,med_flex_hetero_amide
Cc1nc(N(C)CCN(C)C(=O)CCc2ncc[nH]2)ccc1[N+](=O)[O-],med_verylex_hetero_amide
N#CC(CS(=O)(=O)NCCCc1ccccc1)C1CCOCC1,med_verylex_carbo_sulfonyl
O=C(NCCc1ccc2c(c1)CCO2)N1CC2(CCC2)C1C1CCOCC1,med_flex_carbo_amide
O=C(CN(CC1CCCO1)c1nc2ccc(F)cc2o1)N1CCCC1,med_flex_hetero_amide
O=C(NS(=O)(=O)CC1CCCCC1)C1CCC(C(F)(F)F)CC1,med_flex_no_arom_sulfonyl
Cc1nc(-c2ccccc2)c(C(=O)N2C[C@@H]3C[C@H]2CN3C(=O)C2CCCC3(CCC3)O2)s1,large_flex_hetero_amide
CCN(CC)C(=O)c1ccccc1Cn1cc(-c2cnc(F)cc2C)nn1,med_flex_hetero_amide
O=C(OCc1cccc(F)c1F)C1CC(O)CN1C(=O)c1ccc2ccccc2c1,med_flex_carbo_amide
COc1cc(S(=O)(=O)N2CCN(c3ccc(C)cc3)CC2)ccc1Cl,med_flex_carbo_sulfonyl
Cc1cccc(C)c1-n1cc(CNC(=O)C(F)(F)F)nn1,small_flex_hetero_amide
CN(Cc1ccccc1)S(=O)(=O)c1ccc(NC(=O)CN2CCCC2)cc1,med_verylex_carbo_sulfonyl
Cn1nc2c(c1S(=O)(=O)Nc1ccc(F)c(O)c1F)CCCC2,med_flex_hetero_sulfonyl
O=C(NC1CCS(=O)(=O)C1)NC1(Cc2ccc(Br)cc2)CCCCC1,med_flex_carbo_sulfonyl
O=C(NCc1cncc(O)c1)[C@H]1CCCC[C@H]1c1ccccc1,med_flex_hetero_amide
Cc1cccc(C)c1NS(=O)(=O)c1ccc(NS(=O)(=O)c2ccnn2C)cc1,med_flex_hetero_sulfonyl
CS(=O)(=O)c1ccc(Cn2nc(-c3cccs3)c3ccccc3c2=O)cc1,med_flex_hetero_sulfonyl
CSC1CCN(C(=O)CCn2cnc3c(C)cccc3c2=O)CC1,med_flex_hetero_amide
Cc1cc(NC(=O)c2cccc(C)c2Cl)n(-c2ccccc2)n1,med_flex_hetero_amide
COC(=O)c1ccc(C(=O)N[C@H]2CC[C@H]2c2ccccc2)n1C,med_flex_hetero_amide
Cc1nn(C(C)C)c(C)c1S(=O)(=O)Nc1noc2c1CCCC2,med_flex_hetero_sulfonyl
O=C1N(CCc2c[nH]c3c(Cl)cccc23)C(=O)C23CC(CN12)C3,med_flex_hetero_amide
CSC1(CNC(=O)C2COc3cc(F)ccc3C2)CCC1,med_flex_carbo_amide
CC(C)Cn1cc(C(=O)NCC2CCCC(C)(C)O2)cn1,small_flex_hetero_amide
Cc1c(C(=O)NCC2CCCC(C)(C)O2)nnn1C(C)C,small_flex_hetero_amide
CC1CCCCN1C(=O)c1ccc(NCc2cc(=O)n(C)c(=O)n2C)cc1Cl,med_flex_hetero_amide
O=C(NC1(c2ncccn2)CCOCC1)c1cc2c(s1)CCC2,med_flex_hetero_amide
CC(C)C(NS(=O)(=O)C1CCOC1)c1ccc(F)cc1F,med_flex_carbo_sulfonyl
CNC(=O)C1Cc2ccccc2N1C(=O)c1cccc(OCC(F)(F)F)n1,med_flex_hetero_amide
COc1ccc(CC(=O)N2CC(C(N)=O)Cc3ccccc32)c(C)c1,med_flex_carbo_amide
O=C(c1[nH]c2ccc(Cl)cc2c1Cl)N1CCC(O)(c2ccc(F)cc2)C1,med_rigid_hetero_amide
Cc1nc(C(=O)NC2CC(F)(F)C2)nn1-c1ccccc1C(C)C,med_flex_hetero_amide
Cc1ccc2oc(-c3noc([C@]45CNC[C@H]4CCOC5)n3)cc2c1,med_rigid_hetero_plain
Cc1cnc(C(=O)N[C@H]2c3ccccc3C[C@@H]2O)cc1C,small_rigid_hetero_amide
CC(C)Cc1ncc(C(=O)N[C@@H]2c3ccccc3C[C@@H]2O)s1,med_flex_hetero_amide
Cc1noc(CCNC(=O)N2CC(C)(C)[C@H]3CCC[C@H]32)n1,small_flex_hetero_amide
O=C(NCc1ccc2ncccc2c1)C1(S(=O)(=O)c2ccccc2)CCCCC1,med_flex_hetero_sulfonyl
Cn1nc(C(=O)NC2CCCOc3c(F)cccc32)cc1C(F)F,med_flex_hetero_amide
CN(C(=O)c1cc2c(C(F)F)nn(C)c2s1)C1CCCc2c1cnn2C,med_flex_hetero_amide
Cc1cc(NC(=O)CN(C)c2ccc(F)c(Cl)c2)n(C2CCS(=O)(=O)C2)n1,med_flex_hetero_sulfonyl
CC1(C)CN(C(CNC(=O)c2cnn3cccnc23)c2ccc(Cl)cc2)CCO1,med_flex_hetero_amide
O=C(CN1C(=O)COc2ccc(Cl)cc21)N1CCC(c2ccco2)C1,med_flex_hetero_amide
CC(C)(CNC(=O)c1cnc2cc[nH]c2c1)C1CCOCC1,med_flex_hetero_amide
Cn1nc(-c2ccco2)cc1NC(=O)NC(c1ccccn1)C1CC1,med_flex_hetero_amide
O=C(NC1COc2cc(F)cc(F)c21)c1ccccc1OC(F)F,med_flex_carbo_amide
Cn1nncc1S(=O)(=O)NCC1CCCc2ccccc21,med_flex_hetero_sulfonyl
O=C(NCCOc1cccc(C(F)(F)F)n1)c1ccnc(NC(=O)C2CC2)c1,med_verylex_hetero_amide
O=C(c1cncc(-c2ccc3c(c2)CCO3)c1)N1CCCCCO1,med_rigid_hetero_amide
CCn1cc(CS(=O)(=O)Cc2nc3c(s2)CC(C)(C)CC3)nn1,med_flex_hetero_sulfonyl
O=C(NC1CCCN(c2cccc(F)c2)C1)c1ccnn1C1CCC1,med_flex_hetero_amide
CC1=C(C)CN(C(=O)NCC(=O)N2CCc3ccccc32)CC1,med_rigid_carbo_amide
Cc1ccc(-c2ccc(C)c(NC(=O)[C@@H]3CCOC3)c2)o1,small_flex_hetero_amide
O=C1NC2(CCCC2)C(=O)N1CCc1nc(C2(c3ccccc3)CCC2)no1,med_flex_hetero_amide
CCC1(CC)CNC(=O)C1NC(=O)c1n[nH]c2c1CCC2,small_flex_hetero_amide
CC(Oc1ccc(Br)cc1)C(=O)NC1CCCCC1CO,med_flex_carbo_amide
O=C(N1CCCC(n2ccnn2)C1)C1(C(F)(F)F)CCCC1,med_rigid_hetero_amide
Cn1cc([C@H]2[C@H](CNc3ccc(OC(F)F)cn3)CC(=O)N2C(C)(C)C)cn1,med_flex_hetero_amide
CC(NS(=O)(=O)c1cnn(C)c1)c1nc(C(C)(C)C)cs1,med_flex_hetero_sulfonyl
O=C(Cc1ccc2cn[nH]c2c1)NC1CC1c1ccccc1Cl,med_flex_hetero_amide
CN(Cc1ccc(F)cc1)S(=O)(=O)c1cc(F)cc(F)c1,med_flex_carbo_sulfonyl
NC(=O)C1CC(C(=O)N2CCc3ccc(F)cc32)=NN1c1ccc(F)cc1,med_flex_carbo_amide
Cc1nc(S(=O)(=O)NC2(c3ccc4c(c3)OCCO4)CC2)cn1C,med_flex_hetero_sulfonyl
CC1C(c2ccccc2)CCN1C(=O)c1ccc(NS(C)(=O)=O)cc1,med_flex_carbo_sulfonyl
Cc1[nH]ccc1C(=O)NC(c1ccccc1)c1nccs1,small_flex_hetero_amide
CN1CCN(C(=O)c2cccc3[nH]c(-c4cccs4)nc23)CC12CCOC2,med_rigid_hetero_amide
COc1ccc(NC(=O)N2Cc3ccccc3NC(=O)C2C)c(C)n1,med_rigid_hetero_amide
O=C(NCc1cc[nH]n1)N1CCc2cc(-c3cccc(F)c3)ccc21,med_flex_hetero_amide
O=C(Cn1ncc2ncccc21)N(Cc1ccccc1F)C1CC1,med_flex_hetero_amide
O=C(NC(CN1CCCC1=O)c1ccccc1)c1cccc2[nH]cnc12,med_flex_hetero_amide
COc1cnc(C(=O)NCC(NC(=O)OC(C)(C)C)C2CC2)c(F)c1,med_flex_hetero_amide
CNC(=O)CN1CCC(c2ccccc2)c2ccccc21,small_flex_carbo_amide
CCOc1ccc([C@@H]2C[C@H]2NC(=O)c2cnn3ccncc23)cc1,med_flex_hetero_amide
Cc1noc(CC(NC(=O)Cc2cccc(N3CCCC3=O)c2)c2ccccc2)n1,med_verylex_hetero_amide
CC(CC(=O)NC1CCC2(CC1)N=N2)c1ccc(F)cc1,small_flex_carbo_amide
Cc1c(NC(=O)Cn2nc(C(F)(F)F)c3c2CCC3)nnn1C,med_flex_hetero_amide
COc1cccc(C2(C(=O)NCCn3cnc4ccccc43)CC2)c1,med_flex_hetero_amide
Cc1c(NC(=O)C(F)C(F)(F)F)c(=O)n(C2CCCCC2)n1C,med_flex_hetero_amide
CS(=O)(=O)c1ccc2nc(NC(=O)C3CCN(c4ccccc4F)C3)sc2c1,med_flex_hetero_sulfonyl
O=C(NC(c1cc(F)ccc1F)C(F)F)c1nc2cnccc2s1,med_flex_hetero_amide
Cc1cc(C)c2nc(C3CC3)cc(C(=O)N3CCN4C(=O)NCC4C3)c2c1,med_rigid_hetero_amide
Cn1ccc(NC(=O)N(Cc2cccc(F)c2)C2CCC2)cc1=O,med_flex_hetero_amide
CCCc1noc2nc(-c3ccco3)cc(C(=O)NCCNC(=O)c3ccc(O)cc3)c12,med_verylex_hetero_amide
Cc1ccccc1NC(=O)NC(C)C1(O)CN(C(=O)OC(C)(C)C)C1,med_flex_carbo_amide
COc1ccnc(N2Cc3ccccc3OC3(CCOCC3)C2)n1,med_rigid_hetero_plain
Cc1cc(NS(=O)(=O)CCc2cccc(F)c2)cnc1C,med_flex_hetero_sulfonyl
Cc1nc(-c2cccs2)sc1C(=O)N1CCCC(N2CCNC2=O)C1,med_flex_hetero_amide
NC(=O)c1cc(NC(=O)c2csc(C3CCCCC3)c2)c[nH]1,med_flex_hetero_amide
CCOc1ccc(-c2cn(CCC3CCCO3)nn2)cc1,small_flex_hetero_plain
CC(NC(=O)CNC(=O)C1c2ccccc2C(=O)N1C1CC1)c1ccccc1,med_flex_carbo_amide
CN(C(=O)c1cc(O)n(C)n1)c1ccc(OCc2ccccc2)cc1,med_flex_hetero_amide
NC(=O)c1cc(N2CCCC2c2ccc(Cl)cc2)ncn1,med_flex_hetero_amide
CCCN(C)c1nnc(-c2ccc([N+](=O)[O-])cc2)n1CC,small_flex_hetero_plain
CC(=O)Nc1ccc(CCNC(=O)c2cccc(NC(=O)c3ccc(Br)o3)c2)cc1,large_verylex_hetero_amide
CC(C)Oc1cc(NC(=O)NCc2noc3c2COCC3)ccn1,med_flex_hetero_amide
Cc1ccc(-c2cc(C(=O)Nc3cccc(C(=O)NCCC(N)=O)c3)c3ccccc3n2)o1,med_verylex_hetero_amide
CN(C)S(=O)(=O)N1CCCC(NC(=O)c2ccc(Cl)cc2)C1,med_flex_carbo_sulfonyl
CN(C)c1nc2cc(NC(=O)c3ccc(F)c(S(=O)(=O)N4CCCC4)c3)ccc2[nH]1,med_flex_hetero_sulfonyl
O=C1NC(=O)C2(CCN(C(=O)c3cn(Cc4ccccc4)nc3-c3ccccc3)CC2)N1,med_flex_hetero_amide
COCCN1CCN(c2cc(C(F)F)nc3ccc(Cl)cc23)CC1=O,med_flex_hetero_amide
Cc1nnccc1NC(=O)NCc1nc(C(C)(C)C)co1,small_flex_hetero_amide
CCn1cnc2c1CCN(C(=O)Nc1cnc(-c3ccccc3)nc1)C2,med_flex_hetero_amide
CC(C)C1(C(=O)O)CC1C(=O)NC(C)(C)Cc1ccc(C#N)cc1,med_flex_carbo_amide
O=C(Nc1ccc(-n2cccn2)c(F)c1)c1ccnn1-c1ccccc1,med_flex_hetero_amide
CC(C(=O)NS(=O)(=O)C1CCc2ccccc21)n1ccc(C(F)(F)F)n1,med_flex_hetero_sulfonyl
O=C(CCS(=O)(=O)c1cccc(Br)c1)Nc1ncn(Cc2cccc(F)c2)n1,large_verylex_hetero_sulfonyl
CC1(C2CC2)COCCN1Cc1nnc(-c2cccc(O)c2)o1,med_flex_hetero_acid
N#Cc1cccc(CC(=O)NCCNc2ccc3ccccc3n2)c1,med_flex_hetero_amide
CC(C)c1nccn1CC(=O)N1Cc2ncccc2N2CCC[C@H]2C1,med_flex_hetero_amide
O=C(NC(CO)Cc1c[nH]c2ccccc12)c1ccc(NCC2CC2)nc1,med_verylex_hetero_amide
Cc1[nH]c2ncnn2c(=O)c1CCC(=O)N(Cc1ccccc1)Cc1ccc(F)cc1,med_verylex_hetero_amide
COc1ccccc1C(=O)NCC(=O)NC1CCN(c2ccccc2OC)CC1,med_verylex_carbo_amide
CC(C)n1ccc2cc(C(=O)NC3CCOC(C)(C)C3)ccc21,med_flex_hetero_amide
O=C1CN(C(=O)CCC(=O)N2CCC2c2ccccc2)c2ccccc2N1,med_flex_carbo_amide
Cc1ccccc1-c1nnsc1C(=O)N[C@H]1CCCC(F)(F)[C@@H]1O,med_flex_hetero_amide
O=C(NCC1(c2cccc(OC(F)(F)F)c2)CCC1)N1CCC2(COC2)C1,med_flex_carbo_amide
CN(C)c1cccc(CNC(=O)C2CN(C(=O)C3CCCCC3)C2)n1,med_flex_hetero_amide
Cc1ccc(-c2cncc(C(=O)NCc3cscn3)c2)cc1,med_flex_hetero_amide
COCC(c1ccc(F)cc1)N(C)c1nc2nccnc2s1,med_flex_hetero_plain
CN(CC(=O)N1CC=CC(NC(=O)C2Cc3cc(F)ccc3O2)C1)C(=O)c1cccs1,med_flex_hetero_amide
O=C(NC1(C2CCSCC2)CC1)c1cncc(-c2ccccn2)c1,med_flex_hetero_amide
CCOC(C)c1nc(-c2cn(C)nc2C)n(-c2ccc(C(C)C)cc2)n1,med_flex_hetero_plain
Cc1ccc(CNC(=O)COc2ccc(S(=O)(=O)NC(=O)Cc3ccc(C)cc3)cc2)cc1,large_verylex_carbo_sulfonyl
O=C(c1cc(-c2ccccn2)ns1)N1CCCC(c2cc(O)cc(F)c2)C1,med_flex_hetero_amide
COC(CNS(=O)(=O)CCOC1CCC1)c1cccc(F)c1,med_verylex_carbo_sulfonyl
Cc1c(Cc2ccc3c(c2)OCO3)sc2nc(-c3cccnc3)[nH]c(=O)c12,med_flex_hetero_plain
CCOc1cccc(NC(=O)N2CCN(C3CC3)C(C(N)=O)C2)c1,med_flex_carbo_amide
CC(c1ccsc1)N1CCN(C(=O)Nc2nnc(CC(F)(F)F)s2)CC1,med_flex_hetero_amide
Cc1cc(CC(C)NC(=O)NC2COc3c2ccc(C)c3C)n[nH]1,med_flex_hetero_amide
Cc1cccc(Cn2nccc2NC(=O)c2cnc3snc(C)c3c2)c1,med_flex_hetero_amide
Cn1cncc1C(=O)Nc1cc(-c2ccc(Cl)cc2)nn1CCO,med_flex_hetero_amide
Cc1ccc(C(=O)N(C)C)cc1NC(=O)N(C)C1(C(F)(F)F)CC1,med_flex_carbo_amide
NS(=O)(=O)c1sccc1CNC1Cc2ccc(Cl)cc2C1,med_flex_hetero_sulfonyl
CCC1(Cn2cc(-c3cccc(C(F)(F)F)n3)nn2)COC1,med_flex_hetero_plain
Cc1cc(CNc2ccc(Cl)c(C#N)n2)nc(N2CCCC2)n1,med_flex_hetero_plain
Cn1c(C2C(C3CC3)CCN2c2nccc(C#N)c2Cl)n[nH]c1=O,med_flex_hetero_amide
CNCCCC(=O)Nc1ccc(Oc2cccc(Br)c2)nc1,med_verylex_hetero_amide
CC(NC(=O)C1(C)Cc2ccccc2N1)c1ccc2[nH]c(=O)oc2c1,med_flex_hetero_amide
COc1ccccc1C(C)NC(=O)CN1CCCC1Cn1cncn1,med_verylex_hetero_amide
OC1(CNCc2cn(Cc3ccccc3)nc2-c2cccnc2)CCCCC1,med_verylex_hetero_acid
CCC(C)Cc1nc(-c2cn(CCCF)nn2)n(-c2cccc(NC(C)=O)c2)n1,med_verylex_hetero_amide
Cc1cc(C)cc(OCc2nnc(N3CCc4ccc(O)cc4C3)n2Cc2cccs2)c1,med_flex_hetero_acid
O=C1CCN(C(=O)c2cccc(S(=O)(=O)N3CCCCCC3)c2)c2cnccc2N1,med_flex_hetero_sulfonyl
COC(=O)c1cc(-c2ccoc2)n(CC2CCCCO2)n1,small_flex_hetero_plain
CC(C)(C)O[C@H]1C[C@H](n2cc(C(C)(O)Cc3ccccc3)nn2)C1,med_flex_hetero_acid
C[C@H](c1ccccn1)n1cc(-c2ccn(CC(F)(F)F)n2)nn1,med_flex_hetero_plain
O=C(NCc1nc2c(s1)CCCC2)C1COc2ccc(O)cc2O1,med_flex_hetero_amide
CC(C)Oc1ccc(-c2cn(C3CCc4cccnc43)nn2)cn1,med_flex_hetero_plain
Cc1c(NC(=O)c2cc(Cl)cn2C)cnn1C1CCCC1,med_flex_hetero_amide
Cc1oc(C(C)(C)C)cc1C(=O)N1CCc2c(ncn2C)C1,med_rigid_hetero_amide
O=S(=O)(Cc1ccc(F)cc1)N1CCCC1c1cccnc1,med_flex_hetero_sulfonyl
O=C1Cc2cc(CCCC(=O)N3CCC3c3ccc(F)c(F)c3)ccc2N1,med_flex_carbo_amide
CCC(C)NC(=O)C(C)Sc1nnc(-c2ccc(OC)cc2)n1CC1CCCO1,med_verylex_hetero_amide
Fc1cccc2c1CC[C@@H]2n1cc(C2CCCNC2)nn1,small_rigid_hetero_plain
Cc1cccc(Cl)c1S(=O)(=O)N1CC(N2CCNC2=O)C1,med_flex_carbo_sulfonyl
Cc1ccc(-c2csc(NC(=O)c3nn(C)cc3Cl)n2)c(C)c1,med_flex_hetero_amide
Cc1c(C(=O)N2CCN(C(=O)Cc3cccc(Cl)c3)C(C)C2)[nH]c(=O)c2ccccc12,med_flex_hetero_amide
CCOc1cn(-c2ccccc2)nc1C(=O)N1CCN(c2nc(C)cs2)CC1,med_flex_hetero_amide
CC(C)(C)CCNC(=O)N1C[C@H]2CCC[C@@]2(c2nnc(C3CC3)o2)C1,med_flex_hetero_amide
CO[C@H]1C[C@@H](CN2CCCC2)N(c2ncnc3ccccc23)C1,med_flex_hetero_plain
O=C(N1C[C@H]2CCS(=O)(=O)[C@H]2C1)C1(c2cccc(F)c2)CC1,med_rigid_carbo_sulfonyl
O=C(NC(c1ccc(F)c(Cl)c1)C1CC1)c1nc2ncccn2n1,med_flex_hetero_amide
COc1ccc(C2CCN(C(=O)c3ccc(C)c(NC(=O)c4ccccc4)c3)CC2)cc1,med_flex_carbo_amide
Cc1ncc(C(=O)N(CC2CCCCC2)c2ccccn2)c(C)n1,med_flex_hetero_amide
CC(NC(=O)[C@@H]1CC[C@H](C(N)=O)C1)c1cc(Cl)cc(Cl)c1F,med_flex_carbo_amide
COc1cccc(C(O)CNC(=O)COc2ccc3ccccc3c2)c1,med_verylex_carbo_amide
CCCN(Cc1cc(F)ccc1F)C(=O)c1ccc2ncn(C)c(=O)c2c1,med_flex_hetero_amide
COc1cccc(C2CCN(C(=O)Cc3cc(C)on3)CC2)c1,med_flex_hetero_amide
Cc1cc(C)n(CCCC(=O)N2Cc3cnn(C)c3CC(C)(C)C2)n1,med_flex_hetero_amide
Cc1nc2ccccn2c1CNC(=O)c1c(-c2ccccc2Cl)noc1C,med_flex_hetero_amide
Cc1cccn2cc(C(=O)Nc3c4c(nn3C)CCCC4)cc12,med_rigid_hetero_amide
O=C(Nc1ccc2[nH]c(-c3ccccc3)nc2c1)C1CC12CCS(=O)(=O)CC2,med_flex_hetero_sulfonyl
CC(C)Cn1ncc2cc(C(=O)NCC[C@H]3CCCC[C@H]3O)cnc21,med_flex_hetero_amide
CN1CCOC(CN(CC2CC2)S(=O)(=O)c2ccc3c(c2)CCCO3)C1,med_flex_carbo_sulfonyl
CSCc1ccccc1NC(=O)CN(C)[C@@H]1CCC[C@H]1O,med_flex_carbo_amide
Cc1ccc(Cl)cc1NC(=O)C(C)N1CCOC2(CCOC2C)C1,med_flex_carbo_amide
Cn1nc(C(=O)N2CCc3ccccc3C2CO)cc1C(F)F,med_flex_hetero_amide
CC(C)C1c2ccccc2CCN1c1ncc(C#N)cc1F,small_rigid_hetero_plain
CC(C)(C)OCc1cccc(NC(=O)c2cnn3ncccc23)c1,med_flex_hetero_amide
Cc1cc(=O)[nH]cc1C(=O)NC1(c2ccc(Cl)cc2)CCCCC1,med_flex_hetero_amide
Cc1cccc(CC2(O)CCN(C(=O)c3cn4ccccc4n3)CC2)c1,med_flex_hetero_amide
Cn1nc(C(=O)N[C@@H]2C[C@H]2c2cccc(F)c2)cc1C1CC1,small_flex_hetero_amide
Cc1ccccc1C(C)C(=O)NCc1nccc(C(F)(F)F)n1,med_flex_hetero_amide
COc1ccccc1-c1ccc(C(C)NC(=O)C2(C(=O)O)CC2)cc1,med_flex_carbo_amide
CCc1noc(C)c1NC(=O)N1CCC(c2cc(C)ccc2C)CC1,med_flex_hetero_amide
COc1ccc2c(c1)C(C(=O)Nc1nccnc1C(C)C)CC2,med_flex_hetero_amide
COc1cc(C(=O)N2CCC(OC(C)C)CC2)c2ccccc2n1,med_flex_hetero_amide
Cc1ccc(OCCC(=O)N2C[C@@H]3CS(=O)(=O)C[C@@H]3C2)cc1C,med_flex_carbo_sulfonyl
COc1cccc(C(=O)Nc2nnc3n2CCCC3)c1O,small_flex_hetero_amide
COc1cc(F)c(NC(=O)C2CCCN2C(=O)c2ccccc2O)cc1F,med_flex_carbo_amide
CCO[C@H]1CCN(C(=O)Cc2cc(-c3ccccc3)on2)C1,med_flex_hetero_amide
CC1OCCC1(C)NC(=O)c1ccc(-c2ccccc2F)o1,med_flex_hetero_amide
COc1ccc2c(c1)C(Nc1nccc3nccnc13)CCC2,med_flex_hetero_plain
C=C[C@@H]1OCC[C@H]1NC(=O)c1cnn(CC(C)C)c1C(F)F,med_flex_hetero_amide
COc1ccc(CC(=O)N2CCCC2c2ccc(OC)cn2)cc1,med_flex_hetero_amide
CC1(O)CCCN(C(=O)c2ccc3c(c2)C(C)(C)CO3)C1,small_rigid_carbo_amide
Cn1c(C2COc3ccccc3O2)nnc1N1CCOC2(CCCCCC2)C1,med_rigid_hetero_plain
Cc1ccc(-c2noc(C3CC34CCOC4)n2)cc1N1CCCC1,med_flex_hetero_plain
COC(=O)c1ccc(NC(=O)N[C@@H]2C[C@@H](C)Oc3ccccc32)cc1OC,med_flex_carbo_amide
NC(=O)c1ccc(OCC(=O)N2CCCC2Cc2ccccc2)cc1,med_flex_carbo_amide
CCc1ccc(-c2noc(C(C)NS(=O)(=O)Cc3ccccc3)n2)cc1,med_verylex_hetero_sulfonyl
Cc1cnn(CC2CN(C(=O)NC(C)c3ccc(C)c(F)c3)CCO2)c1,med_flex_hetero_amide
O=C(Cc1ccccc1F)N1CCN(C(=O)c2cccc3c2CCC3)CC1,med_flex_carbo_amide
CC(CNc1nccc(C(F)(F)F)n1)CN1CCOCC1,med_flex_hetero_plain
CC[C@H](C)[C@H](NCc1ccc(Br)c2cccnc12)C(=O)O,med_flex_hetero_acid
CCC(Oc1ccccc1F)C(=O)NC1(c2ncon2)CCC1,med_flex_hetero_amide
O=C(Cc1cn2ccccc2n1)N1CC[C@H]2CC[C@]21c1cccnc1,med_flex_hetero_amide
CCn1nncc1CNC(=O)C(OC)c1ccccc1C(F)(F)F,med_flex_hetero_amide
O=C(Cc1cccc(C(F)(F)F)n1)N1CCCC(n2ccnn2)C1,med_flex_hetero_amide
CC(NC(=O)C(=O)NC1CCCc2c1cnn2C)c1cccc(NC(=O)c2ccccc2)c1,med_flex_hetero_amide
COc1ccc([C@@H](C)NC(=O)c2cn3c(n2)COCC3)cc1C,med_flex_hetero_amide
O=C(Cc1coc2c(F)c(F)ccc12)N[C@H]1CCC[C@H]1n1ccnc1,med_flex_hetero_amide
CN(CC(=O)NCCc1cn(C)c2ccccc12)[C@@H]1CCC[C@H]1O,med_flex_hetero_amide
CCOC(=O)c1ccc(N2CCc3ccccc3C2C)nc1,small_flex_hetero_plain
CN1C(=O)CN(C(=O)c2cnn(C3CCC3)c2)c2ccccc21,med_rigid_hetero_amide
COc1ccc(C(=O)NCC2(C)CCCCO2)cc1-n1cnnn1,med_flex_hetero_amide
O=C1NCCCN(C(=O)c2cc3cccn3cn2)C1Cc1ccccc1,med_flex_hetero_amide
CC(C(=O)Nc1ccc2c(c1)OCO2)N1CC(C)(C)OC2(CCOC2)C1,med_flex_carbo_amide
CC1(C)C(c2cc(NC(=O)c3cc4n(n3)CCCO4)[nH]n2)C1(C)C,med_flex_hetero_amide
CCN(CC)C(CNS(=O)(=O)c1ccc2c(c1)CCCC(=O)N2)c1ccco1,med_verylex_hetero_sulfonyl
O=C(Cn1cnccc1=O)N(C1CCCCC1)C1CCCCC1,med_flex_hetero_amide
COC1(C(F)(F)F)CN(C(=O)c2oc(-c3ccccc3)nc2C)C1,med_flex_hetero_amide
COc1ccc2c(c1NC(=O)N1CCC(O)(C3CCC3)CC1)CCC2,med_flex_carbo_amide
COc1c(C(=O)N2CCC(Cc3nccs3)C2)[nH]c2ccccc12,med_flex_hetero_amide
N#Cc1cccnc1Oc1ccc(-n2ncc3ccccc32)cc1,med_flex_hetero_plain
O=C(c1onc2c1CCCC2)N1Cc2ncccc2N2CCC[C@H]2C1,med_rigid_hetero_amide
O=C(Nc1cc(C2CCOCC2)on1)NC(CCO)c1ccc(Cl)c(Cl)c1,med_flex_hetero_amide
COc1cc(CCC(=O)N2CCC(c3cc(C)n[nH]3)CC2)ccc1OCC(F)(F)F,med_verylex_hetero_amide
COc1ccc2c(c1)C(CCNC(=O)C(C)(O)C(F)(F)F)=CC2,med_flex_carbo_amide
Cc1nc(-c2ccc(NC(=O)N3CC(c4ccccc4)C4CCCC43)cc2)cc(=O)[nH]1,med_flex_hetero_amide
COC1(c2ccccc2)CN(C(=O)Cc2cnc3c(C)cccn23)C1,med_flex_hetero_amide
Cn1c(=O)oc2cc(NS(=O)(=O)c3ccc(Cl)c(F)c3)ccc21,med_flex_hetero_sulfonyl
COC(CNC(=O)c1ccccc1-c1ccc(C(F)(F)F)cc1)C1CCOC1,med_flex_carbo_amide
Cc1ccc(-c2cc(C(=O)N3CC(C)OC(c4ccsc4)C3)[nH]n2)cc1,med_flex_hetero_amide
Cn1cccc1C1CCCCN1C(=O)c1cc(-c2ccccc2)no1,med_flex_hetero_amide
CCOC1CC(CC(=O)N2CCCCC2Cc2ccc(O)cc2)C1,med_flex_carbo_amide
N#Cc1ccc(S(=O)(=O)N2CCCC(c3nnc4ccccn34)C2)cc1C(F)(F)F,med_flex_hetero_sulfonyl
COc1cc(Cl)ccc1CC1NC(=O)C(C2CC(C)(C)C2)NC1=O,med_flex_carbo_amide
Cc1ccc(-c2nc(C(C)Oc3ccc(Br)cc3Cl)no2)cn1,med_flex_hetero_plain
COc1c(F)cccc1N(C)S(=O)(=O)c1ccc(F)c2ncccc12,med_flex_hetero_sulfonyl
O=C(NCC(O)c1ccc(Cl)c(F)c1)C1CC(c2c(F)cccc2F)=NO1,med_flex_carbo_amide
COCCOc1ccc(Cl)cc1S(=O)(=O)NC(=O)Cc1ccc(C)cc1,med_verylex_carbo_sulfonyl
COc1cccc(Cc2noc(Cc3cnn(-c4ccccc4)n3)n2)n1,med_flex_hetero_plain
CCNc1ccc(S(=O)(=O)C(F)F)cc1NC(=O)c1cnc2snc(C)c2c1,med_flex_hetero_sulfonyl
CC(C)[C@H](C(=O)Nc1ccncc1F)N1Cc2ccccc2C1=O,med_flex_hetero_amide
Cc1nc(-c2ccc(CCNC(=O)c3cccn(C)c3=O)s2)cs1,med_flex_hetero_amide
CC(C)(CNC(=O)c1cc(Cl)ccc1F)c1coc(-c2ccccc2)n1,med_flex_hetero_amide
Cc1cc(S(=O)(=O)NC(=O)C(C)Oc2ccccn2)cc(C)c1C,med_flex_hetero_sulfonyl
Cc1ccc(C(F)(F)F)cc1S(=O)(=O)Nc1cccnc1,med_flex_hetero_sulfonyl
O=C(NCCc1c[nH]c2c(Cl)cccc12)C(F)(F)c1cccnc1,med_flex_hetero_amide
Cn1cc([C@@H]2C[C@H]2NC(=O)CCc2cccc3ccccc23)cn1,med_flex_hetero_amide
CC1=C(C)CN(C(=O)CCn2c(=O)[nH]c(=O)c3ccccc32)CC1,med_flex_hetero_amide
CCC1CN(C(=O)c2cc(-c3c[nH]c4ccccc34)[nH]n2)CC1N1CCOCC1,med_flex_hetero_amide
Cn1ncc(S(=O)(=O)Nc2cccc(Sc3ccccc3)c2)n1,med_flex_hetero_sulfonyl
O=C(Nc1c[nH]nc1-c1nccs1)[C@H]1C[C@](O)(c2cccc(Cl)c2)C1,med_flex_hetero_amide
CCc1nc2c(C(=O)N3CCOc4c(C)cc(C)cc43)ccnc2[nH]1,med_rigid_hetero_amide
Cn1cc(-c2nc3cc(F)ccc3n2C)c(C2CCC2)n1,small_rigid_hetero_plain
CC(C)Cc1ncc(C(=O)N2CCC(=O)N(C)c3ccccc32)s1,med_flex_hetero_amide
Cc1ccc(C(=O)NCc2cc(-c3ccccc3Cl)on2)cc1[N+](=O)[O-],med_flex_hetero_amide
OC(c1ccccc1)C1CCCN1Cc1coc(-c2ccccc2C(F)(F)F)n1,med_flex_hetero_acid
CCc1ccc(OCC(=O)NS(=O)(=O)c2csc(-c3ccccc3)n2)c(OC)c1,med_verylex_hetero_sulfonyl
CCCc1c(C(=O)OCc2nnc3n2CCCCC3)nnn1-c1cccc(Cl)c1,med_flex_hetero_plain
Cc1cccc(CN(C)C(=O)CCn2cc(C#N)c(=O)[nH]c2=O)c1C,med_flex_hetero_amide
CC1CCCCC1Nc1nnc(COCc2ccccc2)o1,med_flex_hetero_plain
CNC(=O)CN(Cc1cccc(C(F)(F)F)c1)C(=O)C(C)NC(=O)C1CCC1,med_verylex_carbo_amide
CC1(C)CCCC(C)(CNc2ncc(S(C)(=N)=O)cn2)C1,med_flex_hetero_sulfonyl
O=C(N1CCC(Cn2cncn2)CC1)C1(c2ccccc2F)CCCC1,med_flex_hetero_amide
CC(c1ccccc1C(F)(F)F)n1cc(S(N)(=O)=O)nn1,med_flex_hetero_sulfonyl
CCONC(=O)C(CC)n1nnc(-c2ccc(Cl)cc2)n1,med_flex_hetero_amide
O=C(CO)N1CCN(c2nc3ccccc3nc2N2CCCCC2)CC1,med_flex_hetero_amide
CC(N[C@@H](Cc1ccccc1)C(=O)N(C)c1ccccc1)c1cccnc1,med_verylex_hetero_amide
COc1ccccc1-c1cn(Cc2nc3c(o2)CCCC3)nn1,med_flex_hetero_plain
FC(F)(F)c1ccccc1-c1cn(CCc2ccccn2)nn1,med_flex_hetero_plain
c1ccc(Oc2ccnc(NC3CCOC(c4ccccc4)C3)n2)cc1,med_flex_hetero_plain
Cc1sc(-c2ccc3c(c2)OCO3)nc1-c1cn(CC2CCCN2)nn1,med_flex_hetero_plain
COC(=O)c1ccc(Cl)cc1-c1cn([C@H]2CC[C@H]2F)nn1,med_flex_hetero_plain
COc1ccc(CS(=O)(=O)CC(=O)N2CCCC2(C)C)c(C)n1,med_flex_hetero_sulfonyl
CC(C1Cc2ccccc2O1)N(C)C(=O)c1ccc(F)c(S(N)(=O)=O)c1,med_flex_carbo_sulfonyl
N#Cc1cc(C(F)(F)F)cc(N2CCCN(C3CC3)CC2)n1,med_rigid_hetero_plain
CCC(NC(=O)C(C)c1ccc(Br)cc1)c1cccc(S(N)(=O)=O)c1,med_flex_carbo_sulfonyl
O=C1c2ccccc2S(=O)(=O)N1Cc1ccccc1SC(F)F,med_flex_carbo_sulfonyl
COCC(C)(C)CN(Cc1ccn(C)n1)c1nc(C)c(C#N)s1,med_verylex_hetero_plain
CC(C(=O)NCc1ccc2ccoc2c1)c1ccc(Br)cc1,med_flex_hetero_amide
Cc1ccccc1C(C)NC(=O)N1CCC(c2nc3ccccc3[nH]2)CC1,med_flex_hetero_amide
CN(CCNC(=O)c1cnn(C)c1-c1ccccc1)C(=O)c1cnn(C)c1-c1ccccc1,med_verylex_hetero_amide
CSc1ccc(CN2C(=O)[C@@H]3CCCN3S2(=O)=O)cc1Cl,med_flex_carbo_sulfonyl
O=C(CSc1nncn1-c1cccc(Cl)c1)NCCOc1ccccc1,med_verylex_hetero_amide
COc1cc(C)ccc1NC(=O)C1CC2(C)CCCN2S1(=O)=O,med_flex_carbo_sulfonyl
CCc1cccc(CC)c1NC(=O)C(C)n1cc(CN2CCCC3(CC3)S2(=O)=O)nn1,med_verylex_hetero_sulfonyl
CN1CC(CNC(=O)c2ccc(=O)n(-c3ccc(F)cc3)c2)Cc2ccccc21,med_flex_hetero_amide
Cc1ccc(C(=O)Nc2ccc(-c3nc(-c4ccccc4)n[nH]3)cc2)c(C)n1,med_flex_hetero_amide
CN(C)c1ccc(-c2cn(Cc3ccccc3C#N)nn2)cc1,med_flex_hetero_plain
C[C@@H](CNC(=O)CCc1cncc2ccccc12)Oc1ccc(Cl)cc1,med_verylex_hetero_amide
CC(C)(CNC(=O)CCCOc1cccc(Cl)c1Cl)c1cccnc1,med_verylex_hetero_amide
Cc1[nH]c2ncnc(NC(=O)C(CCS(C)(=O)=O)c3ccccc3)c2c1C,med_flex_hetero_sulfonyl
CC1CCN(C(=O)NCC2CCN(c3ccccc3Cl)C2)CC1,med_flex_carbo_amide
CC(Cn1cc(COc2ncccn2)nn1)C1CCCCC1,med_flex_hetero_plain
CC(Oc1cccc(Br)c1)c1nnc(-c2cnn(C)c2)o1,med_flex_hetero_plain
Cn1nccc1N1CCCC(NC(=O)NC2CC(OC(C)(C)C)C2)C1=O,med_flex_hetero_amide
Cc1cc(-c2ccccc2)n(-c2ccc(C(=O)N(C)C)cc2)n1,med_flex_hetero_amide
COC(=O)c1ccccc1CNC(=O)c1nn[nH]c1C1CC1,med_flex_hetero_amide
Cn1cc(CNCCc2c(C(F)(F)F)[nH]c3ccccc23)cc1C#N,med_flex_hetero_plain
C[C@@H]1COC[C@@](CO)(CNS(=O)(=O)c2ccc(F)c3occc23)N1C,med_flex_hetero_sulfonyl
Cn1cccc1C1CCCN1C(=O)C1CC(=O)N(Cc2ccccc2)C1,med_flex_hetero_amide
c1ccc(COC2(c3nc(Cc4cnc(C5CC5)o4)no3)CCOCC2)cc1,med_verylex_hetero_plain
O=C(c1ncc2ccccn12)N1CCCC(n2ccc(C(F)(F)F)n2)C1,med_rigid_hetero_amide
O=S(=O)(NC1(C(F)(F)F)CC1)c1ccc(-n2cccn2)cc1,med_flex_hetero_sulfonyl
COc1c(Cl)cccc1C(=O)NCCc1cnn(-c2ccccc2)n1,med_flex_hetero_amide
CC(c1cccc(C#N)c1)N1CCN(C(=O)NC2CCCCC2)CC1,med_flex_carbo_amide
Cc1ccccc1CC(CO)CNC(CC(C)C)c1ccccn1,med_verylex_hetero_acid
Cc1occ(-c2ccccc2)c1C(=O)NC[C@]1(CO)COC[C@@H](C)N1C,med_flex_hetero_amide
O=C(Cc1c[nH]c2ccc(F)cc12)NCC1NCCc2sccc21,med_flex_hetero_amide
C[C@@H]1COC[C@@](CO)(CNC(=O)c2ccccc2-n2ccc(C3CC3)n2)N1C,med_flex_hetero_amide
CCC1C(=O)N(CC)CCN1S(=O)(=O)c1c(F)cc(OC)cc1F,med_flex_carbo_sulfonyl
O=C(c1ccccc1Br)N1CC(c2cn(-c3ccccc3)nn2)C1,med_flex_hetero_amide
CCC(C)(C)NC(C)C(=O)Nc1ccc(-n2cc(C#N)cn2)cc1,med_flex_hetero_amide
CCOC(=O)N1CSCC1C(=O)NC1CC=C(c2ccc(F)cc2)CC1,med_flex_carbo_amide
Cc1cccc(CC(NC(=O)c2nn[nH]c2C2CC2)C2CC2)c1,med_flex_hetero_amide
CC1CCCC1CC(=O)NCCC(O)(c1ncco1)C(F)(F)F,med_flex_hetero_amide
C[C@@H]1COC[C@@](CO)(CNS(=O)(=O)c2cnn3c2CCCC3)N1C,med_flex_hetero_sulfonyl
CCC(C)n1nc(NS(=O)(=O)c2c[nH]c(C(=O)N3CCCC3)c2)cc1C,med_flex_hetero_sulfonyl
O=C(Cc1cnn2ccccc12)N1CCCC(n2ccc(C(F)(F)F)n2)C1,med_flex_hetero_amide
O=c1n(CC2OCCO2)c2cccnc2n1-c1ccc(Cl)cc1,med_flex_hetero_amide
O=C(Cn1nc2n(c1=O)CCCC2)Nc1nnc(Cc2ccccc2)s1,med_flex_hetero_amide
COc1ccccc1C(C)(C)n1cc(C(C)(C)NS(C)(=O)=O)nn1,med_flex_hetero_sulfonyl
CCCCC(C)N(CCCC)C(=O)c1ccn2ccnc2n1,med_verylex_hetero_amide
COC(=O)c1ccc(NC(=O)Cc2sc(C)nc2-c2ccc(OC)cc2)cc1,med_flex_hetero_amide
O=S(=O)(c1cccc(F)c1)N1CCC(Oc2cc(F)cc(F)c2)C1,med_flex_carbo_sulfonyl
O=C(CSc1nnc(-c2cccs2)n1CC1CCCO1)Nc1ccc(F)cc1F,med_verylex_hetero_amide
CC(c1ccc(S(N)(=O)=O)cc1)N(C)C(=O)[C@H](C)Oc1ccc2ccccc2c1,med_flex_carbo_sulfonyl
CC1(C)CCC(NC(=O)CCc2cncs2)C(c2ccccc2)C1,med_flex_hetero_amide
CN(Cc1cc(F)cc(F)c1)C(=O)CCCc1ccc(-c2noc(=O)[nH]2)cc1,med_verylex_hetero_amide
CC(C)(C(=O)NCCN(C(=O)CC1CCC2CC12)C1CC1)S(C)(=O)=O,med_verylex_no_arom_sulfonyl
Cn1ncc(C(=O)NC2CCS(=N)(=O)c3ccc(F)cc32)c1Cc1ccccc1,med_flex_hetero_sulfonyl
O=C(Nc1cccc(Cn2cccn2)c1)c1ccc(-c2cc[nH]n2)s1,med_flex_hetero_amide
Cc1cc(C2CCCN2C(=O)Cc2nc(-c3ccco3)oc2C)no1,med_flex_hetero_amide
CCC(C)n1ncc(NC(=O)N2CCOCC2c2ccccc2)c1C,med_flex_hetero_amide
Cc1ccc(C(=O)Nc2cccc(CNC(=O)c3ccc4nc(N(C)C)oc4c3)c2)cc1,med_flex_hetero_amide
NC(=O)c1ccc(C(=O)N2CC(c3ccccc3)C3CCCC32)s1,med_flex_hetero_amide
CCc1nnc(CN2C[C@H](C)CC[C@H]2c2cccc(C)c2)o1,small_flex_hetero_plain
O=C(NC(CO)C1CCC1)c1nnc2c(F)cccc2c1O,med_flex_hetero_amide
O=C(CC1CCCC1)N1CCC(Nc2nnc(-c3ccccc3)o2)C1,med_flex_hetero_amide
CCSc1cccc(Cn2nnnc2N(C)CC2COCCO2)c1,med_verylex_hetero_plain
c1ccc(Nc2noc(-c3ccnc(C4CCCC4)n3)n2)cc1,med_flex_hetero_plain
O=S(=O)(Nc1cnc(C2CC2)nc1)c1cccc2c1COC2,med_flex_hetero_sulfonyl
CCc1cc(NC(=O)c2cnn(C)c2C(F)(F)F)ccc1F,med_flex_hetero_amide
CCN(CC(=O)Nc1ccccc1OC)CC1CCC2(COC2)O1,med_verylex_carbo_amide
CCCC1(CCC)CCCN1C(=O)CCc1cnccn1,small_verylex_hetero_amide
CCC(CC)CN(CC)C(=O)c1cn(C(F)(F)CO)nn1,med_verylex_hetero_amide
N#Cc1ccccc1OCc1cn(CCc2ccccc2)nn1,med_flex_hetero_plain
C=C(C)C1OCCC1CNC(=O)C1CCCCN1C(=O)c1cccs1,med_flex_hetero_amide
CN1CCCCC(N(C)C(=O)Cc2ccc3c(c2)OCO3)C1=O,med_flex_carbo_amide
COc1ccc2c(c1)OC(C)(C)CN(C(=O)c1ccc(C)c(C)n1)C2,med_rigid_hetero_amide
O=S(=O)(N[C@H]1C[C@H]2CC[C@@H]1O2)c1cn(-c2ccccc2)nn1,med_flex_hetero_sulfonyl
Cc1ccc(Cn2nnc(C3(C(F)(F)F)CCCN3)n2)cc1C,med_flex_hetero_plain
CC1(NC(=O)c2cccc(C3(C)NC(=O)NC3=O)c2)CC=CCC1,med_flex_carbo_amide
N#Cc1cc(NC(=O)[C@@H]2C[C@H]3CC[C@@H]2O3)nc2ccccc12,small_rigid_hetero_amide
Cc1cc2ccccc2n1CC(=O)Nc1cccc(N2C(=O)CN(C)C2=O)c1,med_flex_hetero_amide
Cc1cc(O)n2ncc(C(=O)NC(C)CCc3ccccc3F)c2n1,med_flex_hetero_amide
Cc1cc(=O)c(C(=O)NC2c3ccccc3CCC2C(C)C)c[nH]1,med_flex_hetero_amide
Cc1oc(-c2cnn(C)c2)nc1C(=O)NC1(C)CC=CCC1,med_flex_hetero_amide
O=C(NCCc1ccc(C(F)(F)F)cn1)c1noc2c1CCCC2,med_flex_hetero_amide
CCc1cccc2ccc(C(=O)NCC34CCCC(C3)C(=O)N4)nc12,med_flex_hetero_amide
COc1ccc(C2(NC(=O)C3Cc4ccccc43)CC2)cc1,small_flex_carbo_amide
COc1cccc2c1CCCCN2C(=O)c1cc2ncccc2o1,med_rigid_hetero_amide
Cn1nccc1S(=O)(=O)Nc1cccc(Cl)c1N1CCOCC1,med_flex_hetero_sulfonyl
O=C(c1sccc1C1CC1)N1CCC(C(=O)N2CCCCC2)CC1,med_flex_hetero_amide
COc1cc(OC)nc(C(=O)N2CCCCc3cccnc32)n1,med_flex_hetero_amide
CC(C)(NC(=O)Nc1c2c(nn1-c1ccccc1)CCC2)c1nccs1,med_flex_hetero_amide
CC(=O)N1CCCN(C(=O)NCc2cnccc2C(C)(C)C)CC1,med_rigid_hetero_amide
Cc1nc(-c2ncccn2)sc1C(=O)N1CCCCCO1,med_rigid_hetero_amide
O=C(Nc1ccc(-n2cc[nH]c2=O)cc1)c1cc(-c2ccccc2)n(-c2ccccn2)n1,med_flex_hetero_amide
COCC(Oc1cc(F)cc(F)c1)C(=O)NCC(C(=O)N1CCOCC1)c1ccccc1,med_verylex_carbo_amide
CS(=O)(=O)Nc1cncc(C(=O)NCCOc2ccccc2-c2ccccc2)c1,med_verylex_hetero_sulfonyl
O=C(CN1CCC(F)(F)C(CO)C1)Nc1ccc2c(c1)CCC2,med_flex_carbo_amide
CS(=O)(=O)[C@@H]1CCCC[C@H]1NC(=O)c1cc2cc(Cl)sc2[nH]1,med_flex_hetero_sulfonyl
Cc1nccc(N2CCN(C(=O)c3cc4cccnc4s3)CC2)n1,med_rigid_hetero_amide
O=C1Nc2ccccc2CCC1NC(=O)N1Cc2cc(F)c(F)cc2C1,med_rigid_carbo_amide
CC1(C)CCCC(CNC(=O)c2ccccc2-n2cccn2)O1,med_flex_hetero_amide
Cn1cc(C(=O)N[C@H]2c3ccccc3CC[C@H]2O)c2cc(F)ccc21,med_rigid_hetero_amide
O=C(NC1CC(F)(F)C1)c1cnc(Cc2ccccc2F)s1,med_flex_hetero_amide
CC(C(=O)NC(Cc1csc2ccccc12)C(=O)O)c1ccccc1,med_flex_hetero_amide
O=C(NC(c1cccc(Cl)c1)C1CCCCC1)c1ccc(=O)[nH]n1,med_flex_hetero_amide
CC1Cc2ccccc2N1CCNC(=O)c1cc(C(F)(F)F)c[nH]c1=O,med_flex_hetero_amide
Cc1cc(C)n(C(C)C(=O)NC2CCN(C(=O)CCc3ccccc3)CC2)n1,med_flex_hetero_amide
Cc1ccccc1C(NC(=O)c1nccnc1C)C(C)(C)C,small_flex_hetero_amide
Cc1ccc(S(=O)(=O)NC(=O)c2c(-c3ccc(C(F)(F)F)cc3)noc2C)cc1,med_flex_hetero_sulfonyl
COC(=O)c1cc2c(n1C)CCN(C(=O)c1cccc3[nH]c(=O)n(CC(C)(C)C)c13)C2,med_flex_hetero_amide
COCC1(C)CCN(CC(=O)Nc2nc3c(s2)CCCC3)CC1,med_flex_hetero_amide
Cc1cc(C)cc(N(CCC#N)C(=O)c2cn3ncccc3n2)c1,med_flex_hetero_amide
CC(C)CN(Cc1cccc(F)c1)C(=O)CCc1cncnc1,med_verylex_hetero_amide
O=C(Nc1cccc2[nH]ccc12)C1CCCN1C(=O)Cc1ccccc1,med_flex_hetero_amide
Cc1[nH]cnc1C(=O)NC(c1c[nH]c2cccc(F)c12)C(F)(F)F,med_flex_hetero_amide
CN1CCc2ccc(NC(=O)Cc3cccc(F)c3F)cc2C1=O,med_flex_carbo_amide
Cc1cc2ccccc2n1CC(=O)N1CCNC(=O)C1c1ccccc1,med_flex_hetero_amide
COc1ccc(F)cc1CC(=O)NC(C)C1(N2CCOCC2)CCCC1,med_flex_carbo_amide
Cc1nnsc1C(=O)NC1CCCC1c1ccccc1C(F)(F)F,med_flex_hetero_amide
Cn1nc(C(=O)NC2(c3ccc(Cl)cc3)CCOCC2)cc1C1CC1,med_flex_hetero_amide
CN(C)c1cccc(CNC(=O)c2cc3ccccc3c(=O)o2)n1,med_flex_hetero_amide
CN(C)c1nccc(CNC(=O)c2cccc3ccccc23)n1,med_flex_hetero_amide
NC(=O)COc1cccc(C(=O)Nc2cccc3cccnc23)c1,med_flex_hetero_amide
C[C@H](NC(=O)Cn1nnc2ccccc2c1=O)c1ccc(OC(F)(F)F)cc1,med_flex_hetero_amide
Cc1[nH]c2ccnn2c(=O)c1CC(=O)N1CCC(C)c2cccc(O)c21,med_rigid_hetero_amide
Cc1nc(S(=O)(=O)Nc2cnn(C(C)C)c2)c(-c2ccccc2)o1,med_flex_hetero_sulfonyl
CC(C)(C)C1CN(C(=O)c2ccc(C(N)=O)nc2)c2ccccc21,med_rigid_hetero_amide
Cc1nc(C)c(C(=O)NC(C)(c2ccc(Br)cc2)C(C)C)o1,med_flex_hetero_amide
Cc1ccc(C#N)cc1S(=O)(=O)N1CCOC(C2CCC2)C1,med_flex_carbo_sulfonyl
CCc1cccc(S(=O)(=O)NC2CCCN(CC(F)(F)F)C2=O)c1,med_flex_carbo_sulfonyl
Cc1ccc(-c2noc(C3(C#N)CCOCC3)n2)cc1Cl,med_rigid_hetero_plain
Cc1ccc(-c2nnc(SCCN3CCC(F)(F)CC3)o2)cc1,med_flex_hetero_plain
CNC(=O)c1ccc(OC)c(NC(=O)C2Cc3cc(Cl)ccc3O2)c1,med_flex_carbo_amide
CC1=C(C)CC(C(=O)NS(=O)(=O)c2cncc(Cl)c2)CC1,med_flex_hetero_sulfonyl
NC(=O)c1ccccc1NCC(=O)N1CCC(c2noc3cc(F)ccc23)CC1,med_flex_hetero_amide
COCC(=O)N1CCc2cc(NS(=O)(=O)c3cccc(OC)c3)ccc21,med_flex_carbo_sulfonyl
Cn1cc(-c2ccccc2CNC(=O)N[C@H]2c3ccccc3C[C@H]2O)cn1,med_flex_hetero_amide
O=C(Nc1cnn(Cc2ccncc2)c1)C1(c2ccccc2)CCCN1,med_flex_hetero_amide
CC(C)c1cc(C(=O)NCc2cccc(N3CCOCC3)n2)on1,med_flex_hetero_amide
Cc1n[nH]c(C(C)C)c1C(=O)NC1CCC(Cc2ccccc2)C1,med_flex_hetero_amide
COc1cc2c(=O)n(CC(=O)Nc3ccccc3Cl)cnc2cc1F,med_flex_hetero_amide
CC(C(=O)NC(N)=O)N1CCCC(Nc2ccccc2)C1,small_flex_carbo_amide
CCOc1cc(C)nc(N2CCN(C(=O)c3ccn(-c4ccccc4)n3)CC2)n1,med_flex_hetero_amide
CC(C)(C)OC(=O)NC1(C(=O)NC2CCCSC2)CC1(F)F,med_flex_no_arom_amide
CN(C)c1ccc(S(=O)(=O)N2CCCC2C(F)(F)F)cn1,med_flex_hetero_sulfonyl
CC(C)(C)OC(=O)N1CC(O)(C2(C(=O)N3CC[C@H](F)C3)CCC2)C1,med_rigid_no_arom_amide
COc1cc(C)nc(N2CCCC(Nc3ccccc3)C2)n1,small_flex_hetero_plain
Cc1nc(C2CCCN2C(=O)N[C@@H](C)c2cc(Cl)ccc2Cl)no1,med_flex_hetero_amide
COCCc1nc(C2(Nc3ccc(Cl)cc3)CCC2)no1,med_flex_hetero_plain
CC(C)(NC(=O)CC1CCC(F)(F)CC1)c1nc2ccccc2s1,med_flex_hetero_amide
CC1(C)CCCC(O)(CNC(=O)C2(S(C)(=O)=O)CCCC2)C1,med_flex_no_arom_sulfonyl
O=S(=O)(N[C@@H]1CC(Cn2cccn2)C[C@H]1O)c1cccc2c1CCCC2,med_flex_hetero_sulfonyl
O=S(=O)(Nc1cn(CC(F)(F)F)cn1)c1cccc2c1OCCC2,med_flex_hetero_sulfonyl
COc1cccc(C2=CCN(C(=O)c3noc4c3CCCCC4)C2)c1,med_flex_hetero_amide
CC(NC(=O)Nc1ccccc1)C(=O)NC1CN(C)Cc2ccccc21,med_flex_carbo_amide
COc1cccc(C(=O)NCC(=O)NC2CC(C)(C)Oc3ccccc32)c1,med_flex_carbo_amide
Cc1ccc(C(=O)NCCc2ccn(-c3ccccc3)n2)cc1Cl,med_flex_hetero_amide
CC1CCc2c(C(=O)NS(=O)(=O)CC(F)(F)F)csc2C1,med_flex_hetero_sulfonyl
Cc1sc(=O)n(CC(=O)N(c2ccccn2)C2CCCC2)c1C,med_flex_hetero_amide
O=C(C1CCC2(CCC2)CC1)N1CCC(S(=O)(=O)c2ccccc2)CC1,med_flex_carbo_sulfonyl
CCC1(CC)CC(=O)N(CC(=O)N2CCCCCC2)C(=O)C1,med_flex_no_arom_amide
CC(=O)NC(C)c1nc(C(C)Oc2ccc(Br)cc2Cl)no1,med_flex_hetero_amide
CCOCC1(c2nc(C(Oc3ccc(Br)cc3)C(C)C)no2)CC1,med_verylex_hetero_plain
CCC1(C(=O)NCc2ccc3occc3c2)CCN(C(=O)c2ccccc2)CC1,med_flex_hetero_amide
COC(=O)c1cc(C)c2c(c1)CCCN2C(=O)c1cc(OC)no1,med_flex_hetero_amide
COc1ncc(C)cc1NC(=O)c1ccc(N2CCC(C)CC2)nc1,med_flex_hetero_amide
Cc1nc(N2CCN(C(=O)Cc3cccc(O)c3)CC2)sc1C,med_flex_hetero_amide
Cc1ccc2c(c1)C(=O)N(CC(=O)NC1(C)CC=CCC1)C2=O,med_flex_carbo_amide
COCc1ccc(S(=O)(=O)Nc2cnc(OC)c(Br)c2)cc1,med_flex_hetero_sulfonyl
O=C(CCN1CCC(NC(=O)C2CC2)CC1)Nc1cccc(Cl)c1,med_flex_carbo_amide
Cc1cn(C2CCCCC2)nc1NC(=O)c1ccc(NC(C)C)nc1,med_flex_hetero_amide
Cc1csc(C(C)N2CCN(CC(O)c3ccc(F)cc3Cl)CC2)n1,med_flex_hetero_acid
Cc1[nH]c2c(C(=O)N3CCC(NC(=O)C4CC4)CC3)cccc2c1C,med_flex_hetero_amide
COCc1cc(NS(=O)(=O)c2cc3cc(Cl)ccc3s2)ccc1OC,med_flex_hetero_sulfonyl
O=C1CC(C(=O)N[C@@H]2CCCc3ccc(F)cc32)c2ccc(F)cc2N1,med_rigid_carbo_amide
Cc1nn(C)c(S(=O)(=O)Nc2cc3n(n2)CCC3)c1C(F)F,med_flex_hetero_sulfonyl
O=C(N[C@@H]1CCCc2c(F)cc(F)cc21)c1cc2n(n1)CCO2,med_rigid_hetero_amide
COc1ccc(CCn2nnnc2N2CCCC2)cc1F,small_flex_hetero_plain
CC1(C)CCCC1C(=O)NS(=O)(=O)Cc1ccc(Br)c(F)c1,med_flex_carbo_sulfonyl
CN1CCC(NC(=O)COc2ccccc2)C1c1ccc(F)c(F)c1,med_flex_carbo_amide
Cc1cc(F)cc(S(=O)(=O)NC(=O)[C@H]2C[C@@H]2C2CCC2)c1,med_flex_carbo_sulfonyl
COC(=O)c1c(S(=O)(=O)N[C@H]2C[C@H](c3ccc(Cl)cc3)C2)c(C)nn1C,med_flex_hetero_sulfonyl
Cc1cccc(C2CCN(C(=O)COc3cccc(NC(=O)C4CC4)c3)C2)c1,med_flex_carbo_amide
CC1CCN(S(=O)(=O)c2ccc(C(=O)Nc3cnn(C)c3)s2)CC1,med_flex_hetero_sulfonyl
CCc1nocc1CN(C)C(=O)c1ccc2[nH]c3c(c2c1)CCCC3,med_flex_hetero_amide
O=C(Nc1cc(Cl)ccc1OCC1CCC1)C1CC12CCS(=O)(=O)CC2,med_flex_carbo_sulfonyl
COc1ccc(C(C)(C)c2noc(-c3cc(C)[nH]n3)n2)cc1OC,med_flex_hetero_plain
O=C(NC1CC2CN(c3ccccn3)CCN2C1=O)c1c[nH]cc1-c1cnn(-c2ccccc2)c1,large_flex_hetero_amide
O=S1(=O)C[C@H]2CC[C@H](C2)N1Cc1cn(-c2ccccc2)nn1,med_flex_hetero_sulfonyl
c1cnc(C(CC2CCCCC2)n2cc(C3CCC3)nn2)nc1,med_flex_hetero_plain
Cc1c(S(=O)(=O)Nc2cc(C)n(C3CCCCC3)n2)cnn1C,med_flex_hetero_sulfonyl
O=c1c2cccn2ccn1Cc1cn(-c2ccccc2)nn1,small_flex_hetero_amide
Cc1c(NC(=O)c2cc(F)cc3cccnc23)c(=O)n(-c2ccccc2)n1C,med_flex_hetero_amide
O=C(c1ccc(-c2ccccc2)cc1)N1CCCC1C1(C(F)(F)F)N=N1,med_flex_carbo_amide
COc1cccc(NC(=O)N(C)Cc2nccn2Cc2ccccc2)c1,med_flex_hetero_amide
O=C1NCCc2ccc(S(=O)(=O)Nc3cccc4cc[nH]c34)cc21,med_flex_hetero_sulfonyl
CSCc1cccnc1C(=O)Nc1cccc(C(F)F)c1Cl,med_flex_hetero_amide
CSc1nnnn1-c1cccc(NS(=O)(=O)c2cccc(Cl)c2O)c1,med_flex_hetero_sulfonyl
COCCNC(=O)CN(C)C(=O)c1ccccc1Oc1ccccc1C(C)C,med_verylex_carbo_amide
O=C(c1ccc(Cc2ccccc2)cn1)N1CCCC2(CCOCC2)C1,med_flex_hetero_amide
O=C(C1CSCN1C(=O)C1Cc2ccccc2C1)N1CCCC1,med_rigid_carbo_amide
Cc1onc(-c2ccc(Cl)cc2Cl)c1C(=O)Nc1ccc(F)c(C(N)=O)c1,med_flex_hetero_amide
COC1CN(S(=O)(=O)N2CCCC2c2cc(F)ccc2F)C1,med_flex_carbo_sulfonyl
O=C(CNC(=O)c1cn(-c2ccccc2)nc1-c1cccnc1)Nc1ccc(F)cc1,med_flex_hetero_amide
CSc1[nH]c(=O)c(C(=O)N2CCCC3(CCOCC3)C2)cc1C#N,med_rigid_hetero_amide
O=C(NCc1cc2ccccc2[nH]1)NCc1cccc(F)c1F,med_flex_hetero_amide
CCc1nnc2ccc(NC3CCc4cc(Cl)ccc43)nn12,med_flex_hetero_plain
Nc1ncc(C(=O)NC2CN(C(c3ccccc3)c3ccccc3)C2)o1,med_flex_hetero_amide
Cn1nnc2cc(S(=O)(=O)NC3(C(F)(F)F)CCCC3)ccc21,med_flex_hetero_sulfonyl
CC(C)CC(CNC(=O)C(C)N1CCSCC1)NC(=O)c1ccc([N+](=O)[O-])s1,med_verylex_hetero_amide
CCc1nc(C(C)NC(=O)Nc2cccc3c2OC(C)(C)C3)n[nH]1,med_flex_hetero_amide
Cc1c(C(=O)N(C)C(C)CS(C)(=O)=O)sc2cccc(F)c12,med_flex_hetero_sulfonyl
Cn1ncc(C(=O)NC(CO)c2ccsc2)c1Cc1ccccc1,med_flex_hetero_amide
CCC(NC(=O)c1cnc(N)c(Cl)c1)c1cc(F)ccc1OC,med_flex_hetero_amide
O=C1NCC2CCC1N2S(=O)(=O)c1ccccc1OC(F)(F)F,med_flex_carbo_sulfonyl
COC(CSc1nc2ccccc2c(=O)n1C)c1ccc(Cl)cc1,med_flex_hetero_amide
O=S(=O)(NCCCC(F)(F)F)c1nnc(-c2ccccc2)s1,med_flex_hetero_sulfonyl
Cc1ccc2c(C(=O)NC3COC4CC3C4)cc(-c3cnn(C)c3)nc2c1C,med_flex_hetero_amide
O=C(NCc1ccnc(-n2cncn2)c1)N[C@@H]1CCCc2ccccc21,med_flex_hetero_amide
Cc1ccc(S(=O)(=O)NC(Cc2ccccc2)C(=O)NCCC(N)=O)c2ccccc12,med_verylex_carbo_sulfonyl
CC(CNC(=O)c1c2c(nc3ccccc13)C(=Cc1cccs1)CC2)c1nncn1C,med_flex_hetero_amide
FC(F)(F)Cn1ccc(Cc2nc(-c3ccsc3Cl)no2)n1,med_flex_hetero_plain
CC(C)(Oc1ccc(Cl)cc1)C(=O)OCc1cc(=O)oc2cc(O)ccc12,med_flex_hetero_acid
Cc1cc(S(N)(=O)=O)oc1C(=O)NC(C)c1cc(Cl)cc2c1OCC2,med_flex_hetero_sulfonyl
O=C(CN1CCc2ccc(O)cc2CC1)NC(c1ccccc1)c1nccs1,med_flex_hetero_amide
CC1=CCN(C(=O)NC(c2ccc(F)cc2F)c2nccn2C)CC1,med_flex_hetero_amide
COc1ccccc1Oc1cccc(OC)c1NC(=O)c1ccnc(C(N)=O)c1,med_verylex_hetero_amide
O=S(=O)(NC12CCC(F)(CC1)C2)c1cnnn1-c1ccccc1,med_flex_hetero_sulfonyl
Cc1ccc2nc(-c3cccs3)cc(C(=O)Nc3cccc(C(=O)N(C)CC(N)=O)c3)c2c1,large_flex_hetero_amide
COC(=O)c1c(CNS(=O)(=O)c2ccc(F)c(C(=O)N3CCCC3)c2)nn2c1CCCC2,large_flex_hetero_sulfonyl
CCC(C(=O)NC(CNS(=O)(=O)c1cnn(C)c1)c1ccccc1)c1c(C)noc1C,med_verylex_hetero_sulfonyl
C[C@@H](NC(=O)C1CCN(C(=O)OCc2ccccc2)C1)c1ccc(F)cc1,med_flex_carbo_amide
CC(C)(C)c1ocnc1CN1CCCCC1C1CCCCC1O,med_flex_hetero_acid
COCCC1(C)CN(C(=O)c2ncsc2-c2ccccc2)C1,med_flex_hetero_amide
O=C1C[C@H](c2ccccc2Cl)NC(=O)N1CC12CCC(CC1)O2,med_flex_carbo_amide
COc1ccc(-c2nc(C)c(C(C)NC(=O)NCc3c[nH]nc3C)s2)cc1,med_flex_hetero_amide
Cc1cc(C)n(-c2ccc(-c3nc(C)nn3C3CCN(C(=O)OC(C)(C)C)CC3)cc2)n1,med_flex_hetero_amide
NC(=O)c1cc(NC(=O)c2sccc2S(=O)(=O)N2CCCC2)ccc1F,med_flex_hetero_sulfonyl
CC(C)Oc1ccc(C(=O)NC(C)(C2CC2)C(F)(F)F)cn1,med_flex_hetero_amide
COc1ccc2c(c1)N(C(=O)C1CC(=O)N(c3ccc(F)c([N+](=O)[O-])c3)C1)CCCC2,med_flex_carbo_amide
COC(=O)c1ccc2c(c1)CCCCN2Cc1cnc2n1CCOC2,med_flex_hetero_plain
CC(Oc1ccc(CO)cc1)c1cn(C(C)c2cccc(F)c2)nn1,med_flex_hetero_acid
O=C(CC1=CCCCC1)N(Cc1ccccc1F)C1CCS(=O)(=O)C1,med_flex_carbo_sulfonyl
COC(=O)C1CN(C(=O)Nc2ccn3cnnc3c2)Cc2ccccc21,med_rigid_hetero_amide
O=C(O)CC1(NCc2csc(-c3ccc(Cl)cc3)n2)CCOCC1,med_flex_hetero_acid
CC(=O)NC(C)(C)c1noc(-c2cc(Cl)cc3c2OCC3)n1,med_flex_hetero_amide
Cc1ccc2oc(CN(Cc3ccco3)C(=O)c3ccc4[nH]c(=O)[nH]c4c3)cc2c1,med_flex_hetero_amide
CCn1cc(C2CSCCN2C(=O)C2CCC(C(F)(F)F)CC2)cn1,med_flex_hetero_amide
COC(=O)C1CN(S(=O)(=O)N2CCCC2C)Cc2ccccc21,med_flex_carbo_sulfonyl
Cc1ccc2c(c1)CC(C(=O)Nc1ncc(Cl)cc1O)S2(=O)=O,med_rigid_hetero_sulfonyl
O=C(CN1C(=O)NC(c2cccs2)(C2CC2)C1=O)NC(Cc1ccccc1)C(=O)NC1CC1,large_verylex_hetero_amide
CP(C)(=O)C1CCN(c2ncc(C(F)(F)F)cc2S(=O)(=O)N2CCCC2C2CC2)CC1,large_flex_hetero_sulfonyl
CC1(C)OCC(CNC(=O)c2ccccc2SCC(=O)Nc2ccc3c(c2)OCO3)O1,med_verylex_carbo_amide
O=C(c1onc2c1CCCC2)N1COCCC1c1ccccc1,med_rigid_hetero_amide
COc1ccc(S(=O)(=O)N2CCCCC2)cc1NC(=O)NCc1c(C)nc2ccccn12,large_flex_hetero_sulfonyl
CC(O)C(C)CNC(=O)CSc1nc2ccccc2nc1N1CCOCC1,med_verylex_hetero_amide
COc1ccc(-c2[nH]c3ccccc3c2CCC(=O)NCc2cc(=O)nc(SC)[nH]2)cc1,med_verylex_hetero_amide
O=C(NCc1cccc2[nH]ccc12)Nc1cccc(N2CCCC2)c1,med_flex_hetero_amide
COc1cccc(NC(=O)N2CCC(C)C(n3ccnc3)C2)c1C,med_flex_hetero_amide
Cc1cccc(-n2nc(Cc3ccccc3)nc2[C@H]2C[C@@H](O)C2)c1,med_flex_hetero_acid
CN(C(=O)CCc1ncc(-c2ccccc2F)o1)c1ccc(F)cn1,med_flex_hetero_amide
O=C(NC1CCN(c2cccc(Cl)c2)C1)c1cnn2cccnc12,med_flex_hetero_amide
CC(CO)CNC(=O)c1ccc(C(C)(C)C)cc1[N+](=O)[O-],small_flex_carbo_amide
O=C(NC1CCOc2ccc(F)cc21)c1ccc2c(c1)CC(c1ccccc1)OC2=O,med_flex_carbo_amide
COCC1(C(=O)N2CCN(c3ccccc3C#N)CC2)CCC1,med_flex_carbo_amide
CCC(C)C(NC(=O)CSc1nnnn1-c1ccc(C)cc1)C(=O)OC,med_verylex_hetero_amide
CC1CCCCC1c1nc(-c2nnc[nH]2)nn1Cc1cc(F)cc(F)c1,med_flex_hetero_plain
CCCc1c(-c2nc(CC3(C)CC3(F)F)no2)nnn1CC,med_flex_hetero_plain
CC(C)=CCCC(C)CC(=O)Nc1ccccc1C1CNC(=O)C1,med_verylex_carbo_amide
Cc1cccc(S(=O)(=O)Nc2cccc(N3CCNC3=O)c2C)c1,med_flex_carbo_sulfonyl
COc1ccccc1OCC(O)Cn1nnn(C2CCCC2)c1=O,med_verylex_hetero_amide
CO[C@@H](C)c1nc(-c2cccc(S(=O)(=O)NC(C)C)c2)no1,med_flex_hetero_sulfonyl
CC(=O)Nc1ccc(NCc2ccc(-c3c(F)cccc3F)o2)cc1,med_flex_hetero_amide
Cc1cccnc1NCc1nc(C(F)(F)F)n2c1CCCC2,med_flex_hetero_plain
CC(C)(C)c1cn(CCS(=O)(=O)Nc2ccccc2)nn1,med_flex_hetero_sulfonyl
O=C1Cc2cc(NS(=O)(=O)c3cccc(-c4ccccc4)c3)ccc2N1,med_flex_carbo_sulfonyl
Cc1cccnc1C(=O)NS(=O)(=O)c1cccc(Cl)c1Br,med_flex_hetero_sulfonyl
CC(C)(C)OC(=O)N1C2CCC1CC(CC(=O)NC(CO)c1ccc(F)cc1)C2,med_flex_carbo_amide
Cc1ccc(-c2nn(CCC#N)cc2C(=O)Nc2ccc(F)c(C(N)=O)c2)cc1C,med_flex_hetero_amide
O=C(c1ccccc1-c1ncn[nH]1)N1CCCCC1CCc1ccccc1,med_flex_hetero_amide
CCc1nnc(NC(=O)C(C)C(C)NC(=O)c2ccc3sccc3c2)s1,med_flex_hetero_amide
COc1cccnc1CNc1cc(C)c(C#N)c2nc3ccccc3n12,med_flex_hetero_plain
O=C(c1cc(-c2ccccc2)nc2ccccc12)N1CCN(Cc2nnnn2-c2ccccc2)CC1,large_flex_hetero_amide
COC(=O)c1cccc(NC(=O)CN2C(=O)NC(Cc3ccccc3)(c3ccccc3)C2=O)c1,large_verylex_carbo_amide
CCn1ncc2c(C(=O)NCc3coc(-c4ccccc4)n3)cc(-c3ccccc3)nc21,med_flex_hetero_amide
CCn1cc(NC(=O)Cc2ccc(C)c(Cl)c2)c(C(N)=O)n1,med_flex_hetero_amide
Cc1ccc(Br)cc1NC(=O)c1cnn2c1CC(CNC(=O)OC(C)(C)C)CC2,large_flex_hetero_amide
Cc1ccc(NC(=O)C2CCCN(CC(F)(F)F)C2)cc1-n1cnnn1,med_flex_hetero_amide
Cc1ccc(S(=O)(=O)NCC(O)c2ccc(O)cc2)c(C)c1,med_flex_carbo_sulfonyl
O=C1CCC(c2cccc(NS(=O)(=O)c3cccc(F)c3)c2)N1,med_flex_carbo_sulfonyl
O=C(NCc1ccn(-c2ccccc2)n1)c1cc2cc(F)ccc2[nH]1,med_flex_hetero_amide
O=C(Nc1ccc2[nH]ncc2c1)c1ccccc1Sc1ccccc1,med_flex_hetero_amide
Cc1c(C(=O)N2C(C)CCS2(=O)=O)cnn1-c1ccccc1,med_rigid_hetero_sulfonyl
Cc1cc(C(=O)OCCCn2c(=O)[nH]c3ccccc3c2=O)ccc1NC(=O)c1ccco1,med_verylex_hetero_amide
CN(CCNc1ccccn1)C(=O)CCc1cccc(O)c1,small_verylex_hetero_amide
N#Cc1cc(F)ccc1N1CCC(C(=O)NCc2ccc(F)cc2Cl)CC1,med_flex_carbo_amide
Cn1c(SCC(=O)NCc2cccc(C#N)c2)nnc1-c1ccccc1Cl,med_flex_hetero_amide
Cc1cc(F)ccc1-n1cc(O)c(C(=O)NCc2ccc(C)n(C)c2=O)n1,med_flex_hetero_amide
O=C1OCCN1c1cc(NS(=O)(=O)c2cc(F)cc(F)c2)ccc1F,med_flex_carbo_sulfonyl
CC1(NC(=O)Nc2ccc3ccccc3n2)CCCOC1,small_rigid_hetero_amide
COCCOc1ccc(Cl)cc1S(=O)(=O)NC(=O)c1csc(C)c1,med_verylex_hetero_sulfonyl
O=S(=O)(c1ccccc1F)N1CC(Oc2ccccc2Cl)C1,med_flex_carbo_sulfonyl
O=S(=O)(Nc1ccn(-c2ncccc2F)n1)c1ccc(OC(F)(F)F)cc1,med_flex_hetero_sulfonyl
O=C1NCC2(CCCC2)C(=O)N1CCc1ccc(F)cc1F,med_flex_carbo_amide
Cc1ccccc1Nc1nc(CN2CCO[C@H](C)[C@H]2C(N)=O)cs1,med_flex_hetero_amide
O=C(CN1c2cccc3cccc(c23)S1(=O)=O)Nc1ccc(-n2nccn2)nc1,med_flex_hetero_sulfonyl
COC1CCCN(CC(=O)Nc2ccccc2C(C)C)CC1,med_flex_carbo_amide
Cc1nn(Cc2ccc(F)cc2)c2sc(C(=O)NC3CC34CC(O)C4)cc12,med_flex_hetero_amide
O=C(N[C@H]1CC[C@H](Oc2ccccc2)CC1)C1(c2ccccc2)CCC1,med_flex_carbo_amide
CC1C(=O)N(CCc2cccc(C(F)(F)F)n2)C(=O)N1C1CCC1,med_flex_hetero_amide
C=CCNc1c(C(=O)N2CC3CC3C2)nnc2ccccc12,small_flex_hetero_amide
CCc1ccccc1S(=O)(=O)NCC(=O)NC(C)c1ccccn1,med_verylex_hetero_sulfonyl
O=C(NCCc1ccc(O)c(CO)c1)Nc1ccc2c(c1)CCC2,med_flex_carbo_amide
C[C@H](NC(=O)Cc1cnn(-c2ccccc2)n1)c1ccc(C(F)(F)F)nc1,med_flex_hetero_amide
COC(=O)Nc1cccc(NS(=O)(=O)c2ccc3ccccc3c2)c1C,med_flex_carbo_sulfonyl
C=CCN(Cc1ccc(OC)cc1)C(=O)Nc1nc(C(F)(F)F)ns1,med_flex_hetero_amide
Cc1ccc(CN(C(=O)c2ncc(F)cn2)C(C)C)cc1,small_flex_hetero_amide
CN(Cc1ccccc1)C(=O)N1CCC(Oc2ncccc2F)CC1,med_flex_hetero_amide
CC(C)c1ccnc(N2CCN(C(=O)c3ccnc(C4CC4)n3)CC2)n1,med_flex_hetero_amide
O=C(CCC(=O)N1CCC(O)CC1)N[C@@H]1C[C@H]1c1c(F)cccc1Cl,med_flex_carbo_amide
CC(=O)N1CCCC(c2nc(-c3cccc(N4CCCC4=O)c3)cs2)C1,med_flex_hetero_amide
CN(C)S(=O)(=O)c1ccc(N2CCCCC2)c(C(=O)Nc2ccc(F)c(C(N)=O)c2)c1,med_flex_carbo_sulfonyl
Cc1cc(NC(=O)C(c2ccccc2)N(C)CCCn2ccnc2)no1,med_verylex_hetero_amide
Cc1cn(C(C)C)nc1NC(=O)Cc1cn2c(n1)CCCC2,med_flex_hetero_amide
Cc1cn(C(C)C)nc1NC(=O)c1cccn1Cc1ccncc1,med_flex_hetero_amide
O=C1CCc2cc(-c3cccc(O)c3F)cc3c2N1CCC3,small_rigid_carbo_amide
COc1ccc2c(c1)OCCN(C(=O)Nc1ncc(C)s1)C2,med_rigid_hetero_amide
COc1ccc(OC)c(C2CCCN2C(=O)CCc2nc(-c3nnc[nH]3)no2)c1,med_verylex_hetero_amide
COc1cc(F)c(NC(=O)N2CCOC(C)(c3ccccc3)C2)cc1F,med_flex_carbo_amide
COC1(CNC(C(=O)Nc2cc(C)on2)c2ccccc2)CCC(F)(F)CC1,med_verylex_hetero_amide
COC(=O)[C@@H](NC(=O)CN1CC(OC)C(C)(C)C1)C(C)C,med_flex_no_arom_amide
CC(C)n1ncc2cc(S(=O)(=O)N3CCN(C)CC3c3ccccc3)ccc21,med_flex_hetero_sulfonyl
COc1cccc(Cc2noc([C@@H]3C[C@H]3c3ccc(F)cc3F)n2)n1,med_flex_hetero_plain
CCC(CC)n1nccc1C(=O)NCC(C)(C)c1ccc(C)cn1,med_verylex_hetero_amide
Cc1nc2cc(N(C)C(=O)c3cc(-c4ccc(Cl)cc4)nn3CC3CC3)ccc2[nH]1,med_flex_hetero_amide
COc1cccc(S(=O)(=O)CC(=O)N(C)C2CCCCC2C)c1,med_flex_carbo_sulfonyl
O=C(c1cn2ccccc2n1)N1C[C@@H]2C[C@H](C1)c1cccc(=O)n1C2,med_rigid_hetero_amide
CC(Cn1ncc2ccccc21)C(=O)N1CCC(n2ccc(C(F)(F)F)n2)CC1,med_flex_hetero_amide
COC(=O)c1ccc(CSc2nnc(-c3c[nH]c4ccccc34)n2C2CC2)cc1F,med_flex_hetero_plain
OC1(c2nc(-c3cccc(OCc4cccnc4)c3)no2)CCCCC1,med_flex_hetero_acid
Nc1nccc(C2CCCN(C(=O)c3coc(C4CCCCC4)n3)C2)n1,med_flex_hetero_amide
CC(NC(=O)N1CCC(C2CCCC2)C1)c1nnc(C(F)(F)F)[nH]1,med_flex_hetero_amide
CN1CCN(S(=O)(=O)c2cnn(C3CCCC3)c2)C(c2ccccc2)C1,med_flex_hetero_sulfonyl
Cc1sc2nc(-c3cccnc3)nc(N3CCC(S(N)(=O)=O)C3)c2c1C,med_flex_hetero_sulfonyl
CC(Sc1ncc(-c2ccccc2)n1CC1CCCO1)c1ncccn1,med_flex_hetero_plain
CCC(CC)(CO)c1nc(-c2ccc(N(C)C)nc2)no1,small_flex_hetero_acid
Cn1ncc2c1CC(C)(C)CN(C(=O)NCc1ccc(Br)s1)C2,med_rigid_hetero_amide
COc1ccc(C(CNC(=O)[C@@H]2C[C@H]2C(F)(F)F)c2c[nH]c3ccccc23)cc1,med_flex_hetero_amide
FC(F)(F)Cn1c(-c2ccccc2)cnc1SCc1nccs1,med_flex_hetero_plain
CCOc1nc(C)ccc1C(=O)N1CCCC1c1csc(C)n1,med_flex_hetero_amide
CC1CN(c2nc3ccccc3nc2N2CCC(C(N)=O)C2)CC(C)O1,med_flex_hetero_amide
COc1ccc(C)cc1S(=O)(=O)N1CCN(C2CCOCC2)C[C@H]1C,med_flex_carbo_sulfonyl
Cc1cccc(S(=O)(=O)NC(c2c(C)nn(C)c2C)C(F)(F)F)c1,med_flex_hetero_sulfonyl
Cc1cc(C2CCCN2C(=O)CCc2nc(-c3ccco3)no2)no1,med_flex_hetero_amide
Cc1ccc(-c2c[nH]cc2C(=O)NCC2(N3CCOCC3)CCCCC2)s1,med_flex_hetero_amide
Cn1cnnc1NC(=O)C1(c2ccc(Cl)c(Cl)c2)CCC1,med_flex_hetero_amide
Cn1nc(C2CCCCC2)cc1NS(=O)(=O)CCc1ccccc1,med_flex_hetero_sulfonyl
CCc1nnc(N2CCC(C3(NC(=O)CNC(=O)OC)CC3)CC2)nc1CC,med_verylex_hetero_amide
O=C1NC2(CCCCC2)C(=O)N1C1CCN(c2ccc(Cl)cc2Cl)C1,med_rigid_carbo_amide
CCCNS(=O)(=O)N1CCN(c2ccc(F)cc2OC)CC1,med_flex_carbo_sulfonyl
COc1ccccc1N1CCC(NC(=O)NCc2ccc(C(N)=O)cc2)C1=O,med_flex_carbo_amide
Cn1c(C(=O)N2CCCC(S(C)(=O)=O)C2)c(Cl)c2ccccc21,med_rigid_hetero_sulfonyl
CC1(C(=O)NCC2(CO)CC3(CCC3)C2)CC(c2ccccc2)=NO1,med_flex_carbo_amide
Cc1cc(S(=O)(=O)NCC2CCOC3(CCC3)C2)c(F)cc1F,med_flex_carbo_sulfonyl
O=C(NCc1cccc(O)c1)c1sc2ccccc2c1Cl,med_flex_hetero_amide
CC1NC(c2nc(C3(c4ccncc4)CCC3)no2)=NN(c2ccccc2)C1=O,med_flex_hetero_amide
COc1cccc(C2(NC(=O)NCc3c4c(nn3C)CCCC4)CCC2)c1,med_flex_hetero_amide
CN(C)C(=O)c1cccc(NC(=O)CN2CC(O)Cc3ccccc32)c1,med_flex_carbo_amide
COc1ccc(Cn2ccc(NC(=O)C3C4CCCC43)n2)cc1,med_flex_hetero_amide
Cc1oc(-c2ccccc2)cc1C(=O)N1CCC(n2ccnn2)CC1,med_flex_hetero_amide
CCn1ncc(C)c1NS(=O)(=O)CCc1cccc(F)c1,med_flex_hetero_sulfonyl
CC1CN(c2cccc(F)c2)CCN1C(=O)c1ccccc1-n1ccnn1,med_flex_hetero_amide
Cc1cccc(N(C)S(=O)(=O)c2cnn(C3CCC3)c2)n1,med_flex_hetero_sulfonyl
COc1ccc(Cc2nc(-c3ccc(OC)nn3)no2)c(C)c1,med_flex_hetero_plain
COCC1(O)CCN(C(=O)c2cc(C(C)C)cc(C(C)C)c2O)CC1,med_flex_carbo_amide
CCc1ccc(NC(=O)CN2CC(=O)N(C)c3ccccc3C2)cc1,med_flex_carbo_amide
COc1ccc2oc(C)c(C(=O)NCC3(N(C)C)Cc4ccccc4C3)c2c1,med_flex_hetero_amide
Cc1cnn(CCC(=O)N2CCCN(C(=O)c3ccc(Cl)cc3)CC2)c1,med_flex_hetero_amide
CC(=O)N1c2ccccc2C[C@H]1C(=O)N1CC(C)(C)C1c1nccn1C,med_rigid_hetero_amide
CC(C)Cc1nc(C(=O)N2CC(O)CC2c2ccccc2)cs1,med_flex_hetero_amide
O=C(c1ccnn1CC(F)F)N1CCCC1c1cccc(F)c1,med_flex_hetero_amide
COc1ccc(CCC(=O)N2CCCN(C(=O)c3coc(C4CC4)n3)CC2)cc1,med_flex_hetero_amide
CC(C)(C)c1nc(CCNC(=O)C(c2cccc(F)c2)N2CCOCC2)cs1,med_flex_hetero_amide
Cc1nccc(N2CCN(c3cc(N4CCCC4CO)ncn3)CC2)n1,med_flex_hetero_acid
Cc1nn(CC(C)C)c(C)c1S(=O)(=O)N1CCC(C(=O)O)c2ccccc21,med_flex_hetero_sulfonyl
Cc1noc(C)c1C(=O)N1CCCC1C(C#N)c1ccccc1,med_flex_hetero_amide
CCn1ncc(Cl)c1-c1nc(Cc2ccccc2OC)no1,med_flex_hetero_plain
COCc1nocc1CN1CCC(=O)N(CC2CCCC2(F)F)C1=O,med_flex_hetero_amide
O=C(NCc1ccccc1C(F)(F)F)N1CCCN(C(=O)C2CC2)CC1,med_flex_carbo_amide
CCc1ccc(C2COCCN2C(=O)c2ccc(N3CCC(C)=N3)cc2)o1,med_flex_hetero_amide
COc1ccccc1[C@H](O)CNC1CCc2cc(F)c(Cl)cc21,med_flex_carbo_acid
CC(NC(=O)NCC1CCOC1(C)C)c1cc(Cl)ccc1Cl,med_flex_carbo_amide
COc1cccc(C(C)C(=O)N2CCCC(c3cn(C)nn3)C2)c1,med_flex_hetero_amide
Cc1cc(Cn2c(-c3ccccc3)nnc2N2C[C@H]3CCC[C@H]3C2)no1,med_flex_hetero_plain
Cc1ccc(-c2nc(-c3cccnn3)n(CC(F)F)n2)cc1Br,med_flex_hetero_plain
COC(=O)Cc1nn(C)c(C)c1-c1cccc(OC)c1OC,med_flex_hetero_plain
Cc1ccc(S(=O)(=O)N(C)C(C)c2ccccn2)c(C)c1,med_flex_hetero_sulfonyl
CCCC(C)c1cc(NS(=O)(=O)c2cncc(C(=O)OC)c2)[nH]n1,med_verylex_hetero_sulfonyl
CC1C(=O)N(Cc2ccc(OC(F)(F)F)cc2)C(=O)N1C1CCC1,med_flex_carbo_amide
CC(C)c1nc(C(=O)Nc2ccccc2C(=O)O)nn1-c1cccc(F)c1,med_flex_hetero_amide
CC(Sc1ccc(C#N)cc1)C(=O)N1CCCN(C(=O)c2ccc(F)cc2)CC1,med_flex_carbo_amide
CCCCO[C@H]1CC[C@H](NC(=O)c2ccn3c(C)cc(C)nc23)CC1,med_flex_hetero_amide
CC(C)(C)n1cc(C#N)c(NS(=O)(=O)c2ccc3c(c2)CCO3)n1,med_flex_hetero_sulfonyl
Cc1noc(C)c1C(C)c1nc(CCCOc2cccc3ccccc23)no1,med_verylex_hetero_plain
CCc1cc(C(=O)NCCc2c(C)[nH]c3c(Cl)ccc(Cl)c23)cc(=O)[nH]1,med_flex_hetero_amide
CC(C)N(C(=O)c1nn(-c2ccc(F)cc2)ccc1=O)c1cccc(F)c1,med_flex_hetero_amide
O=C1COc2c(NCCCOc3ccc(Cl)cc3)cc(Cl)cc2N1,med_flex_carbo_amide
CC(C)n1ncc2cc(C(=O)N3CCOCc4ccccc43)cnc21,med_rigid_hetero_amide
NC(=O)C1(N2CCCCC2)CCN(C(=O)c2ccccc2Cl)CC1,med_flex_carbo_amide
N#Cc1cccc(-n2nc(CCCO)nc2-c2ccc(Cc3ccccc3)cc2)c1,med_verylex_hetero_acid
Cn1c(=O)oc2c(C(=O)N[C@H]3c4ccccc4CC[C@H]3O)cccc21,med_rigid_hetero_amide
CC1(C)CC(c2ccccc2)CN1C(=O)c1nnc(C2CC2)o1,med_flex_hetero_amide
O=C(NC(c1ccccc1)c1ccc2[nH]cnc2c1)C1CCN(c2ccccc2F)C1,med_flex_hetero_amide
Cc1ccc(C(C)NC(=O)CN2CCOC3(CCOCC3)C2)cc1C,med_flex_carbo_amide
Cc1cc(NC(c2ccccc2)c2nnc[nH]2)cc(C)c1Cl,med_flex_hetero_plain
CN(C)C(=O)c1cnc(NCCOC2CCCCCC2)c(Cl)c1,med_flex_hetero_amide
CC(c1nc(Cc2cccnc2)no1)N1CCc2ccccc21,med_flex_hetero_plain
O=C(NC1CC(F)(F)C1)NC1CCCOc2cc(Cl)ccc21,med_rigid_carbo_amide
Cc1cc(C)cc(CNC(=O)NCC2CCCC(C)O2)c1,small_flex_carbo_amide
Cn1c(=O)oc2cc(S(=O)(=O)Nc3cnc(C(C)(C)C)nc3)ccc21,med_flex_hetero_sulfonyl
Cc1c[nH]c(=O)c(CNC(=O)NC(c2ccccc2)C2CCCC2)c1,med_flex_hetero_amide
O=C(Nc1cnn2cccnc12)C(=O)N1CCCCC1c1ccc(Br)cc1,med_rigid_hetero_amide
CC1(C)CN(C(=O)CCc2ccc(C#N)cc2)c2ccccc2O1,med_flex_carbo_amide
Cc1cnn(C)c1S(=O)(=O)N1CC(c2cccc(Cl)c2)C1,med_flex_hetero_sulfonyl
Cc1cc(Cl)c(NC(=O)N2CCCC(C3CCCCO3)C2)cc1Cl,med_rigid_carbo_amide
Cc1c(NS(=O)(=O)c2ccc3c(c2)CC(=O)N3)cccc1-c1ncco1,med_flex_hetero_sulfonyl
Brc1cccc2c1CCC2NCc1noc2c1COCC2,med_flex_hetero_plain
COc1ccccc1-c1nn(C)cc1C(=O)Nc1ncc(-c2ccccn2)s1,med_flex_hetero_amide
Cc1c(CNC(=O)c2cccc(-n3cnnn3)c2)oc2ccc(F)cc12,med_flex_hetero_amide
CCc1cc(S(=O)(=O)N2CC(OCCO)C2)c(C)cc1OC,med_verylex_carbo_sulfonyl
COCC(C)c1nc(C2(c3ccc(C)cc3)CCOCC2)no1,med_flex_hetero_plain
Cc1ccc([N+](=O)[O-])cc1C(=O)N[C@H]1CC[C@H]1c1ccccc1,med_flex_carbo_amide
O=C(NCc1nccn1CC(F)(F)F)c1cccc2c1OCC2,med_flex_hetero_amide
CCn1ccnc1-c1cn([C@@H]2c3cc(OC)ccc3CC[C@H]2O)nn1,med_flex_hetero_acid
NC(=O)c1oc2ccccc2c1NC(=O)CCC=Cc1ccccc1,med_flex_hetero_amide
Cc1ccc(Cc2noc(CC3CC(=O)Nc4ccccc43)n2)cc1C,med_flex_hetero_amide
COc1ccc(OC)c(C2CCCN2C(=O)C(C)S(C)(=O)=O)c1,med_flex_carbo_sulfonyl
Cc1cnc(-c2cn(CC3COc4ccccc4O3)nn2)c(C)c1,med_flex_hetero_plain
Fc1ccc(-c2cn(C[C@]34C[C@H]3CCC4(F)F)nn2)c(Cl)c1,med_flex_hetero_plain
CCOCCC1(CN(Cc2cc[nH]n2)c2ncnc(C)c2F)CC1,med_verylex_hetero_plain
O=S(=O)(Cc1cc(Cc2ccccc2)on1)c1ccccc1,med_flex_hetero_sulfonyl
O=C(NCc1ccoc1)N1CCC(c2c[nH]c3ccccc23)CC1,med_flex_hetero_amide
CC(C)(C)n1cc(Cn2cc(Cc3ccccc3)nn2)cn1,small_flex_hetero_plain
FC(F)(F)[C@@H]1C[C@H]1Cn1cc(-c2ccn(C3CCC3)n2)nn1,med_flex_hetero_plain
O=S1(=O)CCC(c2csc(Cc3cccc4ccccc34)n2)C1,med_flex_hetero_sulfonyl
Cc1nnc(-c2ccccc2C(=O)N(C)C2CCc3ccccc3C2)o1,med_flex_hetero_amide
CC1(C)CCC(O)(CNC(c2ccccc2)c2nnc[nH]2)CC1,med_flex_hetero_acid
CC(C)c1cccc(Nc2nc(C3COCCO3)cs2)c1,med_flex_hetero_plain
CN1CCc2cc(NC(=O)CC3CCc4ccccc43)ccc2C1=O,med_flex_carbo_amide
Cc1cccc(NS(=O)(=O)c2cccc(C(=O)Nc3ccc4c(c3)C(=O)NCC4)c2)c1,med_flex_carbo_sulfonyl
CCC1CCC(CNC(=O)C2(Cc3cnn[nH]3)CCOCC2)CC1,med_flex_hetero_amide
Cn1cc2c(n1)CCCC2C(=O)N1CCCC(c2nnc3n2CCCCC3)C1,med_rigid_hetero_amide
Cc1csc(-c2cccc(S(=O)(=O)N3CCCC3CO)c2)n1,med_flex_hetero_sulfonyl
CS(=O)(=O)c1ccccc1N1CCCC1c1ccccn1,med_flex_hetero_sulfonyl
CCC1CN(C(=O)NCc2noc3c2CCCC3)CC(CC)O1,med_flex_hetero_amide
O=S1(=O)CCC(CNc2ccccc2OCC2CCCCC2)C1,med_flex_carbo_sulfonyl
Fc1cc2cc[nH]c2c(F)c1-c1cnn(C2CCCCO2)c1,med_rigid_hetero_plain
CCN(CC)S(=O)(=O)c1cc(C)c(C)c(NCc2nnc3n2CCOC3)c1,med_verylex_hetero_sulfonyl
CN(C(=O)CCn1ccc2cccnc21)c1cccc2cc[nH]c12,med_flex_hetero_amide
O=C(NCCNC(=O)c1cc(F)cc2cccnc12)c1ccc(O)cc1,med_flex_hetero_amide
COc1cc(F)c(S(=O)(=O)Nc2cnc(C(C)C)nc2)cc1F,med_flex_hetero_sulfonyl
Cc1cc(C(=O)NS(=O)(=O)c2ccc3c(c2)N(C)CCC3)oc1C,med_flex_hetero_sulfonyl
CCC1CCCCC1OCC(=O)N(C)Cc1cnccn1,small_flex_hetero_amide
O=C(NCc1nnnn1-c1ccccc1)Nc1ccc(OC(F)(F)F)cc1,med_flex_hetero_amide
CC(C)(C)N1CCC(NC[C@H](O)c2ccc(Cl)cc2)C1=O,med_flex_carbo_amide
CC(C)(CNC(=O)NC1CCCNC1=O)c1ccccc1Br,med_flex_carbo_amide
N#Cc1ccc(CC(=O)Nc2cccc(N3CCCS3(=O)=O)c2)cc1,med_flex_carbo_sulfonyl
COc1cccc(C(OC)C(=O)N(C)C(C)c2cccc(S(N)(=O)=O)c2)c1,med_verylex_carbo_sulfonyl
Cc1ccccc1C1CN(C(=O)c2ccc(-c3cc[nH]n3)s2)C(C)CO1,med_flex_hetero_amide
CNS(=O)(=O)c1ccc(CCNC(=O)c2cc(-c3ccncc3)nc3ccccc23)cc1,med_verylex_hetero_sulfonyl
C[C@H](NC(=O)C1CC(=O)N(c2ccc3c(c2)CCC3)C1)c1cccnc1,med_flex_hetero_amide
CCOC1CC(O)(CNC(=O)c2cnnn2-c2c(Cl)cccc2Cl)C1(C)C,med_flex_hetero_amide
CC(Cc1ccc2ccccc2n1)Sc1nc(C2CC2)nc2c1c(=O)[nH]c(=O)n2C1CC1,med_flex_hetero_amide
CC(NC(=O)[C@H]1C[C@@]1(C)c1ccccc1)c1nnc(C(F)(F)F)[nH]1,med_flex_hetero_amide
O=S1(=O)CCCC(Cn2cc(-c3ccc4c(c3)CCC4)nn2)C1,med_flex_hetero_sulfonyl
CCC(=O)N(c1nnc(SCc2ccc(F)cc2)s1)C1CC1,med_flex_hetero_amide
CCCN(C(=O)Cc1ccc(F)c(Cl)c1)c1cccnc1,med_flex_hetero_amide
Cc1nc(NCC2(C)CCCCC2O)cc(-c2ccccn2)n1,med_flex_hetero_acid
CCOc1ccc(C2CCCN2C(=O)c2cccn2C)cc1,small_flex_hetero_amide
Cc1ccccc1-n1c(C)nnc1SCCOc1ccc(C#N)cc1,med_flex_hetero_plain
CC(C)(C(=O)N1CCC(COc2ccccc2)C1)c1cccnc1,med_flex_hetero_amide
O=C(Nc1cc(-c2ccccc2F)on1)[C@H]1C[C@@H]1C1CCOCC1,med_flex_hetero_amide
CCNS(=O)(=O)c1ccc(F)c(C(=O)N2CCN(Cc3cccc(Cl)c3)C(=O)C2)c1,large_flex_carbo_sulfonyl
O=C(NCCc1nnc(-c2ccccc2)o1)c1ccc(F)c(Cl)c1,med_flex_hetero_amide
COc1cccc2sc(NC(=O)C3CCCOC3C)nc12,med_flex_hetero_amide
CCc1ccnc(C(=O)N[C@H]2CCCO[C@@H]2c2nccn2CC)c1,med_flex_hetero_amide
CC1(C)CC(C(=O)N2CCCn3nc(-c4ccccc4)nc32)C1,med_rigid_hetero_amide
O=C(CCc1ccccn1)Nc1cnc2ccccc2c1,small_flex_hetero_amide
c1ccc2oc(C3CCCCN3Cc3nnc4n3CCCCC4)nc2c1,med_flex_hetero_plain
Cc1cc(F)ccc1-c1nnc([C@@H]2CCCO[C@H]2c2ccnn2C)o1,med_flex_hetero_plain
C=C(C)C1OCCC1CNC(=O)N1CCCC1c1nc2cc(C)ccc2[nH]1,med_flex_hetero_amide
O=C1COc2cccc(S(=O)(=O)Nc3cnc4c(c3)CCC4)c2N1,med_flex_hetero_sulfonyl
CCC(C)(C)NC(=O)c1ccc(NC(=O)CC2OC(=O)c3ccccc32)cc1,med_flex_carbo_amide
CC(C)CC1C(=O)NCCN1S(=O)(=O)c1c(Cl)ccc(F)c1F,med_flex_carbo_sulfonyl
Cc1onc(-c2c(F)cccc2Cl)c1C(=O)NC1CC(=O)N(C(C)C)C1=O,med_flex_hetero_amide
N#CC1(C2CCCC2)CCN(C(=O)C2CCNc3ccccc3C2)CC1,med_rigid_carbo_amide
Cn1nnc2cc(C(=O)N3CCCC(n4ccc(C(F)(F)F)n4)C3)ccc21,med_rigid_hetero_amide
Cc1cccc(CC(=O)NC2CCN(C3CCCCC3)C2=O)c1Cl,med_flex_carbo_amide
O=C1NCCCN(C(=O)c2cc[nH]c2C2CC2)C1Cc1ccccc1,med_flex_hetero_amide
CC(=O)N1c2ccccc2C[C@H]1c1nc(Cc2cc(C)on2)no1,med_flex_hetero_amide
CCOC1CC(O)(CNc2nc(-c3cccnc3)nc3ccccc23)C1(C)C,med_flex_hetero_acid
CN1CCc2c(c3ccccc3n2Cc2ccccc2)C1,small_rigid_hetero_plain
CCC(C)(C)C(=O)O[C@H]1C[C@@H](C)C=C2C=C[C@H](C)[C@H](CC[C@@H]3C[C@@H](O)CC(=O)O3)[C@H]21,med_flex_no_arom_acid
Cc1cc(=O)oc2cc(OCC3CCNCC3)ccc12,small_flex_hetero_plain
Cc1cccc(C(NC(=O)N2CCNC(=O)C2C)c2cccc(C)c2)c1,med_flex_carbo_amide
COC(=O)c1cc(NC(=O)N2CC(C(F)(F)F)OC(C)(C)C2)cc2[nH]ccc12,med_rigid_hetero_amide
Cc1cnn(C2CCN(C(=O)c3cc(-c4ccccc4)no3)C2)c1,med_flex_hetero_amide
CN1CCN(C(=O)C(Cc2ccccc2)NC(N)=O)Cc2ccccc21,med_flex_carbo_amide
CN1CCOC(C(=O)Nc2nnc(Cc3ccc(Cl)cc3)s2)C1,med_flex_hetero_amide
c1ccc(OC[C@@H]2CCCN2c2nnc(-c3ccon3)s2)cc1,med_flex_hetero_plain
C[C@@H](NC(=O)N1CCc2cn[nH]c2C1)c1ccccc1Cl,med_rigid_hetero_amide
CCn1ncc2c1CCCC2NC(=O)c1cc(C(F)(F)F)n(C)n1,med_flex_hetero_amide
CC(COC1CCOC1)NC(=O)c1n[nH]c2ccc(Cl)cc12,med_flex_hetero_amide
CC(C)CC(Cc1ccccc1)Nc1ccc(P(C)(C)=O)cn1,med_verylex_hetero_plain
COc1ccc(CNC(=O)N2CCC(C)C(n3ccnc3)C2)cc1F,med_flex_hetero_amide
O=S1(=O)CCCC(c2cn(-c3ccc(Cl)cc3O)nn2)C1,med_rigid_hetero_sulfonyl
Cc1c(CN[C@@H]2CC(Cn3ccnc3)C[C@H]2O)n(C)c2ccccc12,med_flex_hetero_acid
Cc1nc2ccnn2cc1C(=O)Nc1cc(C(N)=O)ccc1N1CCCCC1,med_flex_hetero_amide
FC(F)(F)Oc1ccccc1-c1noc(C2(c3ccccc3)CC2)n1,med_flex_hetero_plain
Cc1cc(C(F)F)n2ncc(C(=O)N3Cc4ccccc4[C@@H]3C)c2n1,med_rigid_hetero_amide
COC(=O)Cc1ccccc1S(=O)(=O)Nc1ccc(-c2nc(C3CC3)n[nH]2)cc1,med_verylex_hetero_sulfonyl
O=C(Cc1n[nH]c2ccccc12)N1CCc2cc(Cl)ccc21,med_rigid_hetero_amide
Cc1cccc(C)c1CN(C)C(=O)NCc1ncnn1-c1ccccc1,med_flex_hetero_amide
CN1CCC(C(=O)Nc2nc(-c3c[nH]c(C(N)=O)c3)cs2)c2ccccc21,med_flex_hetero_amide
NC(=O)c1cc(NC(=O)c2c[nH]nc2-c2ccc(Cl)cc2)ccc1Cl,med_flex_hetero_amide
COc1ccc(C2CCCN2C(=O)c2nccc3occc23)cc1F,med_flex_hetero_amide
Cn1cc(C2CCCN(C(=O)c3cc(-c4ccccc4)ccn3)C2)cn1,med_flex_hetero_amide
Cc1ccc2c(c1)CCC2NS(=O)(=O)c1cnn(Cc2ccccc2)c1,med_flex_hetero_sulfonyl
O=C(NCc1c(F)cccc1Cl)N1CCN(c2nnc(C(F)(F)F)s2)CC1,med_flex_hetero_amide
CC(C)(Cc1ccccc1)C(NCCc1cnccn1)c1nnnn1-c1ccc2c(c1)OCO2,large_verylex_hetero_plain
Cc1cc(S(=O)(=O)Nc2ccc(N3CCCC3=O)cc2)cnc1N,med_flex_hetero_sulfonyl
O=C(NCCNC(=O)c1cccc(-c2cccs2)n1)NC1CCCCC1,med_flex_hetero_amide
CC(C)COc1ccccc1NC(=O)c1ccc(C(N)=O)s1,med_flex_hetero_amide
CN1CCN(C(=O)c2ccc(N3CCCC3)nn2)c2ccc(F)cc21,med_rigid_hetero_amide
CC(C)(C)n1cc(C(=O)Nc2cccc3c2C(=O)NC3)nn1,small_rigid_hetero_amide
Cn1cc(C(=O)N2CCC(C(=O)Nc3ccc4c(c3)OCO4)CC2)c(-c2coc3ccccc23)n1,large_flex_hetero_amide
O=S(=O)(NCc1cn(-c2ccccc2)nc1-c1ccc(F)cc1)c1cccnc1,med_flex_hetero_sulfonyl
COc1cc2cc(C(=O)N[C@H](CC(N)=O)c3cccc(Cl)c3)[nH]c2cc1OC,med_verylex_hetero_amide
Cc1sc(C(C)NC(=O)CC2(C(=O)O)CCC2)nc1-c1ccc(Cl)cc1,med_flex_hetero_amide
CN1C(=O)c2cccc3c(S(=O)(=O)Nc4ccc5[nH]ccc5c4)ccc1c23,med_flex_hetero_sulfonyl
CC(=O)N1CCCN(c2ccc3ccc(Cl)c(C)c3n2)CC1,med_rigid_hetero_amide
CCc1cc(NC(=O)N2CCN(CC(C)C)CC2)ccc1C,med_flex_carbo_amide
CC1Cc2ccccc2N1C(=O)C1Cc2cccnc2C1,small_rigid_hetero_amide
Cn1nc(NC(=O)N2CCC(c3ccccc3)C2)c2ccccc21,med_rigid_hetero_amide
Cc1ccc(C(=O)Nc2n[nH]c3c(Cl)cccc23)c(C)c1,small_rigid_hetero_amide
CNC(=O)CNc1cccc(-c2cn(Cc3cc4ccc(F)cc4[nH]c3=O)nn2)c1,med_flex_hetero_amide
O=C(Cc1cc2ccccc2[nH]c1=O)Nc1ccc2[nH]nnc2c1,med_flex_hetero_amide
C[C@H](Nc1ncnc2[nH]cnc12)c1cc2cccc(Cl)c2c(=O)n1-c1ccccc1,med_flex_hetero_amide
CC(=O)N(C)c1ccccc1NC(=O)c1cccc2cccnc12,med_flex_hetero_amide
Cc1sc(NC(=O)c2ccc(CN3CCCCC3=O)cc2)c(C(N)=O)c1C,med_flex_hetero_amide
N#CCc1ccc(NS(=O)(=O)c2cccc3ccncc23)cc1,med_flex_hetero_sulfonyl
Cc1nc(-c2c(C)noc2C)sc1C(=O)Nc1cccc(-c2cn[nH]c2)c1,med_flex_hetero_amide
N#Cc1cnc2c(F)c(F)c(F)cc2c1NCc1nnc(-c2ccncc2)[nH]1,med_flex_hetero_plain
Cc1sc2nc(C(C)Nc3ccc4c(c3)NC(=O)CC4)[nH]c(=O)c2c1C,med_flex_hetero_amide
O=C(NCC1CCCC2(CCC2)O1)Nc1cc2ccccc2nn1,med_flex_hetero_amide
COc1ccc(C(=O)Nc2ccccc2Cl)cc1C1CC1,med_flex_carbo_amide
COc1ccc2oc(C(=O)Nc3cnccc3Oc3ccccc3)c(C)c2c1,med_flex_hetero_amide
CCc1n[nH]c(-c2ccccc2NC(=O)c2ccc(NC(C)=O)c(F)c2)n1,med_flex_hetero_amide
Cc1ccc2[nH]c(C(=O)Nc3cc(C(C)C)[nH]n3)c(C)c2c1,small_flex_hetero_amide
O=C(Nc1ccc2c(c1)OCO2)c1cc(-c2cc(F)ccc2F)on1,med_flex_hetero_amide
CC(CNc1nc(-c2ccncc2)nc2ccccc12)S(C)(=O)=O,med_flex_hetero_sulfonyl
CC1COC(c2cccc(Cl)c2)CN1C(=O)Cc1n[nH]c2ccccc12,med_flex_hetero_amide
O=C(Nc1nc2c(Cl)cccc2[nH]1)C1CCN(c2ccccc2F)C1,med_flex_hetero_amide
CNC(=O)c1ccc(OC)c(NCc2cccc(OC)c2)c1,med_flex_carbo_amide
CCC(=O)N1CCCC(C(=O)Nc2nc(-c3ccccc3)co2)C1,med_flex_hetero_amide
O=C(Nc1nc2c(s1)COCC2)N1CCc2cccc(Cl)c2C1,med_rigid_hetero_amide
COC(C)c1noc(CN2CCCc3ccc(Cl)c(C)c32)n1,med_flex_hetero_plain
CCC(CC1CCCC1)c1nc(-c2ccncc2OC)no1,med_flex_hetero_plain
Cc1ccc(-c2n[nH]c(NC(=O)CC3=CCCCC3)c2C)o1,small_flex_hetero_amide
CC(C)Oc1ccccc1-c1nc(-c2cnccn2)no1,small_flex_hetero_plain
CCc1cnc(NC(=O)c2cc(C(F)(F)F)c[nH]c2=O)s1,med_flex_hetero_amide
CC(C)n1ncc2c(C(=O)Nc3ccc(S(C)(=O)=O)cc3)cc(-c3cccs3)nc21,med_flex_hetero_sulfonyl
Cn1c(-c2ccc3ccccc3n2)nnc1N1CCOC2(CCCCCC2)C1,med_rigid_hetero_plain
O=C(NCc1cc(F)c(Cl)cc1F)c1c[nH]c2ccccc2c1=O,med_flex_hetero_amide
c1ccc(OC[C@@H]2CCCN2c2nccc3nccnc23)cc1,med_flex_hetero_plain
Cc1nc(CN(C)S(=O)(=O)c2ccc(C(C)(C)C)cc2)no1,med_flex_hetero_sulfonyl
Cc1ccc(C(=O)Nc2ncnc3c2c(C)c(C)n3CC2CCCO2)s1,med_flex_hetero_amide
CC(C)(C)n1cc(C(=O)N2CCOc3cc(Cl)c(Cl)cc32)nn1,med_rigid_hetero_amide
OC[C@@H](NC[C@@H](O)c1ccc(Cl)c(Cl)c1)c1ccccc1,med_flex_carbo_acid
NC(=O)CNC(=O)c1cccc(NC(=O)c2cc3c(Br)ccc(Cl)c3[nH]2)c1,med_flex_hetero_amide
CNC(=O)c1ccsc1NC(=O)N1CCOC(c2ccccc2)C1,med_flex_hetero_amide
CCn1ncc2c1CCCC2NC(=O)c1ccc(F)c2cccnc12,med_flex_hetero_amide
C=C[C@H](CO)NC(=O)c1cc2cc(C(C)(C)C)ccc2[nH]1,small_flex_hetero_amide
Cn1cnc(-c2cccc(NC(=O)c3cccc4cccnc34)c2)n1,med_flex_hetero_amide
C[C@H]1C[C@@H](C(=O)Nc2ccc(F)cc2-c2nc3ccccc3s2)CCN1,med_flex_hetero_amide
COc1cc(OC)nc(N2CCCC(c3nc4cc(C)ccc4[nH]3)C2)n1,med_flex_hetero_plain
Cc1cc(CC(C)Nc2ncc(F)c(-c3ccsc3)n2)n[nH]1,med_flex_hetero_plain
CS(=O)(=O)CC(=O)N(CCc1ccccc1)Cc1ccccc1,med_verylex_carbo_sulfonyl
CN1CCOc2ccc(NC(=O)c3cc4cc(F)ccc4[nH]3)cc21,med_rigid_hetero_amide
CO[C@H]1C[C@H](CNC(=O)Nc2c(-c3ccccc3)[nH]c3ccccc23)C1,med_flex_hetero_amide
COc1ccc(-c2cc(C(=O)Nc3cn[nH]c3)c3ccccc3n2)cc1,med_flex_hetero_amide
CC(C)(CS(C)(=O)=O)NC(=O)c1cc2ccc(C(F)(F)F)cc2[nH]c1=O,med_flex_hetero_sulfonyl
NC(=O)CC1CCCCN1c1nc(-c2cc(F)cc(F)c2)ns1,med_flex_hetero_amide
CC(C)(C)c1ccc(O)c(NC(=O)c2cccc(Cn3cncn3)c2)c1,med_flex_hetero_amide
O=C(CSc1nc2ccccc2c(=O)n1-c1ccccc1C(F)(F)F)NC1CC1,med_flex_hetero_amide
COc1ccc(NC(=O)c2cc[nH]n2)c(OCc2ccccc2)c1,med_flex_hetero_amide
C#CCNS(=O)(=O)c1cccc(-c2nc(-c3ccc4[nH]ccc4c3)no2)c1,med_flex_hetero_sulfonyl
Cc1cc(C)n2ncc(-c3noc(C4(c5cccnc5)CC4)n3)c2n1,med_flex_hetero_plain
Cc1cn(-c2ccccc2Cl)nc1C(=O)NCc1nccs1,med_flex_hetero_amide
O=C(Cc1cn(-c2ccccc2)nc1-c1ccc(F)cc1)Nc1cccnc1,med_flex_hetero_amide
O=C(Nc1ccnn1Cc1ccc(Cl)s1)c1ncoc1C1CC1,med_flex_hetero_amide
Cn1nc(NC(=O)CNC(=O)c2ccc(Br)cc2)cc1C1CC1,med_flex_hetero_amide
O=C(Nc1ccc2[nH]nnc2c1)c1csc2ccccc12,small_rigid_hetero_amide
Cc1nc(N2CCc3ccc(F)cc32)c2cnn(C)c2n1,small_rigid_hetero_plain
Cn1c(C(=O)NC2(c3nnc[nH]3)CCC2)cc2cc(C(F)(F)F)ccc21,med_flex_hetero_amide
NC(=O)CCc1ccc(Nc2ccnc(-c3ccccc3)n2)cc1,med_flex_hetero_amide
COc1ccc2[nH]nc(NC(=O)c3ccn(-c4ccc(F)cc4F)n3)c2c1,med_flex_hetero_amide
C=CCOc1cccc2[nH]c(C(=O)NCc3ncn(C(C)C)n3)cc12,med_verylex_hetero_amide
CC1CCCc2ncc(C(=O)Nc3nn(C)c4ccccc34)n21,med_rigid_hetero_amide
Cc1ccc(C#N)c(N2CCCC(c3ccncc3)C2)n1,small_rigid_hetero_plain
c1n[nH]c([C@@H]2CCCN2Cc2csc(-c3ccsc3)n2)n1,med_flex_hetero_plain
CCC(CC)n1nc(C)cc1C(=O)Nc1nc(-c2c[nH]c(C(N)=O)c2)cs1,med_verylex_hetero_amide
C#CCC(Cc1ccccc1)Nc1ccc2nccnc2n1,small_flex_hetero_plain
Cc1cccc(NC(=O)N2CCCC(c3nc4cc(C)ccc4[nH]3)C2)c1,med_rigid_hetero_amide
Cc1nn(C)c2nc(-c3ccccc3)cc(C(=O)NCc3ncnn3-c3ccccc3)c12,med_flex_hetero_amide
c1ccc(-c2cc(CNc3ccccc3-n3cccn3)n[nH]2)cc1,med_flex_hetero_plain
O=C(c1cc(-c2ccccc2O)[nH]n1)N1CCC(O)(Cc2ccc(F)cc2)C1,med_flex_hetero_amide
CC(NC(=O)c1ccc(CN2CCCC2=O)cc1)c1ccc(NC(=O)c2ccc(F)cc2)cc1,large_verylex_carbo_amide
C1=C(c2c[nH]c3ncccc23)CCN(Cc2cn(Cc3ccccc3)nc2-c2cccnc2)C1,med_flex_hetero_plain
O=C(Nc1ccc2c(c1)CCO2)c1cccnc1OCc1ccccc1F,med_flex_hetero_amide
Cc1ccc2sc(CNC(=O)c3csc(C(C)C)n3)nc2c1,med_flex_hetero_amide
COc1ccc(OC(F)(F)F)c(C(=O)Nc2cc3c(cc2C)OCO3)c1,med_flex_carbo_amide
Cc1nn(-c2ccccc2)cc1CNC(=O)c1cc(-c2ccncc2)nc2ccccc12,med_flex_hetero_amide
O=S(=O)(CC1CCCO1)Nc1cc(C(F)(F)F)c2cn[nH]c2c1,med_flex_hetero_sulfonyl
CCCn1cc(NC(=O)c2ccc3c(Br)cnn3c2)cn1,med_flex_hetero_amide
O=C(Cc1ccc(F)cc1F)NCc1ccccc1-c1cccnc1,med_flex_hetero_amide
O=C(Nc1cccc(OCC(F)(F)F)c1)c1cnn2c1CCCC2,med_flex_hetero_amide
Cc1cccc2oc(C(=O)NCc3ccn(C4CCCC4)n3)cc12,med_flex_hetero_amide
CCn1c(=O)c(N2CCN(c3cc(C)ccn3)CC2)nc2ccccc21,med_flex_hetero_amide
CCc1cc(Nc2nc(C)nc3c2cnn3C)ccc1C,small_flex_hetero_plain
O=C(Cc1cn2c(n1)CCCC2)N1CCc2ccc(F)cc21,small_rigid_hetero_amide
Cc1nccc(N2CCN(C(=O)c3ccc(NC4CC4)nc3)CC2)n1,med_flex_hetero_amide
NC(=O)c1n[nH]c2ccc(NC(=O)c3nccc4ccccc34)cc12,med_flex_hetero_amide
Cc1cc(N2CCCC(c3n[nH]c(-c4ccccc4)n3)C2)ncn1,med_flex_hetero_plain
O=C(Nc1ccc2c[nH]nc2c1)c1csc(-c2ccccn2)n1,med_flex_hetero_amide
CN1CCOC(C(=O)Nc2cc(C(F)(F)F)c3cn[nH]c3c2)C1,med_rigid_hetero_amide
COc1ccc(-c2nc(N3CCOCC3)cc3ccccc23)cn1,med_flex_hetero_plain
COCCc1csc(-c2ccc(Oc3ccccc3OC)cc2)n1,med_verylex_hetero_plain
Cc1cccn2cc(-c3ccc(NC(C)c4cnn(C)n4)cc3)nc12,med_flex_hetero_plain
O=C(NCc1nc2ccccc2s1)C(O)c1cc(Cl)cc(Cl)c1,med_flex_hetero_amide
COc1nscc1C(=O)NCc1ccc(N2CCCC2)cc1,med_flex_hetero_amide
COc1ccccc1-c1ccc(C(=O)N2CCCNC(=O)[C@@H]2C)s1,med_flex_hetero_amide
Cc1cccc(-c2cncc(C(=O)N(C)c3cccnc3)c2)c1,med_flex_hetero_amide
Cn1ccnc1-c1cccc(NC(=O)c2cc3ccccc3c(=O)[nH]2)c1,med_flex_hetero_amide
COc1ccc(C(=O)NC(CNS(=O)(=O)c2cnn(C)c2)c2ccccc2)cc1Cl,med_verylex_hetero_sulfonyl
O=C(COc1ccon1)Nc1ccc2c(c1)OC1(CCCC1)O2,med_flex_hetero_amide
c1cc(-c2noc(-c3cn[nH]c3-c3ccc4c(c3)OCO4)n2)cs1,med_flex_hetero_plain
N#CC1(C(=O)Nc2ccc3c(F)n[nH]c3c2)CCCCC1,small_rigid_hetero_amide
Cn1cnnc1Sc1ccc(C(=O)Nc2ccccc2OCC(F)F)cc1[N+](=O)[O-],med_verylex_hetero_amide
O=C(Cc1csc(-c2ccc3c(c2)OCO3)n1)NC1CCc2[nH]ncc2C1,med_flex_hetero_amide
CC(NC(=O)c1cc2c(Cl)cc(Cl)cc2[nH]1)c1ccc(OCC(N)=O)cc1,med_flex_hetero_amide
O=C(NCC1C2Cc3ccccc3C12)c1cc2c(F)cccc2[nH]1,med_flex_hetero_amide
Cc1ccc(C(=O)NC2CCc3ccccc3C2)cc1NS(C)(=O)=O,med_flex_carbo_sulfonyl
Cc1cccc(-c2cncc(C(=O)Nc3ccccc3C(N)=O)c2)c1,med_flex_hetero_amide
COc1cccc2[nH]c(C(=O)NCC#CC3CCCCO3)cc12,med_flex_hetero_amide
COc1cc(F)c(C(=O)Nc2cc(C)n(C3CCCCC3)n2)c(F)c1,med_flex_hetero_amide
COc1ccc(-c2cc(C(=O)NCc3nc4c(C)cccc4[nH]3)[nH]n2)cc1,med_flex_hetero_amide
CCc1nn(Cc2coc(-c3cccc(OC)c3)n2)c(=O)c(C#N)c1CC,med_flex_hetero_amide
CC(=O)N(c1nnc(SCCOc2ccc(Cl)cc2)s1)C1CC1,med_verylex_hetero_amide
N#CC(c1ccccc1)C1CCCN1C(=O)Nc1ccc2c(c1)SCC(=O)N2,med_flex_carbo_amide
CCc1ncc(Br)cc1C(=O)Nc1cc(C(C)(C)F)on1,med_flex_hetero_amide
COc1ccc(Cl)c2c1CCCC2NCc1nnc(C(C)C)[nH]1,med_flex_hetero_plain
Cc1c(Cl)ccc2ccc(N3CCCC(c4ccn[nH]4)C3)nc12,med_rigid_hetero_plain
CC(C)(NC(=O)c1cc(-c2ccc3c(c2)OCO3)n[nH]1)c1cccs1,med_flex_hetero_amide
CCC1(CO)CCCN(C(=O)Nc2ccc3c(c2)N(C)CC3)C1,med_flex_carbo_amide
CCN(CC)Cc1cc(Nc2ccnc3cc(Cl)ccc23)ccc1O,med_flex_hetero_acid
CC(C)c1c(C(=O)Nc2ccccc2)c(-c2ccccc2)c(-c2ccc(F)cc2)n1CC[C@@H](O)C[C@@H](O)CC(=O)O,large_verylex_hetero_amide
CCN1CC(CCN2CCOCC2)C(c2ccccc2)(c2ccccc2)C1=O,med_flex_carbo_amide
C[C@@H](CN1CC(=O)NC(=O)C1)N1CC(=O)NC(=O)C1,small_flex_no_arom_amide
CC(C)OC(=O)CCC/C=C\C[C@@H]1[C@@H](/C=C/C(F)(F)COc2ccccc2)[C@H](O)C[C@@H]1O,large_verylex_carbo_acid
O=C(/C=C/c1cccc(S(=O)(=O)Nc2ccccc2)c1)NO,med_flex_carbo_sulfonyl
CN1CCC(=C2c3ccccc3CCc3sccc32)CC1,small_rigid_hetero_plain
CCCCC(CC)COC(=O)c1ccc(N(C)C)cc1,small_verylex_carbo_plain
C/C=C/C[C@@H](C)[C@@H](O)[C@H]1C(=O)N[C@@H](CC)C(=O)N(C)CC(=O)N(C)[C@@H](CC(C)C)C(=O)N[C@@H](C(C)C)C(=O)N(C)[C@@H](CC(C)C)C(=O)N[C@@H](C)C(=O)N[C@H](C)C(=O)N(C)[C@@H](CC(C)C)C(=O)N(C)[C@@H](CC(C)C)C(=O)N(C)[C@@H](C(C)C)C(=O)N1C,large_verylex_no_arom_amide
N#CC[C@H](C1CCCC1)n1cc(-c2ncnc3[nH]ccc23)cn1,med_flex_hetero_plain
Cc1ccc(/C=C2/C(=O)C3(C)CCC2C3(C)C)cc1,small_rigid_carbo_plain
CC(C)OC(=O)[C@H](C)N[P@](=O)(OC[C@H]1O[C@@H](n2ccc(=O)[nH]c2=O)[C@](C)(F)[C@@H]1O)Oc1ccccc1,large_verylex_hetero_amide
CCCCCCOC(=O)c1ccccc1C(=O)c1ccc(N(CC)CC)cc1O,med_verylex_carbo_acid
CSc1nc2cc(Cl)c(Oc3cccc(Cl)c3Cl)cc2[nH]1,med_flex_hetero_plain
CNC(=O)c1ccc(N2C(=S)N(c3cnc(C#N)c(C(F)(F)F)c3)C(=O)C23CCC3)cc1F,large_flex_hetero_amide
CC1=C(/C=C/C(C)=C/C=C/C(C)=C/CO)C(C)(C)CCC1,small_flex_no_arom_acid
COc1ccc(C2C(=O)c3ccccc3C2=O)cc1,small_rigid_carbo_plain
CC(C)N1CCN(c2ccc(OC[C@H]3CO[C@](Cn4cncn4)(c4ccc(Cl)cc4Cl)O3)cc2)CC1,large_verylex_hetero_plain
Cc1c(-c2ccc(O)cc2)n(Cc2ccc(OCCN3CCCCCC3)cc2)c2ccc(O)cc12,large_verylex_hetero_acid
C[C@@H](c1nc(-c2ccc(C#N)cc2)cs1)[C@](O)(Cn1cncn1)c1cc(F)ccc1F,med_flex_hetero_acid
CC(C)(C)C(=O)OCOP(=O)(COCCn1cnc2c(N)ncnc21)OCOC(=O)C(C)(C)C,large_verylex_hetero_plain
CCOc1cc2ncc(C#N)c(Nc3ccc(OCc4ccccn4)c(Cl)c3)c2cc1NC(=O)/C=C/CN(C)C,large_verylex_hetero_amide
OC[C@@H]1O[C@H](O)[C@@H](O)[C@H](O)[C@H]1O[C@@H]1O[C@H](CO)[C@H](O)[C@H](O)[C@H]1O,med_flex_no_arom_acid
CCc1oc2ccccc2c1C(=O)c1cc(I)c(O)c(I)c1,large_flex_hetero_acid
COc1ccc2c(O[C@@H]3C[C@H]4C(=O)N[C@]5(C(=O)NS(=O)(=O)C6CC6)C[C@H]5C=CCCCCN(C)C(=O)[C@@H]4C3)cc(-c3nc(C(C)C)cs3)nc2c1C,large_verylex_hetero_sulfonyl
O=C(NC1CCN(CCCCC2(C(=O)NCC(F)(F)F)c3ccccc3-c3ccccc32)CC1)c1ccccc1-c1ccc(C(F)(F)F)cc1,large_verylex_carbo_amide
Cn1sc(Cl)cc1=O,small_rigid_hetero_amide
CN(Cc1ccc(C(C)(C)C)cc1)Cc1cccc2ccccc12,med_flex_carbo_plain
Cc1c(OCC(F)(F)F)ccnc1C[S@@](=O)c1nc2ccccc2[nH]1,med_flex_hetero_sulfonyl
CC1=C(/C=C/C(C)=C/C=C/C(C)=C\C(=O)O)C(C)(C)CCC1,med_flex_no_arom_acid
CO[C@H]1C=CO[C@@]2(C)Oc3c(C)c(O)c4c(c3C2=O)C(=O)/C(=C/NN2CCN(C3CCCC3)CC2)C(=C4O)NC(=O)/C(C)=C\C=C/[C@H](C)[C@H](O)[C@@H](C)[C@@H](O)[C@@H](C)[C@H](OC(C)=O)[C@@H]1C,large_flex_carbo_amide
Cc1cccc(N(C)C(=S)Oc2ccc3ccccc3c2)c1,med_rigid_carbo_plain
O=C1O[C@H](CO)[C@@H](O)[C@H](O)[C@H]1O,small_rigid_no_arom_acid
CN(C)CC(c1ccc(O)cc1)C1(O)CCCCC1,small_flex_carbo_acid
CS(=O)(=O)Nc1cc2occ(NC=O)c(=O)c2cc1Oc1ccccc1,med_flex_hetero_sulfonyl
COc1cc2nccc(Oc3ccc(NC(=O)NC4CC4)c(Cl)c3)c2cc1C(N)=O,med_flex_hetero_amide
Nc1ncnc2c1ncn2[C@@H]1O[C@H](COP(=O)(O)O)[C@@H](O)[C@H]1O,med_flex_hetero_acid
CS(=O)(=O)c1ccc(C2=C(c3ccccc3)C(=O)OC2)cc1,med_flex_carbo_sulfonyl
CCCSc1nc(N[C@@H]2C[C@H]2c2ccc(F)c(F)c2)c2nnn([C@@H]3C[C@H](OCCO)[C@@H](O)[C@H]3O)c2n1,large_verylex_hetero_acid
O=[N+]([O-])c1ccc(-c2ccccc2)cc1,small_rigid_carbo_plain
COc1cc(N2CCC(N3CCN(C)CC3)CC2)ccc1Nc1ncc(Cl)c(Nc2ccccc2P(C)(C)=O)n1,large_verylex_hetero_plain
Cc1cc(NC(=O)C2=C(O)c3ccccc3S(=O)(=O)N2C)no1,med_rigid_hetero_sulfonyl
O=c1[nH]cc(F)c(=O)[nH]1,small_rigid_hetero_plain
C[C@H]1C[C@H]2[C@@H]3CCC4=CC(=O)C=C[C@]4(C)[C@H]3C(=O)C[C@]2(C)[C@@]1(O)C(=O)CO,med_rigid_no_arom_acid
Nc1nc(=S)c2[nH]cnc2[nH]1,small_rigid_hetero_plain
CC(=O)[C@@]1(O)CC[C@H]2[C@@H]3C[C@H](C)C4=CC(=O)CC[C@]4(C)[C@H]3CC[C@@]21C,med_rigid_no_arom_acid
N=C(N)NCCN1CCCCCCC1,small_flex_no_arom_plain
CC(C)(C)CC(C)(C)c1ccc(OCCOCC[N+](C)(C)Cc2ccccc2)cc1,med_verylex_carbo_plain
Oc1c(I)cc(Cl)c2cccnc12,med_rigid_hetero_acid
Cc1c(OCC(F)(F)F)ccnc1CS(=O)c1nc2ccccc2[nH]1,med_flex_hetero_sulfonyl
CCC(=O)NS(=O)(=O)c1ccc(-c2c(-c3ccccc3)noc2C)cc1,med_flex_hetero_sulfonyl
CC(=O)[C@H]1CC[C@H]2[C@@H]3CCC4=CC(=O)CC[C@]4(C)[C@H]3CC[C@]12C,med_rigid_no_arom_plain
C/C=C/c1ccc(OC)cc1,small_rigid_carbo_plain
CC=Cc1ccc(O)c(OC)c1,small_rigid_carbo_acid
CCN(CC)C(=S)SSC(=S)N(CC)CC,small_flex_no_arom_plain
COc1cc(Nc2ncc(F)c(Nc3ccc4c(n3)N(COP(=O)(O)O)C(=O)C(C)(C)O4)n2)cc(OC)c1OC,large_verylex_hetero_amide
CN(CCOP(=O)(O)O)C(=N)N,small_flex_no_arom_plain
Cc1cc(O)nc(S)n1,small_rigid_hetero_acid
[O-][n+]1ccccc1S,small_rigid_hetero_plain
O=C(O)[C@@H](S)[C@@H](S)C(=O)O,small_flex_no_arom_acid
COC(=O)C1=C(C)NC(C)=C(C(=O)OCCN(C)Cc2ccccc2)C1c1cccc([N+](=O)[O-])c1,large_verylex_carbo_plain
OCCOCCN1CCN(C(c2ccccc2)c2ccc(Cl)cc2)CC1,med_verylex_carbo_acid
Cn1c(CNc2ccc(C(=N)N)cc2)nc2cc(C(=O)N(CCC(=O)O)c3ccccn3)ccc21,large_verylex_hetero_amide
CCCCCCCCCCC[C@@H](C[C@@H]1OC(=O)[C@H]1CCCCCC)OC(=O)[C@H](CC(C)C)NC=O,large_verylex_no_arom_amide
O=C(O)c1ccccc1-c1c2ccc(=O)cc-2oc2cc(O)ccc12,med_rigid_carbo_acid
CCCCCNC(=N)NN=Cc1c[nH]c2ccc(OC)cc12,med_verylex_hetero_plain
CC(=O)Oc1ccc(C2(c3ccc(OC(C)=O)cc3)C(=O)Nc3ccccc32)cc1,med_flex_carbo_amide
CCC(CC)COC(=O)[C@H](C)N[P@](=O)(OC[C@H]1O[C@@](C#N)(c2ccc3c(N)ncnn23)[C@H](O)[C@@H]1O)Oc1ccccc1,large_verylex_hetero_acid
CC(N)Cc1ccc(O)cc1,small_rigid_carbo_acid
COCCCOc1cc(C[C@@H](C[C@H](N)[C@@H](O)C[C@H](C(=O)NCC(C)(C)C(N)=O)C(C)C)C(C)C)ccc1OC,large_verylex_carbo_amide
Nc1c2ccccc2nc2ccccc12,small_rigid_hetero_plain
CN1C(=O)OC(C)(C)C1=O,small_rigid_no_arom_amide
Oc1c(I)cc(I)c2cccnc12,med_rigid_hetero_acid
CCc1ccc(CCOc2ccc(CC3SC(=O)NC3=O)cc2)nc1,med_verylex_hetero_amide
Cc1cc(C=Cc2ccc3cc(N(C)C)ccc3[n+]2C)c(C)n1-c1ccccc1,med_flex_hetero_plain
CC(C)(O)CNc1nc(Nc2ccnc(C(F)(F)F)c2)nc(-c2cccc(C(F)(F)F)n2)n1,large_flex_hetero_acid
CCCCN1CCCC[C@H]1C(=O)Nc1c(C)cccc1C,small_flex_carbo_amide
CCc1nc(C(N)=O)c(Nc2ccc(N3CCC(N4CCN(C)CC4)CC3)c(OC)c2)nc1NC1CCOCC1,large_verylex_hetero_amide
CNC1(C)C2CCC(C2)C1(C)C,small_rigid_no_arom_plain
CC1=C(C(=O)O)N2C(=O)[C@@H](NC(=O)[C@H](N)c3ccccc3)[C@H]2SC1,med_flex_carbo_amide
CC[P](CC)(CC)=[Au][S][C@@H]1O[C@H](COC(C)=O)[C@@H](OC(C)=O)[C@H](OC(C)=O)[C@H]1OC(C)=O,large_verylex_no_arom_plain
C[C@@H](Oc1cc(-c2cnn(C3CCNCC3)c2)cnc1N)c1c(Cl)ccc(F)c1Cl,large_flex_hetero_plain
CC(O)c1cc(C(=O)N[C@@H](C)Cn2ccc(-c3ccc(C#N)c(Cl)c3)n2)n[nH]1,med_flex_hetero_amide
CN(CCOc1ccc(CC2SC(=O)NC2=O)cc1)c1ccccn1,med_verylex_hetero_amide
COc1cc(Nc2c(C#N)cnc3cc(OCCCN4CCN(C)CC4)c(OC)cc23)c(Cl)cc1Cl,large_verylex_hetero_plain
COc1cc(C(=O)NC2CCCNC2)cc(OC)c1OC,small_flex_carbo_amide
Nc1nc(F)nc2c1ncn2[C@@H]1O[C@H](CO)[C@@H](O)[C@@H]1O,small_rigid_hetero_acid
O=C1OCCN1N=Cc1ccc([N+](=O)[O-])o1,small_flex_hetero_amide
Nc1cc(-c2ccncc2)c[nH]c1=O,small_rigid_hetero_plain
Cc1ccc(-n2[nH]c(C)c(N/N=C3/C=CC=C(c4cccc(C(=O)O)c4)C3=O)c2=O)cc1C,med_flex_hetero_amide
CN(C)C(=O)C(CCN1CCC(O)(c2ccc(Cl)cc2)CC1)(c1ccccc1)c1ccccc1,large_verylex_carbo_amide
CC[C@]1(O)C[C@@H]2CN(CCc3c([nH]c4ccccc34)[C@@](C(=O)OC)(c3cc4c(cc3OC)N(C)[C@H]3[C@@](O)(C(=O)OC)[C@H](OC(C)=O)[C@]5(CC)C=CCN6CC[C@]43[C@@H]65)C2)C1,large_verylex_hetero_acid
C[C@@H]1CCC2[C@@H](C)[C@@H](O)O[C@@H]3OC4(C)CC[C@@H]1[C@@]23OO4,small_rigid_no_arom_acid
COC(=O)[C@H](c1ccccc1Cl)N1CCc2sccc2C1,med_flex_hetero_plain
C[C@H](/C=C/[C@H](C)C(C)(C)O)[C@H]1CC[C@H]2/C(=C/C=C3C[C@@H](O)C[C@H](O)C3)CCC[C@]12C,med_flex_no_arom_acid
COc1ccc(Cc2cnc(N)nc2N)cc1OC,small_flex_hetero_plain
CC(C)N(CCCCOCC(=O)NS(C)(=O)=O)c1cnc(-c2ccccc2)c(-c2ccccc2)n1,large_verylex_hetero_sulfonyl
COc1ccccc1OCCNCC(O)COc1cccc2[nH]c3ccccc3c12,med_verylex_hetero_acid
C[C@@H]1CCO[C@H]2Cn3cc(C(=O)NCc4ccc(F)cc4F)c(=O)c(O)c3C(=O)N12,med_flex_hetero_amide
CN(C)CCOC(C)(c1ccccc1)c1ccc(Br)cc1,med_flex_carbo_plain
COc1cccc2c1C(=O)c1c(O)c3c(c(O)c1C2=O)C[C@@](O)(C(=O)CO)C[C@@H]3O[C@H]1C[C@H](N)[C@H](O)[C@H](C)O1,large_flex_carbo_acid
CN1C[C@H](C(=O)N[C@]2(C)O[C@@]3(O)[C@@H]4CCCN4C(=O)[C@H](Cc4ccccc4)N3C2=O)C[C@@H]2c3cccc4[nH]cc(c34)C[C@H]21,large_flex_hetero_amide
CC(C)C[C@H](NC(=O)[C@@H](O)[C@H](N)Cc1ccccc1)C(=O)O,med_verylex_carbo_amide
CN1Cc2c(N)cccc2C(c2ccccc2)C1,small_rigid_carbo_plain
CC(C)CN(C[C@@H](O)[C@H](Cc1ccccc1)NC(=O)O[C@H]1CO[C@H]2OCC[C@H]21)S(=O)(=O)c1ccc(N)cc1,large_verylex_carbo_sulfonyl
CC1(C)N=C(N)N=C(N)N1c1ccc(Cl)cc1,small_rigid_carbo_plain
CN(C)C/C=C/C(=O)Nc1cc2c(Nc3ccc(F)c(Cl)c3)ncnc2cc1O[C@H]1CCOC1,large_verylex_hetero_amide
COC(=O)N[C@H](C(=O)N[C@@H](Cc1ccccc1)[C@@H](O)CN(Cc1ccc(-c2ccccn2)cc1)NC(=O)[C@@H](NC(=O)OC)C(C)(C)C)C(C)(C)C,large_verylex_hetero_amide
Cc1ccc(O)c([C@H](CCN(C(C)C)C(C)C)c2ccccc2)c1,med_verylex_carbo_acid
CC(C)C[C@H](NC(=O)[C@H](Cc1ccccc1)NC(=O)c1cnccn1)B(O)O,med_verylex_hetero_amide
CC(C)Cc1ccc(C(C)C(=O)OCc2ccccn2)cc1,small_flex_hetero_plain
CCC(=O)O[C@@H](OP(=O)(CCCCc1ccccc1)CC(=O)N1C[C@H](C2CCCCC2)C[C@H]1C(=O)O)C(C)C,large_verylex_carbo_amide
CC(C)n1c(/C=C/[C@@H](O)C[C@@H](O)CC(=O)O)c(-c2ccc(F)cc2)c2ccccc21,med_verylex_hetero_acid
CCCCc1oc2ccccc2c1C(=O)c1cc(I)c(OCCN(CC)CC)c(I)c1,large_verylex_hetero_plain
Nc1ncnc2c1ncn2CCOCP(=O)(O)O,small_flex_hetero_plain
CC1(C)CCC(CN2CCN(c3ccc(C(=O)NS(=O)(=O)c4ccc(NCC5CCOCC5)c([N+](=O)[O-])c4)c(Oc4cnc5[nH]ccc5c4)c3)CC2)=C(c2ccc(Cl)cc2)C1,large_verylex_hetero_sulfonyl
Clc1ccc(C(Cn2ccnc2)OCc2ccsc2Cl)c(Cl)c1,med_flex_hetero_plain
CCOc1ccc(CC2=NCCc3cc(OCC)c(OCC)cc32)cc1OCC,med_verylex_carbo_plain
CN(C)c1ccc(C(=C2C=CC(=[N+](C)C)C=C2)c2ccc(N(C)C)cc2)cc1,med_flex_carbo_plain
COc1ccc(O)cc1,small_rigid_carbo_acid
CCc1c2c(nc3ccc(OC(=O)N4CCC(N5CCCCC5)CC4)cc13)-c1cc3c(c(=O)n1C2)COC(=O)[C@]3(O)CC,large_flex_hetero_amide
CC[N+](CC)(CC)CCOc1cccc(OCC[N+](CC)(CC)CC)c1OCC[N+](CC)(CC)CC,large_verylex_carbo_plain
Cc1cc(/C=C/c2ccc3cc(N(C)C)ccc3[n+]2C)c(C)n1-c1ccccc1,med_flex_hetero_plain
c1ccc(-c2ccc(C(c3ccccc3)n3ccnc3)cc2)cc1,med_flex_hetero_plain
CC(C)NCC(O)c1ccccc1Cl,small_flex_carbo_acid
NCCCNCCSP(=O)(O)O,small_verylex_no_arom_plain
Cc1nnc(NS(=O)(=O)c2ccc(N)cc2)s1,small_flex_hetero_sulfonyl
NCCCC(O)(P(=O)(O)O)P(=O)(O)O,small_flex_no_arom_acid
C#CCN(C)[C@H](C)Cc1ccccc1,small_flex_carbo_plain
CN(C)C(=S)SSC(=S)N(C)C,small_rigid_no_arom_plain
NC(=O)NO,small_rigid_no_arom_amide
CC(=O)Nc1c(I)c(NC(C)=O)c(I)c(C(=O)O)c1I,large_flex_carbo_amide
CC(O)=C(C#N)C(=O)Nc1ccc(C(F)(F)F)cc1,small_rigid_carbo_amide
Cn1c(CCCC(=O)O)nc2cc(N(CCCl)CCCl)ccc21,med_verylex_hetero_acid
FC(F)OC(F)(F)C(F)Cl,small_flex_no_arom_plain
O=C(CCCCCCC(=O)Nc1ccccc1)NO,small_verylex_carbo_amide
N=C(N)NN=Cc1c(Cl)cccc1Cl,small_rigid_carbo_plain
O=C(Nc1nc2cccc(-c3ccc(CN4CCS(=O)(=O)CC4)cc3)n2n1)C1CC1,med_flex_hetero_sulfonyl
COc1ccc(OC)c(C(O)C(C)N)c1,small_flex_carbo_acid
NC(=O)CN1C[C@H](O)CC1=O,small_rigid_no_arom_amide
Clc1ccc(C(c2ccccc2Cl)C(Cl)Cl)cc1,med_flex_carbo_plain
Nc1ccc2cc3ccc(N)cc3nc2c1,small_rigid_hetero_plain
CCOC(=O)C(C)(C)Oc1ccc(Cl)cc1,small_flex_carbo_plain
COC(=O)N[C@H](C(=O)N1CCC[C@H]1c1ncc(-c2ccc(-c3ccc(-c4cnc([C@@H]5CCCN5C(=O)[C@@H](NC(=O)OC)C(C)C)[nH]4)cc3)cc2)[nH]1)C(C)C,large_verylex_hetero_amide
N[C@H](CO)C(=O)O,small_rigid_no_arom_acid
CC(COc1ccccc1)N(CCCl)Cc1ccccc1,med_verylex_carbo_plain
Cn1c(=O)c2c(ncn2CCOC(=O)C(C)(C)Oc2ccc(Cl)cc2)n(C)c1=O,med_flex_hetero_amide
CC[N+](C)(C)Cc1ccccc1Br,small_flex_carbo_plain
CNC(=O)c1cc(Oc2ccc(NC(=O)Nc3ccc(Cl)c(C(F)(F)F)c3)c(F)c2)ccn1,large_flex_hetero_amide
O=c1n(CCCN2CCN(c3cccc(Cl)c3)CC2)nc2ccccn12,med_flex_hetero_amide
CC(=O)O[C@H]1CC[C@@]2(C)C(=CC[C@@H]3[C@@H]2CC[C@]2(C)C(c4cccnc4)=CC[C@@H]32)C1,med_rigid_hetero_plain
CC(=O)N[C@@H](Cc1ccc(O)cc1)C(=O)O,small_flex_carbo_amide
COC1=C(OC)C(=O)C(CCCCCCCCCCO)=C(C)C1=O,med_verylex_no_arom_acid
COc1c(C)c2c(c(O)c1C/C=C(\C)CCC(=O)O)C(=O)OC2,med_flex_carbo_acid
O=C(c1cc(Cc2n[nH]c(=O)c3ccccc23)ccc1F)N1CCN(C(=O)C2CC2)CC1,med_flex_hetero_amide
Oc1ccc(OCc2ccccc2)cc1,small_flex_carbo_acid
CO[C@H]1C=CO[C@@]2(C)Oc3c(C)c(O)c4c(O)c(c(C=NN5CCN(C)CC5)c(O)c4c3C2=O)NC(=O)C(C)=CC=C[C@H](C)[C@H](O)[C@@H](C)[C@@H](O)[C@@H](C)[C@H](OC(C)=O)[C@@H]1C,large_flex_carbo_amide
COc1ccc([C@@H]2Sc3ccccc3N(CCN(C)C)C(=O)[C@@H]2OC(C)=O)cc1,med_flex_carbo_amide
COc1ccc(CCN(C)CCCC(C#N)(c2ccc(OC)c(OC)c2)C(C)C)cc1OC,large_verylex_carbo_plain
CCCN1CCCC[C@H]1C(=O)Nc1c(C)cccc1C,small_flex_carbo_amide
Nc1ccncc1,small_rigid_hetero_plain
Cc1ccccc1-c1cc(N2CCN(C)CC2)ncc1N(C)C(=O)C(C)(C)c1cc(C(F)(F)F)cc(C(F)(F)F)c1,large_flex_hetero_amide
CSCCC(N)C(=O)O,small_flex_no_arom_acid
Cc1onc(-c2ccccc2Cl)c1C(=O)N[C@@H]1C(=O)N2[C@@H]1SC(C)(C)[C@@H]2C(=O)O,med_flex_hetero_amide
Cc1nn(C)cc1S(=O)(=O)NC(=O)c1ccc(-n2ccc(OCC(C)(C)C(F)(F)F)n2)nc1N1C[C@@H](C)CC1(C)C,large_verylex_hetero_sulfonyl
Cc1ccc(NC(=O)C2(c3ccc4c(c3)OC(F)(F)O4)CC2)nc1-c1cccc(C(=O)O)c1,large_flex_hetero_amide
CCCSc1ccc2nc(NC(=O)OC)[nH]c2c1,small_flex_hetero_amide
OCCN(CCO)c1nc(N2CCCCC2)c2nc(N(CCO)CCO)nc(N3CCCCC3)c2n1,large_verylex_hetero_acid
O=C1C(CCS(=O)c2ccccc2)C(=O)N(c2ccccc2)N1c1ccccc1,med_flex_carbo_sulfonyl
CCCc1nc2c(C)cc(-c3nc4ccccc4n3C)cc2n1Cc1ccc(-c2ccccc2C(=O)O)cc1,large_verylex_hetero_acid
C[C@H]1C[C@H]2[C@@H]3CCC4=CC(=O)C=C[C@]4(C)[C@@]3(F)[C@@H](O)C[C@]2(C)[C@@]1(O)C(=O)CO,med_rigid_no_arom_acid
CC1(C)[C@H](C(=O)O)N2C(=O)C[C@H]2S1(=O)=O,small_rigid_no_arom_sulfonyl
COc1cc2c(cc1OC)C1CC(=O)C(CC(C)C)CN1CC2,med_flex_carbo_plain
COC(=O)C1=C(C)NC(C)=C(C(=O)OCC(C)C)C1c1ccccc1[N+](=O)[O-],med_flex_carbo_plain
O=C1[C@H](CC[C@H](O)c2ccc(F)cc2)[C@@H](c2ccc(O)cc2)N1c1ccc(F)cc1,med_flex_carbo_amide
CCn1nc(C(=O)O)c(=O)c2cc3c(cc21)OCO3,small_rigid_hetero_acid
CCc1nc(N)nc(N)c1-c1ccc(Cl)cc1,small_rigid_hetero_plain
CCOC(=O)C1=C(C)NC(C)=C(C(=O)OC)C1c1cccc(Cl)c1Cl,med_flex_carbo_plain
COCCOC(=O)C1=C(C)NC(C)=C(C(=O)OC(C)C)C1c1cccc([N+](=O)[O-])c1,med_verylex_carbo_plain
Cc1cn([C@H]2C=C[C@@H](CO)O2)c(=O)[nH]c1=O,small_rigid_hetero_amide
CN(C/C=C/C#CC(C)(C)C)Cc1cccc2ccccc12,small_flex_carbo_plain
Cc1nc(Nc2ncc(C(=O)Nc3c(C)cccc3Cl)s2)cc(N2CCN(CCO)CC2)n1,large_verylex_hetero_amide
Cc1ccc(-c2ccc(C)cn2)nc1,small_rigid_hetero_plain
CN(C)CC/C=C1/c2ccccc2Sc2ccc(Cl)cc21,med_flex_carbo_plain
CC1Cc2ccccc2N1NC(=O)c1ccc(Cl)c(S(N)(=O)=O)c1,med_flex_carbo_sulfonyl
CCCCC1C(=O)N(c2ccccc2)N(c2ccccc2)C1=O,med_flex_carbo_amide
CC(C)OC(=O)C(C)(C)Oc1ccc(C(=O)c2ccc(Cl)cc2)cc1,med_flex_carbo_plain
CN1CCN2c3ncccc3Cc3ccccc3C2C1,small_rigid_hetero_plain
Nc1ncn([C@@H]2O[C@H](CO)[C@@H](O)[C@H]2O)c(=O)n1,small_rigid_hetero_amide
COc1cc(C=CC(=O)CC(=O)C=Cc2ccc(O)c(OC)c2)ccc1O,med_verylex_carbo_acid
O=C(O)CCC(=O)c1ccc(-c2ccccc2)cc1,small_flex_carbo_acid
C[C@]12CC[C@@H]3c4ccc(O)cc4CC[C@H]3[C@@H]1CCC2=O,small_rigid_carbo_acid
Clc1ccccc1CN1CCc2sccc2C1,small_rigid_hetero_plain
Oc1c(Cl)cc(Cl)c2cccnc12,small_rigid_hetero_acid
O=C1OC(c2ccc(O)cc2)(c2ccc(O)cc2)c2ccccc21,med_rigid_carbo_acid
CC(C)c1nc(CN(C)C(=O)N[C@H](C(=O)N[C@@H](Cc2ccccc2)C[C@H](O)[C@H](Cc2ccccc2)NC(=O)OCc2cncs2)C(C)C)cs1,large_verylex_hetero_amide
CCN(CC)CCCC(C)Nc1ccnc2cc(Cl)ccc12,med_verylex_hetero_plain
C#Cc1cccc(Nc2ncnc3cc(OCCOC)c(OCCOC)cc23)c1,med_verylex_hetero_plain
COc1cc2c(cc1OC)C(=O)C(CC1CCN(Cc3ccccc3)CC1)C2,med_flex_carbo_plain
CC#C[C@]1(O)CC[C@H]2[C@@H]3CCC4=CC(=O)CCC4=C3[C@@H](c3ccc(N(C)C)cc3)C[C@@]21C,med_rigid_carbo_acid
CCN(CC)CC#CCOC(=O)C(O)(c1ccccc1)C1CCCCC1,med_verylex_carbo_acid
CS(=O)(=O)CCNCc1ccc(-c2ccc3ncnc(Nc4ccc(OCc5cccc(F)c5)c(Cl)c4)c3c2)o1,large_verylex_hetero_sulfonyl
Nc1ccc(S(=O)(=O)Nc2ccccn2)cc1,small_flex_hetero_sulfonyl
COc1ccc(Cl)cc1C(=O)NCCc1ccc(S(=O)(=O)NC(=O)NC2CCCCC2)cc1,large_verylex_carbo_sulfonyl
Nc1ccc(S(N)(=O)=O)cc1,small_rigid_carbo_sulfonyl
O=[N+]([O-])c1ccc(O)c2ncccc12,small_rigid_hetero_acid
CCCCC1C(=O)N(c2ccccc2)N(c2ccc(O)cc2)C1=O,med_flex_carbo_amide
CC[C@@]1(O)C(=O)OCc2c1cc1n(c2=O)Cc2cc3c(CN(C)C)c(O)ccc3nc2-1,med_flex_hetero_amide
Cc1cccc(Nc2ccncc2S(=O)(=O)NC(=O)NC(C)C)c1,med_flex_hetero_sulfonyl
CCCc1nc(C)c2c(=O)nc(-c3cc(S(=O)(=O)N4CCN(CC)CC4)ccc3OCC)[nH]n12,large_verylex_hetero_sulfonyl
CC(=O)O[C@]1(C(C)=O)CC[C@H]2[C@@H]3CCC4=CC(=O)CCC4=C3[C@@H](c3ccc(N(C)C)cc3)C[C@@]21C,large_flex_carbo_plain
Nc1nc(Cl)nc2c1ncn2[C@@H]1O[C@H](CO)[C@@H](O)[C@@H]1F,med_rigid_hetero_acid
C[C@H]1O[C@@H](O[C@H]2[C@@H](O)C[C@H](O[C@H]3[C@@H](O)C[C@H](O[C@H]4CC[C@@]5(C)[C@H](CC[C@@H]6[C@@H]5CC[C@]5(C)[C@@H](C7=CC(=O)OC7)CC[C@]65O)C4)O[C@@H]3C)O[C@@H]2C)C[C@H](O)[C@@H]1O,large_verylex_no_arom_acid
C#C[C@]1(O)CC[C@H]2[C@@H]3CCC4=CC(=O)CC[C@@H]4[C@H]3CC[C@@]21CC,med_rigid_no_arom_acid
COc1cc(C(=O)NS(=O)(=O)c2ccccc2C)ccc1Cc1cn(C)c2ccc(NC(=O)OC3CCCC3)cc12,large_verylex_hetero_sulfonyl
C#C[C@]1(O)CC[C@H]2[C@@H]3CCc4cc(O)ccc4[C@H]3CC[C@@]21C,small_rigid_carbo_acid
CCCc1nc(C(C)(C)O)c(C(=O)O)n1Cc1ccc(-c2ccccc2-c2nnn[nH]2)cc1,med_verylex_hetero_acid
CCN(CC)CCNC(=O)c1c(C)[nH]c(/C=C2\C(=O)Nc3ccc(F)cc32)c1C,med_verylex_hetero_amide
CC/C(=C(/CC)c1ccc(O)cc1)c1ccc(O)cc1,small_flex_carbo_acid
C#CCN(C)Cc1ccccc1,small_flex_carbo_plain
COC(=O)Nc1nc2ccc(C(=O)c3ccccc3)cc2[nH]1,small_flex_hetero_amide
CO[C@H]1C[C@@H]2CC[C@@H](C)[C@@](O)(O2)C(=O)C(=O)N2CCCC[C@H]2C(=O)O[C@H]([C@H](C)C[C@@H]2CC[C@@H](OCCO)[C@H](OC)C2)CC(=O)[C@H](C)C=C(C)[C@@H](O)[C@@H](OC)C(=O)[C@H](C)C[C@H](C)C=CC=CC=C1C,large_verylex_no_arom_amide
CC(C)CN(C[C@@H](O)[C@H](Cc1ccccc1)NC(=O)O[C@H]1CCOC1)S(=O)(=O)c1ccc(N)cc1,large_verylex_carbo_sulfonyl
CC(=O)O[C@@]12CO[C@@H]1C[C@H](O)[C@@]1(C)C(=O)[C@H](O)C3=C(C)[C@@H](OC(=O)[C@H](O)[C@@H](NC(=O)OC(C)(C)C)c4ccccc4)C[C@@](O)([C@@H](OC(=O)c4ccccc4)[C@H]21)C3(C)C,large_verylex_carbo_amide
Nc1ccn([C@@H]2O[C@H](CO)[C@@H](O)[C@@H]2O)c(=O)n1,small_rigid_hetero_amide
CCCC(=O)N1CCCN(c2nc(N)c3cc(OC)c(OC)cc3n2)CC1,med_flex_hetero_amide
O=C1Nc2ccc(Cl)cc2[C@@](C#CC2CC2)(C(F)(F)F)O1,med_rigid_carbo_amide
O=C(C1CCCCC1)N1CC(=O)N2CCc3ccccc3C2C1,med_rigid_carbo_amide
COc1cc(Cc2cnc(N)nc2N)cc(OC)c1OC,small_flex_hetero_plain
COc1cc(NS(=O)(=O)c2ccc(N)cc2)nc(OC)n1,med_flex_hetero_sulfonyl
COC(=O)c1ccc2c(c1)NC(=O)/C2=C(\Nc1ccc(N(C)C(=O)CN2CCN(C)CC2)cc1)c1ccccc1,large_verylex_carbo_amide
CCc1c2c(nc3ccc(O)cc13)-c1cc3c(c(=O)n1C2)COC(=O)[C@]3(O)CC,med_rigid_hetero_amide
CCCc1nn(C)c2c(=O)nc(-c3cc(S(=O)(=O)N4CCN(C)CC4)ccc3OCC)[nH]c12,large_verylex_hetero_sulfonyl
CCCc1nc(C(C)(C)O)c(C(=O)OCc2oc(=O)oc2C)n1Cc1ccc(-c2ccccc2-c2nnn[nH]2)cc1,large_verylex_hetero_acid
CCOC(=O)N1CCC(=C2c3ccc(Cl)cc3CCc3cccnc32)CC1,med_rigid_hetero_amide
Cc1cnc(NC(=O)C2=C(O)c3ccccc3S(=O)(=O)N2C)s1,med_rigid_hetero_sulfonyl
Nc1nc2[nH]cc(CCc3ccc(C(=O)N[C@H](CCC(=O)O)C(=O)O)cc3)c2c(=O)[nH]1,med_verylex_hetero_amide
CCCC(=O)OCOC(=O)C1=C(C)NC(C)=C(C(=O)OC)C1c1cccc(Cl)c1Cl,large_verylex_carbo_plain
O=c1cccc2n1C[C@@H]1CNC[C@H]2C1,small_rigid_hetero_amide
CN(C)CCCN1c2ccccc2CCc2ccc(Cl)cc21,med_flex_carbo_plain
c1ccc2[nH]c(-c3cscn3)nc2c1,small_rigid_hetero_plain
CN(C)c1ccc2nc3ccc(=[N+](C)C)cc-3sc2c1,small_rigid_carbo_plain
COc1ccccc1N1CCN(CC(O)COc2cccc3ccccc23)CC1,med_verylex_carbo_acid
O=C(CCCN1CCC(n2c(=O)[nH]c3ccccc32)CC1)c1ccc(F)cc1,med_flex_hetero_amide
CN1CCN(CCCN2c3ccccc3Sc3ccc(Cl)cc32)CC1,med_flex_carbo_plain
COC(=O)[C@H]1[C@H]2C[C@@H]3c4[nH]c5cc(OC)ccc5c4CCN3C[C@H]2C[C@@H](OC(=O)c2cc(OC)c(OC)c(OC)c2)[C@@H]1OC,large_verylex_hetero_plain
CN(C)CCCN1c2ccccc2Sc2ccc(C(F)(F)F)cc21,med_flex_carbo_plain
CN1CCN(CCCN2c3ccccc3Sc3ccc(C(F)(F)F)cc32)CC1,med_flex_carbo_plain
NC(=O)C(c1ccccc1)(c1ccccc1)[C@@H]1CCN(CCc2ccc3c(c2)CCO3)C1,med_verylex_carbo_amide
COc1ccccc1Oc1c(NS(=O)(=O)c2ccc(C(C)(C)C)cc2)nc(-c2ncccn2)nc1OCCO,large_verylex_hetero_sulfonyl
CC/C(=C(\c1ccccc1)c1ccc(OCCN(C)C)cc1)c1ccccc1,med_verylex_carbo_plain
OCCOCCN1CCN(C2=Nc3ccccc3Sc3ccccc32)CC1,med_flex_carbo_acid
O=C(CCCN1CCC(O)(c2ccc(Cl)cc2)CC1)c1ccc(F)cc1,med_flex_carbo_acid
CCc1nn(CCCN2CCN(c3cccc(Cl)c3)CC2)c(=O)n1CCOc1ccccc1,large_verylex_hetero_amide
O=C1[C@@H]2[C@H]3CC[C@H](C3)[C@@H]2C(=O)N1C[C@@H]1CCCC[C@H]1CN1CCN(c2nsc3ccccc23)CC1,large_flex_hetero_amide
O=C(c1ccc(OCCN2CCCCC2)cc1)c1c(-c2ccc(O)cc2)sc2cc(O)ccc12,large_verylex_hetero_acid
CNC[C@H](O)c1cccc(O)c1,small_flex_carbo_acid
Cc1nc2c([nH]1)-c1ccccc1N(C(=O)c1ccc(NC(=O)c3ccccc3-c3ccccc3)cc1)CC2,large_flex_hetero_amide
O=S(=O)(c1cccc2cnccc12)N1CCCNCC1,small_rigid_hetero_sulfonyl
CNC(C)Cc1ccccc1OC,small_flex_carbo_plain
CNCCc1ccccn1,small_flex_hetero_plain
NCc1ccc(S(N)(=O)=O)cc1,small_rigid_carbo_sulfonyl
CCOC(=O)N1CSCC1C(=O)O,small_rigid_no_arom_amide
Cn1c(Cc2cccs2)nc2cc(C(=O)N3CC(Cc4ccc(F)cc4F)C3)ccc21,med_flex_hetero_amide
CC1C(=O)Nc2cc(-c3nc(-c4ccc(N5CCCC5)nc4)no3)ccc2N1C,med_flex_hetero_amide
Cc1cc(F)c2c(c1)NC(C(=O)NCC1CC13CCSCC3)C2,med_flex_carbo_amide
CC(C)(C(=O)N1CCCc2occc2C1)c1ccc(Cl)cc1,med_rigid_hetero_amide
CCN(CC)C(=O)CSc1nnc(-c2cc(Cl)ccc2OC)[nH]1,med_verylex_hetero_amide
Cc1ccccc1-c1noc(C(C)N2CCCC2c2c(C)nn(C)c2C)n1,med_flex_hetero_plain
CC(C)(C)[C@@H]1OCC[C@H]1c1noc(C2OCCc3ccccc32)n1,med_rigid_hetero_plain
CN(C(=O)C1(c2c(Cl)cccc2Cl)CCC1)[C@H]1C[C@@H](C(N)=O)C1,med_flex_carbo_amide
Cn1ncc2ccc(CNc3ncnc4ccc(F)cc34)cc21,med_flex_hetero_plain
COc1ccc2c(-c3ccccc3)c(C(=O)NC(C)C)oc2c1,med_flex_hetero_amide
Cc1cc(F)ccc1-n1ccc(NC(=O)NCCS(=O)(=O)Nc2ccccc2)n1,med_verylex_hetero_sulfonyl
Cc1cc(NCc2ccccc2OC(C)C)cc(C(N)=O)c1,small_flex_carbo_amide
Cc1nc2scc(C)n2c(=O)c1S(=O)(=O)Nc1cccc(C(F)(F)F)c1,med_flex_hetero_sulfonyl
Cc1cccc(-c2cncc(C(=O)N3CCc4ccc(S(=O)(=O)N5CCCC5)cc43)c2)c1,med_flex_hetero_sulfonyl
Cc1n[nH]c2ccc(-c3cc4n(c3)C(C3CC3)CNC4=O)cc12,med_rigid_hetero_amide
CCOc1cccc(NS(=O)(=O)c2ccnn2C2CCC2)n1,med_flex_hetero_sulfonyl
CCn1c(-c2n[nH]c(=O)c3ccccc23)nnc1N1Cc2ccccc2C(c2ccccc2)C1,med_flex_hetero_plain
Cc1ccc(S(=O)(=O)Nc2cccc3nccnc23)cc1Cl,med_flex_hetero_sulfonyl
COCC1CN(C(=O)NCc2ccccc2OC2CCCC2)CC(C)O1,med_flex_carbo_amide
Cc1cc(NS(=O)(=O)c2cc(C)c(F)c(C)c2)n(-c2ccc([N+](=O)[O-])cc2)n1,med_flex_hetero_sulfonyl
CC(=O)NC1Cc2ccccc2N(Cc2c[nH]nc2-c2ccc(C)o2)C1,med_flex_hetero_amide
CC1CN(Cc2cn(C)nc2-c2ccc(C#N)cc2)C1c1ccccc1,med_flex_hetero_plain
COC(=O)CN(CCc1ccccc1)C(=O)c1ccc(C2(C(F)(F)F)N=N2)cc1,med_verylex_carbo_amide
CNC(=O)Cn1ccc2ccc(NC(=O)C3(c4cc(F)cc(F)c4)CCCC3)cc21,med_flex_hetero_amide
CCc1cccc(C)c1NS(=O)(=O)c1cn(C(C)C)cn1,med_flex_hetero_sulfonyl
COCCN(C1CC1)S(=O)(=O)c1cccc2ccn(C)c12,med_flex_hetero_sulfonyl
CCc1c(C(=O)NC2(CNC(=O)C3COC(C)C3)CCCC2)oc2ccccc12,med_flex_hetero_amide
N#Cc1ccnnc1N1CCCC(c2c[nH]c3ncccc23)C1,med_rigid_hetero_plain
CC(C)(C(=O)Nc1cc(C2CCOCC2)[nH]n1)c1cccc(Cl)c1F,med_flex_hetero_amide
COc1nccc(C(=O)N2CCCCC2Cc2ccccc2F)n1,med_flex_hetero_amide
O=C1CCCN1Cc1ccc(Nc2nccc(Oc3ccccc3)n2)cc1,med_flex_hetero_amide
O=C(Cc1cn2cc(Cl)cc(Cl)c2n1)NCC(c1ccccc1)N1CCOCC1,med_flex_hetero_amide
Cc1noc2nc(-c3cccc(C(F)(F)F)c3)cc(C(=O)N3CCSCC(C)C3)c12,med_rigid_hetero_amide
Cc1cc(-c2cc(C(=O)Nc3cccc(Cn4ccnc4)c3)c3c(C)noc3n2)c(C)o1,med_flex_hetero_amide
Cc1c(CNS(=O)(=O)c2cocc2Br)noc1-c1ccccc1,med_flex_hetero_sulfonyl
O=C(NCc1cc2ccccc2o1)C1(Cc2ccc(F)cc2)CCOCC1,med_flex_hetero_amide
COc1ccccc1-n1ncc(C(=O)NCC2(Cc3ccc(F)cc3)CC2)c1C,med_verylex_hetero_amide
O=C(c1cccc([N+](=O)[O-])c1)N1CCN(C2c3ccccc3-c3ccccc32)CC1,med_flex_carbo_amide
COc1cccc(OCCN2CCN(C(=O)c3scnc3C(C)(C)C)CC2)c1,med_flex_hetero_amide
COc1cccc(C2(CNC(=O)Cc3c(C)nn(-c4nc(C)cc(C)n4)c3C)CCCC2)c1,med_verylex_hetero_amide
COc1cccc(CC2CCN(C(=O)Nc3ccnc(C)n3)CC2)c1,med_flex_hetero_amide
CC(NC(=O)c1ncsc1Nc1ccccc1)c1ccc(NC(N)=O)cc1,med_flex_hetero_amide
CCS(=O)(=O)Nc1cc(OC)ccc1S(=O)(=O)N1CCCC(C)C1,med_flex_carbo_sulfonyl
CC1(C)CN(S(=O)(=O)CCn2cnnn2)C1c1ccccc1,med_flex_hetero_sulfonyl
Cn1nccc1S(=O)(=O)N1Cc2ccccc2C(c2ccccc2)C1,med_flex_hetero_sulfonyl
CNC(=O)CC1CCN(S(=O)(=O)c2cc(C(F)(F)F)ccc2NC2CCC2C2CC2)CC1,large_verylex_carbo_sulfonyl
CCS(=O)(=O)Nc1ccccc1C(=O)Nc1cc(C2CC2)n(C)n1,med_flex_hetero_sulfonyl
CN1CCN(S(=O)(=O)c2cc3ccccc3o2)C(c2ccccc2)C1,med_flex_hetero_sulfonyl
Cc1cc(C)c(S(=O)(=O)Nc2cc(C(=O)NC(C)c3cccnc3)ccc2C)c(C)c1,med_flex_hetero_sulfonyl
Cc1cc(F)cc2c1N(S(=O)(=O)c1n[nH]c3ncccc13)CCC2,med_rigid_hetero_sulfonyl
O=C(NCc1ccccc1N1CCCC1)c1occc1COc1ccccc1,med_verylex_hetero_amide
Cc1cccn2cc(CC(=O)NC3CCCOc4cc(F)ccc43)nc12,med_flex_hetero_amide
CCS(=O)(=O)N1CCC(C(=O)N2CC(C)(C)C2C(C)C)CC1,med_flex_no_arom_sulfonyl
O=C(NCC1(c2ccccn2)CCC1)c1cccc(-c2noc(C(F)(F)F)n2)c1,med_flex_hetero_amide
O=S(=O)(Nc1cc(F)c(F)cc1Cl)c1cnn(C2CCOC2)c1,med_flex_hetero_sulfonyl
O=S(=O)(Nc1cnc2c(c1)CCC2)c1ccccc1C(F)F,med_flex_hetero_sulfonyl
O=C(Cc1cccc(F)c1)NCC(=O)N1CC=C(c2c[nH]c3ncccc23)CC1,med_flex_hetero_amide
Cc1ccc(NC(=O)C2CCCN(C(=O)C3(c4cccc(C(F)(F)F)c4)CC3)C2)nc1,med_flex_hetero_amide
COc1ccccc1-c1nn(C)cc1C(=O)N[C@@H](C)c1ccc(-n2cccn2)c(F)c1,med_flex_hetero_amide
Cc1ccc(CNc2nc3ccccc3n2C(C)C)nc1,small_flex_hetero_plain
CN(C)S(=O)(=O)c1ccccc1CNC(=O)N1CC(C)(C)C1c1ccccc1,med_flex_carbo_sulfonyl
CSc1ccnc(N2CCCC(C)(CNC(=O)C3(C)CCC3)C2)n1,med_flex_hetero_amide
CCOc1ccc(NS(=O)(=O)c2ccc(C)cc2C)cc1OCC,med_verylex_carbo_sulfonyl
Cc1cc(NC(=O)CCc2c[nH]nn2)cnc1N1CCCCC1C,med_flex_hetero_amide
Cc1ccc(-n2nc(C)cc2NC(=O)CN2CCOCC3(CCCC3)C2)cc1,med_flex_hetero_amide
CCCC(C)c1cc(NS(=O)(=O)c2ccc(OC)cc2CC(=O)OC)[nH]n1,med_verylex_hetero_sulfonyl
CNC(=O)[C@H](Cc1c[nH]c2ccccc12)NC(=O)c1cc(C#N)c(SC)[nH]c1=O,med_flex_hetero_amide
CC(C)N(C)c1ccccc1NS(=O)(=O)c1cnn(C2CCC2)c1,med_flex_hetero_sulfonyl
CC1CN(C(=O)NCC2CCOc3ccccc32)Cc2ccccc2O1,med_rigid_carbo_amide
Cc1nc(C(=O)NC(C)C(C)(C)c2ccccc2)nn1-c1nnc(C(F)(F)F)[nH]1,med_flex_hetero_amide
COc1ccc(C(NC(=O)N2Cc3ccccc3C2)C2CC2)cn1,med_flex_hetero_amide
C[C@H]1C[C@H](NC(=O)C2(c3ccc(F)cc3F)CCC2)c2ccsc2S1(=O)=O,med_flex_hetero_sulfonyl
CCC1CCc2nc(NC(=O)c3c(C)nn(C)c3-n3cccn3)sc2C1,med_flex_hetero_amide
CNC(=O)CCOc1ccc(Nc2ncnc3ccsc23)cc1,med_flex_hetero_amide
CN(C)C(=O)[C@@H]1CCCN1c1nc(-c2ccccc2C(F)(F)F)cs1,med_flex_hetero_amide
Cc1cc(C)cc(-c2nnc(NC(=O)N3CCNC(=O)C3C(C)C)s2)c1,med_flex_hetero_amide
Cc1nc(NCc2ccc(N3CCOC(C)C3)nc2)c2c(C)csc2n1,med_flex_hetero_plain
CCn1ncc2c(=O)n(CC3CCC(c4ccccc4)CC3)cnc21,med_flex_hetero_amide
Cc1cc(C(=O)NCc2cccc(-c3cccnc3)c2)n(C)n1,med_flex_hetero_amide
O=C(NCc1ncc[nH]1)C1(c2cccc(Br)c2)CCCCC1,med_flex_hetero_amide
Cn1cc(-c2ccc(C(=O)N3CCCC(n4ccnn4)CC3)o2)cn1,med_flex_hetero_amide
O=C(NCc1ccc2occc2c1)NC1CCCc2cn(C3CCCC3)nc21,med_flex_hetero_amide
CC(C)c1[nH]ccc1C(=O)NC1COc2c1ccc(Cl)c2Cl,med_flex_hetero_amide
COC1(C(=O)NC2CCN(c3ccccc3OC(F)F)C2)CCCCC1,med_flex_carbo_amide
Cc1ccc(F)c2c1CCCN2C(=O)c1nc(-c2cnn(C)c2)oc1C,med_rigid_hetero_amide
CC(C)(C)c1ncc(C(=O)NCC(C)(O)c2ccc(F)cc2F)cn1,med_flex_hetero_amide
O=C(NCc1cccc(CO)c1)N1CCCC1Cc1ccc(F)cc1,med_flex_carbo_amide
CCCOc1cn(-c2ccccc2)nc1C(=O)NC1CCCN(S(C)(=O)=O)C1,med_verylex_hetero_sulfonyl
Cc1csc(C(C)(C)NC(=O)c2cc3c(C)c(C)ccc3[nH]2)n1,med_flex_hetero_amide
CC(C)C(Cc1ccc(F)cc1)N(C)C(=O)Cc1ncccc1F,med_flex_hetero_amide
Cc1c[nH]c(-c2ccccc2NC(=O)c2cc(C(N)=O)co2)n1,med_flex_hetero_amide
O=C(c1ccc(-n2cnc3ccccc32)cc1)N1CCCC(OCCO)C1,med_flex_hetero_amide
Cc1cccc(S(=O)(=O)N2CC(c3ccccc3)OCC2(C)C)c1C#N,med_flex_carbo_sulfonyl
COc1ccc(CNC(=O)N2CC3(CC=CC3)C2C(C)C)cc1OC(F)F,med_flex_carbo_amide
O=C(NC(Cc1ccccc1)c1ncco1)N[C@H]1CCC[C@@H](C2CC2)C1,med_flex_hetero_amide
Cc1cc(Cl)cc(C(=O)N(C(C)CS(C)(=O)=O)C2CC2)c1,med_flex_carbo_sulfonyl
Cc1cccc(Cl)c1S(=O)(=O)Nc1cc2n(n1)CCCC2,med_flex_hetero_sulfonyl
CN(C)S(=O)(=O)c1ccc(C(=O)N2CCCc3ccccc3CC2)cn1,med_flex_hetero_sulfonyl
Cc1cccc2c1N(C(=O)CCc1nc(C3CCCC3)no1)CCC2,med_flex_hetero_amide
CC(C)C1CCc2ccccc2N1C(=O)c1csc(-c2cnn(C)c2)n1,med_flex_hetero_amide
CC1CCCN(c2cc(C(=O)N3CCCc4cc(C#N)ccc43)ccn2)C1,med_rigid_hetero_amide
CCN1c2ccccc2N(CC(=O)N2CCCc3ccccc32)S1(=O)=O,med_flex_carbo_sulfonyl
CC(CS(C)(=O)=O)c1nc(C2(c3cccc(Cl)c3)CCC2)no1,med_flex_hetero_sulfonyl
CCc1ccc(NC(=O)N2CC(COC)(C3CCC3)C2)cc1F,med_flex_carbo_amide
COc1nn(C)cc1NC(=O)N1CC(Cc2ccccc2Br)C1,med_flex_hetero_amide
Cc1ccc(C2(NC(=O)c3ccc(F)c(S(C)(=O)=O)c3)CCC2)cc1,med_flex_carbo_sulfonyl
COc1ccc(C2(c3noc(CC4CCOCC4)n3)CCCC2)cc1OC,med_flex_hetero_plain
O=S(=O)(c1ccccn1)N1CC2(CCCCC2)C1c1ccccc1,med_flex_hetero_sulfonyl
CC1(C)C(CNC(=O)NCc2cccc3ccsc23)C1(F)F,med_flex_hetero_amide
CN1CCCN(S(=O)(=O)c2cccc(NCc3cc(F)cc(C(F)(F)F)c3)c2)CC1,med_flex_carbo_sulfonyl
COC(=O)c1sccc1C(=O)N1CC(c2ccccc2)(C(C)C)C1,med_flex_hetero_amide
c1ccc(COc2cccc(CNc3ncnc4sccc34)c2)nc1,med_flex_hetero_plain
Cc1ccoc1C(=O)N1CCCCC1c1nc(-c2ccccc2)c[nH]1,med_flex_hetero_amide
COc1cncc(N2CCN(C(=O)c3c(OC)cnc4ccccc34)CC2)c1,med_flex_hetero_amide
CC1(C)CC(NC(=O)Nc2ccn(CC(F)(F)F)n2)c2ccccc21,med_flex_hetero_amide
CCOC(CS(=O)(=O)N1CCCN(c2ccc(F)c(F)c2)CC1)C1CC1,med_verylex_carbo_sulfonyl
Cc1nn(C(C)(C)C)cc1C(C)NC(=O)N1CCOc2cccc(F)c2C1,med_rigid_hetero_amide
CC(C)(C)c1ccc(S(=O)(=O)N2CC(O)Cc3ccccc32)s1,med_rigid_hetero_sulfonyl
O=C(c1ccccc1)N1CCC(Nc2cc(C(F)(F)F)nc3ncnn23)CC1,med_flex_hetero_amide
Cc1cc(C(C)C)nc(N2CCN(C(C)c3nc(C4CC4)no3)CC2)n1,med_flex_hetero_plain
CC(C)C1CCc2ccccc2N1C(=O)Cn1ncc(=O)c2ccccc21,med_flex_hetero_amide
O=C(NCCc1ccccc1OC(F)F)N1CCOCC(C2CCC2)C1,med_flex_carbo_amide
Cn1ncc(C(=O)N(Cc2ccccc2)C2CCCC2(C)C)c1C#N,med_flex_hetero_amide
C[C@@H](NC(=O)NC(C1CC1)C1CCCCO1)c1ccc(-n2cccn2)c(F)c1,med_flex_hetero_amide
O=C(CCc1ccncc1)N1CCC(Cc2ccccc2)C1,small_flex_hetero_amide
Cc1nc(CC(=O)Nc2sc3c(c2C#N)CCCCCC3)c(C)s1,med_flex_hetero_amide
Cc1sc(NC(=O)CN(C(C)C)C2COC2)c(C#N)c1C,med_flex_hetero_amide
Cc1cccc(C)c1C1CCCN1C(=O)NCc1nccn1CC(C)C,med_flex_hetero_amide
Cc1ccc(S(=O)(=O)N(C)Cc2ccn(C(C)C)n2)cc1C,med_flex_hetero_sulfonyl
Cc1cc(C(=O)NC2CCN(c3ccccn3)C2)ncn1,small_flex_hetero_amide
Cc1ccc(Cl)c(S(=O)(=O)N2CCN(C(=O)C3CC3)C2)c1Cl,med_flex_carbo_sulfonyl
CC(C)c1noc(=O)n1CC(=O)N1c2ccccc2CCC1C,med_flex_hetero_amide
CC(C)c1ccc(OCC(=O)N2CCCN(C(=O)C3CC3)CC2)cc1,med_flex_carbo_amide
N#Cc1cc(C(=O)N2CC3(CCCCC3)C2c2ccccc2)c[nH]1,med_rigid_hetero_amide
Cc1[nH]c2ccccc2c1CC(=O)NC1CCCOC1CC(C)C,med_flex_hetero_amide
CC(O)CN(c1ccccc1)S(=O)(=O)N1CCc2ccccc2C1,med_flex_carbo_sulfonyl
Cc1csc2c(=O)n(CC(=O)N3c4ccccc4CCC3C)cnc12,med_rigid_hetero_amide
CCn1ccnc1C1CCCCN1C(=O)c1ccc2[nH]c(C)c(C)c2c1,med_flex_hetero_amide
O=C(C1CC1)N1CCCN(c2ccccc2S(=O)(=O)C(F)F)CC1,med_flex_carbo_sulfonyl
COc1ccccc1CC1CCCN1C(=O)c1cnn(C(C)(C)C)c1,med_flex_hetero_amide
CCc1ccc(C(O)CNc2ncnc3[nH]ncc23)cc1,small_flex_hetero_acid
CCc1nc(C#N)cc(Oc2ccc3c(c2)CN(C)C3=O)n1,small_flex_hetero_amide
NC(=O)[C@H]1CC[C@@H](C(=O)N2CCN(C(=O)c3ccc(C(F)(F)F)cc3)CC2)O1,med_flex_carbo_amide
Cc1cc(COCC(=O)N2CCCN(c3ccccc3F)CC2)no1,med_flex_hetero_amide
Cc1onc(-c2cccs2)c1C(=O)Nc1cnn(C(C)C2CC2)c1,med_flex_hetero_amide
COc1ccc(Cl)cc1C(O)CNC(=O)c1cccc2c1OCC2,med_flex_carbo_amide
Cc1cc(S(=O)(=O)N2CCCc3cc(F)c(F)cc32)cnc1N,med_rigid_hetero_sulfonyl
CS(=O)(=O)c1ccc2c(c1)N(C(=O)C1OCCc3ccccc31)CCO2,med_rigid_carbo_sulfonyl
CC(=O)N(C)c1ccc(NC(=O)C(C)Oc2cccnc2)cn1,med_flex_hetero_amide
CC(C)(C)C1CN(c2cc(CO)cc(C(F)(F)F)n2)CCO1,med_rigid_hetero_acid
CC(C)(C)c1coc(CNC(=O)N[C@H]2C[C@@H]2c2ccc(F)cc2F)n1,med_flex_hetero_amide
C=CCn1cccc1C(=O)NCc1c(C)nn(-c2ccccc2)c1C,med_flex_hetero_amide
O=C(NCc1nnc2ccc(C(F)(F)F)cn12)N1CC2CSCC(C2)C1,med_rigid_hetero_amide
Cc1nnnn1-c1ccc(C(=O)N2CC(C)Cc3ccccc32)c(F)c1,med_rigid_hetero_amide
Cc1cc(C(=O)NC(CO)c2ccccc2C(F)(F)F)oc1C,med_flex_hetero_amide
CCc1ccc(S(=O)(=O)N2CCCc3cnn(C)c32)cc1,med_flex_hetero_sulfonyl
Cc1c(Br)cccc1CCNC(=O)c1ncoc1C1CC1,med_flex_hetero_amide
Cc1cc(F)ccc1CC(C)NC(=O)N1CCCC(C2CCCCO2)C1,med_flex_carbo_amide
COC(=O)c1cnc(NC(C)c2nccc(C)n2)cc1C(F)(F)F,med_flex_hetero_plain
COc1ccc2c(c1)[C@@H](NC(=O)N[C@H]1CCCC[C@@H]1NS(=O)(=O)C1CC1)CCC2,med_flex_carbo_sulfonyl
O=C(Nc1ccc(Cn2cccn2)cc1)c1cc(-c2ccncc2)on1,med_flex_hetero_amide
Cc1ccc(S(=O)(=O)N2CCCCC2)cc1NS(=O)(=O)c1cccc(Cl)c1O,med_flex_carbo_sulfonyl
CC(NC(=O)c1snc(O)c1Cl)c1cc(F)ccc1N(C)C,med_flex_hetero_amide
CC(c1nnc[nH]1)N1CC=C(c2cncc3ccccc23)CC1,med_flex_hetero_plain
Cc1[nH]c2ncnn2c(=O)c1CCOC(=O)c1cncc(C(C)C)c1,med_flex_hetero_plain
Cc1cn(C)nc1CS(=O)(=O)Cc1c(C)cc(C(C)(C)C)cc1C,med_flex_hetero_sulfonyl
CC(C)n1nnc(NC(=O)N2CC3(CCC3)C2c2ccccc2)n1,med_flex_hetero_amide
Cn1nccc1C1(NC(=O)Nc2nc(C(C)(C)C)ns2)CC1,med_flex_hetero_amide
CC(C)C1CCc2ccccc2C1NC(=O)CS(=O)(=O)C(C)(C)C,med_flex_carbo_sulfonyl
Cc1c(C(=O)Nc2ccc(OC(F)(F)F)c(Cl)c2)nnn1-c1cccc2ncccc12,med_flex_hetero_amide
O=C(NC1CCN(C2CCCCC2)C1=O)N[C@]1(c2ccccc2F)C[C@@H](F)C1,med_flex_carbo_amide
Cc1csc(CNC(=O)c2cc(C(=O)OC(C)(C)C)n(-c3ccccc3)n2)n1,med_flex_hetero_amide
CNC(=O)Nc1cccc(C(=O)Nc2ccc3[nH]c(-c4ccncc4)nc3c2)c1,med_flex_hetero_amide
CC1(C)C=Cc2cccc(NCC(O)CC3(O)CCCC3)c2O1,med_flex_carbo_acid
O=C(c1cccc(C(F)(F)F)c1O)N1CCOC(C2CCCCC2)C1,med_rigid_carbo_amide
N#CCc1ccc(NC(=O)NC2(c3c(F)cccc3F)CCC2)c(Cl)c1,med_flex_carbo_amide
Cc1cnc2c(cnn2CC(=O)NC2(c3ccccc3Cl)CC2)c1,med_flex_hetero_amide
CCc1cc(N2CCC(NC(=O)c3cccc(C)c3F)CC2)ncn1,med_flex_hetero_amide
CC1CNCC(Cn2cc(-c3cn4ccccc4n3)nn2)C1,small_flex_hetero_plain
COc1ccccc1C1CCN(C(=O)c2nccc3cccnc23)C1,med_flex_hetero_amide
COCC(C)(C)c1noc([C@@H](C(C)C)N2Cc3ccccc3C2=O)n1,med_flex_hetero_amide
COc1ccc(O)c(CNC(=O)Nc2cc3c(cc2N2CCCCC2)n(C)c(=O)n3C)c1,med_flex_hetero_amide
CCc1cc(NC(=O)N2CC3(CCCC3)C2c2ccccc2)no1,med_flex_hetero_amide
COc1c(C)cnc(CN(C)C(=O)NC2CCCOC2CC(C)C)c1C,med_flex_hetero_amide
COc1ccccc1-c1cn(Cc2noc3c2CC(C)(C)CC3)nn1,med_flex_hetero_plain
CN1CCN(C(=O)Nc2ccc(N3CCCCC3)nc2)Cc2ccccc21,med_rigid_hetero_amide
C=C1CCN(C(=O)Nc2nnc(SCc3ccccc3)s2)C1,med_flex_hetero_amide
CCC(Cc1ccc(C)cc1)NC(=O)NC(c1cccc(C(F)(F)F)c1)c1nnc[nH]1,med_verylex_hetero_amide
Cc1cccc2c1N(C1CC1)CCN2C(=O)c1cc(-c2ccco2)[nH]n1,med_flex_hetero_amide
Cc1c(Cl)c(CN2Cc3ccccc3C[C@@H]2C(=O)NC2CC2)nn1C,med_flex_hetero_amide
COc1cc(C)nc(N2CCN(C(=O)c3cccc(C(C)C)n3)CC2)n1,med_flex_hetero_amide
O=S(=O)(Nc1cccc(Cl)c1N1CCOCC1)c1cccc2ccccc12,med_flex_carbo_sulfonyl
C[C@H]1CCN(C(=O)c2ccccc2Oc2cnn(C)c2)[C@@H](C)C1,med_flex_hetero_amide
CC(C)(C(=O)N1C[C@@H]2CS(=O)(=O)C[C@@H]2C1)N1CCOCC1,med_rigid_no_arom_sulfonyl
CC(C)C(=O)NC(Cc1c[nH]c2ccccc12)C(=O)Nc1cccc(Oc2ccc(C#N)cc2)c1,large_verylex_hetero_amide
O=C(c1nc(-c2ccccc2)n2c1CCCCC2)N1C2CCC1c1cn[nH]c1C2,med_rigid_hetero_amide
Cc1ccc(C)c(N(C)S(=O)(=O)c2ccc3c(cnn3C(C)C)c2)c1,med_flex_hetero_sulfonyl
Cc1nn(C)c(C)c1C(=O)NCc1c(C)c2ccccc2n1C,med_flex_hetero_amide
CCN(C(=O)c1nc(CC(F)(F)F)sc1C)C12CC3CC(CC(C3)C1)C2,med_flex_hetero_amide
CC1(Cc2cccs2)CCCN1C(=O)Cn1nnc2c1CCCC2,med_flex_hetero_amide
O=C(c1cc(Cl)ccc1NCc1ncnn1-c1ccccc1)N1CCCC1,med_flex_hetero_amide
COc1cccc(C(O)CNC(=O)c2ccc(N3CCCCCC3)nc2)c1,med_flex_hetero_amide
Cc1cc2c(o1)CC(C)(C)CC2NC(=O)c1c[nH]c2ccccc2c1=O,med_rigid_hetero_amide
Cn1nc(-c2nc(-c3ccc(C(F)(F)F)[nH]c3=O)no2)c2c1CCSC2,med_rigid_hetero_plain
CNc1ccc(C#N)cc1NS(=O)(=O)c1c[nH]c2cc(C(F)(F)F)ccc12,med_flex_hetero_sulfonyl
Cc1cccnc1S(=O)(=O)NCC(OC1CCCC1)C(F)(F)F,med_flex_hetero_sulfonyl
Cn1nc(C(=O)Nc2cnc3c(c2)CCCC3)c2c1CCCC2,med_rigid_hetero_amide
O=C(NCc1cccc2c1OCO2)N1CCCC2(CC=CCC2)C1,med_rigid_carbo_amide
CN1C(=O)CCCc2occ(C(=O)N3CCc4c3ccc(Cl)c4Cl)c21,med_rigid_hetero_amide
CCOc1cc(NC2CCN(C(=O)C3CCc4cccnc43)CC2)ncn1,med_flex_hetero_amide
Cc1cccnc1C(NC(=O)c1csc2cncn12)C(C)(C)C,med_flex_hetero_amide
Cc1cccc2c1CN(C(=O)C1CCCN(S(=O)(=O)c3ccc([N+](=O)[O-])cc3)C1)CC2,med_flex_carbo_sulfonyl
Cc1oc(-c2cccs2)nc1CC(=O)N(C)Cc1c(F)cccc1Cl,med_flex_hetero_amide
Cc1ccc(S(=O)(=O)CC(C)NC2CCC23CCCC3)cc1,med_flex_carbo_sulfonyl
Cc1cccc(CC2(O)CCN(C(=O)c3c(C)[nH]c4ccccc34)CC2)c1,med_flex_hetero_amide
Nc1ccn2ncc(C(=O)NC3CC(=O)N(C4CC4)C3)c2c1,small_flex_hetero_amide
CC(C)(C)c1ccc(S(=O)(=O)NCCCN2CCCCCC2=O)s1,med_flex_hetero_sulfonyl
COc1ccc(C2(NC(=O)c3c[nH]c4ncc(Br)cc34)CC2)cc1,med_flex_hetero_amide
COC(=O)c1c(CN(CC2CCCC(C)C2)OC)nn2c1CCCC2,med_flex_hetero_plain
Cc1nn(C)cc1C1CCCN1C(=O)c1cnn(C2CCC2)c1,med_flex_hetero_amide
CS(=O)(=O)NCc1ccc(C(=O)N2CCCCCc3ccccc32)o1,med_flex_hetero_sulfonyl
CCCc1c(NCc2nnnn2C(C)(C)C)cnn1-c1ccccc1C,med_flex_hetero_plain
CCOC(=O)c1cnc(NC2C(=O)NCC2(CC)CC)s1,med_flex_hetero_amide
CN(C)S(=O)(=O)c1cc(C(=O)NC(Cc2ccccc2)C(=O)Nc2ccccc2)ccc1F,large_verylex_carbo_sulfonyl
NC(=O)C(Cc1ccccc1)n1cc(-c2cccc3c2CCCC3)nn1,med_flex_hetero_amide
COc1ccc(C)cc1S(=O)(=O)NC1CC(C)(C)Oc2ccccc21,med_flex_carbo_sulfonyl
O=C(Nc1ccc(C(F)(F)F)nn1)Nc1cc(CC2CCCCC2)n[nH]1,med_flex_hetero_amide
CC(=O)N1CCCN(Cc2nc(-c3ccc(F)c(C)c3)no2)c2ccccc21,med_flex_hetero_amide
O=C(Cc1cn(-c2ccccc2)nc1-c1ccc([N+](=O)[O-])cc1)Nc1cn[nH]c1,med_flex_hetero_amide
CCc1cc(NC(=O)NC2Cc3ccccc3N(C)C2=O)ccc1C,med_flex_carbo_amide
O=C(c1cc2ccccc2oc1=O)N1CCN(C2CC2)c2ccccc21,med_rigid_hetero_amide
O=c1c(NS(=O)(=O)c2cnn3c2CCCC3)cccn1C(F)F,med_flex_hetero_sulfonyl
CCc1cccc(C)c1NS(=O)(=O)c1ccc(C)c(C(=O)OC)c1,med_flex_carbo_sulfonyl
C[C@H]1CN(C)c2ccccc2CN1C(=O)Nc1cc(-c2ccsc2)nn1C,med_rigid_hetero_amide
COc1ccccc1[C@H](O)CNC(=O)C1(c2cc(F)cc(F)c2)CCCC1,med_flex_carbo_amide
COc1cc(Cl)ccc1C(=O)N1CCC(c2c[nH]c3ncccc23)CC1,med_flex_hetero_amide
Cc1cccc2c1sc(=O)n2CC(=O)N1CCCCC1C,med_rigid_hetero_amide
CC(NC(=O)C1CCCN1C(=O)Cc1ccccc1)c1nc2ccccc2n1C,med_flex_hetero_amide
CC1CN(C(=O)c2cccc(S(=O)(=O)N3CCc4ccccc4C3)c2)c2ccccc2O1,med_flex_carbo_sulfonyl
CN1CCN(C(=O)c2c3ccc(Br)cc3nn2C)c2ccc(F)cc21,med_rigid_hetero_amide
C[C@@H](NC(=O)NCc1nc(C(C)(C)C)co1)c1ccc(Cl)cc1,med_flex_hetero_amide
O=c1[nH]c(C2CCCCO2)nc2scc(-c3ccccc3Cl)c12,med_rigid_hetero_plain
CC(C)(C(=O)N1CCCc2occc2C1)c1ccc(F)c(Cl)c1,med_rigid_hetero_amide
CC(C)CC1(c2nc(-c3ccccc3F)no2)CCNC1=O,med_flex_hetero_amide
O=C(NS(=O)(=O)c1ccc(-n2cccn2)c(F)c1)c1ccnn1-c1ccccc1,med_flex_hetero_sulfonyl
O=C(Nc1cc(Cl)ccc1OCC1CCC1)N1CC[C@H]2CC[C@H](O)[C@H]21,med_flex_carbo_amide
CN(C(=O)Nc1nc(C2CCOCC2)cs1)C1CCCC1C(C)(C)C,med_flex_hetero_amide
CC1(C)CC(c2nc([C@H]3CCO[C@@H]3C(C)(C)C)no2)c2ccccc2O1,med_rigid_hetero_plain
Cc1noc2ncc(S(=O)(=O)Nc3ccc(CN4C(=O)CCCC4=O)cc3)cc12,med_flex_hetero_sulfonyl
Cn1cc(C#N)c(NC(=O)c2cc(C3CC3)n(C(C)(C)C)n2)n1,med_flex_hetero_amide
O=C(Nc1cc(CC2CC2)nn1-c1ccccc1)N1CCCC(F)(F)CC1,med_flex_hetero_amide
CC(NC(=O)CCc1ccc2[nH]ccc2c1)c1ccccc1NS(=O)(=O)c1cccs1,large_verylex_hetero_sulfonyl
CSc1ccccc1S(=O)(=O)N1CCCCC1c1cnn(C)c1,med_flex_hetero_sulfonyl
O=C(NC1CCC(F)(F)CC1)N1C[C@@H]2C[C@H](C1)c1cccc(=O)n1C2,med_rigid_hetero_amide
O=C1NCCC1(c1nc(C2(c3ccccc3)CCOCC2)no1)C1CCCC1,med_flex_hetero_amide
CCc1c[nH]c2ncnc(NCc3ccc(CO)c(F)c3)c12,med_flex_hetero_acid
CC(C)S(=O)(=O)c1ccccc1C(=O)N1CC2(CCC2)c2ccccc21,med_flex_carbo_sulfonyl
Cc1cc(CS(=O)(=O)N2CCc3c(cccc3C(C)C)C2)no1,med_flex_hetero_sulfonyl
CCC1CN(C(=O)c2cnn3cccc(OC)c23)c2ccccc2O1,med_flex_hetero_amide
CC(C)(C)c1nc(CCNS(=O)(=O)Cc2noc3c2CCCCC3)no1,med_flex_hetero_sulfonyl
Cc1ccnc(-c2cn(Cc3cccc4ccccc34)nn2)n1,med_flex_hetero_plain
COc1ccc(CNc2cc(OC)ncn2)c(OC2CCCC2)c1,med_verylex_hetero_plain
COC1(c2ccnn2C)CN(c2ncnc3scc(C)c23)C1,med_flex_hetero_plain
CCN(CC)S(=O)(=O)c1ccc(OC(C)C)c(NS(=O)(=O)N(C)C2CCCC2)c1,med_verylex_carbo_sulfonyl
O=S(=O)(Nc1ccc(F)c(Cl)c1)c1cnc2ccccc2c1,med_flex_hetero_sulfonyl
O=C(c1ccc(F)c2ccncc12)N(Cc1ccccc1)C(CO)C1CCC1,med_flex_hetero_amide
Cc1cnn(-c2ccncc2N2C(=O)NC3(CC(c4ccccc4Cl)C3)C2=O)c1,med_flex_hetero_amide
C[C@H](NC(=O)C1(C#N)CC12CCCC2)c1ccc(Br)cc1F,med_flex_carbo_amide
Cc1ccnc2ccc(-c3ccc(N4CCC(O)C4)cc3)cc12,med_rigid_hetero_acid
CCC(C)n1nc(NC(=O)NCc2nc(C)c(C)s2)cc1C,med_flex_hetero_amide
Cc1nsc(N2CCCN(c3ccc(C(F)(F)F)c(C#N)c3)CC2)n1,med_rigid_hetero_plain
CC1(NC(=O)c2ccc(S(=O)(=O)NC3CC3)cc2)CC=CCC1,med_flex_carbo_sulfonyl
Cc1ccc(CNC(=O)NC2(C)Cc3ccccc3C2)c(=O)n1C,med_flex_hetero_amide
CC(C(=O)Nc1cc(Cl)ccc1Cl)N(C)CC1CCCC1O,med_flex_carbo_amide
O=C(CCCc1cccs1)Nc1nc2c(s1)C(=O)NCC2,med_flex_hetero_amide
O=C(c1ccnc(C(=O)N2CCCC3(CC3)C2)c1)N1CCCC2(CC2)C1,med_rigid_hetero_amide
NC(=O)c1ccc(S(=O)(=O)N[C@H]2C[C@H](c3ccccc3F)C2)cc1,med_flex_carbo_sulfonyl
CN(C)S(=O)(=O)c1cccc(NC(=O)CN2C(=O)NC3(CCCc4ccccc43)C2=O)c1,large_flex_carbo_sulfonyl
CCC1CN(S(=O)(=O)c2ccccc2S(N)(=O)=O)c2cccc(Cl)c2O1,med_flex_carbo_sulfonyl
CCC1(CC)CNC(=O)C1NC(=O)c1nc(-c2ccco2)sc1C,med_flex_hetero_amide
O=C(C1SCCc2sccc21)N1CCC(c2ccncc2)CC1,med_rigid_hetero_amide
COc1ccc2cc(C(=O)NC(C)C3(N4CCOCC4)CCCC3)[nH]c2c1,med_flex_hetero_amide
CN(C)C(=O)N1CCC(C(=O)N2CCN(C3CC3)c3ccccc32)CC1,med_rigid_carbo_amide
CC(C)(CC#N)CS(=O)(=O)N1Cc2ccccc2C2(CC2)C1,med_flex_carbo_sulfonyl
Cc1cc(S(=O)(=O)Nc2cccc3c2OCCC3)sc1C,med_flex_hetero_sulfonyl
CC(Nc1ncnc2[nH]ccc12)c1ccc(OCc2cccnc2)cc1,med_flex_hetero_plain
CC[C@@H]1C(=O)NCCCN1Cc1nc(-c2cccc(Cl)c2)no1,med_flex_hetero_amide
Cc1cc(C2CC2)nc(NC(=O)c2nc3ccccc3cc2C2CC2)n1,med_flex_hetero_amide
O=C(CC1(c2ccccc2)CCCO1)Nc1nn(Cc2ccccc2F)cc1Br,large_flex_hetero_amide
CCc1cc(NC(=O)N2CCN(c3ncnc4sccc34)CC2)no1,med_flex_hetero_amide
COCC1CN(C(=O)C2(S(=O)(=O)c3ccccc3)CCCCC2)CC(C)(C)O1,med_flex_carbo_sulfonyl
Cc1ccc(C2CC(C)N(S(=O)(=O)Cc3cccc(C#N)c3)C2)cc1,med_flex_carbo_sulfonyl
COc1ccc2nccc(N3CCCC(N4CCNC4=O)C3)c2c1,med_flex_hetero_amide
CC1Cc2cccc(S(=O)(=O)Nc3ccc(OC(F)F)cn3)c2O1,med_flex_hetero_sulfonyl
CCOc1ccc(S(=O)(=O)Nc2c(C)cccc2CC)cc1OCC,med_verylex_carbo_sulfonyl
COc1cc(S(=O)(=O)N2CCCc3cccc(OC)c32)sn1,med_flex_hetero_sulfonyl
O=C(N[C@H]1CC2(CCCC2)Oc2ccc(Cl)cc21)c1c[nH]nn1,med_rigid_hetero_amide
Cc1ccc(F)c2oc(C(=O)NCC3CCC34CCOCC4)cc12,med_flex_hetero_amide
CCN1CCN(C(=O)C(C)(C)c2csc(-c3c(Cl)cccc3Cl)n2)CC1=O,med_flex_hetero_amide
CC(NS(=O)(=O)c1cccc(Cl)c1O)c1cccc(S(=O)(=O)N(C)C)c1,med_flex_carbo_sulfonyl
CC1Cc2ccccc2N1C(=O)c1cc2ccccc2c(=O)n1C,med_rigid_hetero_amide
c1ccc(OCC2CN(c3nc(-c4cccnc4)nc4ccccc34)CCO2)cc1,med_flex_hetero_plain
O=C(c1noc2c1CCCCC2)N1CCn2cccc2C1c1ccccc1,med_rigid_hetero_amide
O=C(Cc1ccon1)N1CCN(c2ncnc3ccsc23)CC1,med_flex_hetero_amide
CCOC(=O)c1oc2ccc(S(=O)(=O)N(C)Cc3c(C)noc3C)cc2c1C,med_flex_hetero_sulfonyl
COc1ccccc1CC(C)N(C)c1ccnc2c1c(C)nn2C,med_flex_hetero_plain
CC(NC(=O)c1ccc(C(F)(F)F)cc1N1CCCC1)c1nc[nH]n1,med_flex_hetero_amide
CCNS(=O)(=O)c1ccc2c(c1)N(C(=O)C1CCc3cccnc31)CC2,med_flex_hetero_sulfonyl
CCn1c(C2CCCN2c2cc(C)nc(OC)n2)nc2ccccc21,med_flex_hetero_plain
CC(C)(C)OC(=O)N1CCC12CN(C(=O)c1n[nH]c3ccccc3c1=O)C2,med_rigid_hetero_amide
CN(C)c1cc(C(=O)N2CCC(Oc3ccccn3)C2)c2ccccc2n1,med_flex_hetero_amide
Cn1ccnc1CN1CCC(c2c[nH]c3ccccc23)CC1,small_flex_hetero_plain
COC(=O)c1cc2c(N3CC(C)c4ccc(OC)cc43)ncnc2[nH]1,med_flex_hetero_plain
O=S(=O)(Nc1cnc2c(F)cccc2c1)c1ccnn1C1CCC1,med_flex_hetero_sulfonyl
CCOC(=O)C1(c2cn(Cc3nn(C)c4c3CCC4)nn2)CCC1,med_flex_hetero_plain
O=C(Nc1cccc(-c2nnn[nH]2)c1)c1ccc2[nH]cnc2c1,med_flex_hetero_amide
C=C(C)CN(C)c1ccc(Br)c(S(=O)(=O)N2CCOCC2CC2CCOC2)n1,large_verylex_hetero_sulfonyl
CC(Sc1nncn1C)c1cccc(NC(=O)c2cccc(C(F)(F)F)n2)c1,med_flex_hetero_amide
Cc1cccc(-n2nc3c(c2NC(=O)Cc2ccccc2)CSC3)c1,med_flex_hetero_amide
CCc1c(C)cccc1C(C(=O)NCC1CCOC1)N1CCC(CC(C)O)CC1,med_verylex_carbo_amide
CCOC1CC(N(C)CC(=O)Nc2nccs2)C12CCCCC2,med_flex_hetero_amide
CCn1ncc2c(C(=O)NC3CCCN(C)C3C)cc(C3CC3)nc21,med_flex_hetero_amide
O=c1[nH]nc(-c2nc(C3CCCc4ccccc43)no2)c2ccccc12,med_rigid_hetero_plain
CCc1nc2ccc(Cl)cn2c1C(=O)NC(C)C1(OC)CCC1,med_flex_hetero_amide
Fc1cc(-c2noc(-c3cccc4[nH]ncc34)n2)ccc1Cn1cncn1,med_flex_hetero_plain
CC(NC(=O)c1cccc(F)c1CNC(=O)OC(C)(C)C)c1cccc(OC(F)F)c1,med_verylex_carbo_amide
O=C(Nc1ccc(S(=O)(=O)Nc2nccs2)cc1)c1ccc(Cl)cc1Cl,med_flex_hetero_sulfonyl
COc1ccccc1C(CO)NC(=O)c1ccccc1CNC(=O)OC(C)(C)C,med_verylex_carbo_amide
CC(=O)N1CCCc2ccc(NC(=O)C(NC(=O)CC(C)C)C(C)C)cc21,med_flex_carbo_amide
CC(C)(C)c1cccc(NC(=O)CN2C(=O)NC(C)(c3ccc(F)cc3)C2=O)n1,med_flex_hetero_amide
Cc1ccc(S(=O)(=O)NCCN(C)Cc2nocc2C(C)C)cc1,med_verylex_hetero_sulfonyl
O=c1[nH]c2cc(Cl)c(S(=O)(=O)Nc3ccc(OC4CCCC4)c(F)c3)cc2o1,med_flex_hetero_sulfonyl
CC(Sc1nc2ccccc2s1)C(=O)NCC(C)(C)CNC(=O)c1c[nH]c(C#N)c1,med_verylex_hetero_amide
O=C(Nc1ccc2ncccc2c1)C1(c2nccc3ccccc23)CC1,med_flex_hetero_amide
Cc1cccnc1C(NC(=O)N1CC(=O)N(CC2CC2)C1)C(C)C,med_flex_hetero_amide
CCc1c[nH]c2ncnc(N3CCN(C4CCS(=O)(=O)C4)CC3)c12,med_flex_hetero_sulfonyl
CC(=O)N1CC(C(=O)N2CCc3cc(Cl)cc(Cl)c3C2C)Oc2ccccc21,med_rigid_carbo_amide
COc1ccc2c(-c3ccccc3)c(C(=O)NC3CC(Cl)(Cl)C3)oc2c1,med_flex_hetero_amide
CN(c1ccccc1C(N)=O)S(=O)(=O)c1c[nH]c2cc(Cl)ccc12,med_flex_hetero_sulfonyl
Cc1n[nH]c(C)c1S(=O)(=O)Nc1cccc(C(F)(F)F)c1,med_flex_hetero_sulfonyl
Cc1c(-n2nnnc2SC2CCCN(CC(C)(C)C)C2=O)c(=O)n(-c2ccccc2)n1C,large_flex_hetero_amide
CC(=O)Nc1cccc(-c2nc(-c3ccc(O)cc3O)cs2)c1,med_flex_hetero_amide
O=S(=O)(N[C@H]1C[C@@H]1c1ccc(Cl)c(F)c1)c1cnn2c1CNCC2,med_flex_hetero_sulfonyl
O=C(CC1(O)CCC1)N1CCc2ccccc2[C@@H]1c1ccccc1,med_flex_carbo_amide
O=C1CC2(CCc3ccccc32)C(=O)N1CCOc1ccccc1,med_flex_carbo_amide
CCC(CC(=O)NCCN(C)C(=O)C(C)n1nccc1C)C1CCC1,med_verylex_hetero_amide
C=C1CC1C(=O)N(C)CCN(C)C(=O)c1cc2ccccc2c(OC)n1,med_flex_hetero_amide
Cc1cccc(C)c1C1CCCN1C(=O)NC(c1ccccc1)C1CCOC1,med_flex_carbo_amide
Cc1cc2c(cc1O)CCN(C(=O)C1(c3ccc4c(c3)OCO4)CCOCC1)C2,med_rigid_carbo_amide
COc1cccc(NC(=O)c2cc(C3CC3)nc3ccc(C)cc23)c1O,med_flex_hetero_amide
CC(C)(Cc1ccc(O)cc1)C(=O)NCc1noc2ccc(F)cc12,med_flex_hetero_amide
O=C(Nc1nccs1)C1CCCN1C(=O)CCc1ccccc1O,med_flex_hetero_amide
COCc1nccc(N(Cc2nc(C)cn2C)CC2CCCCC2)n1,med_verylex_hetero_plain
CC(CNC(=O)c1cc(-c2ccccn2)nc2ccccc12)N(C)C1CC1,med_flex_hetero_amide
CC(C)(C)OC(=O)N[C@H]1CCCC[C@@H]1NC1CCN(C2CCCCC2)C1=O,med_flex_no_arom_amide
CC1(C)CCc2sc(NC(=O)N3CC(C)(C)C3C3CCCO3)nc21,med_rigid_hetero_amide
OCC(Nc1nc(-c2ccccc2)ns1)c1cccc(Cl)c1F,med_flex_hetero_acid
CN(CC1CN(c2nc(-c3ccccc3)c3ccccc3n2)CCO1)c1cccnn1,med_flex_hetero_plain
Cc1cccc2cc(C(=O)N3CCC[C@H](N(C)C(=O)c4cnc5ccccc5c4)C3)nn12,med_flex_hetero_amide
COCCOc1ccccc1N1CCN(C(=O)c2cc3c(C)nn(-c4ccccc4)c3s2)CC1,large_verylex_hetero_amide
COC(=O)[C@]12CCC[C@H]1N(C(=O)c1cc(C(O)C(F)(F)F)ccn1)CCC2,med_flex_hetero_amide
CC(=O)Nc1ccc(-c2ccc(S(=O)(=O)NCc3cc4n(n3)CCCO4)cc2)cc1,med_flex_hetero_sulfonyl
CC(C)(C)NS(=O)(=O)c1ccc(Cl)c(C(=O)NCCc2nc3ccccc3s2)c1,large_flex_hetero_sulfonyl
O=C(Nc1cnc2cccnn12)c1cc(C2CC2)nc2ccc(F)cc12,med_flex_hetero_amide
Cc1cc(Br)cc(S(=O)(=O)Nc2cccc3cc[nH]c23)c1,med_flex_hetero_sulfonyl
Cc1nc(NC(=O)C2CN(C)CCO2)sc1Cc1ccc(F)cc1F,med_flex_hetero_amide
O=S(=O)(Nc1cnc(C2CC2)nc1)c1c[nH]c2ccccc12,med_flex_hetero_sulfonyl
COc1cc(CNS(=O)(=O)c2ccc(-c3ccc(NC(C)=O)cc3)cc2)ccn1,med_verylex_hetero_sulfonyl
O=C(Nc1cnc(C2CC2)nc1)N1CC2(CCC2)C1c1ccccc1,med_flex_hetero_amide
O=C1CC2CCCC(CN1)N2C(=O)c1ccc(-c2ccccc2C(F)(F)F)o1,med_rigid_hetero_amide
Cc1n[nH]c2ccc(C(=O)NCC3(Cc4ccc(F)cc4)CCCC3O)cc12,med_flex_hetero_amide
CC(C)(C)C1(CNC(=O)c2cccc(Br)c2Cl)CCNC1,med_flex_carbo_amide
Cc1cc(C)cc(-n2nc(C(=O)NC(C)(C)CN3CCOCC3)cc2C)c1,med_flex_hetero_amide
CC(C)CCN(Cc1ccc(Cl)c(Cl)c1)C(=O)c1csc(-c2nnc[nH]2)n1,med_verylex_hetero_amide
CC(C)C1CN(C(=O)c2ccc(C#N)s2)c2ccccc2N1,med_rigid_hetero_amide
Cc1cnc(C(=O)NC2CCc3ccccc3-n3ccnc32)c(C)c1,med_rigid_hetero_amide
CCc1cnc(NC(=O)N2CCc3cc(OC)c(OC)cc3C2)s1,med_flex_hetero_amide
Cn1cc(C(=O)NCCc2ccc3ccccc3n2)c(-c2cc(F)ccc2F)n1,med_flex_hetero_amide
Cc1cc(-c2noc(C3CCCN3S(=O)(=O)c3cccs3)n2)ccc1O,med_flex_hetero_sulfonyl
COCCN(C(=O)C1CCC1c1ccc(F)cc1)C1CCCc2cccnc21,med_flex_hetero_amide
Cc1c[nH]c2nccc(-c3ccc4c(c3)C(=O)NCCO4)c12,small_rigid_hetero_amide
O=C1NCc2c(NCc3ccc(C4CCCC4)cc3)cccc21,med_flex_carbo_amide
CCc1c[nH]c2ncnc(N3CCc4c(CC(N)=O)cccc4C3)c12,med_flex_hetero_amide
COc1ccc2c(c1)CCCC2Cn1c(=O)[nH]c2cccnc2c1=O,med_flex_hetero_amide
CC(CNC(=O)c1ccccc1Cn1cc(-c2cccc(Cl)c2)nn1)C(=O)OC(C)(C)C,large_verylex_hetero_amide
Brc1ccccc1C1CCCN1c1ncnc2[nH]ncc12,med_rigid_hetero_plain
COC1(CNC(=O)c2nnc(C(C)(C)C)o2)CCCCCC1,med_flex_hetero_amide
NC(=O)c1ccccc1Oc1ccc(NC(=O)c2ccc3nc(C(F)(F)F)cn3c2)cc1,med_flex_hetero_amide
O=C(C1CCCc2cccnc21)N1CC(O)(c2ccc(Br)cc2)C1,med_rigid_hetero_amide
Cn1ccc2c(C(=O)NCC3CSCCN3C(=O)c3cccc4c3ccn4C)cccc21,med_flex_hetero_amide
CC(C)(C)c1nn(CC(=O)N2CCCC2c2ccccc2)c(=O)o1,med_flex_hetero_amide
CCN(Cc1ccccc1Cl)C(=O)c1ccccc1OCC(=O)N(C)C,med_verylex_carbo_amide
COc1ccccc1CC(C)(C)NS(=O)(=O)c1cnc(N)c(C)c1,med_flex_hetero_sulfonyl
Cn1cnc2cc(C(=O)Nc3cnn(-c4ccccc4)c3)ccc21,med_flex_hetero_amide
CCc1nnnn1-c1ccccc1NC(=O)c1ccc2c(C)nn(-c3ccccc3)c2n1,med_flex_hetero_amide
COc1ccc(OC)c(C2CCCN2c2nc(C)cc(C#N)n2)c1,med_flex_hetero_plain
Cc1nnc(-c2cccc(-c3noc(C4CC(=O)N(c5ccc6c(c5)CCC6)C4)n3)c2)[nH]1,med_flex_hetero_amide
CCc1nc(S(=O)(=O)N(CC#N)c2ccc(F)cc2C)cn1CC1CC1,med_verylex_hetero_sulfonyl
Cc1n[nH]c2ccc(-c3ccc(N4CCC(C(N)=O)CC4)nc3)cc12,med_flex_hetero_amide
CSc1[nH]c(=O)c(C(=O)N2Cc3ccccc3OCC2C)cc1C#N,med_rigid_hetero_amide
O=S(=O)(c1cccc(NCc2ccco2)n1)N1CCCC2CC21,med_flex_hetero_sulfonyl
COc1ccc(C(NC(=O)N2CCC3(C2)C(=O)Nc2ccccc23)c2ccc(C)cc2)cc1,med_flex_carbo_amide
COc1cc(NC(=O)C(C)c2c(F)cccc2F)cnc1OC,med_flex_hetero_amide
O=C(N[C@]12CC[C@H](C[C@@H]1n1cc(-c3ccc4c(c3)CCC4)nn1)C2)c1cnc2cn[nH]c2c1,med_flex_hetero_amide
CCC(Oc1ccccc1C)C(=O)N1CCC(c2ncccn2)C1,med_flex_hetero_amide
COc1cc(OC)cc(C(=O)N(C)Cc2cccc(C)c2)c1,small_flex_carbo_amide
CN(C)Cc1cc(C(=O)NC(CC2CC2)c2cc(F)cc(Br)c2)no1,med_verylex_hetero_amide
O=C1CCCN1Cc1ccccc1NCc1cnc(-c2ccsc2)s1,med_flex_hetero_amide
CCOc1ccccc1CCC(=O)N1CCN(c2ccc(C(N)=O)cc2)CC1,med_verylex_carbo_amide
COc1cc(OC)c(S(=O)(=O)n2nc(C)cc2C)cc1S(=O)(=O)n1nc(C)cc1C,large_flex_hetero_sulfonyl
COc1ccc(C)cc1S(=O)(=O)Nc1cc(Cl)cc(Cl)c1,med_flex_carbo_sulfonyl
CC(=O)Nc1ccc(NS(=O)(=O)c2ccc(Cl)c3ccccc23)cc1,med_flex_carbo_sulfonyl
CN1C(=O)C(C)(C)COc2ccc(NC(=O)Cc3ccsc3)cc21,med_flex_hetero_amide
Cc1cc(SCC(=O)Nc2ccc(N(C)C)cc2)nc2ccccc12,med_flex_hetero_amide
O=S(=O)(c1cncc(F)c1)N1CC(c2ccccc2)C2(CCC2)C1,med_flex_hetero_sulfonyl
N#Cc1cc(C(=O)N[C@H]2CC[C@H]2c2ccccc2)cnc1C(F)(F)F,med_flex_hetero_amide
O=C(NCc1ccc(O)c(Cl)c1)C1(c2ccccc2)CCCO1,med_flex_carbo_amide
O=C(NCC1(Cc2ccccc2)CCC1)c1cccc2cn[nH]c12,med_flex_hetero_amide
CC1(c2ccccc2C(=O)N2CCOC3(CCS(=O)(=O)C3)C2)CC1,med_rigid_carbo_sulfonyl
COC(=O)c1cnn(C)c1NC(=O)C(=O)NC1(Cc2ccc(Cl)cc2Cl)CCC1,med_flex_hetero_amide
CC1(C)CC(NC(=O)c2ncoc2-c2ccc3c(c2)OCCO3)c2ccc(F)cc2O1,med_flex_hetero_amide
O=S(=O)(c1ccc(CNC2(Cc3ccc(F)cc3)CCOCC2)o1)N1CCCC1,med_verylex_hetero_sulfonyl
CCc1cccnc1C(=O)NCc1cc2ccccc2n(C)c1=O,med_flex_hetero_amide
O=C(NCC1(Cc2ccccc2)CCCCC1)C1CCCc2[nH]nnc21,med_flex_hetero_amide
CC(C)c1c(C(=O)N[C@@H]2C=C[C@H](CO)C2)cnn1-c1ccccc1Cl,med_flex_hetero_amide
Cc1cccc2oc(C(=O)N3Cc4cnn(C)c4CC(C)(C)C3)cc12,med_rigid_hetero_amide
CCc1ncnc(NC(c2ccc(OC)cc2)c2nccn2C)c1F,med_flex_hetero_plain
CC(C)C(=O)Nc1nc(CC(=O)N2CCCN(C)c3cc(F)ccc32)cs1,med_flex_hetero_amide
CCC1(CC)CNC(=O)C1NC(=O)CCOc1ccccc1F,med_verylex_carbo_amide
CCOc1ccc(OCC)c(S(=O)(=O)Nc2cc(Cl)ccc2OC)c1,med_verylex_carbo_sulfonyl
O=C(Nc1cc(C(=O)N2Cc3cccc(O)c3C2)ccn1)C1CC1,med_flex_hetero_amide
COC(C)(C(=O)O)C(=O)Nc1ccc(Oc2ccc(C)c(C)c2)nc1,med_flex_hetero_amide
O=C(NCCC1C(=O)Nc2ccccc21)c1cc2c(s1)CCCCC2,med_flex_hetero_amide
Cc1ccc(S(=O)(=O)NCCC(=O)N2CCNC(=O)C2)cc1C,med_flex_carbo_sulfonyl
CC(NC(=O)c1cnn(-c2ccccc2F)c1-n1cccc1)C(=O)NCc1ccco1,med_verylex_hetero_amide
O=C(Cn1c(=O)oc2ccc(F)cc21)N1CCC(C(=O)N2CCCC2)CC1,med_flex_hetero_amide
CC12CC(NC(=O)N1Cc1cccc(F)c1)c1ccccc1O2,med_rigid_carbo_amide
Cc1ccc2nc(NC(=O)N3CCc4cn[nH]c4C3)sc2n1,med_rigid_hetero_amide
CCc1c(-c2ccncc2)n[nH]c1NC(=O)c1ccnn1C1CCC1,med_flex_hetero_amide
Cn1cnc2c1CCN(C(=O)c1nc(-c3cccs3)n(-c3ccccc3)n1)C2,med_flex_hetero_amide
Cc1ccc2c(c1)CN(C(=O)Nc1cc(C)n(C(C)C)n1)CCO2,med_rigid_hetero_amide
Cc1ccc(-n2[nH]c(C(=O)NC(C)(C)C(C)(C)O)cc2=O)cc1,med_flex_hetero_amide
c1cnc2ccc(CNc3ncnc4sccc34)cc2c1,small_flex_hetero_plain
Cc1cccc(-c2noc(C3CN(C)C(=O)c4ccccc43)n2)c1,med_rigid_hetero_amide
Cc1c(C(C)C)n[nH]c1NC(=O)C(C)(C)Nc1ccccc1,med_flex_hetero_amide
Cc1ccc(C(=O)Nc2ccc(-c3nc4cc(F)ccc4s3)cc2C)nn1,med_flex_hetero_amide
CCOc1cccnc1N1CCN(c2nc(C)cc(C)n2)CC1,med_flex_hetero_plain
CC(C)C(NC(=O)c1cc(C(F)F)n(C)n1)c1nnc2ccccn12,med_flex_hetero_amide
CCOC(=O)[C@H]1CCC[C@H]1NC(=O)c1n[nH]c2nc[nH]c(=O)c12,med_flex_hetero_amide
Nc1nccc(C2CCCN(C(=O)c3ccc(OC4CCCC4)nc3)C2)n1,med_flex_hetero_amide
CC(CO)(CNc1ncnc2sccc12)Cc1cccs1,med_flex_hetero_acid
c1cc(C2(c3noc(Cc4cnn5c4CCCC5)n3)CCC2)ccn1,med_flex_hetero_plain
CN(C)c1cncc(-c2nc(C(C)(C)NC(=O)OC(C)(C)C)no2)c1,med_flex_hetero_amide
OCC(Nc1ncnc2c1oc1ccccc12)c1c(F)cccc1F,med_flex_hetero_acid
O=C1CCCN1c1ccc(S(=O)(=O)Nc2cccc(O)c2)cc1,med_flex_carbo_sulfonyl
CC(C)(C)OC(=O)NC(c1nc(Cc2cccnc2)no1)C1CCC1,med_flex_hetero_amide
CCCN1Cc2cccc(NS(=O)(=O)c3ccc(OC)c(F)c3C)c2C1,med_flex_carbo_sulfonyl
Cc1ccc(F)c(Br)c1C(=O)NCC(C)(C)C1CCOCC1,med_flex_carbo_amide
Cc1cc(F)ccc1[C@@H](C)NC(=O)c1ccc(C#N)n1C,small_flex_hetero_amide
O=C(NCc1nnc(C2CC2)o1)c1noc2c1CCc1ccccc1-2,med_flex_hetero_amide
Cc1cnc(S(=O)(=O)Cc2cc(C(F)(F)F)nn2C)c(C)c1,med_flex_hetero_sulfonyl
Cc1c(CN(C)C(=O)c2nn(-c3ccccc3)c3c2CCC3)cnn1C,med_flex_hetero_amide
CCc1ccc(NCc2nc(C)c(C)s2)cc1S(N)(=O)=O,med_flex_hetero_sulfonyl
Cc1ccc2[nH]c(C(=O)N3CCNC(=O)C3c3ccccc3F)cc2c1,med_rigid_hetero_amide
CC(C)c1nccc(N2CCN(c3cccc4[nH]c(=O)[nH]c34)CC2)n1,med_flex_hetero_plain
NC(=O)c1cccc(NC(=O)NCC2C3CC4CC(C3)CC2C4)c1,med_flex_carbo_amide
Cc1cc(NS(=O)(=O)c2cc(F)ccc2OC(C)C)cnc1C,med_flex_hetero_sulfonyl
O=c1[nH]c(-c2ccncn2)nc2sc(-c3ccccc3)cc12,med_rigid_hetero_plain
O=C(c1nc(-c2ccccc2)n(-c2ccccc2)n1)N1CC2CCC(O)C2C1,med_flex_hetero_amide
CC(C)(NS(C)(=O)=O)c1cn(-c2cc(Cl)cc(Cl)c2)nn1,med_flex_hetero_sulfonyl
COc1ccc(NC(=O)NC(C)c2cccc(C#N)c2)cc1S(=O)(=O)NC1CC1,med_verylex_carbo_sulfonyl
c1cc(N2CCCC2)ncc1-c1nc(-c2cn(C3CC3)nn2)cs1,med_flex_hetero_plain
COCc1nnc([C@]23CC[C@H]2CCN3C(=O)c2cc(O)c3ccsc3c2)o1,med_flex_hetero_amide
CNS(=O)(=O)c1cccc2c1CCN(C(=O)C1(c3ccccc3C)CCC1)C2,med_flex_carbo_sulfonyl
C=CCn1c(SCC(=O)NCc2ccco2)nc2scc(-c3ccc(C)cc3)c2c1=O,large_verylex_hetero_amide
O=C(c1ccc2c(c1)CCCN2)N1CCCCC1C(F)F,small_rigid_carbo_amide
COc1cc(C)c(C(C)C)cc1S(=O)(=O)Nc1c(C)n(C)n(-c2ccccc2)c1=O,med_flex_hetero_sulfonyl
COc1cc(Cl)ccc1S(=O)(=O)NC(C)c1nc2ccccc2n1C(F)F,med_flex_hetero_sulfonyl
COc1ccc(Br)cc1S(=O)(=O)Nc1ccccc1C(C)C,med_flex_carbo_sulfonyl
Cc1cc(C(=O)NC[C@@H]2CC(=O)N(C(C)(C)C)[C@H]2c2cnn(C)c2)cs1,med_flex_hetero_amide
CC(C)CCOc1ccc(S(=O)(=O)N2CC(=O)Nc3ccccc32)cc1,med_flex_carbo_sulfonyl
Cc1ccc(N(C)S(=O)(=O)c2ccc3c(c2)sc(=O)n3C)cc1,med_flex_hetero_sulfonyl
CCS(=O)(=O)N1CCC(NC(=O)C(C)(C)c2csc(-c3ccccc3F)n2)CC1,med_flex_hetero_sulfonyl
O=C(NC1CC1)c1ccc(CN(Cc2ccco2)S(=O)(=O)c2ccc(F)cc2F)cc1,med_verylex_hetero_sulfonyl
N#Cc1c(NC(=O)c2cccc(F)c2Cl)n(CCc2ccccc2)c2nc3ccccc3nc12,large_flex_hetero_amide
COc1ccc(-n2c(SCc3cc(C)no3)nc3ccccc3c2=O)cc1,med_flex_hetero_amide
COc1ccc(OCC(=O)NCC2c3ccccc3C(=O)N2C)cc1,med_flex_carbo_amide
O=C(Nc1cccc(N2CCNC2=O)c1)N1Cc2ccccc2C(c2ccccc2)C1,med_flex_carbo_amide
CC(C)c1ccccc1NC(=O)[C@H]1C[C@H]1CNC(=O)OC(C)(C)C,med_flex_carbo_amide
COc1cc(Cl)ccc1NC(=O)c1cccc(Nc2cnccn2)c1,med_flex_hetero_amide
CC(NC(=O)CC(C)(C)C)C(=O)NCC1CCN(c2ccc(F)c(F)c2)C1,med_flex_carbo_amide
Cc1ccc(C)c(NC(=O)C(c2ccccc2)N2CCC(c3nnc4ccccn34)CC2)c1,med_flex_hetero_amide
Cc1scc(C(=O)Nc2sc3c(c2C(=O)NCC2CCCO2)CCCC3)c1C,med_flex_hetero_amide
CC(NC(=O)N1CC(O)CC1C1CC1)c1cccc2cccnc12,med_flex_hetero_amide
CC(C)(C)c1nc(-c2nc3cccc(F)c3c(=O)[nH]2)co1,small_rigid_hetero_plain
CC(C)(C)OC(=O)NC1CCCC2CN(C(=O)C3(Cc4ccccc4)CC3)CC21,med_flex_carbo_amide
O=c1c2ccccc2n2c(SCC3CC3)nnc2n1Cc1ccccc1,med_flex_hetero_amide
CC1(C)CC(NC(=O)CCn2cnc3ccccc3c2=O)c2ccc(F)cc2O1,med_flex_hetero_amide
COc1ccc(S(=O)(=O)N2CCC(O)(Cc3ccccc3F)CC2)cc1Cl,med_flex_carbo_sulfonyl
CC1(C)CCN(c2nccnc2S(N)(=O)=O)CC1c1ccccc1,med_flex_hetero_sulfonyl
CCC(C)NC(=O)c1ccc(NC(=O)Nc2ccn(Cc3ccccc3C)n2)cc1,med_verylex_hetero_amide
COc1ccc(C(CC(=O)N2CCC(C)C3(CCC3)C2)NC(C)=O)cc1,med_flex_carbo_amide
C[C@H]1[C@H]2CN(S(=O)(=O)c3csc4ccccc34)[C@]1(C(=O)O)C2,med_flex_hetero_sulfonyl
CC(COCC1CCCCC1)NC(=O)C1CC(O)CN1C(=O)Cc1ccccc1F,med_verylex_carbo_amide
CC(CC(=O)NCc1ccc(C(=O)Nc2ccncc2)cc1)C1CCCCC1,med_verylex_hetero_amide
O=C(NC1CCCOc2cc(F)ccc21)c1ccc(N2CCCC2=O)cc1,med_flex_carbo_amide
COCC1(c2noc(-c3cccc(C)c3O)n2)CCCCO1,med_flex_hetero_acid
CC(Nc1ncnc2sc3c(c12)CCC3)c1ncccn1,small_flex_hetero_plain
Cc1ccc(CNC(=O)Nc2nnc(-c3ccccn3)s2)c(OC(C)C)c1,med_flex_hetero_amide
CC(C)[C@@H]1CC[C@@H](C)C[C@]1(O)CNS(=O)(=O)CCn1cccn1,med_verylex_hetero_sulfonyl
CC(C)N(Cc1nc2ccccc2c(=O)[nH]1)C(=O)Cc1cccc(C(F)(F)F)c1,med_flex_hetero_amide
Cc1onc(N)c1S(=O)(=O)N1CC(c2ccccc2)C2(CCC2)C1,med_flex_hetero_sulfonyl
O=C(NS(=O)(=O)c1cccc2c1OC(F)(F)O2)C1C2CCCCC21,med_flex_carbo_sulfonyl
COc1ccccc1C1(CNC(=O)N2CCCN(C(=O)C3CC3)CC2)CCC1,med_flex_carbo_amide
CC(C)n1ncc2cc(NS(=O)(=O)c3cncc(Cl)c3)cnc21,med_flex_hetero_sulfonyl
CC(NS(=O)(=O)C1=Cc2cc(Cl)ccc2OC1)C1CCOC1,med_flex_carbo_sulfonyl
Cc1cccc(N2CC(C(=O)N(C)c3ccc(Cl)cn3)CC2=O)c1C,med_flex_hetero_amide
O=C(NCc1ccccc1-c1ccncc1)C(O)c1cccc(C(F)(F)F)c1,med_flex_hetero_amide
O=C1CNC(=O)c2ccc(C(=O)N3CC4CCCCC43c3ccccc3)cc2N1,med_rigid_carbo_amide
Cn1nc(CNC(=O)Nc2cccnc2-c2ccccc2)cc1C1CC1,med_flex_hetero_amide
O=C(NCC(c1cccc(Cl)c1)N1CCOCC1)c1cccc2c1CCC2,med_flex_carbo_amide
C=C1CCN(C(=O)NCc2cc(OC)ccc2OC(F)F)CC1,med_flex_carbo_amide
CC(C(=O)NCC1CC(=O)N(Cc2ccccc2)C1)c1cn(C)c2ccccc12,med_flex_hetero_amide
CCn1cccc(NC(=O)N2CCCC(C(C)C)CC2)c1=O,med_flex_hetero_amide
OCC1(NCc2cc(O)cc(Cl)c2)CCCc2ccccc21,med_flex_carbo_acid
O=C(Cc1ccc2[nH]ncc2c1)NCC[C@H]1CCCC[C@H]1O,med_flex_hetero_amide
O=C(c1ccccc1)N1CCC(C(=O)N2CCCc3n[nH]cc32)CC1,med_rigid_hetero_amide
CC(C(=O)NC(C)(C)C(=O)Nc1ccccc1)c1ccccc1F,med_flex_carbo_amide
Cc1cc(C(=O)N2CCCN(C(=O)CC3CCCC3)CC2)ccc1O,med_flex_carbo_amide
CC1(C(=O)Nc2ccc3c(c2)NC(=O)CCC3)CCc2ccccc2C1,med_rigid_carbo_amide
CCC(NC(=O)c1ccc(CO)cc1OC)C1Cc2ccccc2C1,med_flex_carbo_amide
CC(=O)N1CS(=O)(=O)CC1C(=O)Nc1ccc(Cl)cc1C,med_rigid_carbo_sulfonyl
O=C(CCC1CCNCC1)Nc1ccc(-n2ccnc2)cc1,small_flex_hetero_amide
COC(=O)CC1CN(C(=O)c2cc(C(F)(F)F)ccn2)c2ccccc21,med_flex_hetero_amide
Cc1conc1CS(=O)(=O)NC(C)c1oc2ccccc2c1C,med_flex_hetero_sulfonyl
Cn1ccnc(N2CCN(S(=O)(=O)c3ccccc3)CC2)c1=O,med_flex_hetero_sulfonyl
O=C(Nc1ccn(-c2ncccc2Cl)n1)c1cccc(F)c1Br,med_flex_hetero_amide
Cc1c(C(=O)NCc2coc3ccccc23)cnn1C(C)C,small_flex_hetero_amide
C[C@H]1CC[C@H](NC(=O)c2ccccc2SCc2cccnc2)CC1,med_flex_hetero_amide
Cc1c(-c2nc(-c3cccc(Cn4ccnc4)c3)no2)nnn1-c1cccc2cccnc12,med_flex_hetero_plain
CCOc1ncccc1C(=O)Nc1cc(S(=O)(=O)Nc2cccc(Cl)c2)ccc1O,med_verylex_hetero_sulfonyl
Cn1cc(C(=O)NC(CO)c2ccccc2C(F)(F)F)n(C)c1=O,med_flex_hetero_amide
Cc1cc(-c2cc(C(=O)NCc3ccnc(-n4cccn4)c3)c3c(C)noc3n2)c(C)s1,med_flex_hetero_amide
CCn1c(-c2cc3c(s2)CCC(C)C3)nnc1N1CCCN(C(C)=O)CC1,med_flex_hetero_amide
CN(CC1CC1)S(=O)(=O)Nc1ccc(F)cc1OCC(F)F,med_verylex_carbo_sulfonyl
COC(=O)c1cc(S(=O)(=O)N(CCC2CC2)CC2CC2)n(C)c1,med_verylex_hetero_sulfonyl
O=C(NCCc1cccc(Cl)c1)N1CCCC2(CCC2)C1,med_flex_carbo_amide
O=C(Cc1ccc(Br)cc1F)NCCCNc1ccccn1,med_verylex_hetero_amide
OC[C@H]1CN(c2nsc(C3CC3)n2)C[C@@H]1c1ccccc1,med_flex_hetero_acid
CN(C)c1cc(C#N)cc(C(=O)N2CCC3C(CCCN3C3CC3)C2)c1,med_flex_carbo_amide
CC1C(=O)N(Cc2noc(C(C)(C)C)n2)C(=O)c2ccccc21,med_rigid_hetero_amide
CCCOc1ccc(Cl)cc1NC(C)c1nc(C(C)C)no1,med_verylex_hetero_plain
Cc1cc(C)n(CCCC(=O)N2CCCC2c2ccco2)n1,med_flex_hetero_amide
CC1(CO)CCCN1C(=O)c1cccc(COc2cccc(F)c2)c1,med_flex_carbo_amide
O=S(=O)(Cc1ccno1)NC(c1ccc(Cl)cc1)C1CCC1,med_flex_hetero_sulfonyl
CON(C)C(=O)CSc1nc2sc(C)c(C)c2c(=O)n1Cc1ccccn1,med_flex_hetero_amide
CC(Nc1ncnc2nc(N3CCOCC3)sc12)c1cc(F)ccc1N1CCC(O)CC1,large_flex_hetero_acid
COc1ccc(F)cc1C(=O)NC1CCN(c2ncccc2Cl)C1,med_flex_hetero_amide
C=CCC1(NC(=O)c2nn[nH]c2-c2ccccc2)CCOCC1,med_flex_hetero_amide
CCN(Cc1nnc(-c2ccccc2OC)o1)c1cccc2ccccc12,med_flex_hetero_plain
Cc1ccc(C(C)(C)CNC(=O)c2ccn(C)c2-c2ccccc2)nc1,med_flex_hetero_amide
O=C(Nc1ccc(F)cc1)C1CCc2ccccc2N1C(=O)C1CCN(c2ncccn2)CC1,large_flex_hetero_amide
CC(C)C(O)Cc1ccccc1-c1ccc2c(c1)C(=O)NCCO2,med_flex_carbo_amide
CC(C)(C)c1cc2n(n1)CCN(C(=O)c1nccc3ccccc13)C2,med_rigid_hetero_amide
C[C@H]1OCCO[C@H]1C(=O)N(Cc1ccc2c(c1)OCO2)C1CCCC1,med_flex_carbo_amide
O=C(CCc1ccccc1N1CCOCC1)N1CCCCCC1CO,med_flex_carbo_amide
CCCN1CCCN(C(=O)c2ccccc2NC)CC1=O,small_flex_carbo_amide
CCc1ccc2c(c1)CCN2S(=O)(=O)c1ccccc1S(N)(=O)=O,med_flex_carbo_sulfonyl
Cc1c[nH]nc1C(=O)N1CCCC1(C)Cc1ccc(OC(F)(F)F)cc1,med_flex_hetero_amide
CC1CCCC(C(=O)N2CCCC(N(C)CC(=O)O)CC2)C1,med_flex_no_arom_amide
CCN(C(C)Cc1ccc(OC)cc1)S(=O)(=O)c1ccccc1-c1ccno1,med_verylex_hetero_sulfonyl
CCn1nc(NC(=O)N(CC2CCCCC2)C2CC2)cc1C1CC1,med_flex_hetero_amide
O=C(COc1ccccc1)NC1CCN(c2ccccc2)C1,small_flex_carbo_amide
Cc1nnnn1-c1cccc(NC(=O)c2ccnn2C)c1,small_flex_hetero_amide
Cc1ccc2cccc(S(=O)(=O)N3CCC=C(c4cnn(C)c4)C3)c2n1,med_flex_hetero_sulfonyl
Cn1cc(N2CC(C(=O)N3CC(=O)N(C4CC4)C3)CCC2=O)cn1,med_flex_hetero_amide
COc1ccccc1S(=O)(=O)N(C)C(C)Cc1cccc(F)c1,med_flex_carbo_sulfonyl
CC(c1nnnn1C1CC1)N1CCCC(Nc2ccccc2)C1,med_flex_hetero_plain
O=C(NC1CCOC2(CCCCC2)C1)c1ccc2c(n1)CCCC2,med_rigid_hetero_amide
O=S(=O)(c1ccc2c(c1)OCO2)N(CC1CC1)CC1CC1,med_flex_carbo_sulfonyl
CC1(C)CN(C(=O)NC2CCCC2CNS(C)(=O)=O)CCc2ccccc21,med_flex_carbo_sulfonyl
CC1(C)CN(C(=O)CCc2ccc(S(C)(=O)=O)cc2)[C@H]2CCC[C@H]21,med_flex_carbo_sulfonyl
COc1cccc(-c2cc(CNC(=O)[C@H]3OC[C@H]4CCC[C@H]43)on2)c1,med_flex_hetero_amide
CSCC(C)(O)CNc1ncccc1S(=O)(=O)NCC1CC1,med_verylex_hetero_sulfonyl
CN(C)c1noc(C2CCCN(c3ncnc4sccc34)C2)n1,med_flex_hetero_plain
O=C(NCc1csc2ccccc12)c1cc(C2CC2)[nH]n1,small_flex_hetero_amide
CN(C1CCN(c2ccccc2Cl)C1=O)S(=O)(=O)c1cccs1,med_flex_hetero_sulfonyl
CC1CCOCCN1C(=O)c1cc(-c2cccc(Cl)c2)no1,med_rigid_hetero_amide
N#Cc1ccc2c(c1)N(C(=O)C(C1CCC1)C1CCC1)CC(=O)N2,med_flex_carbo_amide
CC1(Cc2ccc(F)cc2)CCCN1C(=O)COc1cccnc1,med_flex_hetero_amide
O=C(Nc1cc2n(n1)CCCC2)N1CCN(c2ncnc3sccc23)CC1,med_rigid_hetero_amide
CNc1ccccc1C(=O)NCc1ccn(C2CCCC2)n1,small_flex_hetero_amide
COc1cccc(C(NC(=O)CC2(CSC)CC2)c2nccn2C)c1,med_verylex_hetero_amide
CCc1ccc(C2CCCCN2C(=O)c2cc(C(F)F)ncn2)o1,med_flex_hetero_amide
Cn1c(=O)c2cc(C(=O)N3CCCC(n4ccnn4)C3)cnc2n(C)c1=O,med_rigid_hetero_amide
CCc1nn(C)cc1C(=O)NCc1csc(-c2ccco2)n1,med_flex_hetero_amide
CN(C)c1ncccc1CNC(=O)NC1(c2ccccc2)CC1(C)C,med_flex_hetero_amide
Cc1noc(C)c1C(=O)NC1CCN(c2ccccc2C(F)(F)F)C1,med_flex_hetero_amide
CC(NCc1nc2ccccc2n1C(F)F)c1nc2ccccc2n1C(F)F,med_flex_hetero_plain
CC1(C)COc2c(C(=O)N3CCCC(n4ccnn4)C3)cccc21,med_rigid_hetero_amide
Cc1ccccc1C(=O)N1CCCC(CO)(Cc2ccccc2)C1,med_flex_carbo_amide
Cc1ccc(C)c(NC(=O)N2CCCC3(CCOC3)C2)c1,small_rigid_carbo_amide
Cn1cc(-c2ccc(F)c(C(=O)NCC[C@H]3CCCC[C@H]3O)c2)cn1,med_flex_hetero_amide
Cc1cc(C)n(CCCC(=O)N2CCO[C@H]3COCC[C@H]32)n1,med_flex_hetero_amide
N#CCCCn1cc(C(=O)N2CCN(Cc3cccs3)CC2)c2ccccc21,med_flex_hetero_amide
COC(=O)CN(C(=O)c1cn(Cc2ccccc2)c2ccccc12)C1CC1,med_flex_hetero_amide
O=C1CCC2(C(=O)N3CCOc4cc(O)ccc4C3)Sc3ccccc3N12,med_rigid_carbo_amide
CC(C)c1ocnc1C(=O)NC[C@H]1[C@H](c2ccccc2)C1(F)F,med_flex_hetero_amide
CCOc1cccc(CC(=O)NC2CCCOc3ccccc32)n1,med_flex_hetero_amide
CCOc1cccc(CCC(=O)N2CCCNC(=O)[C@@H]2CC)c1,med_flex_carbo_amide
CC(C)N(C(=O)c1n[nH]c2ccccc2c1=O)c1ccc(Cl)cc1,med_flex_hetero_amide
Cn1nc(C(=O)N2CCOc3ccccc3C2CO)c2ccccc21,med_rigid_hetero_amide
CSCc1cccnc1C(=O)N(Cc1ccccc1)C1COC(C)(C)C1,med_flex_hetero_amide
COCC(Cc1ccccc1)N(C)C(=O)c1cc(-c2cccs2)n[nH]1,med_verylex_hetero_amide
CO[C@H]1COC[C@H]1NC(=O)c1c(Cl)cccc1OCC1CC1,med_flex_carbo_amide
CCn1ccc(C(=O)Nc2cccc3c2OC(C)(C)CC3O)c1C,med_flex_hetero_amide
COc1cc(C(=O)N2CCCCC2c2ncccn2)cc(OC)c1C,med_flex_hetero_amide
CC(C)c1ccc(Cl)c(S(=O)(=O)N2CCC(C)(O)CC2)c1,med_flex_carbo_sulfonyl
O=C(NCC(=O)N1CCCC1C=Cc1ccccc1)NC1CCCCC1,med_flex_carbo_amide
CC(C)C1c2ccccc2CCN1c1cncc(C#N)n1,small_rigid_hetero_plain
Cc1ccc2snc(C(=O)NC(c3cnn(C)c3)C(C)C)c2c1,med_flex_hetero_amide
O=C(O)C1(C(=O)NCc2ccnc(Oc3ccc(F)cc3)c2)CCC1,med_flex_hetero_amide
CC1CCN(S(=O)(=O)c2ccc(C#N)cc2NCCCO)CC1,med_flex_carbo_sulfonyl
COc1ccccc1-c1n[nH]c(NC(=O)c2cc(-c3cnn(C)c3)ccc2F)c1C,med_flex_hetero_amide
Cc1ccn2ncc(C(=O)NCC(F)(F)c3ccc(F)cc3F)c2c1,med_flex_hetero_amide
O=C1NC(=O)C2(CCCN(C(=O)Cn3c(-c4ccccc4)cc4ccccc43)C2)N1,med_flex_hetero_amide
O=C(NCCc1cnn(-c2ccccc2)n1)C1(c2ccc(Cl)cc2)CC1,med_flex_hetero_amide
Cc1onc(OC(F)F)c1NC(=O)c1cc(-c2ccccc2)nc2c1c(C)nn2C,med_flex_hetero_amide
Cc1cc(CNC(=O)N2CCCC3(C=Cc4ccccc4O3)C2)no1,med_rigid_hetero_amide
O[C@@H]1C[C@H]2CN(c3cccc(-n4cnc5ccccc54)n3)CCN2C1,med_rigid_hetero_acid
O=C(Nc1ccn(Cc2ccncc2)n1)c1cc(-c2ccc3c(c2)OCCO3)nc2ccccc12,large_flex_hetero_amide
Cc1ncccc1Cc1nc(-c2ccc(NS(C)(=O)=O)cc2)no1,med_flex_hetero_sulfonyl
NS(=O)(=O)c1ccc(Oc2ccc(NC(=O)C3CCCC3)cc2)cc1,med_flex_carbo_sulfonyl
COc1ccc(Cl)cc1C(=O)N1CCCN(C(=O)c2cc(Cl)ccc2OC)CC1,med_flex_carbo_amide
CSCCc1nc(-c2ccc3c(c2)C(C)(C)C(=O)N3C)n(CC2CC(C)C2)n1,med_flex_hetero_amide
O=C(Nc1cc(Br)ccn1)N[C@@H]1CCCc2cccnc21,med_rigid_hetero_amide
CCOC(=O)C1(F)CN(c2ncnc3[nH]cc(CC)c23)CC12COC2,med_flex_hetero_plain
CC[C@H]1C(=O)NCCCN1Cc1oc(-c2ccccc2)nc1C,med_flex_hetero_amide
CNS(=O)(=O)c1cccc(C(C)NC(=O)c2ccc3noc(-c4ccc(F)cc4)c3c2)c1,large_flex_hetero_sulfonyl
Cc1ccc(F)c2[nH]c(C(=O)Nc3cccc(C4(C)NC(=O)NC4=O)c3)cc12,med_flex_hetero_amide
Cn1cc(NC(=O)Cc2cccc(Cl)c2)c2ccccc2c1=O,med_flex_hetero_amide
O=C(NC1CCCN(C(=O)C2Cc3ccc(F)cc32)C1)c1ccc2ccccc2c1,med_flex_carbo_amide
CCc1n[nH]c2ncnc(N3CC4(C3)SCCC4C(=O)OC)c12,med_flex_hetero_plain
Cn1ccnc1C(Nc1nccn2ncc(Br)c12)c1ccccc1,med_flex_hetero_plain
Cc1nccnc1C(C)NC(=O)c1ccccc1-c1ccc(C(F)(F)F)cc1,med_flex_hetero_amide
CCCCOc1ccc(Cl)cc1CC(=O)Nc1cnccc1C,med_verylex_hetero_amide
CCCc1cc(C(=O)Nc2ccc3oc(=O)n(CC(=O)N4CCCCC4)c3c2)[nH]n1,med_flex_hetero_amide
CN(C)c1cccnc1CNC(=O)Nc1cccc(-c2ncco2)c1,med_flex_hetero_amide
O=C(CSc1ncccn1)N1c2ccccc2CCc2ccccc21,med_flex_hetero_amide
CC1OC(=O)NC1C(=O)N(C)CCc1cccc2ccccc12,med_flex_carbo_amide
O=C1OC(c2ccccc2)CC1C(=O)N1Cc2ccccc2C(c2ccccc2)C1,med_flex_carbo_amide
O=C(Nc1c[nH]nc1-c1ccccn1)c1n[nH]c2ccccc12,med_flex_hetero_amide
Cc1cccc(C(C)(C)C(=O)NCc2nnnn2-c2ccc(F)cc2)c1,med_flex_hetero_amide
O[C@@H](CNc1nc(C(F)(F)F)nc2[nH]cnc12)c1ccc(Cl)cc1,med_flex_hetero_acid
Cc1cc(C(=O)Nc2ccc(OCc3ccccc3)cc2)ccn1,med_flex_hetero_amide
COCCN1C(=O)N[C@H]2CN(C(=O)C3CCN(c4ncnc5sc(C)c(C)c45)CC3)CC[C@H]21,large_flex_hetero_amide
O=S(=O)(Nc1ccc2occc2c1)c1cccc2cccnc12,med_flex_hetero_sulfonyl
CCCS(=O)(=O)Nc1ccccc1C(=O)NCc1cccc2c1OCC2,med_verylex_carbo_sulfonyl
COc1cc(NCC2(C3CCCCO3)CC2)ccc1OC(F)F,med_verylex_carbo_plain
CCS(=O)(=O)c1ccc(N2CCC(Nc3ncnc4[nH]ccc34)CC2)cc1,med_flex_hetero_sulfonyl
N#Cc1ccncc1NCc1nc2c(s1)CC(c1ccccc1)CC2,med_flex_hetero_plain
CCn1cc(-c2cn([C@@H](C)c3ccccc3Cl)nn2)cn1,med_flex_hetero_plain
CC(C)c1nc(CN(CC2(F)CCOCC2)c2nc(C3CC3)ns2)cs1,med_verylex_hetero_plain
CC(C)Oc1ccc(S(=O)(=O)N(C)C)cc1NS(=O)(=O)CCC(C)(C)C,med_verylex_carbo_sulfonyl
Cn1ccnc1Cn1cc(-c2ccc3cnccc3c2)nn1,small_flex_hetero_plain
CC1(CN(Cc2cnn(C(C)(C)C)c2)c2ncccn2)CCC2(CC1)OCCO2,med_flex_hetero_plain
CCn1ccc(CN(CC2(c3ccccc3)CCOCC2)c2nc(C)ns2)n1,med_verylex_hetero_plain
CCc1cnc(N(Cc2ccn(C)n2)CC2CCCC(C)(C)O2)nc1,med_flex_hetero_plain
COc1ccccc1C(C)(C)n1cc(COC2CCCCO2)nn1,med_flex_hetero_plain
Cc1ccc(NS(=O)(=O)c2ccc(C)c(NS(=O)(=O)CCOC(C)C)c2)c(C)c1,med_verylex_carbo_sulfonyl
COc1ccccc1C(C)(C)n1cc(C2CCCS(=O)(=O)C2)nn1,med_flex_hetero_sulfonyl
Cn1nc(-c2cccnc2)cc1C(=O)N1c2ccccc2CC1(C)C,med_rigid_hetero_amide
O=C(Nc1ncc(C2CC2)s1)c1cccn1C1CCCC1,med_flex_hetero_amide
COC(=O)c1[nH]c(C)cc1NC(=O)c1cc(-c2ccccc2)nc2c1c(C)nn2C,med_flex_hetero_amide
Cc1ccnn1-c1ccc(C(=O)Nc2nc(-c3cccc(-n4cnnn4)c3)cs2)cc1,med_flex_hetero_amide
CC(NS(=O)(=O)C1CC12CCC2)c1nc(C2CCCCC2)no1,med_flex_hetero_sulfonyl
CCN1CCc2cc(-c3nc4nccc(C#N)c4[nH]3)ccc21,small_rigid_hetero_plain
Cn1c(Cc2ccsc2)nnc1N1CCCc2ccccc2CC1,med_flex_hetero_plain
CCc1c[nH]c2ncnc(N3CC4(CCOCC(=O)N4)C3)c12,med_rigid_hetero_amide
O=C(Cn1nnn(C2CC2)c1=O)N1c2ccccc2CCc2ccccc21,med_flex_hetero_amide
O=C(c1ccnc(CO)c1)N1CCN(c2cncc3ccccc23)CC1,med_flex_hetero_amide
Cc1nccc(N(CCC2CCCC2(F)F)Cc2c(C)cnn2C)n1,med_flex_hetero_plain
C/C=C/CCCN(Cc1cn[nH]c1)c1cc(C(N)=O)nc(C2CC2)n1,med_verylex_hetero_amide
COC(=O)CCc1ccccc1C(=O)N(C)CC(C)C1CCCCC1,med_verylex_carbo_amide
COc1ccc(CC(C)(CO)NC(=O)c2cc3c(C)cc(C)nc3s2)cc1OC,med_verylex_hetero_amide
N#CC1CC2(C1)CC(C(=O)N1CCc3sccc3C1c1ccccc1)C2,med_rigid_hetero_amide
Cc1ccc(-n2ccc(Cn3cc(C4CC4)nn3)n2)cc1,small_flex_hetero_plain
O=S(=O)(Nc1cccc2c1CN(C1CC1)C2)c1sccc1C1CC1,med_flex_hetero_sulfonyl
O=S(=O)(c1ccccc1-c1ccccc1)N1CCC2CC21,small_flex_carbo_sulfonyl
COc1cc2c(N3CCC(CS(C)(=O)=O)CC3)ccnc2cc1F,med_flex_hetero_sulfonyl
CCOC(=O)c1csc(C2CCCN2C(=O)Nc2ccc(C(C)(C)C)cc2)n1,med_flex_hetero_amide
O=S(=O)(Nc1n[nH]cc1Cl)c1c[nH]c2cc(C(F)(F)F)ccc12,med_flex_hetero_sulfonyl
CC1(C)Cc2cccc(C(=O)Nc3nnc(C(C)(C)C)s3)c2O1,med_rigid_hetero_amide
C#CCN(Cc1ccccc1)C(=O)C(C)NC(=O)c1cccc(Cl)c1Cl,med_flex_carbo_amide
CN1CCCc2cc(CC(=O)Nc3ccccc3NS(=O)(=O)c3cccs3)ccc21,med_flex_hetero_sulfonyl
CCN1C(=O)c2ccc(C(=O)N3CC(C(C)C)Cc4cc(OC)ccc43)cc2S1(=O)=O,med_flex_carbo_sulfonyl
COc1ccc2c(c1)[C@H](NS(=O)(=O)c1cc(F)ccc1OC(F)F)CCC2,med_flex_carbo_sulfonyl
N#Cc1cc(S(=O)(=O)NCC(F)(F)F)ccc1N1CCC2(CCC2)C1,med_flex_carbo_sulfonyl
CCOc1cccnc1S(=O)(=O)N1CCc2ccc(F)cc2C(C)C1,med_flex_hetero_sulfonyl
CCOc1cccnc1S(=O)(=O)NCc1ccc(F)cc1C(F)(F)F,med_flex_hetero_sulfonyl
Cc1ccc(NC(=O)Cn2nnc(-c3ccccc3)n2)c(-c2nc(C3CC3)n[nH]2)c1,med_flex_hetero_amide
Cn1cc(CCC(=O)N2CC(O)(c3ccc(F)cc3)C2)c2ccccc21,med_flex_hetero_amide
Cc1cnn(C2CCCN(C(=O)CCc3c(-c4ccccc4)[nH]c4ccc(F)cc34)C2)c1,med_flex_hetero_amide
COc1cc(NC(=O)c2ccc(NS(=O)(=O)c3ccc(F)cc3)cc2)cc(OC)c1C,med_verylex_carbo_sulfonyl
CCN(CC)C(=O)COc1cccc(NC(=O)c2cc(OC)c(C)c(OC)c2)c1,med_verylex_carbo_amide
O=C(Nc1ccc(S(=O)(=O)Nc2cccc(-c3nc(C4CC4)n[nH]3)c2)cc1)c1ccc(F)cc1,large_verylex_hetero_sulfonyl
CC(C)(C)NS(=O)(=O)C1(CNc2cc(Br)ccc2C#N)CCC1,med_flex_carbo_sulfonyl
Cc1cc(C(=O)Nc2ccccc2NCC(F)(F)F)c2c(c1)C(C)CCN2,med_flex_carbo_amide
CC(C)Cn1c(CC(C)(O)c2ccccc2)nnc1N1CCSCC1,med_flex_hetero_acid
COc1ccc(N(C)S(=O)(=O)c2cccc3c(Cl)cc(C)nc23)cn1,med_flex_hetero_sulfonyl
Cc1n[nH]c2ccc(C(=O)NCCn3c(=O)[nH]c4ccccc43)cc12,med_flex_hetero_amide
O=C(Nc1ccc(F)nn1)c1cc(-c2ccccc2Cl)nc2ccccc12,med_flex_hetero_amide
Cc1ccccc1C(OCC(O)CNC1CCC(=O)NC12CCC2)c1ccccc1,med_verylex_carbo_amide
CC1(NC(=O)Cc2c[nH]c3ncccc23)CCCc2ccccc21,med_flex_hetero_amide
Cc1cc2c(cc(C(=O)N[C@H]3COC[C@H]3n3cccn3)n2CC(F)(F)F)s1,med_flex_hetero_amide
Cc1cc(S(=O)(=O)NCCc2cc(C(C)(C)C)on2)ccc1C#N,med_flex_hetero_sulfonyl
CCc1nc(NC(=O)NC(CO)CC(O)c2ccccc2)sc1C(C)(C)C,med_verylex_hetero_amide
Cc1ccc(-c2cncc(F)c2)cc1NC(=O)c1ccc2[nH]c(=O)oc2c1,med_flex_hetero_amide
CS(=O)(=O)Nc1ccc(CNc2nc(-c3ccccn3)nc3ccccc23)cc1,med_flex_hetero_sulfonyl
CC(C)(C(=O)N1CCC(C(=O)Nc2ccc3c(c2)OCO3)CC1)c1cccc2ccccc12,med_flex_carbo_amide
COC(=O)c1c(CNC(=O)c2cnnn2-c2ccccc2)nn2c1CCCC2,med_flex_hetero_amide
COC(=O)c1cc(-c2csc(NC(=O)c3ccc(OC)cc3)n2)c[nH]1,med_flex_hetero_amide
CC(C)(C)C(NC(=O)c1ccc(-c2ccccc2)cc1)c1nc(-c2nnc[nH]2)no1,med_flex_hetero_amide
Cc1ccc2oc(CN(Cc3ccco3)C(=O)Nc3ccc4c(c3)C(=O)N(C)CC4)cc2c1,med_flex_hetero_amide
O=C(c1cccnc1N1CCC(c2nc3ccccc3[nH]2)CC1)N1CCc2ccccc21,med_flex_hetero_amide
CC1(Cc2cccc(Br)c2)CCCN1c1ccnc(C#N)n1,med_flex_hetero_plain
O=S(=O)(c1cccc(Cl)c1O)N1CC(CO)(c2ccccc2)C1,med_flex_carbo_sulfonyl
COc1ccccc1CC1CCCN1C(=O)CCn1nnc2ccccc2c1=O,med_flex_hetero_amide
O=C(CCc1nc2ccccc2n1-c1ccccc1)NCc1ccc(O)cc1,med_flex_hetero_amide
O=C(NCc1cc2c(cc1OC(F)F)OCO2)NCC1CCCCC(F)(F)C1,med_flex_carbo_amide
CCc1noc(C)c1CN1C(=O)c2ccccc2C(C)C1=O,small_flex_hetero_amide
FC(F)(F)c1ccc(N2CCC[C@H]2COc2ccccc2)nn1,med_flex_hetero_plain
CCC(COC)n1cc(-c2ccc(C(F)(F)F)cc2)nn1,small_flex_hetero_plain
Cc1ccn2ncc(C(=O)N3CCCCCC3C=Cc3ccccc3)c2n1,med_flex_hetero_amide
COCn1nc(C)c(NS(=O)(=O)c2cc(C)c(Cl)cc2Cl)c1C,med_flex_hetero_sulfonyl
CC(NC(=O)NCc1cn(-c2ccccc2)nn1)c1ccc(C#N)cc1,med_flex_hetero_amide
Cc1nc2c3ccccc3nc(SC(C)C(=O)N(C)C(C)C)n2n1,med_flex_hetero_amide
CC(C)(CC(=O)OCC1=Nc2ccccc2S(=O)(=O)N1)Cc1ccc(Cl)cc1,med_flex_carbo_sulfonyl
CCN(C)c1ccccc1Cn1c(=O)[nH]c2ccccc2c1=O,med_flex_hetero_amide
COc1cccc2oc(C(=O)N3CCCC(c4ccc(F)c(O)c4)C3)cc(=O)c12,med_flex_hetero_amide
O=C(Cc1nc(Cc2ccccc2)no1)N1CCCC1c1ccccc1,med_flex_hetero_amide
CC(C)(C(=O)NCCc1nccc(C(F)(F)F)n1)c1ccccc1,med_flex_hetero_amide
CCn1ccc(NC(C)C(=O)Nc2ccccc2Cc2ccccc2)n1,med_verylex_hetero_amide
CC1N(C(=O)Cc2n[nH]c3c2CCCC3)c2ccccc2C1(C)C,med_rigid_hetero_amide
CC(NC(=O)NCC1CCCC12CC2)c1nccn1-c1ccccc1,med_flex_hetero_amide
CN(C)C(=O)[C@H]1CC[C@@H](C2CCN(c3ncnc4[nH]ncc34)CC2)O1,med_flex_hetero_amide
CC(NC(=O)CNc1ccn(-c2ccccc2C(F)(F)F)n1)C1CC1,med_flex_hetero_amide
O=C(NC(c1ccc2c(c1)CCO2)c1cc(Cl)ccc1Cl)C1OCCO1,med_flex_carbo_amide
CC1(C)CC2CC(C)(CN2C(=O)C(=O)Nc2ccc(Cl)c(-n3nnnc3C3CC3)c2)C1,med_flex_hetero_amide
Cc1cccc(S(=O)(=O)NCC(O)c2cccc3ccccc23)c1,med_flex_carbo_sulfonyl
Cc1cc(-c2noc(-c3cnc4snc(C)c4c3)n2)ccc1-n1cncn1,med_flex_hetero_plain
CC(C)c1ccc(-c2noc(CNC(=O)NCc3ccco3)n2)cc1,med_flex_hetero_amide
COc1ncccc1NC(=O)NC(CC1CCOC1)c1ccccc1,med_flex_hetero_amide
CC(C)c1noc2nc(C3CC3)cc(C(=O)N3CCc4cccc(F)c43)c12,med_flex_hetero_amide
COC(=O)C(C)(C)Cc1cn(-c2ccc(C(C)C)cc2)nn1,med_flex_hetero_plain
C=CCC1(C(=O)NC2CCN(C(=O)OC(C)(C)C)CC2CO)CCCCC1,med_flex_no_arom_amide
COC(=O)c1cc(-c2ccc(C)cc2)n(-c2nccnc2C)n1,med_flex_hetero_plain
CN(Cc1cc(C(C)(C)C)[nH]n1)C(=O)c1ccc(-c2cc[nH]n2)s1,med_flex_hetero_amide
O=S(=O)(Nc1ccnn1C1CCC1)c1ccc2c(c1)CCCC2,med_flex_hetero_sulfonyl
Cc1cccn2cc(-c3cccc(NC(=O)Nc4ccn(CCCC(=O)N(C)C)n4)c3)nc12,med_verylex_hetero_amide
CN(C(=O)N1CCCNC(=O)C1Cc1ccccc1)c1ccc(F)cc1,med_flex_carbo_amide
O=C1NC(CC2CCCc3ccccc32)C(=O)N1c1cccc2cccnc12,med_flex_hetero_amide
CCc1cc(N2CCC(Nc3ncnc4c(C)cccc34)CC2)ncn1,med_flex_hetero_plain
CC(C)C(CNC(=O)Cn1nnn(C2CCC2)c1=O)c1ccccc1,med_verylex_hetero_amide
CNC(=O)C1Cc2ccccc2N1C(=O)Cc1c[nH]c2cccc(C)c12,med_flex_hetero_amide
CNC(=O)c1cccc(NC(=O)N2CCC(Oc3cccc(F)c3)C2)c1,med_flex_carbo_amide
Cc1nccc(N2CCN(C(=O)c3cnn(-c4ccccc4F)c3C)CC2)n1,med_flex_hetero_amide
O=C(Nc1ccc(-c2nnn[nH]2)cc1)c1cn2ccccc2n1,med_flex_hetero_amide
Cc1cn(-c2ccc(F)cc2)nc1C(=O)Nc1ccc2[nH]nc(C(N)=O)c2c1,med_flex_hetero_amide
COc1ccc2ncc(C(=O)NCc3ccnc(OCC(F)(F)F)c3)n2n1,med_flex_hetero_amide
c1csc(CN2CCN(c3ncnc4[nH]ccc34)CC2)c1,small_flex_hetero_plain
Cn1cc(NS(=O)(=O)c2ccc3c(c2)CCC3)c(C2CCCCC2)n1,med_flex_hetero_sulfonyl
Cc1ccc2ncnc(NC3CCN(C(=O)c4ccco4)CC3)c2c1,med_flex_hetero_amide
COC1CC(NC(=O)N2CCC(c3c[nH]c4ncccc34)CC2)C12CCC2,med_flex_hetero_amide
Cc1ccc(C(=O)NCc2nn(C)c3ccccc23)c(Cl)c1,med_flex_hetero_amide
COCC1(C2CCC2)CN(C(=O)NCCc2cc(C)c(O)c(C)c2)C1,med_flex_carbo_amide
CCc1cccc(S(=O)(=O)NCCc2nc(C)cc(C)n2)c1,med_flex_hetero_sulfonyl
O=C(NC1CCOc2ccc(F)cc21)c1ccc(N2CCCC2)nn1,med_flex_hetero_amide
Cc1ccccc1C1CCCN1CC(=O)Nc1ccccc1C(N)=O,med_flex_carbo_amide
CCn1c(NC(=O)c2cc(C)nn2C2CCOCC2)nc2cc(C#N)ccc21,med_flex_hetero_amide
COc1ccc(C(=O)N(C)C(C)Cc2ccccc2C)cc1S(=O)(=O)N1CCOCC1,med_verylex_carbo_sulfonyl
CCn1cc(S(=O)(=O)N2CCc3c(Cl)cc(F)cc3C2)nc1C,med_flex_hetero_sulfonyl
O=C(c1cc2c(s1)-c1ccccc1CC2)N1CCCCC1c1ncon1,med_rigid_hetero_amide
COC1(C)CCCN(C(=O)NCc2cc(Cl)cc3c2OCC3)CC1,med_flex_carbo_amide
Cc1ccc2[nH]c(C(=O)N[C@@H]3CCCN(S(=O)(=O)C4CC4)C3)cc2c1C,med_flex_hetero_sulfonyl
CC1CCc2ccccc2N1C(=O)COc1ccc2c(c1)NC(=O)CC2,med_flex_carbo_amide
CC(C)CCn1ccc(NC(=O)NCC2CCC3(CCCC3)O2)n1,med_flex_hetero_amide
Cc1nsc(NC(=O)c2cc(C3CC3)nc3c2c(C)nn3C)c1C#N,med_flex_hetero_amide
Cn1cccc1C1CCCCN1C(=O)CNC(=O)c1cc2ccccc2[nH]1,med_flex_hetero_amide
N#CC1(CCCN2CCN(c3ccnc4ccccc34)CC2)CCOCC1,med_flex_hetero_plain
Cc1nnnn1-c1cccc(NC(=O)c2ccc(-n3cnc4ccccc43)nc2)c1,med_flex_hetero_amide
COc1ccccc1NCC(=O)N1CCN(C)c2ccccc2C1,med_flex_carbo_amide
Cc1nc(CNC(=O)NC2CCCCc3cc(Br)ccc32)no1,med_flex_hetero_amide
O=C(Nc1cccc(-c2cn(Cc3ccccc3)nn2)c1)N1CCc2ccc(F)cc2C1,med_flex_hetero_amide
CN(C(=O)c1ccc2[nH]c(=O)n(C)c2c1)c1ccc(N2CCOCC2)nc1,med_flex_hetero_amide
Cc1ccc(S(=O)(=O)CC(=O)N2CCOC(c3ccc(F)cc3)C2)cc1C,med_flex_carbo_sulfonyl
CC(C1CC1)n1cc(NC(=O)NC2CCCOc3cc(F)ccc32)cn1,med_flex_hetero_amide
COc1ccc(-c2[nH]c3ccccc3c2CCC(=O)NS(=O)(=O)c2cccs2)cc1,med_verylex_hetero_sulfonyl
CC(C)(CNC(=O)c1ccc(S(=O)(=O)Nc2ccccc2)cc1)c1ccncc1,med_verylex_hetero_sulfonyl
CCCOc1cccc(CCNC(=O)N2C3CCC2CC2(C3)CC2(F)F)c1,med_flex_carbo_amide
Cc1ccc(N(C)C(=O)C2CCN(C(=O)CCc3ccccc3)CC2)c(F)c1,med_flex_carbo_amide
CC(F)(F)c1ccccc1NC(=O)NC(C)(C)c1nc2ccccc2s1,med_flex_hetero_amide
NC(=O)CC1(NC(=O)c2cc(Br)cc3[nH]c(=O)[nH]c23)CCOCC1,med_flex_hetero_amide
CC(C)(C)n1nnnc1CNC1(c2ccc(Cl)cc2)CCCCC1,med_flex_hetero_plain
Cc1ccc(CNC(=O)N2CCN(c3ncnc4ccsc34)CC2)s1,med_flex_hetero_amide
C[C@H]1CN(C)c2ccccc2CN1C(=O)Nc1ccc(F)cc1N1CCOCC1,med_rigid_carbo_amide
CCC(NC(=O)Cn1ncc2ccccc2c1=O)c1cc(F)ccc1F,med_flex_hetero_amide
CN(C)Cc1nc2ccc(NC(=O)c3ccc(C4CC4(F)F)cc3)cc2[nH]1,med_flex_hetero_amide
COc1ccc2[nH]c(C(=O)NC[C@@H]3C[C@H](OC)CN3c3ccncn3)cc2c1,med_flex_hetero_amide
O=C(N[C@H](CO)Cc1ccccc1)C1(S(=O)(=O)c2ccc(Cl)cc2)CCCC1,med_verylex_carbo_sulfonyl
Cc1[nH]c(-c2ccccc2)nc1C(=O)OCC(=O)Nc1ccccc1C(=O)Nc1ccccc1,large_verylex_hetero_amide
CC(C)(C)[C@H](NC(=O)c1cc(N2CCCCC2)ccn1)C(N)=O,med_flex_hetero_amide
CC(Cc1nc(-c2cccc(S(C)(=O)=O)c2)nn1C12CC(C1)C2)c1ccccc1,med_flex_hetero_sulfonyl
Cn1c(C(=O)NS(=O)(=O)c2ccc(F)cc2F)cc2ccsc21,med_flex_hetero_sulfonyl
C[C@H](c1ccccc1)N(CC(N)=O)Cc1cn(C2CCc3ccc(Cl)cc32)nn1,med_verylex_hetero_amide
Cc1ccc(SCC(F)(F)F)c(NC(=O)C(=O)N(C)CCN2CCCC2=O)c1,med_flex_carbo_amide
Cc1nn(C)c(Sc2ccccc2)c1C(=O)Nc1cccc(N2C(=O)NCC2C)c1,med_flex_hetero_amide
Cn1cc(Cl)c(C(=O)Nc2nc(-c3ccccn3)nc3sccc23)n1,med_flex_hetero_amide
Cc1ccc(C(=O)N2CCC(Nc3ncnc4[nH]c5ccccc5c34)CC2)cc1,med_flex_hetero_amide
COc1ccc(N(C(=O)c2ccccc2)C(C(=O)NC2CCCCC2)c2ccccn2)cc1,med_verylex_hetero_amide
CCC(NC(=O)CC(C)(O)c1ccccc1)c1cccc2cc[nH]c12,med_flex_hetero_amide
CCCN(Cc1cnn(C)c1)C(=O)NCc1cn(Cc2ccccc2)nc1-c1ccccc1,med_verylex_hetero_amide
CCc1ccc(-n2nc(C3CC3)nc2C2CCC(C(=O)N(C)C)CC2)cc1,med_flex_hetero_amide
Cc1n[nH]c(C)c1CNC(=O)c1ccc(Oc2ccc(C(C)C)cc2)nc1,med_flex_hetero_amide
Cc1cc(F)c(Br)cc1NS(=O)(=O)c1cccc(Cl)c1O,med_flex_carbo_sulfonyl
Cc1ccccc1-n1ncc(C(=O)NS(=O)(=O)c2ccccc2)c1C(F)(F)F,med_flex_hetero_sulfonyl
O=C(NC1(c2ccccc2Cl)CC1)c1ccc(N2CCOCC2)nc1,med_flex_hetero_amide
O=C1C2CCCCN2S(=O)(=O)N1CCC1CCc2ccccc21,med_flex_carbo_sulfonyl
OC1(c2cn(CCOc3ccc(Cl)cc3)nn2)CCOCC1,med_flex_hetero_acid
CCc1ccc(NC(=O)NCCCc2cccc(C(F)(F)F)c2)cc1S(N)(=O)=O,med_verylex_carbo_sulfonyl
CCn1cc(-c2nc(-c3ccc(N4CCCCC4)nc3)no2)cn1,med_flex_hetero_plain
COc1cccc(C(O)CNC(=O)c2cnn(C)c2Cc2ccccc2)c1,med_verylex_hetero_amide
CC(NC(=O)c1cnn(C)c1Cc1ccccc1)c1cc(F)ccc1N1CCC(O)CC1,med_flex_hetero_amide
Cc1nscc1NS(=O)(=O)c1cccc2c1OC(C)(C)C2,med_flex_hetero_sulfonyl
Cc1cc(-n2c(C)cc(C(=O)NC3(Cc4ccc(Cl)cc4)CCOC3)c2C)no1,med_flex_hetero_amide
O=C(c1nc(NCc2ccco2)ncc1Cl)N1CCc2sccc2C1,med_flex_hetero_amide
CC(NC(=O)c1cnn(C)c1Cc1ccccc1)c1cccc(NS(C)(=O)=O)c1,med_verylex_hetero_sulfonyl
Cc1nn(-c2ccccc2)cc1NC(=O)c1cc2c(C(F)(F)F)cc(=O)[nH]c2o1,med_flex_hetero_amide
Cc1nc(F)ccc1NC(=O)NC1CCCc2sc(-c3ccc(F)cc3)nc21,med_flex_hetero_amide
Cc1cc(CC(C)NC(=O)c2cc(C3CC3)nc3c2c(=O)[nH]n3C)n(-c2ccccc2)n1,med_flex_hetero_amide
CNS(=O)(=O)c1csc(C(=O)Nc2ccc(Oc3ccccc3Cl)cc2)c1,med_flex_hetero_sulfonyl
Cc1ccccc1-c1nn(-c2ccccc2)cc1C(=O)NCc1ncnn1-c1ccccc1,med_flex_hetero_amide
O=C(Nc1cnn(C2CCCCC2)c1)N1CCCN(C(=O)c2ccc(F)cc2)CC1,med_flex_hetero_amide
CC1(C)Oc2cc(-c3ccc4c(c3)CCOC4)ccc2NC1=O,med_rigid_carbo_amide
FC(F)(F)C1(c2nc(-c3cc(C4CC4)[nH]n3)no2)CC2(CCC2)C1,med_flex_hetero_plain
O=C(CCNC(=O)c1c[nH]c2ccccc12)Nc1ccc(-n2cnc3ccccc32)cc1,med_flex_hetero_amide
Cc1cc(NCCc2ccccc2S(N)(=O)=O)ncc1S(=O)(=O)N1CC2CCC2(C)C1,large_verylex_hetero_sulfonyl
CC1(C)CCC(CCNC(=O)c2ccc3cccnn23)OC1,med_flex_hetero_amide
O=S(=O)(CCNCc1cc2ccccc2nc1N1CCCCC1)c1ccccc1,med_verylex_hetero_sulfonyl
COc1ccc(N(CC2CC2)C(=O)CC2CC(C)(C)CO2)cc1,med_flex_carbo_amide
COc1cc(OC)nc(N2CCCN(C(=O)c3ccsc3)CC2)n1,med_flex_hetero_amide
Cc1ccc(C)c(-n2ncc(NC(C)c3csc(C)n3)c2C)c1,med_flex_hetero_plain
Oc1cc2c(NCCc3ccc4[nH]ccc4c3)ncnc2cc1F,med_flex_hetero_acid
COC(=O)c1c(CNC(=O)Nc2c(Cl)ccc3c2OC(C)(C)C3)nn2c1CCCC2,med_flex_hetero_amide
CCCOc1cccc(C(=O)NC(c2ccccn2)c2ccccc2OC)c1,med_verylex_hetero_amide
COC(=O)c1c(COc2ccc(C3CC3)cc2Cl)nn2c1CCCC2,med_flex_hetero_plain
COc1cc(Br)ccc1NC(=O)C(C)c1cn(C)c2ccccc12,med_flex_hetero_amide
O=C(Nc1cncc2ccc(F)cc12)C1CCOc2ccc(Cl)cc21,med_rigid_hetero_amide
CCCC(C)c1cc(NS(=O)(=O)c2ccc(C#N)c(Br)c2)[nH]n1,med_flex_hetero_sulfonyl
Cn1ncc(C(=O)NCC2CCC3(CC(C(=O)OC(C)(C)C)C3)O2)c1Cc1ccccc1,med_flex_hetero_amide
CCCOc1ccc2[nH]cc(CCNC(=O)c3cncc4[nH]ccc34)c2c1,med_verylex_hetero_amide
CC1CC1CNC(=O)N[C@@H](Cc1ccccc1)C(=O)N(C)c1ccccc1,med_verylex_carbo_amide
CCc1c[nH]c2ncnc(N3CCCC(n4cc(C)cn4)C3)c12,med_flex_hetero_plain
O=C(COC1CC1)Nc1ccc(-n2cnc3ccccc32)nc1,med_flex_hetero_amide
COC(C)c1cccc(NC(=O)C(=O)N2CCN(C(C)=O)C[C@H]2C)c1,med_flex_carbo_amide
CN1C(=O)CCCC1C(=O)Nc1ccc(Oc2ccncc2)c(Cl)c1,med_flex_hetero_amide
O=S(=O)(Nc1ccc(CC(F)(F)F)cc1)c1ccc(Cl)s1,med_flex_hetero_sulfonyl
CC(C)N(C)S(=O)(=O)c1cccc(C(=O)NCC2(c3ccccn3)CCC2)c1,med_verylex_hetero_sulfonyl
CCOCc1ccc(NC(=O)c2ccc(C(F)(F)F)c(F)c2)cc1,med_flex_carbo_amide
COc1ccc(Sc2nsc(NC(=O)N[C@H](CO)C(C)(C)C)n2)cc1,med_flex_hetero_amide
CCN(C1CCCCC1)S(=O)(=O)c1c(C2OCCO2)cnn1C,med_flex_hetero_sulfonyl
O=C1COc2ncnc(NCC34CCCCC3C4(F)F)c2N1,med_flex_hetero_amide
COc1ccc(C(NC(=O)CNC(C)c2cc(F)ccc2-n2cccn2)C2CC2)cc1,med_verylex_hetero_amide
Cc1nc2ccccn2c1CSc1nnc2n(C)c3ccccc3n12,med_flex_hetero_plain
CCn1ncc(NS(=O)(=O)c2ccc(Br)c(C)c2)c1C(F)(F)F,med_flex_hetero_sulfonyl
CC(Cc1ccccc1C(F)(F)F)N(C)C(=O)Nc1ccc(F)cc1,med_flex_carbo_amide
O=C(CN1C(=O)NC2(CCc3ccccc32)C1=O)Nc1nc2ccccc2nc1N1CCCC1,large_flex_hetero_amide
O=C(c1cccc(Nc2ccccc2)c1)N1CCN(C2=NS(=O)(=O)c3ccccc32)CC1,med_flex_carbo_sulfonyl
CC(NC(=O)c1c2ccccc2nn1C)c1cccc(C(F)(F)F)c1,med_flex_hetero_amide
CC(C)(C)n1cc(NS(=O)(=O)c2cccc(Cl)c2Cl)cn1,med_flex_hetero_sulfonyl
Cc1ccc(CSc2nnc(-c3ccccn3)n2Cc2ccco2)cc1Br,med_flex_hetero_plain
O=C(Nc1cccc(-c2ccccc2)c1)N1CCCC(N2CCCC2=O)CC1,med_flex_carbo_amide
O=C(C1CC(c2ccccn2)=NO1)N1CCCC(Nc2cccc(Br)c2)C1,med_flex_hetero_amide
Cc1n[nH]c(NC(=O)c2ccn(-c3c(F)cccc3F)n2)c1-c1ccc2c(c1)OCCO2,med_flex_hetero_amide
CC(Cc1cccnc1)NC(=O)c1cc(C(C)(C)C)n2ncnc2n1,med_flex_hetero_amide
CN(CCCNC(=O)C(C)(C)S(=O)(=O)c1ccc(Cl)cc1)c1ccccc1,med_verylex_carbo_sulfonyl
CCC1OCCCC1C(=O)Nc1nnc(-c2ccc(C)cc2C)s1,med_flex_hetero_amide
COc1ccccc1CC1CCCN1C(=O)Cc1cnn2ccccc12,med_flex_hetero_amide
NC(=O)c1cc(C(=O)Nc2nc(-c3ccc4c(c3)OCO4)cs2)nn1-c1ccccc1,med_flex_hetero_amide
CCc1ccc(C(C)NC(=O)CN2C(=O)Nc3ccccc3S2(=O)=O)cc1,med_flex_carbo_sulfonyl
COc1ccc2[nH]cc(C3CCN(c4ncnc5[nH]ncc45)CC3)c2c1,med_flex_hetero_plain
CSC(C(=O)NC(CNS(=O)(=O)c1cnn(C)c1)c1ccccc1)c1ccccc1,med_verylex_hetero_sulfonyl
CC12CC(CN1C(=O)NCc1ccccc1-c1ccc(Cn3cccn3)cc1)C2,med_flex_hetero_amide
COCC1(C(=O)Nc2cnc3c(F)c(F)ccc3c2)CCCCC1,med_flex_hetero_amide
CC(C)c1nc(S(=O)(=O)Nc2cccc(NC(=O)C3CCCCC3)c2)c[nH]1,med_flex_hetero_sulfonyl
O=C(c1ccn(-c2cc(F)cc(F)c2)n1)N1CCCc2ccccc21,med_rigid_hetero_amide
COc1ccccc1NS(=O)(=O)c1cc(C(=O)NCC(O)c2ccccc2)ccc1C,med_verylex_carbo_sulfonyl
CC(C)C(NC(=O)C1CC12CCc1ccccc12)c1nc(C2CC2)no1,med_flex_hetero_amide
Nc1nncc(-c2cccc(C(=O)N3CC4(CCC4)CC3C(F)(F)F)c2)n1,med_rigid_hetero_amide
CC(C)(C)Cc1cc(NC(=O)C2CCCc3sc(N)nc32)n[nH]1,med_flex_hetero_amide
CC(C)c1occc1C(=O)N(C)C1CCCN(c2ccccc2)C1=O,med_flex_hetero_amide
CO[C@H]1C[C@H](c2nnc(C)o2)N(C(=O)c2cc(C(C)C)n(C(C)(C)C)n2)C1,med_flex_hetero_amide
Cc1cc(F)ccc1C1C(=O)NCCN1C(=O)Nc1cc(N(C)C)cc(C(F)(F)F)c1,med_flex_carbo_amide
Cc1cc(C)nc(-c2noc(C(CC(C)C)N3CCCCC3=O)n2)c1,med_flex_hetero_amide
CCN(CC(=O)OC)C(=O)c1ccc(-c2cccc(C)c2)n1C,med_flex_hetero_amide
CC(Cc1ccc(NC(=O)c2ccc3[nH]ncc3c2)cc1)C(=O)O,med_flex_hetero_amide
CCOC(C)c1nc(C(NC(=O)OC(C)(C)C)c2ccccc2)no1,med_flex_hetero_amide
Cc1cccc(C(NC(=O)N2CCC(Cn3cccn3)CC2)C(C)(C)C)c1,med_flex_hetero_amide
Cc1conc1NS(=O)(=O)c1c(C)cc(C(C)(C)C)cc1C,med_flex_hetero_sulfonyl
CC1CCN(C(=O)C2CC23CCc2ccccc23)c2c(O)cccc21,med_rigid_carbo_amide
CC(C)C(C)(NCc1cn(C(C)(C)C)nn1)c1ccc(Br)cc1,med_flex_hetero_plain
Cc1ccc(-c2nc(C)c(C(=O)N3C4C=CCC3CC4)s2)o1,med_rigid_hetero_amide
CC(NC(=O)N1CCCC1CCO)c1ccccc1Oc1ccccc1,med_flex_carbo_amide
CCCC1(COC)CCCN1C(=O)N[C@@H](C)c1cccc(O)c1,med_flex_carbo_amide
O=S(=O)(Nc1ccc(-c2nncs2)cc1)c1cnn(-c2ccccc2F)c1,med_flex_hetero_sulfonyl
CC(C)(C(=O)N1CCN(c2cc(C3CC3)n[nH]2)CC1)c1ccc(F)cc1,med_flex_hetero_amide
O=C(C1CC1)N1CCCN(c2cccc(C(F)(F)F)n2)CC1,med_rigid_hetero_amide
O=C(NCc1nnnn1C1CC1)c1ccc(-n2cnnn2)cc1Cl,med_flex_hetero_amide
CCS(=O)(=O)c1ccccc1CC(=O)N(C)c1ccc(C)nn1,med_flex_hetero_sulfonyl
O=S(=O)(Nc1ccc(-n2cccn2)cc1)c1ccc(Cl)cc1,med_flex_hetero_sulfonyl
CC(C)C(=O)N1CCCN(c2ccnc(Cc3ccc(F)cc3)n2)CC1,med_flex_hetero_amide
O=C(c1cnc2ccccn12)N1CCN(C2CC2)c2ccccc21,med_rigid_hetero_amide
COc1cccc(S(=O)(=O)N2CCN(C)CC2c2ccccc2)c1,med_flex_carbo_sulfonyl
COc1ccc2c(c1)[C@H](n1cc(-c3ccccc3OC)nn1)CCO2,med_flex_hetero_plain
Cc1cc(F)ccc1[C@H](C)n1cc(C(C)(O)Cc2ccccc2)nn1,med_flex_hetero_acid
CCc1ccc(C(=O)N2CCN(S(=O)(=O)c3ccccc3OC(F)F)CC2)cc1,med_flex_carbo_sulfonyl
CC(C)CC1(CO)CCCN1C(=O)NCC(C)(C)c1cccs1,med_flex_hetero_amide
CC(C)(C)c1ccccc1C(=O)N1CCC(Cn2ccnn2)CC1,med_flex_hetero_amide
CCOC(=O)C(Cc1ccccc1)N(C(=O)c1cncc(Cl)c1)C1CC1,med_verylex_hetero_amide
Cn1ncc(C2CC2)c1C(=O)N1CCCN(c2ccc(Cl)c(Cl)c2)CC1,med_flex_hetero_amide
OC1(CNc2ncnc3ccc(F)cc23)CCCCCC1,small_flex_hetero_acid
COc1ccc2c(c1)CCN(C(=O)C(OC)c1ccccc1)CC2,med_flex_carbo_amide
O=S(=O)(c1ccnn1CC1CCC1)N1CCc2ccncc21,med_flex_hetero_sulfonyl
COc1ccccc1-c1cn(Cc2coc(C3CC3)n2)nn1,small_flex_hetero_plain
CCOc1cncc(NS(=O)(=O)c2cccc(N(C)C)c2)n1,med_flex_hetero_sulfonyl
N#Cc1c(C2CC2)n[nH]c1NS(=O)(=O)c1ccc2c3c(cccc13)C(=O)N2,med_flex_hetero_sulfonyl
CCn1c(SCC(=O)N(C)C2CCCCC2)nc2ccccc2c1=O,med_flex_hetero_amide
CC(NC(=O)NC1CCc2[nH]c3ccc(Cl)cc3c2C1)c1ccc2c(c1)CC(=O)N2,med_flex_hetero_amide
Cc1nocc1S(=O)(=O)Nc1cccc(S(=O)(=O)N(C)c2ccccc2)c1,med_flex_hetero_sulfonyl
CCC(NC(=O)c1cc(C)n(CC)c1C)C(O)C(F)(F)F,med_flex_hetero_amide
COCC(NS(=O)(=O)c1cc(C)ccc1Cl)c1cccc(OC)c1,med_verylex_carbo_sulfonyl
Cn1cnnc1C1CCCN1c1cccc(-n2cnc3ccccc32)n1,med_flex_hetero_plain
CCc1ccc([N+](=O)[O-])cc1S(=O)(=O)Nc1ccc(-c2noc(C(F)(F)F)n2)cc1,med_flex_hetero_sulfonyl
Cc1cc(C(=O)N(C)C2(C(F)(F)F)CC2)nn1C(C)(C)C,med_rigid_hetero_amide
C=C1CCC(CNc2nc(C)ccc2S(=O)(=O)N2C3CCCC2CC(=O)NC3)CC1,med_flex_hetero_sulfonyl
CC1(C)[C@H](NC(=O)Nc2ncn(C(C)(C)C)n2)[C@H]1c1ccccc1,med_flex_hetero_amide
COc1ccc(C(C)NC(=O)N2CCCCCC2c2ccncc2)cc1F,med_flex_hetero_amide
C[C@@H](c1cccc(F)c1)n1cc(CC2(C#N)CCCCC2)nn1,med_flex_hetero_plain
CCOC(Cn1cc(-c2ccc(C)c(Cl)c2)nn1)OCC,med_verylex_hetero_plain
Cc1nc(CNC(=O)C2(c3cccc(F)c3)CCOCC2)nc2ccccc12,med_flex_hetero_amide
Cc1cccc(C(C)NC(=O)c2cc(-c3ccccc3O)[nH]n2)c1C,med_flex_hetero_amide
Cn1nc(-c2cccnc2)cc1C(=O)N1CCC2(CC1)OCCc1ccccc12,med_rigid_hetero_amide
Cc1cccc(Oc2ccccc2C(=O)N2CCCC(C(O)C(F)(F)F)C2)c1,med_flex_carbo_amide
COC(C)(C(=O)N1CCN(c2nccc(C(C)C)n2)CC1)c1ccccc1,med_flex_hetero_amide
Cn1nc(CNC(=O)[C@H]2COCC[C@H]2c2ccccc2)cc1C1CC1,med_flex_hetero_amide
CCCCCC1NC(=O)N(Cc2ccccc2-n2nc(C)cc2C)C1=O,med_verylex_hetero_amide
CCOc1cc(NC(=O)c2cc(C)cc3ccncc23)cc(OCC)c1,med_flex_hetero_amide
Nc1ccc(C(=O)Nc2ccc3[nH]c(-c4ccc(F)cc4)nc3c2)cn1,med_flex_hetero_amide
O=C(c1ccc(NS(=O)(=O)c2cc(Cl)ccc2Cl)cc1)N1CCC(c2cn[nH]c2)CC1,large_flex_hetero_sulfonyl
NC(=O)c1ccc(C(=O)N2CC3(CCCC3)c3cccc(Cl)c32)s1,med_rigid_hetero_amide
O=C(Cn1cc(-c2cncc(F)c2)nn1)N1CC2CCCCC21c1ccccc1,med_flex_hetero_amide
COc1ccc2[nH]nc(C(=O)NC(C)c3ccccc3N(C)C)c2c1,med_flex_hetero_amide
COc1ccc(S(=O)(=O)N2CCCCCC2)cc1NS(=O)(=O)c1ccc2c(c1)OCO2,large_flex_carbo_sulfonyl
Cc1ccc(-c2cncc(F)c2)cc1NC(=O)N[C@H]1C[C@@]1(C)OC(C)C,med_flex_hetero_amide
Cc1ccc(NC(=O)c2nnc(C3CC3)o2)cc1OCCC(C)C,med_verylex_hetero_amide
COc1cccc2[nH]cc(S(=O)(=O)NC(C)CCSC)c12,med_verylex_hetero_sulfonyl
Cc1noc(C(C)N2CC3CCC(C2)N3C(=O)C2CC(C)(C)C2)n1,med_flex_hetero_amide
CN1C(=O)CCC(C(=O)Nc2cccc(-c3nnnn3C)c2)C1c1cnn(C)c1,med_flex_hetero_amide
COc1ccc(S(=O)(=O)N2c3ncnn3CCC2C)cc1F,med_flex_hetero_sulfonyl
Cc1ccn2c(=O)c(C(=O)N3CCN(C4CC4)c4c(C)cccc43)cnc2c1,med_rigid_hetero_amide
CCC(C)Oc1cc(C(=O)N2CCC(C)c3cccc(O)c32)ccn1,med_flex_hetero_amide
O=S(=O)(Nc1cccc2[nH]ccc12)c1sccc1C1CC1,med_flex_hetero_sulfonyl
COc1ccccc1-c1cn(Cc2nc(C(C)(C)C)cs2)nn1,med_flex_hetero_plain
O=S1(=O)CCC2(CCCN(c3nc(-c4cccnc4)nc4ccccc34)C2)C1,med_rigid_hetero_sulfonyl
CO[C@H]1/C=C/O[C@@]2(C)Oc3c(C)c(O)c4c(O)c(c(/C=N/N5CCN(C)CC5)c(O)c4c3C2=O)NC(=O)/C(C)=C\C=C\[C@H](C)[C@H](O)[C@@H](C)[C@@H](O)[C@@H](C)[C@H](OC(C)=O)[C@@H]1C,large_flex_carbo_amide
CCOP(=O)(OCC)C(=Cc1cc(C(C)(C)C)c(O)c(C(C)(C)C)c1)P(=O)(OCC)OCC,large_verylex_carbo_acid
Fc1ccc(N2CCNCC2)cc1,small_rigid_carbo_plain
c1ccc(C2CCNC2)cc1,small_rigid_carbo_plain
Cn1c(C(=O)O)cc2cc(Cl)ccc21,small_rigid_hetero_acid
Cc1ccc(-c2nc3ccccc3s2)cc1N,small_rigid_hetero_plain
O=C(O)CSc1ccccc1,small_flex_carbo_acid
Cc1ccc(-c2cc(C(=O)O)c3ccccc3n2)o1,small_rigid_hetero_acid
COc1ccc(-c2noc(CCCC(=O)O)n2)cc1,small_flex_hetero_acid
O=C(O)c1cc(-c2ccc(O)cc2)on1,small_rigid_hetero_acid
COc1ccc(OC)c(N)c1,small_rigid_carbo_plain
Nc1nc2ccc(Cl)cc2s1,small_rigid_hetero_plain
O=C(O)c1cccc(S(=O)(=O)N2CCOCC2)c1,small_flex_carbo_sulfonyl
Nc1nccs1,small_rigid_hetero_plain
Cc1ccc(N2CC(C(=O)O)CC2=O)cc1C,small_rigid_carbo_amide
O=C(O)Cn1ccc([N+](=O)[O-])n1,small_flex_hetero_acid
Cc1ccc(SC(C)C(=O)O)cc1,small_flex_carbo_acid
COc1ccc2cc(C(=O)O)[nH]c2c1,small_rigid_hetero_acid
O=C(O)c1ccc(-n2cnnn2)cc1,small_rigid_hetero_acid
Cc1csc2ncc(C(=O)O)c(=O)n12,small_rigid_hetero_acid
NCc1ccc2c(c1)OCO2,small_rigid_carbo_plain
Nc1ccc2c(c1)OCO2,small_rigid_carbo_plain
COc1ccccc1CN,small_rigid_carbo_plain
COc1ccc(CCN)cc1OC,small_flex_carbo_plain
Nc1ccc(N2CCCCC2)cc1,small_rigid_carbo_plain
CN(C)c1cccc(C(=O)O)c1,small_rigid_carbo_acid
COc1ccc(CCC(=O)O)cc1OC,small_flex_carbo_acid
Cc1ccc(C(=O)O)o1,small_rigid_hetero_acid
Cc1c(N)cccc1Cl,small_rigid_carbo_plain
O=C(O)c1cc(Br)cc(Br)c1O,small_rigid_carbo_acid
O=C(O)c1cc(-c2cccs2)on1,small_rigid_hetero_acid
NCCCc1ccccc1,small_flex_carbo_plain
COc1ccc(OCC(=O)O)cc1,small_flex_carbo_acid
NCCCn1ccnc1,small_flex_hetero_plain
NCCc1ccc(S(N)(=O)=O)cc1,small_flex_carbo_sulfonyl
CCOc1ccccc1C(=O)O,small_flex_carbo_acid
O=C(O)c1sc2cc(Cl)ccc2c1Cl,small_rigid_hetero_acid
COc1cccc(OC)c1C(=O)O,small_flex_carbo_acid
COc1cccc2cc(C(=O)O)c(=O)oc12,small_rigid_hetero_acid
O=C(O)c1cc2cc(F)ccc2[nH]1,small_rigid_hetero_acid
NC(=O)C1CCNCC1,small_rigid_no_arom_amide
NC(=O)C1(N2CCCCC2)CCNCC1,small_rigid_no_arom_amide
c1ccc2c(c1)CCNC2,small_rigid_carbo_plain
NCc1cccnc1,small_rigid_hetero_plain
O=C(O)CCCN1C(=O)c2cccc3cccc(c23)C1=O,small_flex_carbo_amide
O=C(O)c1cccs1,small_rigid_hetero_acid
O=C(O)COc1ccc(Br)cc1,small_flex_carbo_acid
O=C(O)CSc1nc2ccccc2s1,small_flex_hetero_acid
O=C(O)COc1ccc(Cl)cc1,small_flex_carbo_acid
O=C(O)c1ccc2c(c1)OCO2,small_rigid_carbo_acid
CCOc1ccc(C(=O)O)cc1,small_flex_carbo_acid
Cc1cc2oc(C(=O)O)c(C)c2cc1C,small_rigid_hetero_acid
O=C(O)c1ccc(NC(=O)c2ccccc2-c2ccccc2)cc1,med_flex_carbo_amide
O=C(O)c1ccc(-c2cccc(F)c2)nc1,small_rigid_hetero_acid
O=C(O)c1ccc(OC(F)F)c(OCC2CC2)c1,small_flex_carbo_acid
O=C(O)c1ccncc1,small_rigid_hetero_acid
O=C(O)CCn1c(=O)oc2ccccc21,small_flex_hetero_amide
O=C(O)C1COc2ccccc2O1,small_rigid_carbo_acid
COc1ccc(C(=O)O)cc1,small_rigid_carbo_acid
Cc1ccc(C(=O)O)cc1Cl,small_rigid_carbo_acid
Cc1cc(Cl)ccc1OCC(=O)O,small_flex_carbo_acid
O=C(O)c1cc([N+](=O)[O-])ccc1Cl,small_rigid_carbo_acid
COc1cccc(C(=O)O)c1,small_rigid_carbo_acid
O=C(Nc1ccccc1C(=O)O)c1ccco1,small_flex_hetero_amide
COc1ccc(C(=O)O)cc1Br,small_rigid_carbo_acid
O=C(O)c1cccnc1Cl,small_rigid_hetero_acid
CCC(CC)C(=O)O,small_flex_no_arom_acid
CCCCCCCCCCCCCCCC(=O)O,small_verylex_no_arom_acid
O=C(O)c1cc(-c2ccc(Cl)cc2Cl)on1,small_rigid_hetero_acid
Cc1nc(SCC(=O)O)c2c(C)c(C)sc2n1,small_flex_hetero_acid
Cc1onc(-c2ccccc2Cl)c1C(=O)O,small_rigid_hetero_acid
O=C(O)c1cccc([N+](=O)[O-])c1,small_rigid_carbo_acid
O=C(O)c1c(F)cccc1F,small_rigid_carbo_acid
Cc1cc(C)cc(C(=O)O)c1,small_rigid_carbo_acid
O=C(O)c1cc2c(ccc3ccccc32)o1,small_rigid_hetero_acid
COc1ccc(Br)cc1C(=O)O,small_rigid_carbo_acid
Cc1onc(-c2c(Cl)cccc2Cl)c1C(=O)O,small_rigid_hetero_acid
O=C(O)c1cccc(F)c1,small_rigid_carbo_acid
COc1cccc(OCC(=O)O)c1,small_flex_carbo_acid
O=C(O)c1cc(Br)c(Br)s1,small_rigid_hetero_acid
CCCCCCCC/C=C\CCCCCCCC(=O)O,small_verylex_no_arom_acid
CCCCCCCCC(=O)O,small_verylex_no_arom_acid
Cc1c(-c2ccccc2)nc2ccccc2c1C(=O)O,small_rigid_hetero_acid
O=C(O)COc1ccc(C(=O)c2ccccc2)cc1,small_flex_carbo_acid
O=C(O)c1c(F)cccc1Cl,small_rigid_carbo_acid
COc1ccc2c(c1)c(CC(=O)O)c(C)n2C(=O)c1ccc(Cl)cc1,med_flex_hetero_amide
O=C(O)CN1C(=O)c2cccc3cccc(c23)C1=O,small_rigid_carbo_amide
CCC(C(=O)O)c1ccccc1,small_flex_carbo_acid
O=C(O)c1ccc([N+](=O)[O-])cc1,small_rigid_carbo_acid
O=C(O)c1ccco1,small_rigid_hetero_acid
CCc1nn(C)c(C(=O)O)c1Cl,small_rigid_hetero_acid
CCc1nc2ccc(C(=O)O)cc2nc1CC,small_flex_hetero_acid
O=C(O)c1ccc(I)cc1,small_rigid_carbo_acid
O=C(O)CN1CCOCC1,small_rigid_no_arom_acid
O=C(O)c1cnc2sccn2c1=O,small_rigid_hetero_acid
O=C(O)c1ccc(NC(=O)c2ccco2)cc1,small_flex_hetero_amide
COc1ccc(C(=O)O)cc1OC,small_flex_carbo_acid
Cc1oncc1C(=O)O,small_rigid_hetero_acid
O=C(O)C(Sc1ccccc1)c1ccccc1,small_flex_carbo_acid
O=C(O)c1cccc(-c2ccco2)c1,small_rigid_hetero_acid
O=C(O)c1ccc(Cl)c(S(=O)(=O)N2CCOCC2)c1,med_flex_carbo_sulfonyl
O=C(O)CC1c2ccccc2Oc2ccccc21,small_rigid_carbo_acid
O=C(O)CN1CCCC1=O,small_rigid_no_arom_amide
CC(=O)Nc1ccc(C(=O)O)cc1,small_rigid_carbo_amide
O=C(O)CC(c1ccccc1)c1ccccc1,small_flex_carbo_acid
O=C(O)C(CO)c1ccccc1,small_flex_carbo_acid
Cc1ccccc1C(=O)O,small_rigid_carbo_acid
O=C(O)c1cc2ccccc2cc1O,small_rigid_carbo_acid
COc1cc(C(=O)O)cc(OC)c1OCc1ccccc1,small_flex_carbo_acid
O=C(O)c1cc([N+](=O)[O-])ccc1N1CCOCC1,small_flex_carbo_acid
O=C(O)c1cccc2c(Br)cccc12,small_rigid_carbo_acid
CC(CC(=O)O)c1ccccc1,small_flex_carbo_acid
CN1CCCCC1C(=O)O,small_rigid_no_arom_acid
COc1cc(C(=O)O)c([N+](=O)[O-])cc1OC,small_flex_carbo_acid
O=C(O)c1cnccn1,small_rigid_hetero_acid
COc1cc(C(=O)O)cc(OC)c1OC,small_flex_carbo_acid
Cc1ccc(C(=O)O)cc1,small_rigid_carbo_acid
Cc1cc(NC(=O)c2ccccc2C)ccc1C(=O)O,small_flex_carbo_amide
COc1ccc(Cl)cc1C(=O)O,small_rigid_carbo_acid
Cc1c(C(=O)O)cccc1-c1ccc(OC(F)(F)F)cc1,small_flex_carbo_acid
Cc1c(C(=O)O)oc2ccc(F)cc12,small_rigid_hetero_acid
O=C(O)CSCc1ccc(Cl)cc1,small_flex_carbo_acid
CC(C)c1ccc(OCc2ccc(C(=O)O)cc2)cc1,small_flex_carbo_acid
O=C(O)c1ccccc1O,small_rigid_carbo_acid
CC(C)C(=O)O,small_rigid_no_arom_acid
O=C(O)CCSc1ccccc1,small_flex_carbo_acid
O=C(O)Cc1ccccc1[N+](=O)[O-],small_flex_carbo_acid
O=C(O)c1ccc(-c2ccc(Cl)cc2)o1,small_rigid_hetero_acid
O=C(O)c1ccc2ccccc2n1,small_rigid_hetero_acid
COc1ccc(-c2cc(C(=O)O)[nH]n2)cc1,small_flex_hetero_acid
O=C(O)c1cc(Cl)ccc1O,small_rigid_carbo_acid
CC(C(=O)O)c1cccc(C(=O)c2ccccc2)c1,small_flex_carbo_acid
O=C(O)c1cc(-c2ccccc2)nc2ccccc12,small_rigid_hetero_acid
O=C(O)c1cc2ccccc2oc1=O,small_rigid_hetero_acid
O=C(O)COc1ccc([N+](=O)[O-])cc1,small_flex_carbo_acid
O=C(O)c1cccnc1,small_rigid_hetero_acid
O=C(O)CN1CCCC1,small_rigid_no_arom_acid
O=C(O)CCCCN1CCOCC1,small_flex_no_arom_acid
CC(C)(O)C(=O)O,small_rigid_no_arom_acid
O=C(O)CCc1ccccc1,small_flex_carbo_acid
CC(C)CC(=O)O,small_rigid_no_arom_acid
O=C(O)Cc1ccc(Cl)cc1,small_rigid_carbo_acid
CC(C)(C)c1ccc(C(=O)NCCC(=O)O)cc1,small_flex_carbo_amide
O=C(O)CSc1ccc(Cl)cc1,small_flex_carbo_acid
O=C(O)CCSc1ccc(Cl)cc1,small_flex_carbo_acid
O=C(O)c1ccc(Cl)cc1[N+](=O)[O-],small_rigid_carbo_acid
CCCCN1CCCCC1C(=O)O,small_flex_no_arom_acid
O=C(O)CS,small_rigid_no_arom_acid
Cc1ccc(C(=O)O)cc1C#Cc1cnc2cccnn12,small_rigid_hetero_acid
CCCCOc1cc(C(=O)O)c2ccccc2n1,small_flex_hetero_acid
O=C(O)c1ccc2nc(-c3ccco3)c(-c3ccco3)nc2c1,med_flex_hetero_acid
O=C(O)c1cnn2c(-c3ccccc3)cc(-c3ccccc3)nc12,med_flex_hetero_acid
O=C(O)C(Cl)Cl,small_rigid_no_arom_acid
O=C(O)COc1ccc(F)cc1,small_flex_carbo_acid
CC(=O)c1c(C)[nH]c(C(=O)O)c1C,small_rigid_hetero_acid
C1CCN(C2CCNCC2)C1,small_rigid_no_arom_plain
O=C(O)Cn1c(=O)oc2ccccc21,small_rigid_hetero_amide
COC(=O)C1CCNCC1,small_rigid_no_arom_plain
CCCCOc1ccc(C(=O)O)cc1,small_flex_carbo_acid
COc1ccccc1C(=O)O,small_rigid_carbo_acid
O=C(O)c1cccc(-n2cnnn2)c1,small_rigid_hetero_acid
CC(C)CCN,small_rigid_no_arom_plain
CC(=O)Oc1ccccc1C(=O)O,small_rigid_carbo_acid
CN(C)S(=O)(=O)c1cccc(C(=O)O)c1,small_flex_carbo_sulfonyl
O=C(O)C(c1ccccc1)c1ccccc1,small_flex_carbo_acid
O=C(O)C1CCCCC1,small_rigid_no_arom_acid
CC(C)(C)c1ccc(C(=O)O)cc1,small_rigid_carbo_acid
Cc1ccc(C)c(-n2cnc3cc(C(=O)O)ccc32)c1,small_rigid_hetero_acid
O=C(O)COc1ccc2ccccc2c1,small_flex_carbo_acid
N[C@H](CO)[C@H](O)c1ccc([N+](=O)[O-])cc1,small_flex_carbo_acid
CN1CCN(Cc2ccc(N)cc2C(F)(F)F)CC1,small_rigid_carbo_plain
COc1ccc(CCCC(=O)O)cc1,small_flex_carbo_acid
O=C(O)c1cc(Cl)cc(Cl)c1O,small_rigid_carbo_acid
Nc1ncc([N+](=O)[O-])s1,small_rigid_hetero_plain
Cc1cccc(C)c1N,small_rigid_carbo_plain
NCCN1CCOCC1,small_rigid_no_arom_plain
CCN(CC)CC(=O)O,small_flex_no_arom_acid
CC(C)(C)c1ccc(OCc2ccc(C(=O)O)o2)cc1,small_flex_hetero_acid
O=C(O)c1cc(Cl)cc(Cl)c1,small_rigid_carbo_acid
O=C(O)c1ccccc1Cl,small_rigid_carbo_acid
O=C(O)c1sc2ccccc2c1Cl,small_rigid_hetero_acid
C[C@H](CCC(=O)O)[C@H]1CC[C@H]2[C@@H]3[C@H](O)C[C@@H]4C[C@H](O)CC[C@]4(C)[C@H]3CC[C@]12C,med_flex_no_arom_acid
CN1CCNCC1,small_rigid_no_arom_plain
CCOC(=O)N1CCNCC1,small_rigid_no_arom_amide
O=C(O)c1cc(-c2ccccc2)on1,small_rigid_hetero_acid
O=C(O)c1ccc(Cl)c(Cl)c1,small_rigid_carbo_acid
O=C(O)c1cncc(Br)c1,small_rigid_hetero_acid
O=C(O)c1ccc(Cl)c([N+](=O)[O-])c1,small_rigid_carbo_acid
O=C(O)c1cc(-c2ccco2)on1,small_rigid_hetero_acid
N#Cc1cccc(C(=O)O)c1,small_rigid_carbo_acid
N#CCC(=O)O,small_rigid_no_arom_acid
O=C(O)COc1cccc2ccccc12,small_flex_carbo_acid
O=C(O)c1ccc(Cl)cc1,small_rigid_carbo_acid
O=C(O)c1ccc(C(F)(F)F)cc1,small_rigid_carbo_acid
CC1CN(c2ccc(N)cn2)CC(C)O1,small_rigid_hetero_plain
Nc1nnc(C2CC2)s1,small_rigid_hetero_plain
Cc1nc2c([nH]1)-c1ccccc1NCC2,small_rigid_hetero_plain
Nc1cccc([N+](=O)[O-])c1,small_rigid_carbo_plain
Nc1ccccc1,small_rigid_carbo_plain
Cc1c(N)cccc1[N+](=O)[O-],small_rigid_carbo_plain
Cc1ccc(C)c(N2CCNCC2)c1,small_rigid_carbo_plain
CCNCc1ccncc1,small_flex_hetero_plain
c1ccc(C(c2ccccc2)N2CCNCC2)cc1,small_flex_carbo_plain
O=C(CN1CCNCC1)N1CCOCC1,small_rigid_no_arom_amide
c1ccc(CC2CCNCC2)cc1,small_rigid_carbo_plain
Nc1ccc(Cl)c(C(F)(F)F)c1,small_rigid_carbo_plain
Nc1cc(C(F)(F)F)ccc1Cl,small_rigid_carbo_plain
CNc1ccc(Cl)cc1,small_rigid_carbo_plain
Nc1c(-c2cccs2)nc2ccccn12,small_rigid_hetero_plain
c1ccc2c(c1)CCc1ccccc1N2,small_rigid_carbo_plain
O=C(c1ccco1)N1CCNCC1,small_rigid_hetero_amide
Nc1ccc(C(O)(C(F)(F)F)C(F)(F)F)cc1,small_rigid_carbo_acid
Cc1ccc(S(=O)(=O)N2CCNCC2)cc1,small_rigid_carbo_sulfonyl
Cc1[nH]c2ccccc2c1CCN,small_rigid_hetero_plain
Nc1cccc(C(F)(F)F)c1,small_rigid_carbo_plain
NCc1ccccc1CN1CCCC1,small_flex_carbo_plain
CC(C)N(CCN)C(C)C,small_flex_no_arom_plain
Nc1c(Cl)cncc1Cl,small_rigid_hetero_plain
NCCCN1CCOCC1,small_flex_no_arom_plain
Nc1nc2ccccc2s1,small_rigid_hetero_plain
Nc1cc(Cl)ccc1O,small_rigid_carbo_acid
Nc1ccc([N+](=O)[O-])cn1,small_rigid_hetero_plain
Nc1noc2ccccc12,small_rigid_hetero_plain
Nc1ccc(C(F)(F)F)cc1,small_rigid_carbo_plain
Nc1ccc([N+](=O)[O-])cc1Cl,small_rigid_carbo_plain
Nc1ccc(Br)cc1,small_rigid_carbo_plain
COc1ccc(N)cc1,small_rigid_carbo_plain
NCCS(=O)(=O)O,small_rigid_no_arom_sulfonyl
OC1CCCNc2ccc(Cl)cc21,small_rigid_carbo_acid
NCc1ccccn1,small_rigid_hetero_plain
CN1CCN(c2ccc(N)cc2)CC1,small_rigid_carbo_plain
NCCc1c[nH]c2ccccc12,small_rigid_hetero_plain
C1COCCN1,small_rigid_no_arom_plain
CC1CCNCC1,small_rigid_no_arom_plain
Clc1ccc2c(N3CCNCC3)ccnc2c1,small_rigid_hetero_plain
O=C(Nc1ccc(Cl)cc1)C1CCCNC1,small_rigid_carbo_amide
Oc1ccccc1N1CCNCC1,small_rigid_carbo_acid
NC1CCCCC1,small_rigid_no_arom_plain
NCc1ccc(Cl)cc1,small_rigid_carbo_plain
NCc1cccs1,small_rigid_hetero_plain
NCc1ccncc1,small_rigid_hetero_plain
NC1CCCC1,small_rigid_no_arom_plain
O=C(c1cccs1)N1CCNCC1,small_rigid_hetero_amide
C1CCC2(CC1)NCCO2,small_rigid_no_arom_plain
Cc1ccc(Oc2ccc(CN)cc2)cc1,small_flex_carbo_plain
C[C@@H]1CCNC[C@@H]1N(C)c1ncnc2[nH]ccc12,small_rigid_hetero_plain
CNCc1ccco1,small_rigid_hetero_plain
COc1ccc(CN2CCNCC2)cc1,small_flex_carbo_plain
NC1CCCCCC1,small_rigid_no_arom_plain
Nc1ccc(F)cc1F,small_rigid_carbo_plain
Nc1cccc(Cl)c1,small_rigid_carbo_plain
Nc1ccc(-c2cccnc2)cc1,small_rigid_hetero_plain
CCn1c2ccccc2c2cc(N)ccc21,small_rigid_hetero_plain
NCc1ccccc1Cl,small_rigid_carbo_plain
COc1ccc(N)c(OC)c1,small_rigid_carbo_plain
COc1ccc(C2(CN)CCOCC2)cc1,small_flex_carbo_plain
Nc1ccc(O)cc1,small_rigid_carbo_acid
Nc1ccc(Cl)cc1C(F)(F)F,small_rigid_carbo_plain
Nc1nc2ccc([N+](=O)[O-])cc2s1,small_rigid_hetero_plain
Cc1ccnc(N)c1,small_rigid_hetero_plain
Nc1nnc(-c2ccncc2)s1,small_rigid_hetero_plain
Cc1cc(C)c(N)c(C)c1,small_rigid_carbo_plain
Nc1ccccc1-c1ccc(Cl)cc1,small_rigid_carbo_plain
Nc1ccccc1N1CCCC1,small_rigid_carbo_plain
Fc1cccc(CN2CCNCC2)c1,small_rigid_carbo_plain
O=[N+]([O-])c1ccc(N2CCNCC2)cc1,small_rigid_carbo_plain
Cc1cc(Br)ccc1N,small_rigid_carbo_plain
Nc1ccccc1-c1ccccc1,small_rigid_carbo_plain
OCCNCCO,small_flex_no_arom_acid
CCOC(=O)c1cccc(N)c1,small_rigid_carbo_plain
Nc1ccc(Cl)c(Cl)c1,small_rigid_carbo_plain
NCCc1ccccc1,small_rigid_carbo_plain
COc1cc(N)cc(OC)c1,small_rigid_carbo_plain
Nc1ccc([N+](=O)[O-])c(C(F)(F)F)c1,small_rigid_carbo_plain
NC1CCN(Cc2ccccc2)CC1,small_rigid_carbo_plain
COc1cc(CN)ccc1O,small_rigid_carbo_acid
Nc1cc(-c2ccccc2)nn1-c1ccccc1,small_rigid_hetero_plain
CC[C@H](N)c1ccccc1,small_rigid_carbo_plain
C1CCCNCCC1,small_rigid_no_arom_plain
c1cc2c(cc1CN1CCNCC1)OCO2,small_rigid_carbo_plain
c1ccc(N2CCNCC2)nc1,small_rigid_hetero_plain
c1cnc(N2CCNCC2)nc1,small_rigid_hetero_plain
Fc1ccccc1N1CCNCC1,small_rigid_carbo_plain
C1CCCNCC1,small_rigid_no_arom_plain
CCN(CC)CCN,small_flex_no_arom_plain
CC(C)(C)c1ccc(CN)cc1,small_rigid_carbo_plain
NCCO,small_rigid_no_arom_acid
CN(C)C1(CN)CCCC1,small_rigid_no_arom_plain
C#CC(C)(C)N,small_rigid_no_arom_plain
NCC1CCCO1,small_rigid_no_arom_plain
O=C(Cc1ccccc1[N+](=O)[O-])NCc1ccccc1Cl,med_flex_carbo_amide
Cc1ccc(C(=O)N2CCN(c3ncccn3)CC2)o1,small_rigid_hetero_amide
Cc1cc(Br)ccc1NC(=O)CCSc1ccccc1,med_flex_carbo_amide
Cc1onc(-c2c(Cl)cccc2Cl)c1C(=O)N1CCc2ccccc2C1,med_rigid_hetero_amide
CCC(C(=O)Nc1cccc(C(F)(F)F)c1)c1ccccc1,med_flex_carbo_amide
O=C(c1cccs1)N1CCN(C(=O)C(c2ccccc2)c2ccccc2)CC1,med_flex_hetero_amide
O=C(c1cc(-c2ccc(Cl)cc2Cl)on1)N1CCN(C(=O)c2ccco2)CC1,med_flex_hetero_amide
COc1ccc(C(=O)NCCCN2CCOCC2)cc1OC,med_verylex_carbo_amide
O=C(Cc1ccc(Cl)cc1)N1CCN(C(=O)c2ccco2)CC1,med_flex_hetero_amide
CCOC(=O)N1CCN(C(=O)c2ccc(Cl)c(S(=O)(=O)N3CCOCC3)c2)CC1,med_flex_carbo_sulfonyl
CCOc1ccc(C(=O)Nc2ccccc2N2CCCC2)cc1,med_flex_carbo_amide
O=C(Cn1ccc([N+](=O)[O-])n1)N1CCc2ccccc2C1,small_flex_hetero_amide
CCOc1ccccc1C(=O)NCCc1ccc(S(N)(=O)=O)cc1,med_verylex_carbo_sulfonyl
COc1ccc(CCNC(=O)Cn2c(=O)oc3ccccc32)cc1OC,med_verylex_hetero_amide
CN1CCN(C(=O)C2CCCCC2)CC1,small_rigid_no_arom_amide
O=C(COc1ccc(Br)cc1)N1CCC(c2ccccc2)C1,med_flex_carbo_amide
Cc1onc(-c2ccccc2Cl)c1C(=O)NCc1cccs1,med_flex_hetero_amide
Cc1ccc(SC(C)C(=O)NCc2cccnc2)cc1,small_flex_hetero_amide
O=C(CCc1ccccc1)NCc1cccnc1,small_flex_hetero_amide
O=C(c1ccccc1Cl)N1CCC(Cc2ccccc2)CC1,med_flex_carbo_amide
O=C(Nc1ccc(Cl)cc1C(F)(F)F)c1ccc(Cl)cc1,med_rigid_carbo_amide
O=C(NCc1cccnc1)c1sc2cc(Cl)ccc2c1Cl,med_flex_hetero_amide
O=C(NCc1ccc(Cl)cc1)c1cnccn1,small_flex_hetero_amide
COc1cc(C(=O)NCCC(C)C)c([N+](=O)[O-])cc1OC,small_verylex_carbo_amide
COc1cccc(OCC(=O)NC2CCCCC2)c1,small_flex_carbo_amide
COc1ccc(CCCC(=O)NC2CCCCC2)cc1,small_flex_carbo_amide
COc1ccc(-c2noc(CCCC(=O)Nc3cccc(Cl)c3C)n2)cc1,med_verylex_hetero_amide
CCCCOc1ccc(C(=O)Nc2ccc(F)cc2F)cc1,med_flex_carbo_amide
Cc1ccc(N2CC(C(=O)NCc3ccc4c(c3)OCO4)CC2=O)cc1C,med_flex_carbo_amide
COc1ccc(C(=O)N2CCOCC2)cc1Br,med_rigid_carbo_amide
COc1ccc(OCC(=O)Nc2cc(-c3nc4ccccc4s3)ccc2C)cc1,med_flex_hetero_amide
O=C(COc1ccc(F)cc1)Nc1nnc(-c2ccncc2)s1,med_flex_hetero_amide
O=C(CC1c2ccccc2Oc2ccccc21)N1CCN(c2ccccn2)CC1,med_flex_hetero_amide
Cc1ccc(-c2cc(C(=O)N3CCN(c4ccc(F)cc4)CC3)c3ccccc3n2)o1,med_flex_hetero_amide
COc1ccc(C2(CNC(=O)c3ccc(NC(=O)c4ccco4)cc3)CCOCC2)cc1,med_verylex_hetero_amide
O=C(NCc1ccc(Cl)cc1)c1ccc(Cl)cc1[N+](=O)[O-],med_flex_carbo_amide
CC(C)CC(=O)N1CCN(Cc2cccc(F)c2)CC1,small_flex_carbo_amide
O=C(NCCCN1CCOCC1)C1COc2ccccc2O1,med_flex_carbo_amide
CCN(CC)CC(=O)Nc1c(C)cc(C)cc1C,small_flex_carbo_amide
CC(C)(C)c1ccc(C(=O)NCc2ccc(Cl)cc2)cc1,med_flex_carbo_amide
CC(CC(=O)NC1CCCC1)c1ccccc1,small_flex_carbo_amide
O=C(COc1ccc(Br)cc1)Nc1ccc([N+](=O)[O-])cn1,med_flex_hetero_amide
NC(=O)C1(N2CCCCC2)CCN(C(=O)c2ccc(-n3cnnn3)cc2)CC1,med_flex_hetero_amide
O=C(NCCCN1CCOCC1)c1ccc(Cl)cc1,small_flex_carbo_amide
Cc1ccc(C(=O)Nc2ccc(CN3CCN(C)CC3)c(C(F)(F)F)c2)cc1C#Cc1cnc2cccnn12,large_flex_hetero_amide
O=C(NCCO)c1ccc(Cl)cc1,small_flex_carbo_amide
Cc1ccc(C(=O)N2CCN(c3ccc([N+](=O)[O-])cc3)CC2)cc1Cl,med_flex_carbo_amide
COc1ccccc1CNC(=O)c1cccc(N(C)C)c1,small_flex_carbo_amide
COc1ccc(CN2CCN(C(=O)CCNC(=O)c3ccc(C(C)(C)C)cc3)CC2)cc1,med_verylex_carbo_amide
O=C(NCCCc1ccccc1)c1cccs1,small_flex_hetero_amide
O=C(c1sc2ccccc2c1Cl)N1CCN(c2ccc(F)cc2)CC1,med_rigid_hetero_amide
O=C(Nc1ccc(Br)cc1)c1cc(Br)c(Br)s1,med_rigid_hetero_amide
Cc1cccc(C)c1NC(=O)C1CCCCN1C,small_rigid_carbo_amide
O=C(NCC1CCCO1)c1cccc(F)c1,small_flex_carbo_amide
Cc1[nH]c2ccccc2c1CCNC(=O)c1cccs1,small_flex_hetero_amide
O=C(COc1cccc2ccccc12)N1c2ccccc2CCc2ccccc21,med_flex_carbo_amide
Cc1ccc(C)c(-n2cnc3cc(C(=O)NCc4ccccc4Cl)ccc32)c1,med_flex_hetero_amide
C[C@@H]1CCN(C(=O)CC#N)C[C@@H]1N(C)c1ncnc2[nH]ccc12,med_flex_hetero_amide
CC(C)N(CCNC(=O)CN1CCCC1=O)C(C)C,small_verylex_no_arom_amide
O=C(Nc1nnc(C2CC2)s1)c1ccncc1,small_flex_hetero_amide
CC(=O)c1c(C)[nH]c(C(=O)N2CCc3ccccc3C2)c1C,small_rigid_hetero_amide
O=C(NCCc1c[nH]c2ccccc12)c1ccc(-n2cnnn2)cc1,med_flex_hetero_amide
O=C(CCCN1C(=O)c2cccc3cccc(c23)C1=O)N1CCc2ccccc2C1,med_flex_carbo_amide
CCCCN1CCCCC1C(=O)Nc1c(C)cccc1C,small_flex_carbo_amide
O=C(NC1CCN(Cc2ccccc2)CC1)c1ccc(I)cc1,med_flex_carbo_amide
O=C(CSc1nc2ccccc2s1)Nc1nccs1,med_flex_hetero_amide
O=C(c1ccc(Cl)cc1)N1CCN(c2ccnc3cc(Cl)ccc23)CC1,med_rigid_hetero_amide
O=C(Nc1c(-c2cccs2)nc2ccccn12)c1ccc(Cl)cc1,med_flex_hetero_amide
COc1cccc2cc(C(=O)N3CCC(C)CC3)c(=O)oc12,med_rigid_hetero_amide
O=C(CC(c1ccccc1)c1ccccc1)N1CCN(C(c2ccccc2)c2ccccc2)CC1,large_verylex_carbo_amide
COc1ccccc1CNC(=O)c1ccccc1OC,small_flex_carbo_amide
Cc1cccc(C)c1NC(=O)CN1CCCC1,small_flex_carbo_amide
COc1cc(C(=O)NCC2(N(C)C)CCCC2)cc(OC)c1OCc1ccccc1,med_verylex_carbo_amide
Cc1c(C(=O)Nc2ccc(N3CC(C)OC(C)C3)nc2)cccc1-c1ccc(OC(F)(F)F)cc1,large_flex_hetero_amide
CCN(CC)CCNC(=O)c1ccc(NC(C)=O)cc1,small_verylex_carbo_amide
O=C(c1cc(-c2ccco2)on1)N1CCOCC1,small_rigid_hetero_amide
O=C(Nc1ccc(Cl)cc1)C1CCCN(C(=O)c2cccc(-c3ccco3)c2)C1,med_flex_hetero_amide
O=C(NCCCN1CCOCC1)c1cnn2c(-c3ccccc3)cc(-c3ccccc3)nc12,med_verylex_hetero_amide
O=C(N[C@H](CO)[C@H](O)c1ccc([N+](=O)[O-])cc1)C(Cl)Cl,med_flex_carbo_amide
CCN(Cc1ccncc1)C(=O)C(CO)c1ccccc1,small_flex_hetero_amide
O=C(c1cc(-c2cccs2)on1)N1CCN(c2ccc(F)cc2)CC1,med_flex_hetero_amide
CCc1nc2ccc(C(=O)N3CCN(c4cc(C)ccc4C)CC3)cc2nc1CC,med_flex_hetero_amide
Cc1ccc(C)c(N2CCN(C(=O)c3ccc4nc(-c5ccco5)c(-c5ccco5)nc4c3)CC2)c1,large_flex_hetero_amide
Cc1cccc(C)c1NC(=O)CN1CCCC1=O,small_flex_carbo_amide
CCOC(=O)N1CCN(C(=O)CSCc2ccc(Cl)cc2)CC1,med_flex_carbo_amide
N#Cc1cccc(C(=O)Nc2cc(-c3ccccc3)nn2-c2ccccc2)c1,med_flex_hetero_amide
O=C(c1cncc(Br)c1)N1CCC(N2CCCC2)CC1,med_rigid_hetero_amide
CCCCCCCCCCCCCCCC(=O)NCCO,small_verylex_no_arom_amide
O=C(Nc1nc2ccc([N+](=O)[O-])cc2s1)C1CCCCC1,med_flex_hetero_amide
CCOC(=O)c1cccc(NC(=O)COc2ccc([N+](=O)[O-])cc2)c1,med_verylex_carbo_amide
CCN(CC)CCNC(=O)COc1ccc(OC)cc1,small_verylex_carbo_amide
CCCCCCCCC(=O)NCc1ccc(O)c(OC)c1,small_verylex_carbo_amide
CC[C@H](NC(=O)c1c(C)c(-c2ccccc2)nc2ccccc12)c1ccccc1,med_flex_hetero_amide
O=C(Nc1cc(-c2ccccc2)nn1-c1ccccc1)c1ccc([N+](=O)[O-])cc1,med_flex_hetero_amide
COc1ccc(Cl)cc1C(=O)NCCc1ccc(S(N)(=O)=O)cc1,med_flex_carbo_sulfonyl
COc1ccc2c(c1)c(CC(=O)N1CCOCC1)c(C)n2C(=O)c1ccc(Cl)cc1,med_flex_hetero_amide
O=C(COc1ccc(C(=O)c2ccccc2)cc1)NC1CCN(Cc2ccccc2)CC1,med_verylex_carbo_amide
Cc1ccnc(NC(=O)C(C)c2cccc(C(=O)c3ccccc3)c2)c1,med_flex_hetero_amide
COc1cc(C(=O)N2CCOCC2)cc(OC)c1OC,small_flex_carbo_amide
CCN(CC)CC(=O)Nc1c(C)cccc1C,small_flex_carbo_amide
Cc1onc(-c2ccccc2Cl)c1C(=O)N(C)c1ccc(Cl)cc1,med_flex_hetero_amide
COC(=O)C1CCN(C(=O)c2cc3ccccc3oc2=O)CC1,med_rigid_hetero_amide
CC(C)c1ccc(OCc2ccc(C(=O)N3CCN(c4ccccn4)CC3)cc2)cc1,med_flex_hetero_amide
O=C(NCCCN1CCOCC1)c1cc(-c2ccc(O)cc2)on1,med_flex_hetero_amide
Cc1ccccc1C(=O)N1CCC(Cc2ccccc2)CC1,small_flex_carbo_amide
Cc1c(NC(=O)C(Sc2ccccc2)c2ccccc2)cccc1[N+](=O)[O-],med_flex_carbo_amide
Cc1cc(Cl)ccc1OCC(=O)NCc1ccncc1,small_flex_hetero_amide
COc1ccc(CCC(=O)Nc2nc3ccc(Cl)cc3s2)cc1OC,med_flex_hetero_amide
O=C(CCn1c(=O)oc2ccccc21)Nc1cccc(Cl)c1,med_flex_hetero_amide
NS(=O)(=O)c1ccc(CCNC(=O)CSc2ccccc2)cc1,med_verylex_carbo_sulfonyl
O=C(CCSc1ccc(Cl)cc1)N1CCCCCC1,small_flex_carbo_amide
O=C(c1ccc(Cl)c([N+](=O)[O-])c1)N1CCN(c2ccccc2F)CC1,med_flex_carbo_amide
CN1CCN(C(=O)c2ccc(COc3ccc(C(C)(C)C)cc3)o2)CC1,med_flex_hetero_amide
Cc1ccccc1C(=O)Nc1ccc(C(=O)N2CCCC(O)c3cc(Cl)ccc32)c(C)c1,med_flex_carbo_amide
O=C(NC1CCCCCC1)c1cccs1,small_rigid_hetero_amide
O=C(CN1C(=O)c2cccc3cccc(c23)C1=O)N1CCCCCC1,med_rigid_carbo_amide
COc1cccc(C(=O)Nc2cc(C(F)(F)F)ccc2Cl)c1,med_flex_carbo_amide
O=C(c1c(F)cccc1F)N1CCN(c2ccccc2F)CC1,med_rigid_carbo_amide
O=C(Nc1ccc(C(O)(C(F)(F)F)C(F)(F)F)cc1)c1ccc(C(F)(F)F)cc1,med_flex_carbo_amide
O=C(Nc1c(Cl)cncc1Cl)c1ccc(OC(F)F)c(OCC2CC2)c1,med_verylex_hetero_amide
COc1ccc(C(=O)N2CCN(CC(=O)N3CCOCC3)CC2)cc1,med_flex_carbo_amide
Cc1ccccc1C(=O)N1CCc2ccccc2C1,small_rigid_carbo_amide
O=C(Nc1ccccc1)c1ccccc1O,small_rigid_carbo_amide
O=C(Nc1cccc([N+](=O)[O-])c1)c1cc2ccccc2cc1O,med_flex_carbo_amide
CCc1nn(C)c(C(=O)NCc2ccc(C(C)(C)C)cc2)c1Cl,med_flex_hetero_amide
COc1cc(C(=O)N2CCCCCCC2)cc(OC)c1OC,med_flex_carbo_amide
O=C(CS)Nc1ccccc1,small_rigid_carbo_amide
O=C(Nc1ccccc1-c1ccc(Cl)cc1)c1cccnc1Cl,med_flex_hetero_amide
CC(C)(O)C(=O)Nc1ccc([N+](=O)[O-])c(C(F)(F)F)c1,small_flex_carbo_amide
CC(C)C(=O)Nc1ccc([N+](=O)[O-])c(C(F)(F)F)c1,small_flex_carbo_amide
CC(=O)Oc1ccccc1C(=O)Nc1ncc([N+](=O)[O-])s1,med_flex_hetero_amide
O=C(Nc1ccc([N+](=O)[O-])cc1Cl)c1cc(Cl)ccc1O,med_flex_carbo_amide
COc1ccc(NC(=O)c2ccc(C)cc2)c(OC)c1,small_flex_carbo_amide
COc1ccc2[nH]c(S(=O)Cc3ncc(C)c(OC)c3C)nc2c1,med_flex_hetero_sulfonyl
O=C(CN1CCOCC1)Nc1nc2ccc([N+](=O)[O-])cc2s1,med_flex_hetero_amide
Cc1cc(C)cc(C(=O)NCc2ccc3c(c2)OCO3)c1,small_flex_carbo_amide
O=C(Nc1nccs1)c1sc2cc(Cl)ccc2c1Cl,med_rigid_hetero_amide
COc1ccc2cc(C(=O)N3CCc4ccccc4C3)[nH]c2c1,med_rigid_hetero_amide
COc1cccc(OC)c1C(=O)Nc1ccc(N2CCCCC2)cc1,med_flex_carbo_amide
O=C(Nc1ccc(Cl)c(C(F)(F)F)c1)c1ccco1,small_rigid_hetero_amide
CCn1c2ccccc2c2cc(NC(=O)c3cccc([N+](=O)[O-])c3)ccc21,med_flex_hetero_amide
O=C(c1cc2cc(F)ccc2[nH]1)N1CCc2ccccc2C1,small_rigid_hetero_amide
Cc1cc2oc(C(=O)NCc3ccncc3)c(C)c2cc1C,small_flex_hetero_amide
Cn1c(C(=O)N2CCC(C(N)=O)CC2)cc2cc(Cl)ccc21,med_rigid_hetero_amide
COc1ccc(Br)cc1C(=O)Nc1ccccc1-c1ccccc1,med_flex_carbo_amide
O=C(Nc1ccc(Cl)c(Cl)c1)c1ccc(Cl)c(Cl)c1,med_rigid_carbo_amide
O=C(Nc1ccccc1C(=O)NCCc1ccccc1)c1ccco1,med_flex_hetero_amide
CN1CCN(c2ccc(NC(=O)c3sc4ccccc4c3Cl)cc2)CC1,med_flex_hetero_amide
COc1ccc(CCNC(=O)c2cnc3scc(C)n3c2=O)cc1OC,med_flex_hetero_amide
COc1ccc(OC)c(NC(=O)c2ccc3c(c2)OCO3)c1,med_flex_carbo_amide
O=C(NCCCn1ccnc1)c1cc(-c2cccs2)on1,med_flex_hetero_amide
O=C(NC1CCCC1)c1cc2c(ccc3ccccc32)o1,small_rigid_hetero_amide
O=C(CCn1c(=O)oc2ccccc21)Nc1nc2ccccc2s1,med_flex_hetero_amide
O=C(Nc1ccccc1)c1cc(Cl)ccc1O,small_rigid_carbo_amide
O=C(c1ccc2ccccc2n1)N1CCN(c2ccccc2O)CC1,med_rigid_hetero_amide
O=C(NCc1ccccn1)c1ccc2ccccc2n1,small_flex_hetero_amide
O=C(Nc1ccc2c(c1)OCO2)c1cccc(S(=O)(=O)N2CCOCC2)c1,med_flex_carbo_sulfonyl
O=C(CSc1nc2ccccc2s1)NCc1ccc2c(c1)OCO2,med_flex_hetero_amide
Cc1c(C(=O)NCc2ccccc2CN2CCCC2)oc2ccc(F)cc12,med_flex_hetero_amide
O=C(Nc1ccc(Br)cc1)c1cccc(-n2cnnn2)c1,med_flex_hetero_amide
O=C(NCc1cccnc1)c1cnc2sccn2c1=O,small_flex_hetero_amide
Cc1nc(SCC(=O)N(C)Cc2ccco2)c2c(C)c(C)sc2n1,med_flex_hetero_amide
C#CC(C)(C)NC(=O)c1cc(Cl)cc(Cl)c1,small_rigid_carbo_amide
CCCCOc1cc(C(=O)NCCN(CC)CC)c2ccccc2n1,med_verylex_hetero_amide
O=C(Nc1ccc(Br)cc1)c1cc(Br)cc(Br)c1O,med_rigid_carbo_amide
O=C(Nc1ccc(O)cc1)c1ccccc1O,small_rigid_carbo_amide
O=C(C(Cl)Cl)N1CCOC12CCCCC2,small_rigid_no_arom_amide
COc1ccc(NC(=O)c2cccc3c(Br)cccc23)cc1,med_flex_carbo_amide
COc1ccc(-c2cc(C(=O)N3CCN(S(=O)(=O)c4ccc(C)cc4)CC3)[nH]n2)cc1,med_flex_hetero_sulfonyl
CCCCCCCC/C=C\CCCCCCCC(=O)N(CCO)CCO,med_verylex_no_arom_amide
O=C(NCCCn1ccnc1)c1cc(-c2ccccc2)on1,small_flex_hetero_amide
CN(C)S(=O)(=O)c1cccc(C(=O)Nc2cc(Cl)ccc2O)c1,med_flex_carbo_sulfonyl
O=C(COc1ccc(Cl)cc1)N1CCN(Cc2ccc3c(c2)OCO3)CC1,med_flex_carbo_amide
O=C(Nc1ncc([N+](=O)[O-])s1)c1cccs1,small_flex_hetero_amide
O=C(NCCc1c[nH]c2ccccc12)c1cccnc1,small_flex_hetero_amide
Cc1oncc1C(=O)Nc1ccc(C(F)(F)F)cc1,small_rigid_hetero_amide
O=C(Nc1ccc(Cl)c(Cl)c1)c1cc(Cl)cc(Cl)c1O,med_rigid_carbo_amide
Cc1nsc(C=O)c1C(=O)N1CCC2(CCCC2)CC1,small_rigid_hetero_amide
Cc1cc(C=O)c(O)c(C(=O)N2CCCC(c3cc(C)n[nH]3)C2)c1,med_flex_hetero_amide
O=Cc1ccc(C(=O)OCC(=O)NCCC2=CCCCC2)cc1,med_verylex_carbo_amide
O=CNc1cccc(NC(=O)NCCCc2ccc3c(c2)C(=O)N(C2CCC(=O)NC2=O)C3=O)c1,large_verylex_carbo_amide
O=Cc1ccc(C(=O)OCC(=O)NCc2ccc(Cl)cc2)cc1,med_flex_carbo_amide
CN(C[C@]12CCC[C@H]1OCC2)c1cccc(O)c1C=O,small_flex_carbo_acid
CC(C)c1csc(CNC(=O)c2ccc(N(C)C)c(C=O)c2)n1,med_flex_hetero_amide
Cc1nn(C)cc1C1CCCN1C(=O)COc1cccc(C=O)c1,med_flex_hetero_amide
Cc1nn(Cc2c(Cl)cccc2Cl)c(SCC(=O)O)c1C=O,med_flex_hetero_acid
O=Cc1coc2ccc(Br)cc2c1=O,small_rigid_hetero_plain
COc1ccc(OCC(=O)NCc2ccccc2OC)c(C=O)c1,med_verylex_carbo_amide
C=CC(=O)N1CCC(C(=O)N(Cc2cccnc2)Cc2ccccc2C)CC1,med_flex_hetero_amide
C=CC(=O)N1CCN(C(=O)CC(O)c2ccc(Cl)c(Cl)c2)[C@@H](C)C1,med_flex_carbo_amide
C=CC(=O)N(CC)CC(=O)N(CC(=O)NC)CC(C)N1C[C@@H](C)O[C@@H](C)C1,med_verylex_no_arom_amide
C=CC(=O)N(Cc1ccn(C)n1)c1ccc(C(=O)N2CCC(O)CC2)cc1,med_flex_hetero_amide
C=CC(=O)N1CCN(C(=O)COc2ccc(Cl)cc2Cl)CC1,med_flex_carbo_amide
C=CC(=O)Nc1ccc(C(=O)N(C)C2CCCc3nc(C)sc32)cc1,med_flex_hetero_amide
C=CC(=O)NCc1ccc(C(=O)N(C2CC2)C2CC(=O)NC2=O)cc1,med_flex_carbo_amide
C=CC(=O)NC1(CNC(=O)C(C)(C)c2c(C)noc2C)CCCCCC1,med_flex_hetero_amide
C=CC(=O)N(c1ccc(C2CCOC2)cc1)C(C(=O)NC(C)(C)C)c1cccnc1,med_flex_hetero_amide
C=CC(=O)Nc1ccc(NC(=O)C(C)n2nc(C)cc2C)c(Cl)c1,med_flex_hetero_amide
C=CC(=O)Nc1ccc(C(=O)NCc2cc(C)ccc2[N+](=O)[O-])cc1,med_flex_carbo_amide
C=CC(=O)NCc1ccccc1CC(=O)NCCc1nnc2c(=O)[nH]ccn12,med_verylex_hetero_amide
C=CC(=O)NC1(CNC(=O)[C@H]2CCCC[C@H]2c2ccccc2)CCOCC1,med_flex_carbo_amide
C=CC(=O)NC(C)C1CN(C(=O)c2cccc(Cl)c2Cl)CCO1,med_flex_carbo_amide
C=CC(=O)Nc1cccc(CC(=O)NCc2cn(C)nc2-c2cccc(F)c2)c1,med_verylex_hetero_amide
C=CC(=O)Nc1cccc(C(=O)N(C)C[C@H]2CCCN(C)[C@@H]2c2ccnn2C)c1,med_flex_hetero_amide
C=CC(=O)Nc1ccc(C(=O)NCCCn2ccc(=O)[nH]c2=O)cc1,med_verylex_hetero_amide
C=CC(=O)N(CC)CC(=O)Nc1ccc(OC)c(C(=O)c2ccccc2)c1,med_verylex_carbo_amide
C=CC(=O)NCC1CCCCC1NC(=O)Cc1csc(C(C)(C)C)n1,med_flex_hetero_amide
C=CC(=O)NCc1c(Cl)cccc1N(C)Cc1cccnc1,med_flex_hetero_amide
C=CC(=O)Nc1ccc(S(=O)(=O)N2CCCC2CO)cc1,med_flex_carbo_sulfonyl
C=CC(=O)N1CC(CC(=O)NCCCNS(=O)(=O)c2ccccc2Cl)C1,med_verylex_carbo_sulfonyl
C=CC(=O)Nc1ccc(C(=O)NCC2(C3=CCOCC3)CCC2)cc1,med_flex_carbo_amide
C=CC(=O)NC(CNC(=O)c1nnc2ccccc2n1)c1ccc(C(C)C)cc1,med_verylex_hetero_amide
C=CC(=O)NCC(NC(=O)C1CC=Cc2ccccc21)c1ccc2ccccc2c1,med_flex_carbo_amide
C=CC(=O)N1CCC(C(=O)Nc2cc(-c3ccc(Cl)s3)[nH]n2)CC1,med_flex_hetero_amide
C=CC(=O)N1CCC(C(=O)N2CCC=C(c3cnn(C)c3)C2)CC1,med_flex_hetero_amide
C=CC(=O)N1CCC(C(=O)Nc2ccc3c(ccn3CCC)c2)CC1,med_flex_hetero_amide
C=CC(=O)N1CC(CC(=O)N(CCO)Cc2cnn(Cc3ccccc3)c2)C1,med_verylex_hetero_amide
C=CC(=O)N(CC)CC(=O)Nc1ccc(N2CCCC2=O)c(Cl)c1,med_flex_carbo_amide
C=CC(=O)N(C)c1ccc(C(=O)N(Cc2ccccc2)CC(C)(C)O)cc1,med_verylex_carbo_amide
C=CC(=O)NCc1ccccc1CC(=O)N1CCC(C(=O)NCc2ccc(OC)cc2)CC1,med_verylex_carbo_amide
C=CC(=O)N1CCC(C(=O)NC2COc3c(F)cc(F)cc3C2)CC1,med_flex_carbo_amide
C=CC(=O)N(C)CC(=O)N1CC[C@H](c2ccccc2)[C@H](CO)C1,med_flex_carbo_amide
C=CC(=O)N(C)c1ccc(C(=O)N(C)Cc2csc(C(C)OC)n2)cc1,med_verylex_hetero_amide
C=CC(=O)N1CC(C(=O)NCC(C)(O)Cn2cc(Br)cn2)C1,med_flex_hetero_amide
C=CC(=O)N(C)CC(=O)NCC(c1ccc(OC(C)C)cc1)N(C)C,med_verylex_carbo_amide
C=CC(=O)N1CCC(C(=O)NCCC(=O)N2CCN(c3ccccc3)CC2)CC1,med_flex_carbo_amide
C=CC(=O)NCC(=O)N[C@@H]1CC(C)(C)Oc2ccc(F)cc21,med_flex_carbo_amide
C=CC(=O)N1CCC(C(=O)NCc2nnc(CC)s2)CC1,med_flex_hetero_amide
C=CC(=O)Nc1ccc(CCC(=O)NCC(C)c2nc(C)cs2)cc1,med_verylex_hetero_amide
C=CC(=O)Nc1cccc(CC(=O)NC2CCSc3c(F)cccc32)c1,med_flex_carbo_amide
C=CC(=O)N(C)CC(=O)N1CCCC(NC(=O)c2cc3ccccc3o2)C1,med_flex_hetero_amide
C=CC(=O)Nc1ccc(CC(=O)N2CC3(CCOCC3)CC2C)cc1,med_flex_carbo_amide
C=CC(=O)N(Cc1cc2c(cc1OC)CC(C)O2)Cc1ccsc1C,med_flex_hetero_amide
C=CC(=O)N1CC(CC(=O)NC(C)COc2ccc(C)cc2)C1,med_verylex_carbo_amide
C=CC(=O)Nc1ccc(C(=O)NCCOC2(C)CCOCC2)cc1,med_verylex_carbo_amide
C=CC(=O)N1CCCC(C(=O)N2CCN(c3snc(C)c3C#N)CC2)C1,med_flex_hetero_amide
C=CC(=O)Nc1ccc(C(=O)N(C)CC2(C)CCCO2)cc1,med_flex_carbo_amide
C=CC(=O)Nc1ccc(C(=O)N=c2sccn2Cc2ccccc2)cc1,med_flex_hetero_amide
C=CC(=O)N1CCC(C(=O)N2CCCc3sc(Br)cc3C2)CC1,med_rigid_hetero_amide
C=CC(=O)Nc1ccc(N2CCC(O)CC2)cc1OCCC,med_flex_carbo_amide
C=CC(=O)N1CC=C(c2c(OC)cc(OC)cc2OC)CC1,med_flex_carbo_amide
C=CC(=O)Nc1cccc(C(=O)Nc2ccc(O[C@@H]3CCCC[C@H]3O)cc2)c1,med_flex_carbo_amide
C=CC(=O)N1CCC(C(=O)NC2CCN(S(=O)(=O)CCC)CC2)CC1,med_flex_no_arom_sulfonyl
C=CC(=O)NCCC(=O)N1CCc2c(ccc(Br)c2F)C1,med_flex_carbo_amide
C=CC(=O)NCc1ccc(C(=O)NCC2(C)COc3ccccc3O2)cc1,med_flex_carbo_amide
C=CC(=O)N(C)CC(=O)NC(C)(CC)c1nc2c(c(=O)[nH]1)CCCC2,med_flex_hetero_amide
C=CC(=O)Nc1ccc(F)c(NC(=O)CCN2CCOCC2)c1,med_flex_carbo_amide
C=CC(=O)NCc1ccc(C(=O)Nc2ncc(C3(O)CCC3)s2)cc1,med_flex_hetero_amide
C=CC(=O)Nc1ccc(C(=O)NC(c2ncccn2)C2CC2)cc1,med_flex_hetero_amide
C=CC(=O)N1CCC(C(=O)NC(C)c2ccc3c(c2)NC(=O)CO3)CC1,med_flex_carbo_amide
C=CC(=O)NCCC(=O)N1CCCC1(C)Cc1ccc(Cl)c(Cl)c1,med_flex_carbo_amide
C=CC(=O)Nc1cc(NC(=O)C23CCN(C2)S(=O)(=O)C3)ccc1F,med_flex_carbo_sulfonyl
C=CC(=O)NC(C)C1CCN(C(=O)CC2COc3ccccc3O2)CC1,med_flex_carbo_amide
C=CC(=O)NC1CCN(Cc2ccc(OC)cc2OC)C1=O,med_flex_carbo_amide
C=CC(=O)N(CCc1c(C)noc1C)Cc1cc(Cl)cs1,med_flex_hetero_amide
C=CC(=O)N1CC(CC(=O)Nc2ccc(=O)n(Cc3cccc(Cl)c3)c2)C1,med_flex_hetero_amide
C=CC(=O)N(C)CC(=O)NCc1ccc(CN2CCS(=O)(=O)CC2)cc1,med_verylex_carbo_sulfonyl
C=CC(=O)NCCc1ccc2ccn(S(=O)(=O)c3ccc(C)cc3)c2c1,med_flex_hetero_sulfonyl
C=CC(=O)NCc1ccc(-c2nc(-c3ccc(CN(C)C)cc3)no2)cc1,med_verylex_hetero_amide
C=CC(=O)NCCC(=O)N1CCN(S(=O)(=O)c2csc(C)n2)CC1,med_flex_hetero_sulfonyl
C=CC(=O)Nc1ccc(C)c(NC(=O)CN2CCCCC2)c1,med_flex_carbo_amide
C=CC(=O)NCCC(=O)N1CCC(C(=O)Nc2cccc(C#N)c2)CC1,med_flex_carbo_amide
C=CC(=O)N(C)CC(=O)N1CCOC(c2ccc(Cl)s2)C1,med_flex_hetero_amide
C=CC(=O)N(CC)CC(=O)NCC(C)(C)C1(O)CCCOC1,med_verylex_no_arom_amide
C=CC(=O)N(CC)CC(=O)N1CCN(c2cc(N3CCOCC3)ncn2)CC1,med_flex_hetero_amide
C=CC(=O)N1CCC(C(=O)NCc2cc(Cl)c3c(c2)OCCO3)CC1,med_flex_carbo_amide
C=CC(=O)N(C)CC(=O)N1CCN(c2cccc(Br)c2)CC1,med_flex_carbo_amide
C=CC(=O)N(C)CC(=O)Nc1nnc(C(C)(C)c2ccccc2)s1,med_flex_hetero_amide
C=CC(=O)NCc1ccc(S(=O)(=O)N2CCCCC2)s1,med_flex_hetero_sulfonyl
C=CC(=O)NCc1ccc(C(=O)N2COC[C@@]3(COC[C@@H]4CCCN43)C2)cc1,med_flex_carbo_amide
C=CC(=O)N(Cc1cnn(CC)c1)Cc1ccc(C2CC2C)o1,med_verylex_hetero_amide
C=CC(=O)Nc1cccc(CS(=O)(=O)C2CCCCC2)c1,med_flex_carbo_sulfonyl
C=CC(=O)NCc1ccc(C(=O)Nc2ccc(F)cc2N2CCOCC2)cc1,med_flex_carbo_amide
C=CC(=O)Nc1ccc(C(=O)N2CCOC(c3ccc(F)c(Br)c3)C2)cc1,med_flex_carbo_amide
C=CC(=O)N(C)CC(=O)NC(C)c1ccc(-c2nn[nH]n2)cc1,med_flex_hetero_amide
C=CC(=O)N(C)c1ccc(C(=O)N2CCN(c3cccc(F)c3F)CC2)cc1,med_flex_carbo_amide
C=CC(=O)Nc1ccc(CCC(=O)N2CCS(=O)C(C)(C)CC2)cc1,med_flex_carbo_sulfonyl
C=CC(=O)N(CC)CC(=O)N1CCN(C2CCCOC2)CC1,med_flex_no_arom_amide
C=CC(=O)N1CCC(C(=O)N2CCCC2Cn2cnc3ccccc32)CC1,med_flex_hetero_amide
C=CC(=O)N(Cc1cc(C(N)=O)cs1)C[C@H]1CCO[C@@H]1c1cnn(C)c1,med_verylex_hetero_amide
C=CC(=O)N(Cc1cnn(C)c1C)CC1(c2cccc(F)c2)CCOCC1,med_flex_hetero_amide
C=CC(=O)N(Cc1cnc(C(C)(C)C)nc1)c1ccc(NC(=O)CC)cc1,med_flex_hetero_amide
C=CC(=O)Nc1ccc(O)c(C(=O)Nc2cc3sc(=O)n(C)c3cc2C)c1,med_flex_hetero_amide
C=CC(=O)N(C)c1ccc(C(=O)Nc2ccc3c(c2)ncn3-c2ccccc2)cc1,med_flex_hetero_amide
C=CC(=O)NCCC(=O)N1C[C@@H](c2ccc(F)cc2)O[C@@H](C)C1,med_flex_carbo_amide
C=CC(=O)NCCC(=O)N1C[C@H](CO)[C@@H](c2cnn(C)c2)C1,med_flex_hetero_amide
C=CC(=O)Nc1ccccc1CC(=O)N1CCCC1C(=O)N(C)C,med_flex_carbo_amide
C=CC(=O)NCc1ccc(C(=O)N2CCN(C3=NCCS3)CC2)cc1,med_flex_carbo_amide
C=CC(=O)N1CCCC1C(=O)NCc1noc2c1CC(C)CC2,med_flex_hetero_amide
C=CC(=O)NCc1ccc(C(=O)NCCc2cnc3ccccc3c2)cc1,med_verylex_hetero_amide
C=CC(=O)Nc1cccc(C(=O)Nc2ccc(N3CCc4sccc4C3)cc2)c1,med_flex_hetero_amide
C=CC(=O)NCc1ccc(NC(=O)CCN(C)Cc2ccccc2)cc1,med_verylex_carbo_amide
C=CC(=O)N(C)c1ccc(C(=O)N(C)c2nnc(C)s2)cc1,med_flex_hetero_amide
C=CC(=O)N(C)CC(=O)N1CCN(Cc2cc3c(s2)CCCC3)CC1,med_flex_hetero_amide
C=CC(=O)NCCc1noc(COc2ccc(Cl)cc2)n1,med_verylex_hetero_amide
C=CC(=O)N(CC)CC(=O)N1CCCC1c1nc(-c2ccccc2Cl)c[nH]1,med_flex_hetero_amide
C=CC(=O)N1CCC(C(=O)N2CCC(n3c(=O)[nH]c4ccccc43)CC2)CC1,med_flex_hetero_amide
C=CC(=O)NCCC(=O)N1CCC(O)(c2scnc2Br)CC1,med_flex_hetero_amide
CN(CCN1C(=O)c2ccccc2C1=O)S(=O)(=O)c1ccsc1C=O,med_flex_hetero_sulfonyl
O=Cc1c(-c2ccc(Br)s2)nc2ccccn12,med_rigid_hetero_plain
CCSc1nnc(SCc2cc(C=O)ccc2OC)s1,med_verylex_hetero_plain
O=Cc1c(O)ccc2cc(OP(=O)(O)O)ccc12,small_flex_carbo_acid
CNC(=O)C(NC(=O)c1ccc2c(C=O)c[nH]c2c1)c1ccccc1,med_flex_hetero_amide
O=Cc1ccc(C(=O)NCc2noc(-c3ccc(Cl)cc3F)n2)[nH]1,med_flex_hetero_amide
O=Cc1ccc2cc(Cl)cc(Br)c2n1,small_rigid_hetero_plain
COC(=O)c1[nH]c2ccc(Br)cc2c1C=O,small_rigid_hetero_plain
Cc1nn(Cc2ccc(Cl)cc2)c(Cl)c1C=O,small_flex_hetero_plain
O=Cc1ccc(-c2ncccc2OCCc2ccccn2)cc1,med_flex_hetero_plain
O=Cc1ccc(Oc2ncnc3sc(-c4ccccc4)cc23)cc1,med_flex_hetero_plain
COc1ccc(C(C)=O)cc1COc1c(C)cc(C=O)cc1C,med_flex_carbo_plain
O=Cc1ccc(C(=O)NCC2(c3cccc(Br)c3)CC2)[nH]1,med_flex_hetero_amide
Cc1c(C=O)c2ccccn2c1CCc1ccncc1,small_flex_hetero_plain
CC1CCN(c2ccc(F)cc2F)CCN1c1ncc(C=O)cn1,med_flex_hetero_plain
Cc1nn(-c2ccccc2)c(Oc2ccc(Br)cc2)c1C=O,med_flex_hetero_plain
Cc1cccc(C)c1NC(=O)C(CC(C)C)n1cccc1C=O,med_flex_hetero_amide
O=Cc1ccc(Oc2ccc(Br)cc2)nc1,small_flex_hetero_plain
NC(=O)C1CCCN1c1nc2ccccn2c1C=O,small_flex_hetero_amide
O=Cc1ccc(OC(=O)c2cc(-c3ccccc3)nc3ccccc23)cc1,med_flex_hetero_plain
Cc1ccccc1-n1cc(-c2c[nH]c(C=O)c2)nn1,small_flex_hetero_plain
C=CC(=O)N(Cc1cc(CC)no1)Cc1sncc1Br,med_flex_hetero_amide
C=CC(=O)NCCNC(=O)[C@@H]1CCCN1C1=NS(=O)(=O)c2ccccc21,med_flex_carbo_sulfonyl
C=CC(=O)N(Cc1cc(OC)c(OC)c(OC)c1)CC(C)S(C)=O,med_verylex_carbo_sulfonyl
C=CC(=O)N1CCN(C(=O)c2csc(N=S(C)(=O)N(C)C)n2)[C@@H](C)C1,med_flex_hetero_sulfonyl
C=CC(=O)NC[C@H]1CN(C(=O)Cc2cccc3ccccc23)C[C@@H]1OCC,med_verylex_carbo_amide
C=CC(=O)N1CC(C(=O)NC(CC)CC)Oc2ccccc21,med_flex_carbo_amide
C=CC(=O)NC[C@]1(c2ccccc2)C[C@@H](NC(=O)c2cnc(C3CCCO3)s2)C1,med_verylex_hetero_amide
C=CC(=O)NCc1ccccc1-c1ccc(CN2CCCC2=O)cc1,med_flex_carbo_amide
C=CC(=O)N1CCC(C(=O)NC(CCO)c2cccs2)CC1,med_flex_hetero_amide
C=CC(=O)NCCC(=O)N[C@H]1CC[C@@H](S(C)(=O)=O)CC1,med_flex_no_arom_sulfonyl
C=CC(=O)N1CCN(C(=O)C2CCCN(c3nc(C)cs3)C2)[C@@H](C)C1,med_flex_hetero_amide
C=CC(=O)N1CCN(C(=O)c2ccc(Cn3cc(Cl)cn3)cc2)[C@@H](C)C1,med_flex_hetero_amide
C=CC(=O)N(C)CC(=O)Nc1nn(-c2ncccc2F)cc1C,med_flex_hetero_amide
C=CC(=O)Nc1cccc(CC(=O)N2CCC(O)(c3ccc(F)c(F)c3)CC2)c1,med_flex_carbo_amide
C=CC(=O)NCC1(NC(=O)c2cccc(CNC(C)=O)c2)CCCCC1,med_verylex_carbo_amide
C=CC(=O)Nc1cccc(C(=O)N2CCC3=NS(=O)(=O)NC=C3C2)c1,med_flex_carbo_sulfonyl
C=CC(=O)Nc1ccc(CC(=O)N2CCn3c(n[nH]c(=O)c3=O)C2)cc1,med_flex_hetero_amide
C=CC(=O)N1CCCC(C(=O)N(C)C2CCN(c3cc(C)nc(C)n3)CC2)C1,med_flex_hetero_amide
C=CC(=O)N1CCC(C(=O)N2CCC(NC(=O)c3cc(C)oc3C)CC2)CC1,med_flex_hetero_amide
C=CC(=O)NCCC(=O)N1CCCC(c2nc3c(s2)CCC3)C1,med_flex_hetero_amide
C=CC(=O)NCc1ccccc1C(=O)N1CCN(S(=O)(=O)Cc2ccon2)CC1,med_verylex_hetero_sulfonyl
C=CC(=O)NC[C@]1(c2ccccc2)C[C@@H](NC(=O)c2nc3nc(C)cc(C)n3n2)C1,med_flex_hetero_amide
C=CC(=O)N(CC)CC(=O)NC(C)(C)c1cn(C(C)C)nn1,med_verylex_hetero_amide
C=CC(=O)N(CCc1cn(C)nn1)CC1CCC(C)(C)CC1,med_flex_hetero_amide
C=CC(=O)N1CCC(C(=O)Nc2cc(C)n(-c3ccccc3)n2)CC1,med_flex_hetero_amide
C=CC(=O)NC(Cc1ccccc1)c1nc(-c2ccncc2)no1,med_flex_hetero_amide
C=CC(=O)N(C)CC(=O)N1CCC2(CC1)Cc1cc(OC)ccc1C2=O,med_flex_carbo_amide
C=CC(=O)N1CCC(C(=O)Nc2cnn(C(C)C3CC3)c2)CC1,med_flex_hetero_amide
C=CC(=O)N(CC1=CCCCC1)Cc1cc(-c2ccc(Cl)cc2)on1,med_flex_hetero_amide
C=CC(=O)N1CCCC(C(=O)N=S(C)(=O)c2cccc(Cl)c2)C1,med_flex_carbo_sulfonyl
C=CC(=O)N1CCN(C(=O)c2cc(S(=O)(=O)NC)oc2C)[C@@H](C)C1,med_flex_hetero_sulfonyl
C=CC(=O)Nc1cccnc1Oc1ccc(Cl)cc1Cl,med_flex_hetero_amide
C=CC(=O)N1CCC(C(=O)NC(C)c2n[nH]c(CC)n2)(c2ccccc2)CC1,med_flex_hetero_amide
C=CC(=O)NCc1ccccc1C(=O)NCc1cc(C2CC2)nn1C,med_verylex_hetero_amide
C=CC(=O)N(C)CC(=O)N[C@H]1CC[C@H](c2nc3ccccc3o2)CC1,med_flex_hetero_amide
C=CC(=O)Nc1cc(NC(=O)c2cc3c([nH]c2=O)CCC(C)(C)C3)ccc1F,med_flex_hetero_amide
C=CC(=O)N1CCC(C(=O)NCC(C)(O)C2CCCC2)CC1,med_flex_no_arom_amide
C=CC(=O)Nc1cnn(C(C)c2nnc3n2CCCCC3)c1,med_flex_hetero_amide
C=CC(=O)N1CCC[C@@H](C(=O)NCCc2cnc3c(Cl)cnn3c2)C1,med_flex_hetero_amide
C=CC(=O)N1CC(C(=O)N(CCCC)Cc2nc3ccccc3c(=O)[nH]2)C1,med_verylex_hetero_amide
C=CC(=O)N1CCC(C(=O)Nc2cnn(-c3cnc4ccccc4n3)c2)CC1,med_flex_hetero_amide
C=CC(=O)N(C)CC(=O)Nc1cccc(Cl)c1OC(C)C,med_flex_carbo_amide
C=CC(=O)N1CCC(C(=O)Nc2cccc(-c3nnnn3CC)c2)C1,med_flex_hetero_amide
C=CC(=O)Nc1cc(NC(=O)c2nc(C3CC3)oc2C)ccc1F,med_flex_hetero_amide
C=CC(=O)N1CCC(C(=O)N2CCCC(C)CC2)(c2ccccc2)CC1,med_flex_carbo_amide
C=CC(=O)N1CC(C(=O)N(C)CCNS(=O)(=O)c2ccccc2[N+](=O)[O-])C1,med_verylex_carbo_sulfonyl
C=CC(=O)N(C)CC(=O)N1CCC(=Cc2ccc(F)c(F)c2)CC1,med_flex_carbo_amide
C=CC(=O)N(CC)CC(=O)N1CCCN(S(=O)(=O)c2ccc(Cl)s2)CC1,med_flex_hetero_sulfonyl
C=CC(=O)N(CCCN1CCOCC1)C1CCS(=O)(=O)C1,med_flex_no_arom_sulfonyl
C=CC(=O)N1CCC(C(=O)Nc2nc3c(o2)CCCC3)CC1,med_flex_hetero_amide
C=CC(=O)NC(c1cccc(S(C)(=O)=O)c1)c1ccc(C)cc1C,med_flex_carbo_sulfonyl
C=CC(=O)N(C)CC(=O)Nc1cc(N2CCC3(CCC3)C2)c(Cl)cn1,med_flex_hetero_amide
C=CC(=O)N(C)CC(=O)N[C@H]1CCN(C(C)C)[C@@H]1c1ccc(Cl)c(F)c1,med_flex_carbo_amide
C=CC(=O)N1CCCC(C(=O)N[C@H](C)c2coc3c(F)cccc23)C1,med_flex_hetero_amide
C=CC(=O)Nc1cc(F)cc(NC2CCN(S(C)(=O)=O)CC2)c1,med_flex_carbo_sulfonyl
C=CC(=O)N(Cc1nc2c(s1)CC(C)CC2)[C@@H](CC)CO,med_flex_hetero_amide
C=CC(=O)NCC(=O)NCC1(c2cccc(Cl)c2F)CCCC1,med_flex_carbo_amide
C=CC(=O)Nc1cc(NC(=O)Cc2ccc(O)c(OC)c2)ccc1F,med_flex_carbo_amide
C=CC(=O)Nc1ccc(C(=O)Nc2cc(Cl)c3c(c2)OCCCO3)cc1,med_flex_carbo_amide
C=CC(=O)N1CCC(C(=O)NCc2cc3c(cc2OC)OCO3)C1,med_flex_carbo_amide
C=CC(=O)N(Cc1oc(CC)nc1C)Cc1sc2ccccc2c1C,med_flex_hetero_amide
C=CC(=O)NCCC(=O)N1CCN(c2cc(Cl)c(Cl)c(Cl)c2)CC1,med_flex_carbo_amide
C=CC(=O)N(C)CC(=O)N1CC[C@@H](Oc2cccc(Cl)c2)C1,med_flex_carbo_amide
C=CC(=O)N[C@@H]1CN(C(=O)Cn2nnc(C3CC3)n2)C[C@H]1CC(C)(C)C,med_flex_hetero_amide
C=CC(=O)NC1CCCOC1C1CCN(C(=O)CCCc2sccc2C)CC1,med_verylex_hetero_amide
C=CC(=O)NCc1ccccc1C(=O)NC1(c2noc(C)n2)CCCCC1,med_flex_hetero_amide
C=CC(=O)Nc1cccc(C(=O)N2CCS(=N)(=O)c3ccccc32)c1,med_flex_carbo_sulfonyl
C=CC(=O)N1CCC(C(=O)NCc2nnc3ccc(N(C)C)nn23)CC1,med_flex_hetero_amide
C=CC(=O)N[C@@H](Cc1ccccc1)C(=O)NCc1ccccn1,med_verylex_hetero_amide
C=CC(=O)Nc1ccc(O)c(C(=O)N(C)C(C)C(=O)NC(C)(C)C)c1,med_flex_carbo_amide
C=CC(=O)NCc1ccc(C(=O)N2C[C@H](CO)[C@@H](c3ccsc3)C2)cc1,med_flex_hetero_amide
C=CC(=O)N1CCCC(C(=O)NCc2cc(=O)nc(SC)[nH]2)C1,med_flex_hetero_amide
C=CC(=O)N[C@H]1CN(C(=O)Cc2noc3ccc(F)cc23)C[C@@H]1C1CC1,med_flex_hetero_amide
C=CC(=O)N1CCN(C(=O)c2ccc(N3CCCNS3(=O)=O)cc2)[C@@H](C)C1,med_flex_carbo_sulfonyl
C=CC(=O)NCc1ccc(C(=O)N(c2cc(C)ccc2C)C2CCOCC2)cc1,med_flex_carbo_amide
C=CC(=O)N1CCS(=O)(=NS(=O)(=O)c2ccc(C)cc2)CC1,med_flex_carbo_sulfonyl
C=CC(=O)N(C)C(C)c1ccccc1N1CCCS1(=O)=O,med_flex_carbo_sulfonyl
C=CC(=O)N1CCCC(C(=O)Nc2ccc3c(n2)NC(=O)CO3)C1,med_flex_hetero_amide
C=CC(=O)N1CC(C(=O)N2CCN(S(=O)(=O)c3ccc(C(N)=O)o3)CC2)C1,med_flex_hetero_sulfonyl
C=CC(=O)N1CCCC(C(=O)N[C@H]2CCC(=O)N[C@@H]2C2CC2)C1,med_flex_no_arom_amide
C=CC(=O)N(CC)CC(=O)Nc1ccc(C)c(Oc2ccnc(C(=O)NC)c2)c1,med_verylex_hetero_amide
C=CC(=O)N(C)c1ccc(C(=O)Nc2nc3cc(C(N)=O)ccc3[nH]2)cc1,med_flex_hetero_amide
C=CC(=O)NCC(=O)N1CCC2(CC1)OCCc1cc(Cl)sc12,med_flex_hetero_amide
C=CC(=O)N(C)CC(=O)N1CCN(Cc2noc(-c3cccs3)n2)CC1,med_flex_hetero_amide
C=CC(=O)N(C)c1ccc(C(=O)N[C@@H]2CCCN(S(=O)(=O)C3CC3)C2)cc1,med_flex_carbo_sulfonyl
C=CC(=O)Nc1ccc(F)c(S(=O)(=O)NC(C)(C)C)c1,med_flex_carbo_sulfonyl
C=CC(=O)N(Cc1ccccc1OCC)CC1(O)CCCC1,med_verylex_carbo_amide
C=CC(=O)N1CCCC(C(=O)N2CCN(c3nc(Br)n[nH]3)CC2)C1,med_flex_hetero_amide
C=CC(=O)N(C)CC(=O)NCCN1C(=O)NC2(CCCC2)C1=O,med_flex_no_arom_amide
C=CC(=O)N(Cc1cc(Br)ccc1F)C1CCC2(CC1)OCCO2,med_flex_carbo_amide
C=CC(=O)Nc1ccccc1N1CCN(C(=O)OCC(C)C)CC1,med_flex_carbo_amide
C=CC(=O)N(C)CC(=O)Nc1ccc(N2CCCCC2)cc1C(N)=O,med_flex_carbo_amide
C=CC(=O)N(C)CC(=O)Nc1ccccc1N1CC2CCC1C2,med_flex_carbo_amide
C=CC(=O)Nc1cccc(C(=O)NCC2(CC)OCCc3ccccc32)c1,med_flex_carbo_amide
C=CC(=O)N(Cc1ccc(CS(C)(=O)=O)cc1)Cc1cnn(C)c1,med_verylex_hetero_sulfonyl
C=CC(=O)N1CC(C(=O)Nc2cnn(-c3cccc(Cl)c3)c2C(C)C)C1,med_flex_hetero_amide
C=CC(=O)NCCC(=O)N1CCN(c2c(C#N)cnc3ccccc23)CC1,med_flex_hetero_amide
C=CC(=O)N1CCCC(C(=O)N2CCCC(c3ocnc3C(=O)OC)C2)C1,med_flex_hetero_amide
C=CC(=O)N1CCC(CC(=O)N2CCC(N(C)C)CC2)CC1,med_flex_no_arom_amide
C=CC(=O)Nc1cc(NC(=O)Cc2c[nH]c3cc(F)ccc23)ccc1F,med_flex_hetero_amide
C=CC(=O)Nc1cccc(CC(=O)NCc2nnc(S)n2CC)c1,med_verylex_hetero_amide
C=CC(=O)N[C@@H]1CCCN(C(=O)Cn2cc(C3CCOC3)cn2)C1,med_flex_hetero_amide
C=CC(=O)NCCc1ccc(OCC(=O)Nc2ccc(C)cc2)cc1,med_verylex_carbo_amide
C=CC(=O)N1Cc2ccccc2CC1CNC(=O)C1=NOC(c2ccccc2)C1,med_flex_carbo_amide
C=CC(=O)N1CCN(Cc2csc(C(C)(C)C)n2)CC1,small_flex_hetero_amide
C=CC(=O)NCCC(=O)N1CCN(C(=O)c2ccsc2)CC1,med_flex_hetero_amide
C=CC(=O)N1CCC(C(=O)N2CCC(n3cc(C(=O)OC)nn3)C2)CC1,med_flex_hetero_amide
C=CC(=O)NC(C)c1nc(-c2ccc(Cl)cc2)c(C)s1,med_flex_hetero_amide
C=CC(=O)N1CCC(C(=O)Nc2c(-c3ccccc3)nc3ccccn23)CC1,med_flex_hetero_amide
C=CC(=O)N1CCC(C(=O)N2CCc3c(ncn3-c3ccccc3)C2)CC1,med_flex_hetero_amide
C=CCc1ccc(OCCOc2ccc(C=O)cc2)c(OC)c1,med_verylex_carbo_plain
C=CC(=O)N1CC2(CCC(CNC(=O)C(C)Oc3ccc(C)cc3C)O2)C1,med_flex_carbo_amide
C=CC(=O)NCC(NC(=O)c1ccc2c(c1)CNC2=O)c1ccc2ccccc2c1,med_flex_carbo_amide
C=CC(=O)NCc1ccc(C(=O)NCC2CCCC23CCOCC3)cc1,med_flex_carbo_amide
C=CC(=O)N(Cc1ccnn1CC1CCC1)c1cccc(CO)c1,med_verylex_hetero_amide
C=CC(=O)N(Cc1ccn(C)n1)C1CCN(C(=O)c2ccccc2F)CC1,med_flex_hetero_amide
C=CC(=O)N1CC(C(=O)N[C@H]2COC[C@H]2Oc2cnn(-c3ccccc3)c2)C1,med_flex_hetero_amide
C=CC(=O)Nc1ccc(C(=O)N2CCS(=O)CC2c2cnn(C)c2)cc1,med_flex_hetero_sulfonyl
C=CC(=O)N1CCN(C(=O)c2nc(N3CCOCC3)ncc2Cl)[C@@H](C)C1,med_flex_hetero_amide
C=CC(=O)NC(C)(C)CC(C)(NCCc1cnn(C)c1C)c1nnnn1C1CCCC1,med_verylex_hetero_amide
Cn1cc(CCOc2ccc(Br)cc2C=O)cn1,med_flex_hetero_plain
O=Cc1c(Cl)nc(Oc2ccccc2)n1-c1ccccc1,small_flex_hetero_plain
O=Cc1ccc(COc2ccc(Cl)cc2[N+](=O)[O-])o1,small_flex_hetero_plain
O=Cc1sc(N2CCCCC2)nc1-c1cccs1,small_flex_hetero_plain
Cc1cccn2c(=O)c(C=O)c(Sc3ncccn3)nc12,small_flex_hetero_plain
Nc1c(C=O)c(=O)[nH]c(=O)n1-c1ccc(Cl)cc1,small_rigid_hetero_amide
O=Cc1cnc(N2CC(c3nc4ccccc4[nH]3)C2)nc1,small_flex_hetero_plain
COc1ccc(C=O)cc1Cn1ncc(Cl)c(Cl)c1=O,med_flex_hetero_amide
CC1CN(C(=O)c2csc(C=O)c2)CC(C)O1,small_rigid_hetero_amide
CCOC(=O)c1cccc2nc(C=O)c([N+](=O)[O-])n12,small_flex_hetero_plain
O=Cc1c(Oc2ccc3c(c2)OCO3)nc2ccccn2c1=O,med_flex_hetero_plain
CC(C)c1nn(C(C)(C)C)c(O)c1C=O,small_rigid_hetero_acid
O=Cc1cc(F)c(OCc2cn(-c3ccc(Cl)cc3)nn2)c(F)c1,med_flex_hetero_plain
Cc1cc(C)n(CC(C)CNC(=O)COc2ccccc2C=O)n1,med_verylex_hetero_amide
O=Cc1ccc(-c2ccc(S(=O)(=O)Nc3ccccc3)cc2)o1,med_flex_hetero_sulfonyl
O=Cc1ccc(CC(=O)NCCCCc2ccc(Cl)s2)[nH]1,med_verylex_hetero_amide
O=Cc1ccc(OCC(=O)NC2CCCc3ccccc32)cc1,med_flex_carbo_amide
O=Cc1nn(C2CCCCO2)nc1Br,small_rigid_hetero_plain
O=Cc1ccc(C(=O)C=Cc2ccc(Cl)cc2)o1,small_flex_hetero_plain
Cc1cc(C=O)cc2c1OC1(C=C2)Oc2ccccc2C(=O)N1C,med_rigid_carbo_amide
Cc1ccccc1Nc1nc(Cl)c(C=O)s1,small_flex_hetero_plain
Cc1ccccc1C1CN(c2ccc(C=O)cn2)CCO1,small_flex_hetero_plain
O=Cc1sc(=NS(=O)(=O)c2ccc(F)cc2)n(-c2ccccc2)c1Cl,med_flex_hetero_sulfonyl
COc1cc(C=O)ccc1OCC(=O)NC1CCCc2ccccc21,med_flex_carbo_amide
COc1cncc(CNC(=O)CCOc2ccc(C=O)cc2OC)c1,med_verylex_hetero_amide
O=Cc1ccccc1S(=O)(=O)N1CCCCC1CCn1ccnn1,med_flex_hetero_sulfonyl
CC1CC(C)CN(CC(C)NC(=O)c2cc(Br)c(C=O)n2C)C1,med_flex_hetero_amide
CCC(CC)c1nnc(NC(=O)c2cc(C=O)[nH]c2C)s1,med_flex_hetero_amide
O=Cc1cc(Cl)cnc1Sc1ccncn1,small_flex_hetero_plain
Cn1cc(C=O)cc1C(=O)NC(Cn1ccnc1)c1ccccc1,med_flex_hetero_amide
Cc1ccc2cc(C=O)c(N3CCCCC3)nc2c1,small_rigid_hetero_plain
CCOC(=O)c1c(Nc2ccccc2)sc(C=O)c1Cl,med_flex_hetero_plain
Cc1nn(-c2ccccc2)c(Sc2ccc(Cl)cc2)c1C=O,med_flex_hetero_plain
CC1(Cn2cc(-c3cncc(C=O)c3)nn2)COC1,small_flex_hetero_plain
CN(C(=O)c1cc(C=O)ccc1F)C(c1ccccc1)c1nnc[nH]1,med_flex_hetero_amide
COc1ccc2nc(O)c(C=O)cc2c1,small_rigid_hetero_acid
O=Cc1csc(COc2ccc(Cl)cc2)n1,small_flex_hetero_plain
O=Cc1ccccc1OCCOc1ccc(Cl)c2cccnc12,med_flex_hetero_plain
Cc1cc(C=O)c(C)n1-c1ccc(F)c(F)c1F,small_rigid_hetero_plain
COc1cc(C=O)ccc1OCc1ncc(C)c(OC)c1C,med_flex_hetero_plain
Cc1cccn2c(=O)c(C=O)c(NCc3ccccc3)nc12,small_flex_hetero_plain
O=Cc1nc2ccccc2n1Cc1ccc2ccccc2c1,small_flex_hetero_plain
O=Cc1ccc(OCCCCN2CCCCC2)cc1,small_verylex_carbo_plain
Cc1cccc2cc(C=O)c(Oc3ccc(F)cc3)nc12,small_flex_hetero_plain
CC(C)(C)c1cnnn1-c1ccc(C=Cc2ccc(C=O)cc2)cc1,med_flex_hetero_plain
O=Cc1cnc(N2CC3(CCC3)C2c2ccc(F)cc2)nc1,small_flex_hetero_plain
COc1ccc(OCC(=O)NCc2cccs2)c(C=O)c1,med_verylex_hetero_amide
CC1(Cc2ccc(Cl)s2)CCCN1C(=O)c1cncc(C=O)c1,med_flex_hetero_amide
O=Cc1sc(N2CCOCC2)c(-c2ccccc2)c1-c1ccccc1,med_flex_hetero_plain
O=Cc1ccc(N2CCN(c3ncnc4[nH]ncc34)CC2)s1,med_flex_hetero_plain
CC1(Cc2ccccc2)CCCN1c1ncc(C=O)cn1,small_flex_hetero_plain
Cc1noc2ncc(NC(=O)c3ccc(N(C)C)c(C=O)c3)cc12,med_flex_hetero_amide
Cc1cc(C(=O)N2CC(n3cncn3)C2)cc(C=O)c1O,small_flex_hetero_amide
CCOc1ccc2nc(N3CCCC(C(=O)Nc4cccc(C(C)=O)c4)C3)sc2c1,med_flex_hetero_amide
COc1ccc(CCNC(=O)c2cc3c(s2)-c2ccccc2OC3)cc1OC,med_flex_hetero_amide
COc1cccc(C(=O)Nc2cccc(OCc3cc(=O)n4cc(C)sc4n3)c2)c1,med_flex_hetero_amide
Cc1ccc(CSc2nc3c(c(=O)[nH]2)CCC3)cc1,small_flex_hetero_plain
Cn1cccc1Cc1nnc(SCC(=O)N2CCCCC2)n1CCc1ccccc1,med_verylex_hetero_amide
COc1ccc(C)cc1Nc1nc2ccccc2nc1NS(=O)(=O)c1ccc(C)cc1,med_flex_hetero_sulfonyl
Clc1ccc(Nc2c3c(nc4ccccc24)CCCC3)cc1,med_rigid_hetero_plain
CCOc1ccc2ncc(C(=O)c3ccccc3)c(S(=O)(=O)c3ccc(C)cc3)c2c1,med_flex_hetero_sulfonyl
COc1ccc(C2=NOC(C(=O)N3CCN(c4ccccc4)CC3)C2)cc1,med_flex_carbo_amide
Cc1ccc(S(=O)(=O)c2cnc3ccccc3c2N2CCN(c3ccccc3)CC2)cc1C,large_flex_hetero_sulfonyl
CCOc1ccc(-c2cc(CCCC(=O)Nc3cc(C)cc(C)c3)no2)cc1,med_verylex_hetero_amide
O=C(Nc1ccc(Cl)cc1)c1csc2c1CCCCC2,med_rigid_hetero_amide
Cc1cc2cc(CCNC(=O)C(=O)c3c[nH]c4ccccc34)c(=O)[nH]c2cc1C,med_flex_hetero_amide
CCOc1ccc(CC(=O)N2CCC(CCOC)(NC(=O)Nc3cccc(C)c3)C2)cc1,med_verylex_carbo_amide
O=C(C1CCC1)N(Cc1cccnc1)C1CCCN(S(=O)(=O)c2ccc(F)c(F)c2)C1,med_flex_hetero_sulfonyl
COCCC1(NC(=O)c2ccc(F)cc2)CCN(C(=O)COc2cccc(C)c2)C1,med_verylex_carbo_amide
CCn1nc(C)c(CN2CCc3c(c(CCC(=O)N4CCCC4)nn3C)C2)c1C,med_flex_hetero_amide
CCn1cc(C(=O)N2CCCC(N(CCCN3CCCC3)C(=O)C(C)C)C2)cn1,med_verylex_hetero_amide
COc1cccc(NC(=O)N2CCCC(N(CCCN3CCCC3)C(=O)C(C)C)C2)c1,med_verylex_carbo_amide
CCOCC(=O)NC1CCN(c2cnn(CC)c(=O)c2)CC1,med_flex_hetero_amide
CCCn1c(C)cnc1C1CCN(S(=O)(=O)c2cccc3cccnc23)C1,med_flex_hetero_sulfonyl
CCOC(=O)c1ccc(CNC(=O)N2CCc3[nH]c(-c4ccccc4)nc3C2)cc1,med_flex_hetero_amide
CCC(C)C(=O)N1CCC2(CC1)N(Cc1ccccc1)C(=O)CS2(=O)=O,med_flex_carbo_sulfonyl
CC(C)C(=O)N(CCCN1CCCC1)C1CCCN(C(=O)COc2ccc(F)cc2)C1,med_verylex_carbo_amide
CCn1nc(C)c(CN2CCC(N(CCCN3CCCC3)C(=O)C(C)C)C2)c1C,med_verylex_hetero_amide
Cc1noc(C)c1S(=O)(=O)N1CCC(N(CCCN2CCCC2)C(=O)C(C)C)C1,med_verylex_hetero_sulfonyl
Cc1ccc(C(=O)N2CCC(N3C(=O)CCC3C(=O)NCc3ccccc3)CC2)s1,med_flex_hetero_amide
CC(=O)N(CCc1noc(C2CCC2)n1)C1CCN(C(=O)CN2CCCCCC2)C1,med_verylex_hetero_amide
CC(=O)N(CCc1noc(C2CCC2)n1)C1CCN(C(=O)CCCc2ccccc2)C1,med_verylex_hetero_amide
CCC(CC)C(=O)N1CCC(N(CCc2noc(C3CCC3)n2)C(C)=O)C1,med_verylex_hetero_amide
O=C(NCCN(C1CCOCC1)C1CCCN(C(=O)C2CC2)C1)c1ccc2[nH]cnc2c1,med_verylex_hetero_amide
Cc1ncoc1C(=O)NCCN(C1CCOCC1)C1CCCN(C(=O)C2CC2)C1,med_verylex_hetero_amide
Cn1cnc(C(=O)NCCN(C2CCOCC2)C2CCCN(C(=O)C3CC3)C2)c1,med_verylex_hetero_amide
Cn1cnc(S(=O)(=O)NCCN(C2CCOCC2)C2CCCN(C(=O)C3CC3)C2)c1,med_verylex_hetero_sulfonyl
CC(C)NC(=O)NCCN(C1CCOCC1)C1CCN(S(C)(=O)=O)CC1,med_verylex_no_arom_sulfonyl
COCCC1(C(N)=O)CCCN(C2CCN(C(=O)CCc3nc4ccccc4[nH]3)CC2)C1,med_verylex_hetero_amide
COc1ccc(C2(C(=O)NCC3CN(CC(C)C)C(=O)CO3)CCCCC2)cc1,med_verylex_carbo_amide
CC(C)CN1CC(CNC(=O)c2nccc3ccccc23)OCC1=O,med_flex_hetero_amide
CC(C)CN1CC(CNC(=O)CCCc2c[nH]c3ccccc23)OCC1=O,med_verylex_hetero_amide
O=C(c1ccccn1)N1CCCC1CCc1noc(C2CC2)n1,med_flex_hetero_amide
O=C(c1cncc(Br)c1)N1CCCC1CCc1noc(-c2cccnc2)n1,med_flex_hetero_amide
CN(C)S(=O)(=O)N1CCC(C(=O)N2CCCCCCNC(=O)CC2)CC1,med_flex_no_arom_sulfonyl
O=C1CCN(C(=O)C2CCN(S(=O)(=O)c3cccs3)CC2)CCCCCCN1,med_flex_hetero_sulfonyl
Cn1ccnc1C(=O)N1CCC(C(=O)N2CCCCCCNC(=O)CC2)CC1,med_rigid_hetero_amide
CCN1[C@@H]2CCCC[C@@]2(C(=O)NCCCN2CCCC2=O)CCS1(=O)=O,med_flex_no_arom_sulfonyl
CO[C@H]1CN(C2CCN(C(=O)COCc3ccccc3)CC2)[C@H]1c1cccnc1,med_verylex_hetero_amide
CCS(=O)(=O)N[C@@H](Cc1ccccc1)C(=O)N1CCCOCCNC(=O)CC1,med_flex_carbo_sulfonyl
Cc1cccc(OCCc2noc(C3CN(C(=O)c4ccsc4)C3)n2)c1,med_flex_hetero_amide
COc1ccc(C(=O)N2CC(c3nc(CCOCC4CC4)no3)C2)cc1,med_verylex_hetero_amide
Cc1ccccc1S(=O)(=O)N1CC(c2nc(CCN(C)C(=O)C3CCOCC3)no2)C1,med_verylex_hetero_sulfonyl
CCn1cc(CN2CCN(C(=O)c3ccc4[nH]ccc4c3)CC2)ccc1=O,med_flex_hetero_amide
Cc1noc(C)c1CNC(=O)c1cc2c(s1)CCN(C(=O)c1ccc(Cl)cc1)C2,med_flex_hetero_amide
CCOCCCNC(=O)CN1C(=O)C(Oc2ccc(F)cc2)C12CCCCC2,med_verylex_carbo_amide
O=C(c1ccncc1)N1CCC(N2C(=O)C3(CCCCC3)C2c2ccncc2)CC1,med_flex_hetero_amide
OCC1CN(c2ncccn2)CC12CCN(Cc1cccc3[nH]ccc13)CC2,med_flex_hetero_acid
CNC(=O)c1cc[nH]c1C1CCCN(C(=O)CN2CCCC2=O)C1,med_flex_hetero_amide
Oc1ccc(CN2CCCCC2c2nc(CCOCC3CC3)no2)cc1,med_verylex_hetero_acid
CCCNC(=O)N1CCC2(CC1)N(C1CCCC1)C(=O)CS2=O,med_flex_no_arom_sulfonyl
CCC(C(=O)NCc1nnc2cc(-c3nc(C4CC4)no3)ccn12)c1ccccc1,med_verylex_hetero_amide
COc1ccc(NC(=O)N2CCn3nnc(CCC(=O)N4CCCC4)c3C2)cc1,med_flex_hetero_amide
CCOCCCNC(=O)N1CCC(Cc2nnc(-c3ccccc3)[nH]2)CC1,med_verylex_hetero_amide
CN1C(=O)c2cccn2CC1CNC(=O)CCc1c[nH]c2ccccc12,med_flex_hetero_amide
CCC(=O)N1CCC(Oc2ccccc2-c2nc(C3CC3)no2)C1,med_flex_hetero_amide
CCOC(=O)c1ccc(NC(=O)CC2CCCCN(C)C2=O)cc1,med_flex_carbo_amide
COCCNC(=O)CN1CCN(C(=O)C2CCN(c3cnn(Cc4ccccc4)c(=O)c3)C2)CC1,large_verylex_hetero_amide
O=C(CCc1c[nH]c2ccccc12)N1CC[C@@H]2COCCN(Cc3cccnc3)[C@@H]2C1,med_flex_hetero_amide
CCOc1ccc(CN2C[C@@H]3C(=O)N(CCN4CCc5ccccc5C4)C(=O)[C@@H]3C2)cc1,med_verylex_carbo_amide
N#Cc1ccc(CN2CCc3nc(N4CCc5ccccc5C4)[nH]c(=O)c3CC2)cc1,med_flex_hetero_plain
CN(Cc1cccnc1)c1nc2c(c(=O)[nH]1)CCN(Cc1ccc(F)c(Cl)c1)CC2,med_flex_hetero_plain
COc1ccc(CC(=O)N2CC[C@@H](NC(=O)c3cccnc3)[C@@H](CO)C2)cc1,med_flex_hetero_amide
O=C(CCc1c[nH]c2ccccc12)Nc1ccc(-c2nnc3n2CCCC3)cc1,med_flex_hetero_amide
COc1ccc(-c2nc(CC3CCN(C(=O)Cc4c[nH]c5ccccc45)C3)no2)cc1,med_flex_hetero_amide
Cn1nc(C2CCCN(C(=O)C3CCC3)C2)n(C2CCCC2)c1=O,med_flex_hetero_amide
O=C(c1ccc2[nH]ccc2c1)N1CCC(Cc2nncn2Cc2ccccc2)C1,med_flex_hetero_amide
O=C(c1ccc2cc[nH]c2c1)N1CCC(Cc2nncn2Cc2ccccc2)C1,med_flex_hetero_amide
CCn1cc(S(=O)(=O)NC[C@@]23CCC[C@H]2N(CCOC)C(=O)CC3)cn1,med_verylex_hetero_sulfonyl
CCCN1C(=O)CC[C@]2(CNC(=O)c3noc(C)c3COC)CCC[C@@H]12,med_verylex_hetero_amide
CCCN1C(=O)CC[C@]2(CNC(=O)c3cc(C4CC4)[nH]n3)CCC[C@@H]12,med_flex_hetero_amide
O=C(Nc1ccccc1)c1ccc(N2CCC(NCc3ccc(O)cc3)C2)nc1,med_flex_hetero_amide
CCCN1C(=O)CC[C@]2(CNS(=O)(=O)c3cccc4cccnc34)CCC[C@@H]12,med_flex_hetero_sulfonyl
CCCN1C(=O)CC[C@]2(CNC(=O)c3n[nH]c4ccccc34)CCC[C@@H]12,med_flex_hetero_amide
CCOCCCNC(=O)N1CCC(OC2CCN(Cc3ccccc3)CC2)CC1,med_verylex_carbo_amide
O=C(Cn1cc(-c2ccc(F)cc2)oc1=O)N1CCN(c2cccc(Cl)c2)CC1,med_flex_hetero_amide
CCC(=O)N(C1CCOCC1)C1CCN(S(=O)(=O)c2ccccc2F)CC1,med_flex_carbo_sulfonyl
CCNc1cc(N2CCCC(CCC(=O)N3CCN(C(=O)OCC)CC3)C2)ncn1,med_verylex_hetero_amide
CCCN(C)c1nccnc1OC1CCN(C(=O)C(C)C)C1,med_flex_hetero_amide
COc1ccccc1CCC(=O)N1CCC(Oc2ncccc2C(=O)N2CCCCC2)C1,med_verylex_hetero_amide
Cc1ccc(NC(=O)c2nc(-c3cn(-c4ccc(C)cc4)nn3)no2)cc1,med_flex_hetero_amide
CNc1ccc(OC2CCN(C(=O)CCc3nc4ccccc4[nH]3)C2)nc1,med_flex_hetero_amide
Cc1ccc(CN2CC(C(=O)N3CCCn4nc(-c5ccccc5)cc4C3)CC2=O)cc1,med_flex_hetero_amide
Cc1ccc(S(=O)(=O)NC(C(=O)NCc2n[nH]c3ccccc23)C(C)C)cc1,med_verylex_hetero_sulfonyl
CC(NC(=O)Cc1c(F)cccc1Cl)C(=O)N1CCN(c2ccccn2)CC1,med_flex_hetero_amide
CCC(=O)Nc1ccc(C)n(CC(=O)N2CCN(c3cccc(Cl)c3)CC2)c1=O,med_flex_hetero_amide
Cc1cccc(CNC(=O)c2ccc(-c3nnc4ccc(NC(=O)C5CCC5)cn34)cc2)c1,med_flex_hetero_amide
CCOc1cc(=O)c(C(=O)N2CCN(CC(C)C)CC2)nn1-c1ccc(C)cc1,med_flex_hetero_amide
CC(=O)Nc1ccc(NC(=O)C2CC(=O)N(c3ccc4oc(C)nc4c3)C2)cc1,med_flex_hetero_amide
O=C(CCc1nc2ccccc2s1)NC1CCN(C(=O)N2C[C@H]3C[C@@H](C2)[C@H]2CCCC(=O)N2C3)CC1,large_flex_hetero_amide
CC(=O)N1CCc2cc(N3CC(C(=O)NCc4ccc(F)cc4F)CC3=O)ccc21,med_flex_carbo_amide
CCC(=O)NCc1csc(C2CCCN(C(=O)c3ccccc3OC)C2)n1,med_flex_hetero_amide
CCOC(=O)N1CCN(C(=O)C2CCN(c3cc(Oc4ccc(CC)cc4)ncn3)CC2)CC1,large_flex_hetero_amide
CS(=O)(=O)N(Cc1ccccn1)C1CN(C(=O)CCc2c[nH]c3ccccc23)C1,med_verylex_hetero_sulfonyl
O=C(C1CCCCC1)N1CC(N(Cc2ccccn2)C(=O)Nc2ccccc2)C1,med_flex_hetero_amide
CCN(Cc1ccncc1)C1CN(C(=O)c2ccn(CC)n2)C1,med_flex_hetero_amide
CCN(Cc1ccncc1)C1CN(C(=O)CC2CCN(C(C)=O)CC2)C1,med_flex_hetero_amide
CCn1nccc1C(=O)N1CC(N(Cc2ccncc2)CC(C)C)C1,med_verylex_hetero_amide
C=CCNC(=O)C1CCCN(C(=O)Nc2ccc(NC(=O)Nc3ccc(C)c(C)c3)cc2)C1,med_flex_carbo_amide
CCC(=O)NCCc1csc(C2CCN(C(=O)c3ccccc3F)CC2)n1,med_flex_hetero_amide
Cc1nnc2c(=O)n(CC(=O)NC3CCCC3)c3cccnc3n12,med_flex_hetero_amide
O=C(Cn1c(N2CCCCC2)nc2ccccc2c1=O)NCc1cccc(Cl)c1,med_flex_hetero_amide
CCCCNC(=O)c1cn(CCC)nc1S(=O)(=O)N1CCN(c2ccc(Cl)cc2)CC1,large_verylex_hetero_sulfonyl
O=C(c1ccc2c(c1)CN(C(=O)c1ccc3ncccc3c1)CCO2)N1CCCC1,med_rigid_hetero_amide
CC(CNC(=O)CCn1c(N2CCCCC2)nc2ccsc2c1=O)c1ccccc1,med_verylex_hetero_amide
CC(C)n1c(=O)n(CC(=O)NCCCc2ccccc2)c2cc(S(=O)(=O)N3CCCC3)ccc21,large_verylex_hetero_sulfonyl
CCCC(=O)Nc1ccc2c(c1)CN(C(=O)c1ccc(OC)cc1)C(C(=O)N(C)C)C2,med_flex_carbo_amide
Cc1cccc(-c2noc(C3CCCN3C(=O)C(C)NC(=O)c3ccccc3)n2)c1,med_flex_hetero_amide
COc1cccc(-c2nc(C3CCN(S(=O)(=O)c4ccc5c(c4)CCCC5)CC3)no2)c1,large_flex_hetero_sulfonyl
Cc1ccc(NS(=O)(=O)c2ccc3c(c2)NC(=O)C(CC(=O)N2CCCC2)CS3)c(C)c1,large_flex_carbo_sulfonyl
CCOC(=O)c1cccc(Nc2c(C(=O)N3CCSCC3)cnc3nc(C)ccc23)c1,med_flex_hetero_amide
Cc1ccc2oc(=O)n(Cc3noc(C(=O)NCCCc4ccccc4)n3)c2c1,med_verylex_hetero_amide
COCc1nc(CNC(=O)CSc2nc3cc(C)ccc3[nH]2)no1,med_verylex_hetero_amide
CCCn1cc(NC(=O)NC(C)c2ccc(-n3cncn3)cc2)nn1,med_flex_hetero_amide
COCCn1ccnc1CN1CCC(NS(C)(=O)=O)CC1,med_verylex_hetero_sulfonyl
Cn1ncc(CN2CCC(N3CCC(O)CC3)CC2)c1C1CC1,med_flex_hetero_acid
CC(Cn1cncn1)NCC1(c2cccc(F)c2)CCCC1,med_flex_hetero_plain
CC(=O)c1cc(CN2CCC3(CC2)CN(CC(C)c2ccccc2)C(=O)O3)cs1,med_flex_hetero_amide
CCc1cc(-c2ccnn2C)nc(N(C)C)n1,small_flex_hetero_plain
COc1ccc(NC(=O)NC(C)c2cnn(C)c2)cc1NS(C)(=O)=O,med_flex_hetero_sulfonyl
CCc1ccc(CN(C)Cc2ccc(CN3CCCCC3)s2)nc1,med_verylex_hetero_plain
COc1cc(-c2ccc(C(C)N3CCCC3)cc2)nc(N)n1,small_flex_hetero_plain
CC(C)[C@@H]1CN(C(=O)c2ncn[nH]2)C[C@H]1NS(=O)(=O)N(C)C,med_flex_hetero_sulfonyl
CCc1nnc(CNC(=O)Nc2cc3c(cc2OC)n(C)c(=O)n3C)s1,med_flex_hetero_amide
CCCCN(Cc1ccc(F)cc1)Cc1cc(O)c(OC)cn1,med_verylex_hetero_acid
COc1ncccc1-c1ncc(C)c(N(C)C)n1,small_flex_hetero_plain
COc1ccc(CC(=O)N2CCC(CNC(=O)CCn3nnnc3C)CC2)cc1,med_verylex_hetero_amide
CN(Cc1noc(C2CCCC2)n1)Cc1nc2ccc(F)cc2[nH]1,med_flex_hetero_plain
Cc1cc(C(=O)N(CCOc2ccccc2)CC2CCCO2)ccc1N1CCOCC1,med_verylex_carbo_amide
C[C@H](N)C(=O)Nc1ccccc1CN1CCOCC1,small_flex_carbo_amide
Cc1cc(C(=O)NCc2nc(N)nc(N(C)C)n2)c(-c2ccccc2)o1,med_flex_hetero_amide
Cc1cc(NC(=O)NCc2ccc(S(N)(=O)=O)cc2)n(C2CCCC2)n1,med_flex_hetero_sulfonyl
Cc1cc(C)n(CCN(C)C(=O)c2cccc(-c3cncc(C(=O)O)n3)c2)n1,med_flex_hetero_amide
O=C(NCc1cc(-c2ccco2)on1)[C@H]1CNC[C@@H](C(=O)N2CCOCC2)C1,med_flex_hetero_amide
Cc1ccn(CCCNc2cc(C(C)C)ncn2)n1,small_flex_hetero_plain
O=C(N[C@@H]1CCN(C(=O)CCc2ccc(=O)[nH]n2)C[C@H]1O)c1ccccc1,med_flex_hetero_amide
Cc1cc(C)n(Cc2cccc(C(=O)N(C)Cc3snnc3C)c2)n1,med_flex_hetero_amide
CCc1csc(CNC(=O)C2(c3ccc(S(C)(=O)=O)cc3)CCCCC2)n1,med_flex_hetero_sulfonyl
CCc1cn[nH]c1C1CCN(C(=O)c2c(-c3ccccc3)noc2C)CC1,med_flex_hetero_amide
COc1ccc(NC2(C(=O)NCc3noc(C4CC4)n3)CCCCC2)cc1,med_verylex_hetero_amide
CN(Cc1cc(-c2ccccc2)no1)C(=O)c1cc(=O)[nH]c(=O)[nH]1,med_flex_hetero_amide
CC(C)Nc1ncc(C(=O)NC2CCSC2)cn1,small_flex_hetero_amide
CN1CCN(C(=O)CSCc2ccccc2Cl)[C@H]2CS(=O)(=O)C[C@H]21,med_flex_carbo_sulfonyl
CC(C)(C)c1cc(CNC(=O)C2CCC(=O)NC(=O)N2)[nH]n1,med_flex_hetero_amide
O=C(c1ccc(-c2cccnc2)nc1)N1CCCC(c2ccccc2)CC1,med_flex_hetero_amide
CN1CCN(Cc2nnc(C3CCN(C(=O)Cn4ncnn4)CC3)n2C)CC1,med_flex_hetero_amide
c1ccc(COC2CCN(Cc3cc(CN4CCCC4)cs3)CC2)cc1,med_verylex_hetero_plain
Nc1nnnn1CC(=O)N1CCC(Oc2cccnc2)CC1,med_flex_hetero_amide
COCCN(Cc1cc(C(C)C)on1)Cc1ccccc1Cl,med_verylex_hetero_plain
CN(Cc1ccc(-c2cc[nH]n2)o1)C1CCSCC1,small_flex_hetero_plain
O=S(=O)(N1CCCCC1)N1CCCN(Cc2c[nH]cn2)CC1,med_flex_hetero_sulfonyl
O=C(NCCc1noc(C2CC2)n1)c1nc2ccccc2[nH]c1=O,med_flex_hetero_amide
Nc1nnnn1CC(=O)NCCc1noc(-c2ccccc2)n1,med_flex_hetero_amide
Cc1cccc2[nH]c(C3CCCN3C(=O)c3c[nH]c(=O)[nH]3)nc12,med_rigid_hetero_amide
Cc1nn(C)c(C)c1CCC(=O)NC(C)c1nnc(CC(=O)O)[nH]1,med_verylex_hetero_amide
CCc1ccc(C(=O)NC(C)c2c(C)nn(C)c2C)[nH]1,small_flex_hetero_amide
Cc1ncsc1CN(Cc1ccccc1)C(=O)NC1CCCCC1,med_flex_hetero_amide
CC(C)(O)CCc1cccc(C(=O)N2CCN(S(N)(=O)=O)CC2)c1,med_flex_carbo_sulfonyl
Nc1nnc(CCNC(=O)C2CCN(C(=O)C3CCCO3)CC2)s1,med_flex_hetero_amide
CN(C)Cc1ccccc1CN(C)C(=O)c1ccc(-c2cccc(F)c2)cc1,med_flex_carbo_amide
CCCOc1cccc(-c2nccnc2NC)c1,small_flex_hetero_plain
CCc1nc(CN2CCC(n3nc(C)cc3C)C2)no1,small_flex_hetero_plain
c1ccc(OCCN2CCN(Cc3ccc(C4CCCO4)s3)CC2)cc1,med_verylex_hetero_plain
CCCn1ncnc1C(C)NC(=O)c1cc(C)oc1C,small_flex_hetero_amide
CCCc1nc(C)c(CNC(=O)Cn2nnnc2N)s1,small_flex_hetero_amide
Cc1ccccc1CNC(=O)CN1CCN(c2ccnc3nncn23)CC1,med_flex_hetero_amide
Cc1ccc(NC(=O)N2Cc3cnc(C(C)(C)C)nc3C2)cc1,med_rigid_hetero_amide
CCc1noc(C)c1C(=O)N1CCC(N2CCSCC2)CC1,med_flex_hetero_amide
Cc1nc(-c2ccc(C(C)N3CCOCC3)cc2)n(C)n1,small_flex_hetero_plain
COc1ccc(F)c(CN2C[C@H]3CC[C@@H]2CN(CC(=O)N(C)C)C3)c1,med_flex_carbo_amide
c1ccc2nc(N3CCCC4(CCNCC4)CC3)cnc2c1,small_rigid_hetero_plain
CC(Cc1cccs1)NC(=O)c1cccc(Cn2cccn2)c1,med_flex_hetero_amide
Cc1nc(CCNC(=O)N(C)[C@@H]2CS(=O)(=O)C[C@H]2O)nc2c1CCC2,med_flex_hetero_sulfonyl
Fc1ccccc1CCC1CCCN(c2nnnn2-c2ccccc2)C1,med_flex_hetero_plain
CNC(=O)CC1C(=O)NCCN1C(=O)NCc1nc2cc(F)ccc2[nH]1,med_flex_hetero_amide
Cc1nnnn1CCC(=O)NC1CCN(c2ccc(F)cc2)CC1,med_flex_hetero_amide
Cc1ccc(C(=O)NC(c2nccn2C)C(C)C)s1,small_flex_hetero_amide
O=C(O)c1csc(CCNC(=O)N2CCOc3ccc(CO)cc3C2)n1,med_flex_hetero_amide
CCSc1ccccc1NC(=O)c1cscn1,small_flex_hetero_amide
Cc1nc2cc(C(=O)N3CC(Oc4ccccc4Cl)C3)ccc2s1,med_flex_hetero_amide
CCCCC(=O)Nc1ccc(C(=O)NCCc2nnc(N)s2)cc1,med_verylex_hetero_amide
COc1ccc2c(c1)CC(C(=O)NCc1nnnn1-c1ccccc1)CO2,med_flex_hetero_amide
O=C(NCc1nc(-c2ncccn2)no1)C1CC(=O)N(Cc2ccncc2)C1,med_flex_hetero_amide
CC(=O)c1ccc(-c2cccc(C(=O)N[C@@H]3CS(=O)(=O)C[C@H]3O)c2)nc1,med_flex_hetero_sulfonyl
COc1ccccc1-n1c(SCC(=O)O)nnc1C1CCOCC1,med_flex_hetero_acid
CCOc1c(CN(C)Cc2nc(C(N)=O)no2)cccc1OC,med_verylex_hetero_amide
Cn1nc2cccc(S(=O)(=O)NCCCc3csc(N)n3)c2n1,med_flex_hetero_sulfonyl
COCCCn1cnnc1CNC(=O)Cn1ccccc1=O,med_verylex_hetero_amide
CN(C)CCN1CC2(CCN(C(=O)CCCS(N)(=O)=O)CC2)OC1=O,med_verylex_no_arom_sulfonyl
COCCn1cncc1CN1CCN(S(C)(=O)=O)CC1,med_flex_hetero_sulfonyl
CCCOC1CCCN(C(=O)c2cccc(-c3ccc4[nH]nc(N)c4c3)c2)C1,med_flex_hetero_amide
Nc1nc(-c2ccccc2C(=O)O)cc(N2CCOCC2)n1,med_flex_hetero_acid
CCc1cc(NCCCn2ccnc2)n2nccc2n1,small_flex_hetero_plain
Fc1ccc(-c2n[nH]cc2CN(Cc2cccnc2)Cc2cccnc2)cc1,med_verylex_hetero_plain
Cc1ccc(S(=O)(=O)NCc2noc(C(N)=O)n2)c(C)c1,med_flex_hetero_sulfonyl
CNC(=O)c1ccc(S(=O)(=O)NCc2nonc2C)cc1,med_flex_hetero_sulfonyl
CSc1ncc(CNC(=O)Cn2nnnc2N)n1C,small_flex_hetero_amide
O=C(NCCCn1ccnn1)C1Cc2ccccc2O1,small_flex_hetero_amide
Cc1cc(C)nc(SCc2ccc(C(=O)NCc3noc(C4CC4)n3)o2)n1,med_verylex_hetero_amide
CCCn1cc(NC(=O)NCCn2c(C)cc(C)nc2=O)nn1,med_flex_hetero_amide
Cn1cc(C(=O)NCc2cc(C(C)(C)C)n[nH]2)c(=O)[nH]c1=O,med_flex_hetero_amide
CCN1CCN(C(=O)NC(C)c2nncn2CCCOC)CC1,med_verylex_hetero_amide
Cn1cccc1CCC(=O)N1CCCN(C2CCCC2)CC1,med_flex_hetero_amide
CC(c1ccc(Cl)cc1)N(C)C(=O)c1ccc(CCC(C)(C)O)cc1,med_flex_carbo_amide
CN(C)c1ccc(CCC(=O)NCc2noc(C(N)=O)n2)cc1,med_verylex_hetero_amide
CN1CC(=O)N(CC(=O)Nc2cccc(NC(=O)c3cccnc3)c2)C1=O,med_flex_hetero_amide
COCC(=O)Nc1ccc(Cl)c(NC(=O)N2CCS(=O)(=O)CC2)c1,med_flex_carbo_sulfonyl
Cc1ccc(CN2CCC(CNC(=O)c3n[nH]nc3C)CC2)o1,med_flex_hetero_amide
Cc1cnc2c(C(=O)Nc3ccc(Oc4nnn[nH]4)cc3)cnn2c1,med_flex_hetero_amide
Cc1nc(CN2CC[C@@H](Nc3ncccc3C#N)[C@H](O)C2)cs1,med_flex_hetero_acid
CSCc1ccc(C(=O)NC2CCS(=O)(=O)CC2)o1,med_flex_hetero_sulfonyl
CCN1CC(C(=O)NCCCc2nc(C)c(C)s2)CC1=O,med_flex_hetero_amide
COc1cc(C)c(C)cc1S(=O)(=O)N[C@H]1CCN(Cc2ccccc2)C1,med_flex_carbo_sulfonyl
OCC1CCN(Cc2cc3cc4c(cc3nc2-c2ccc(Cl)cc2)OCO4)CC1,med_flex_hetero_acid
Cc1n[nH]c(SCC(=O)N(C)Cc2nc(-c3ccncc3)no2)n1,med_flex_hetero_amide
Cc1nccn1CC1CCCN(S(=O)(=O)N(C)C(C)C)C1,med_flex_hetero_sulfonyl
Cn1cc(S(=O)(=O)NCc2nncn2CCc2ccccc2)c(=O)n(C)c1=O,med_verylex_hetero_sulfonyl
CC(C)c1cc(C(=O)NCCc2nnc(N)s2)nc(N)n1,med_flex_hetero_amide
CCCc1noc(CN(C)C(=O)NC2CCS(=O)(=O)C2)n1,med_flex_hetero_sulfonyl
Nc1nnc(SCC(=O)NCc2csc(-c3ncccn3)n2)s1,med_flex_hetero_amide
Cc1ccccc1C1CCN(c2cc(C3CC(N)C3)nc(N)n2)CC1,med_flex_hetero_plain
CCc1ocnc1C(=O)N1CCN(C(=O)COC)[C@@H]2CS(=O)(=O)C[C@@H]21,med_flex_hetero_sulfonyl
Cc1cc(N2CCN(C(=O)CC3C=CCC3)CC2)nc(N)n1,med_flex_hetero_amide
O=C(NCCCc1nnn[nH]1)c1[nH]nc2c1CCC2,small_flex_hetero_amide
O=Cc1c[nH]nc1CN1C(=O)c2ccccc2C1=O,small_flex_hetero_amide
Cc1cc(OCc2ccc(C=O)o2)ccc1[N+](=O)[O-],small_flex_hetero_plain
O=S(=O)(c1ccccc1)N(CC(F)(F)F)c1ccc(C(O)(C(F)(F)F)C(F)(F)F)cc1,large_flex_carbo_sulfonyl
CNC(=O)C1(NC(=O)c2nccn2C)CCCCC1,small_flex_hetero_amide
Cc1cccc(OC2CCN(C(=O)c3ccc(-n4cnnn4)cc3)CC2)c1,med_flex_hetero_amide
Cn1nnnc1SCCNC(=O)c1nc(=O)[nH]c2ccccc12,med_flex_hetero_amide
Cc1nnnn1-c1ccc(NS(=O)(=O)NCc2ccccc2)cc1,med_flex_hetero_sulfonyl
CN(CC(=O)O)Cc1cc2ccccc2n(C)c1=O,small_flex_hetero_amide
COc1ccc2oc(CNC(=O)[C@H]3CCC[C@@H](O)C3)nc2c1,med_flex_hetero_amide
CCNc1ncc(CN2CCC(C(=O)O)CC2)cn1,small_flex_hetero_acid
Cc1cc(C)cc(N2CCN(C(=O)c3ccccc3-n3cncn3)CC2=O)c1,med_flex_hetero_amide
CCC(NS(=O)(=O)N1CCOCC1)c1nc(C)c[nH]1,small_flex_hetero_sulfonyl
CCc1nnc(CN(CC)C(=O)CC2CCOC2)o1,small_flex_hetero_amide
CS(=O)(=O)CCC(=O)N1C[C@H]2CC[C@H]1C2,small_flex_no_arom_sulfonyl
CN(Cc1ccc2nonc2c1)C(=O)N[C@H]1C[C@H]2C(=O)N(C)CC(=O)N2C1,med_flex_hetero_amide
O=C(N[C@H]1C[C@@H](c2cc(=O)[nH]c(N3CCCC3)n2)C1)c1cnco1,med_flex_hetero_amide
CCc1nc(CNC(=O)c2ccc3nnnn3c2)cs1,small_flex_hetero_amide
CCc1noc(C(C)NC(=O)c2cnc(N)nc2-c2ccccc2)n1,med_flex_hetero_amide
Nc1nc(CCC(=O)NCc2ccc(S(N)(=O)=O)cc2)cs1,med_flex_hetero_sulfonyl
COc1ccccc1OC1CN(CC(C)(C)CN2CCOCC2)C1,med_verylex_carbo_plain
Cc1ccc(CN2CCNC(=O)C2CC(=O)N2CCC3(CC2)COC(=O)O3)o1,med_flex_hetero_amide
CCn1cc(CNC(=O)c2cccc(S(=O)(=O)N(C)CCO)c2)cn1,med_verylex_hetero_sulfonyl
CC(C)n1ccnc1CNC(=O)N1CCC[C@@H]1C(N)=O,small_flex_hetero_amide
Cc1c[nH]c(C(C)NC(=O)c2cc(Cl)ccc2C)n1,small_flex_hetero_amide
O=C(Cn1cccn1)N[C@@H]1[C@@H]2CCO[C@@H]2[C@@H]1C1CCCC1,small_flex_hetero_amide
O=C(NCCc1nc(-c2cccnc2)n[nH]1)c1cnn[nH]1,small_flex_hetero_amide
Cc1cc(N2CCC[C@@H]2C(=O)O)nc(N2CCOCC2)n1,small_flex_hetero_acid
CC1(C)CC1C(=O)N1CCN(C(c2ccc(F)cc2)c2ccc(F)cc2)CC1,med_flex_carbo_amide
CCc1csc(CCNC(=O)c2cc(C)c(C)c(S(N)(=O)=O)c2)n1,med_flex_hetero_sulfonyl
COc1ccc(CN2CCN(c3ccccc3OC)CC2)cc1Cn1cccn1,med_verylex_hetero_plain
CC(=O)Nc1ccc2nc(CNCCNc3ccncc3C)ccc2c1,med_verylex_hetero_amide
c1ccc(-c2ccc(CN3CC(N4CCOCC4)C3)s2)cc1,med_flex_hetero_plain
COCC1CCN(C(=O)Cn2nc3ccccc3n2)C1,small_flex_hetero_amide
Cn1cncc1C(=O)NC1(c2cc(F)cc(F)c2)CC1,small_flex_hetero_amide
Cc1ccc(C(=O)N[C@H]2COC[C@@H]2N2CCOCC2)c(C)n1,med_flex_hetero_amide
Cc1cc(C)c(C(=O)Nc2ccc(OCC(=O)N3CCOCC3)cc2)cc1C,med_flex_carbo_amide
O=C(CCCn1ccnc1)N1CCC(Cc2ccc(F)cc2)CC1,med_flex_hetero_amide
Cc1n[nH]c(C2CCCN(C(=O)Nc3ccc(-c4ccn[nH]4)cc3)C2)n1,med_flex_hetero_amide
CCc1nnc(CN(CC)C(=O)Nc2ccc(Cc3nnc(C)[nH]3)cc2)o1,med_verylex_hetero_amide
CCCC(C)N1CC2(CCN(C(=O)c3cnccn3)CC2)OC1=O,med_flex_hetero_amide
Fc1cc(CN2CCCN(Cc3cccnc3)CC2)ccc1Cl,med_flex_hetero_plain
CCOCC(=O)N1CCC(C(=O)N2CCCC(O)CC2)CC1,med_flex_no_arom_amide
COCCc1nc(CNC(=O)CSc2nc(C)n[nH]2)no1,med_verylex_hetero_amide
CN(Cc1ccc(CN2CC[C@@H](N)[C@H](O)C2)o1)S(C)(=O)=O,med_flex_hetero_sulfonyl
COC(C)c1cccc(-c2nc(N(C)C)n(Cc3ccccc3)n2)c1,med_flex_hetero_plain
CCc1nc(CN2CCOC(c3ccc4cc(OC)ccc4c3)C2)no1,med_flex_hetero_plain
CC(C)C[C@@H](NC(=O)c1cccc(-c2ncc[nH]2)c1)C(N)=O,med_flex_hetero_amide
CN(Cc1nc(-c2cccnc2)no1)C(=O)c1cn(CCN)nn1,med_flex_hetero_amide
CSCCC(=O)NC1CCN(Cc2ccccc2F)CC1,med_flex_carbo_amide
CC(C)(C)n1ccc(C(=O)N2CCN(CCCCO)CC2)c1,med_flex_hetero_amide
O=C(CCCn1cncn1)NC1CCCN(Cc2cccs2)C1,med_verylex_hetero_amide
CN(C)CC1COCCN(CCCn2cccn2)C1,small_flex_hetero_plain
CN(C)[C@H]1CN(C(=O)[C@H]2CC[C@H](C)CC2)C[C@@H]1O,small_rigid_no_arom_amide
COc1cccc(-c2ccccc2NC(=O)C2CCN(c3cnccn3)CC2)c1,med_flex_hetero_amide
Cc1nnc2ncc(-c3ccc(OC(C)C)cc3)cn12,small_flex_hetero_plain
CC(C)c1nc(C(=O)NC2(c3nnc(N)s3)CCCCC2)cs1,med_flex_hetero_amide
COc1ccccc1CCC(=O)N[C@@H]1CCN(CC(=O)N(C)C)C[C@H]1O,med_verylex_carbo_amide
CCCS(=O)(=O)NC(C)c1nc(-c2ccc(OC)c(OC)c2)no1,med_verylex_hetero_sulfonyl
Cc1cc(CN2CCC(c3nnc[nH]3)CC2)on1,small_flex_hetero_plain
CCc1nc2cc(NC(=O)C3CCC3)ccc2n1CC,small_flex_hetero_amide
CCSc1cccc(-c2cc(C(=O)N3CCCCC3)ccn2)c1,med_flex_hetero_amide
COCc1ccc(C(=O)NCc2noc(C(N)=O)n2)s1,small_flex_hetero_amide
Cc1nnnn1CCC(=O)Nc1ccc2[nH]c(C(C)O)nc2c1,med_flex_hetero_amide
COc1ccc(-c2cccc(C(=O)N(C)C3CCCCC3)c2)cc1CO,med_flex_carbo_amide
Cc1ccc2nc(CN3CCN(C)C(c4ccccc4)C3)[nH]c2c1C,med_flex_hetero_plain
CC(=O)N[C@@H](C)C(=O)Nc1cccc(-n2cccn2)c1,small_flex_hetero_amide
Cc1cc(C[C@@H]2COC[C@@H]2NC(=O)COCc2nc3ccccc3[nH]2)on1,med_verylex_hetero_amide
Cc1nn(C)cc1C(=O)NCC1CCCN(c2ccncc2)C1,med_flex_hetero_amide
CC(C)c1nccc(C(=O)N2CCc3n[nH]cc3C2)n1,small_rigid_hetero_amide
CCCCC(=O)Nc1ccc(C)cc1NC(=O)Cn1nnnc1N,med_verylex_hetero_amide
CCc1csc(CNC(=O)c2cc3ncccn3n2)n1,small_flex_hetero_amide
CCn1cnnc1CCNC(=O)c1ccc(CN2CCCC2)o1,med_verylex_hetero_amide
CCCCSCc1cc(C(=O)NC2(C(=O)O)CCCC2)oc1C,med_verylex_hetero_amide
Cc1ncn(CCNC(=O)c2cncc(O)c2)c1C,small_flex_hetero_amide
CC(=O)N1CC[C@@H](NC(=O)c2cnc(-c3cccnc3)nc2)[C@H](O)C1,med_flex_hetero_amide
COCc1nnc(NC(=O)CN2CCC(NS(C)(=O)=O)CC2)s1,med_verylex_hetero_sulfonyl
COC1CCCN(Cc2cc(-c3cccnc3)ccc2OCC(=O)O)C1,med_verylex_hetero_acid
O=C(Nc1ccccc1Cl)N1CCC(n2cc(C3CCCCC3)nn2)CC1,med_flex_hetero_amide
Cc1nnc(CN(C)C(=O)NCC2CCCCC2)o1,small_flex_hetero_amide
CSCc1noc(CNC(=O)c2n[nH]c(=O)c3ccccc23)n1,med_flex_hetero_amide
Nc1nnc(CNC(=O)Nc2cc(C(=O)N3CCCC3)ccc2Cl)s1,med_flex_hetero_amide
Cc1csc(CN(C)CCCc2nccn2C)n1,small_flex_hetero_plain
COCCc1nc(CNC(=O)N(C)Cc2noc(C3CC3)n2)no1,med_verylex_hetero_amide
COc1ccc2ncn(CCc3n[nH]c(N)n3)c(=O)c2c1,small_flex_hetero_amide
CC(C)c1cc(CNC(=O)CC2C=CCC2)on1,small_flex_hetero_amide
Cc1nc2sccn2c1C(=O)NCc1ccc(S(N)(=O)=O)cc1,med_flex_hetero_sulfonyl
COc1c[nH]c(C(=O)N[C@H]2C[C@H](c3cc(=O)[nH]c(C4CC4)n3)C2)cc1=O,med_flex_hetero_amide
CNC(=O)c1ccc(CNC(=O)c2nnc3nc(C)cc(C)n23)o1,med_flex_hetero_amide
CCCn1ccnc1CN(C)CCc1ccccn1,small_verylex_hetero_plain
COc1coc(CN2CCCn3nc(C#N)cc3C2)cc1=O,med_flex_hetero_plain
CO[C@H]1CN(C2CSCCSC2)C[C@@H]1O,small_rigid_no_arom_acid
Cc1[nH]c2ccc(C#N)cc2c1CCNC(=O)c1cc(CC(C)C)no1,med_flex_hetero_amide
O=C(O)[C@@H]1CC[C@H](C(=O)NCc2cscn2)C1,small_flex_hetero_amide
COc1ccc2c(C)c(CC(=O)NCc3noc(C4CC4)n3)c(=O)oc2c1,med_flex_hetero_amide
CC(C)Nc1ncc(C(=O)N[C@@H](Cc2ccccc2)C(N)=O)cn1,med_verylex_hetero_amide
O=C(NCc1noc(C2CCCO2)n1)c1n[nH]c2c1CCC2,med_flex_hetero_amide
Cc1cccc(OC2CCN(C(=O)[C@@H](N)Cc3ccc(O)cc3)CC2)c1,med_flex_carbo_amide
NS(=O)(=O)c1ccc(C(=O)N2CCCOC(Cn3cccn3)C2)cc1,med_flex_hetero_sulfonyl
O=C(N[C@@H]1COCC[C@@H]1OCc1ccccc1)c1ccc2c(c1)CCO2,med_flex_carbo_amide
O=C(c1cccc(-n2cnnc2)c1)N1CCCCC1CCc1ccccc1,med_flex_hetero_amide
CCCn1cnnc1CNC(=O)Nc1cccc(NS(C)(=O)=O)c1,med_verylex_hetero_sulfonyl
Fc1cnc(N2C[C@@H](c3ccccc3)[C@@H]3[C@H]2C2CCN3CC2)nc1,med_rigid_hetero_plain
COc1ccc(N2CCN(Cc3cc(=O)c(OC)co3)C(C)C2=O)cc1,med_flex_hetero_amide
Cc1nc(N)ncc1C(=O)N1CCN(Cc2ccc3c(c2)OCO3)C(=O)C1,med_flex_hetero_amide
CCCN(Cc1ccccc1OC)Cc1ccccc1C(=O)O,med_verylex_carbo_acid
Cc1ncn(C)c1C(=O)N1CCN(CC(=O)N2CCCC2)CC1,med_flex_hetero_amide
Cc1ccc(C)c(-c2nccn2C2CCNC2)c1,small_rigid_hetero_plain
CC(CNC(=O)C1CCC(=O)N(C2CC2)C1)(c1ccccc1)c1ccccc1,med_flex_carbo_amide
O=C(CSCCN1CCCC1)N1CCC(OCc2ccccn2)CC1,med_verylex_hetero_amide
Cc1csc(C(C)CNC(=O)c2ccc[nH]2)n1,small_flex_hetero_amide
Cc1cnc(N)c(-c2ccc(OC(C)C)cc2)c1,small_flex_hetero_plain
Cc1cccnc1N1CCN(C(=O)CN2CC(=O)NC2=O)CC1,med_flex_hetero_amide
CCCn1nccc1S(=O)(=O)NCCCc1csc(N)n1,med_verylex_hetero_sulfonyl
CC(C)Cc1nc(CNC(=O)c2ccncc2F)no1,small_flex_hetero_amide
COC(=O)c1ccc(-c2ccc(C(=O)N(C)CC(O)CO)cc2)c(CO)c1,med_verylex_carbo_amide
O=C(Nc1nc2c(F)cccc2s1)C1CCOC1,small_rigid_hetero_amide
Nc1[nH]nc(C(=O)NC(Cn2cccn2)c2ccccc2)c1Cl,med_flex_hetero_amide
COc1cc2c(cc1CN(Cc1ccccn1)CC1CCCO1)CCC2,med_verylex_hetero_plain
CC(C(=O)N1CCNC(=O)CC1)c1n[nH]c(=O)c2ccccc12,med_rigid_hetero_amide
CNC(=O)Cn1cc(-c2cccc(C(=O)NCCN3CCCOC3=O)c2)cn1,med_verylex_hetero_amide
NS(=O)(=O)CC1CCN(C(=O)NCc2nc(-c3ccccn3)no2)C1,med_flex_hetero_sulfonyl
O=C(CCn1cc(Cl)cn1)N1CCC(CN2CCCC2=O)CC1,med_flex_hetero_amide
CNC(=O)C1CCN(c2ncc(Cl)cn2)C1,small_rigid_hetero_amide
Cc1nc(C)c(CNC(=O)CC2CCOC2)s1,small_flex_hetero_amide
O=C(CC1C=CS(=O)(=O)C1)N1CCC(OCc2cccnc2)CC1,med_flex_hetero_sulfonyl
O=C(CN1C(=O)CNC1=O)NCCc1noc(C2CCCC2)n1,med_flex_hetero_amide
Cc1nnnn1-c1cccc(NC(=O)c2cccc(-n3cnnc3)c2)c1,med_flex_hetero_amide
Cc1csc(CN2CCN(S(C)(=O)=O)CC2)n1,small_flex_hetero_sulfonyl
Nc1nc(NCc2cc(-c3ccccn3)no2)cc(C2CC(O)C2)n1,med_flex_hetero_acid
COc1c(F)cccc1C(=O)Nc1ccc2c(c1)CC(C)O2,med_flex_carbo_amide
CC(NC(=O)c1cc(C2CC2)[nH]n1)c1nnc(CC(=O)O)[nH]1,med_flex_hetero_amide
O=C(CN1C(=O)CNC1=O)NCc1n[nH]c2c1CCCCC2,med_flex_hetero_amide
CC(C)Cn1cncc1CNC(=O)c1cncc(F)c1,small_flex_hetero_amide
CCc1ocnc1C(=O)NC1CCN(c2cc(=O)[nH]c(N)n2)CC1,med_flex_hetero_amide
CCS(=O)(=O)NCC1CN(C(C)=O)CCO1,small_flex_no_arom_sulfonyl
COc1ccccc1-n1cc(C(C)NC(=O)Cc2c[nH]c(=O)[nH]c2=O)cn1,med_flex_hetero_amide
Cc1ccc2[nH]c(C(NC(=O)Cn3nnnc3N)C(C)C)nc2c1,med_flex_hetero_amide
CCc1ccc(C(=O)N(C)Cc2ncccc2C)[nH]1,small_flex_hetero_amide
COc1ccc(CN(Cc2ccccn2)C(=O)NCC2CCN(C)C2)cc1,med_verylex_hetero_amide
O=C(c1ccccn1)C1CCCN(C(=O)NCCc2noc(C3CC3)n2)C1,med_flex_hetero_amide
CS(=O)(=O)NCCC(=O)N1CCCC(OCc2cccnc2)C1,med_verylex_hetero_sulfonyl
OC1(CCNc2ccc(Cl)cn2)CCCC1,small_flex_hetero_acid
CCCn1cc(CN2CCCC(c3nnc4ccccn34)C2)c(C)n1,med_flex_hetero_plain
CCCCC1CCCN1C(=O)NCc1ccc(O)cc1,small_flex_carbo_amide
CCCn1cc(NC(=O)N(C)Cc2cc(-c3ccncc3)no2)nn1,med_flex_hetero_amide
CCc1nc(C)c(C(=O)NC2COc3c(cccc3OC)C2)o1,med_flex_hetero_amide
CCN(Cc1nc2c(cnn2C)c(=O)[nH]1)Cc1nc(COC)no1,med_verylex_hetero_plain
COc1ccc(NC(C)(C)C(=O)NCc2nc3cc(C)c(C)cc3[nH]2)cc1,med_flex_hetero_amide
Cc1ccc(Cl)c(C(=O)Nc2cccc(CN3CCCC3)c2)c1,med_flex_carbo_amide
CCn1cc(S(=O)(=O)N[C@@H]2CCOC[C@H]2OCc2cscn2)cn1,med_verylex_hetero_sulfonyl
COc1ccc(CNCCCc2ccccc2F)c(OC)c1C,med_verylex_carbo_plain
CC(NC(=O)Nc1cccc(N2CCN(C)C2=O)c1)c1nnc(N)s1,med_flex_hetero_amide
CC(C)CN(Cc1cnn(C)c1)C(=O)c1cccc(-c2ccsc2)c1,med_flex_hetero_amide
OCC1(CC2CC2)CCCN(c2nc(-c3ccccc3)no2)C1,med_flex_hetero_acid
CN(C)C(=O)N1CCOCC1CC(=O)NCCc1ccccn1,med_flex_hetero_amide
CCCOC1CCCN(C(=O)CCn2cncn2)C1,small_flex_hetero_amide
CCc1nnc(CN(C)Cc2nccn2C2CC2)o1,small_flex_hetero_plain
CN(C)CCOc1ccc(CN2CCN(Cc3nccn3C)CC2)cc1,med_verylex_hetero_plain
COc1ccc(-c2n[nH]cc2CNC(=O)C2CC3(CCNCC3)CN2)cc1,med_flex_hetero_amide
CO[C@H]1CN(C(=O)CCc2ccc(C)cc2C)C[C@@H]1O,small_flex_carbo_amide
CCCN(CC1CC1)C(=O)c1cccc(-c2ccnc(OC)c2C#N)c1,med_verylex_hetero_amide
CC(C)c1cc(CN(C)C(=O)NCc2nc(-c3ncccn3)no2)on1,med_flex_hetero_amide
CCN1CCCCC1CNc1ncc(C#N)c(N)n1,small_flex_hetero_plain
O=C(NCc1cccnc1Oc1ccc(F)cc1F)c1cncc(F)c1,med_flex_hetero_amide
CC(C)C(NC(=O)c1ccc(-c2ccccc2Cl)o1)c1ncnn1C,med_flex_hetero_amide
Cc1nnc(CCNC(=O)c2ccc3nccn3c2)s1,small_flex_hetero_amide
NC(=O)c1noc(CNC(=O)c2ccc(Oc3ccccc3)o2)n1,med_flex_hetero_amide
CC(C)c1ccc(NC(=O)NCCc2ncnn2C)cc1,small_flex_hetero_amide
CC1CCC(=O)N1c1ccc(NC(=O)c2cccc(OCC(N)=O)c2)cc1,med_flex_carbo_amide
O=C(NCC1CCN(Cc2ncc[nH]2)CC1)c1ccsc1,med_flex_hetero_amide
Cc1nc(C(=O)N2CCN(C(c3ccc(F)cc3)c3ccc(F)cc3)CC2)cs1,med_flex_hetero_amide
CC(Oc1ccccc1CN1CCN(C(=O)N(C)C)CC1)C(=O)O,med_flex_carbo_amide
Cc1cc(CN(C)Cc2cccc(O)c2)c(C)c(CN2CCN(C)CC2)c1,med_flex_carbo_acid
O=c1c2cccc(F)c2ncn1CC1CCCOC1,small_rigid_hetero_amide
COCCc1noc(C(C)NC(=O)Cn2c(C)cc(C)nc2=O)n1,med_verylex_hetero_amide
O=C(CCN1Cc2ccccc2C1=O)N[C@@H]1CCOC[C@H]1OCCO,med_verylex_carbo_amide
COc1cccc(CNC(=O)N2CCC(NC(C)=O)C2)c1OC,med_flex_carbo_amide
Cc1nn(C)c(C)c1CCC(=O)Nc1ccc(Oc2nnn[nH]2)cc1,med_flex_hetero_amide
CCc1noc(CN(CC)C(=O)c2ccc(-c3cc(C)n[nH]c3=O)cc2)n1,med_flex_hetero_amide
Cn1nnnc1SCCNC(=O)N1CCN(c2ncccc2C#N)CC1,med_flex_hetero_amide
Fc1cccc(CN2CCN(Cc3c[nH]c(CC4CCCC4)n3)CC2)c1,med_flex_hetero_plain
O=C(NCc1nc(C2CCCCC2)no1)c1cc(=O)n(-c2ccccc2)[nH]1,med_flex_hetero_amide
CCOc1ccccc1C(=O)Nc1ccc(Oc2ccccc2OC)nc1,med_verylex_hetero_amide
Cc1noc(C)c1CO[C@@H]1COCC[C@H]1NC(=O)c1csc(N)n1,med_flex_hetero_amide
CCCCC(=O)Nc1ccc(C)cc1NC(=O)c1ccc(CN(C)C)o1,med_verylex_hetero_amide
COc1cccc(CCNC(=O)N2CCC(CS(N)(=O)=O)C2)c1OC,med_verylex_carbo_sulfonyl
CC1(C(=O)NCc2noc(C(N)=O)n2)CCCCO1,small_flex_hetero_amide
CC(C)Cc1cc(C(=O)N2C[C@H]3CC=CC[C@H]3C2)on1,small_flex_hetero_amide
O=C(c1nc2cccnc2[nH]1)N1CCCC(c2nnc[nH]2)C1,small_rigid_hetero_amide
CN(Cc1cc(-c2cccs2)n[nH]1)C(=O)Cn1nnnc1N,med_flex_hetero_amide
O=C(NC1CCN(CC2CCCO2)CC1)c1ccncc1Cl,med_flex_hetero_amide
CC(C)Cc1cc(CNS(=O)(=O)c2cc(C(N)=O)cs2)on1,med_verylex_hetero_sulfonyl
COCCOc1ccccc1NC(=O)NCc1nnc(N)s1,med_verylex_hetero_amide
COCCn1nnnc1C1CN(C(=O)CCn2nc(C)cc2C)CCO1,med_verylex_hetero_amide
COc1ccccc1CCN1CCCC(CN(C)S(=O)(=O)N2CCCC2)C1,med_verylex_carbo_sulfonyl
Cn1ccnc1C1CCN(Cc2c(F)cccc2Cl)CC1,med_flex_hetero_plain
CC(C)c1nnsc1CNC(=O)[C@@H]1COC(=O)N1,small_flex_hetero_amide
C1=C([C@@]23CCCN(Cc4ccccn4)[C@H]2CCOC3)CCOC1,med_flex_hetero_plain
Nc1nc(CCCNC(=O)C2Cc3ccccc3S(=O)(=O)N2)cs1,med_flex_hetero_sulfonyl
NCc1ccc(C(=O)NCCc2nc(N)cc(O)n2)cc1,small_flex_hetero_amide
CCNc1ncc(C(=O)N2C[C@@H](NS(C)(=O)=O)[C@H](C(C)C)C2)cn1,med_flex_hetero_sulfonyl
Cc1c(C)c2c(c(C)c1O)CCC(C)(C(=O)NCCc1nnn[nH]1)O2,med_flex_hetero_amide
COc1cccc(-c2ccnn2C(C)C)c1OC,small_flex_hetero_plain
O=C(NCC1CCN(C(=O)c2ccoc2)CC1)c1ccon1,med_flex_hetero_amide
CC(C)N1CCOC(CC(=O)N(C)CCN2CCCC2)C1,small_flex_no_arom_amide
Cc1nc2ccccn2c1CC(=O)N1CCCN(S(C)(=O)=O)CC1,med_flex_hetero_sulfonyl
COCCN(C)C[C@@H]1CN(C(=O)c2cnc(C)nc2-c2ccccc2)C[C@@H]1CO,med_verylex_hetero_amide
CN(Cc1cccnc1)Cc1cnn(CCC(=O)O)c1,small_verylex_hetero_acid
CCOC(=O)N1CCC(NCc2n[nH]c(N)n2)CC1,small_flex_hetero_amide
Nc1nnnn1CC(=O)N(CCc1c[nH]c2ccccc12)Cc1cccnc1,med_verylex_hetero_amide
COCc1noc(CNC(=O)Nc2cc(-c3nnc(C)o3)ccc2OC)n1,med_verylex_hetero_amide
Cc1nnc(CCNC(=O)Nc2cc(NS(C)(=O)=O)ccc2F)s1,med_flex_hetero_sulfonyl
CC(NC(=O)c1n[nH]c(N)c1-c1ccccc1)c1nncn1C(C)C,med_flex_hetero_amide
Cc1nnnn1CCC(=O)NCc1noc(-c2ccc3c(c2)OCO3)n1,med_flex_hetero_amide
COc1ccc(OCc2nnc([C@H]3C[C@@H](N)C3)n2C)c(Cl)c1,med_flex_hetero_plain
COCCCN1CC2(CCN(Cc3ccc(NC(C)=O)cc3)CC2)CC1=O,med_verylex_carbo_amide
Cc1n[nH]c(SCC(=O)N(C)Cc2csc(-c3ccccc3)n2)n1,med_flex_hetero_amide
COCc1ccc(C(=O)N(Cc2cccc(OC)c2OC)C2CCCC2)s1,med_verylex_hetero_amide
Cn1ncnc1C(NC(=O)CCn1ccc(=O)[nH]c1=O)C1CC1,med_flex_hetero_amide
CCSc1nnc(-c2ccccc2NC(=O)c2csnn2)c(=O)[nH]1,med_flex_hetero_amide
COc1ccc(C(NC(=O)Cc2c[nH]c(=O)[nH]c2=O)[C@H]2C[C@@H](O)C2)cn1,med_flex_hetero_amide
O=C(CN1CCCCC1=O)Nc1ccc(Oc2nnn[nH]2)cc1,med_flex_hetero_amide
CCCOC1CCCN(CCc2c[nH]c(=O)n(C)c2=O)C1,small_flex_hetero_amide
Cc1csc(NC(=O)C(C)N2CCC3(CC2)C(=O)NCCCN3C)n1,med_flex_hetero_amide
CNS(=O)(=O)c1ccc(CCC(=O)NCc2nc(COC)no2)cc1,med_verylex_hetero_sulfonyl
CN1CCN(Cc2ccc3c4c(cccc24)C(=O)OC3)CC1c1ccccc1,med_flex_carbo_plain
O=C(NCCn1nc(-c2ccccc2)ccc1=O)C1CCCCn2nnnc21,med_flex_hetero_amide
CC(C)Cc1cc(C(=O)N[C@@H](Cc2ccc(O)cc2)C(N)=O)nc(=O)[nH]1,med_verylex_hetero_amide
Cc1nc(-c2ccc(CNC(=O)CC3C(=O)N(C)C(=O)N3C)cc2)no1,med_flex_hetero_amide
Cc1cc(C)n(CCCNC(=O)N2CCC(CS(N)(=O)=O)C2)n1,med_flex_hetero_sulfonyl
CCCc1nnsc1C(=O)N1CCCC(CCc2ccc(F)cc2)C1,med_flex_hetero_amide
Cn1ccnc1C(NC(=O)Cn1nnnc1N)c1ccccc1,med_flex_hetero_amide
O=C(NCCn1cnnn1)c1nccnc1C(=O)N1CCCCC1,med_flex_hetero_amide
CCc1oc(C(=O)NCc2nc(-c3cnccn3)n[nH]2)cc1CN1CCCC1,med_verylex_hetero_amide
CN(C)S(=O)(=O)N1C[C@@H]2CC[C@H](C1)N(C(=O)CSc1ccccn1)C2,med_flex_hetero_sulfonyl
O=C(CN1C(=O)CNC1=O)N1CCOC2(CCN(C(=O)c3ccco3)CC2)C1,med_flex_hetero_amide
O=C1NC2(CCOCC2)C(=O)N[C@H]1Cc1c[nH]cn1,small_rigid_hetero_amide
CC(C)c1noc(CCNC(=O)Cc2ccc(-n3cnnn3)cc2)n1,med_verylex_hetero_amide
CN(C)C(=O)c1ccc(-c2ccc(C(=O)NCCc3noc(CO)n3)cc2)o1,med_verylex_hetero_amide
COCCc1noc(C(C)NC(=O)c2nonc2C)n1,small_flex_hetero_amide
CCN(Cc1cnn(CC)c1)C(=O)NCC1CCN(C)CC1,med_flex_hetero_amide
CCN(Cc1nc(C(C)C)no1)S(=O)(=O)c1cc(-c2ccno2)cs1,med_verylex_hetero_sulfonyl
CCc1nccn1CCCNC(=O)c1ccc(-c2cncc(C(=O)O)n2)cc1,med_verylex_hetero_amide
COc1cccc(-c2ncc(CNC(=O)CC3NC(=O)NC3=O)s2)c1,med_flex_hetero_amide
COc1ccc(C(NS(=O)(=O)c2ccc(C)c(C)c2)[C@H]2C[C@@H](O)C2)cn1,med_flex_hetero_sulfonyl
COCCNC(=O)c1cccc(S(=O)(=O)NCCc2cnccn2)c1,med_verylex_hetero_sulfonyl
COc1ccc(NC(=O)N[C@H]2COC[C@@H]2OC)cc1OC,small_flex_carbo_amide
COc1ccccc1S(=O)(=O)Nc1c(C)nn(CC(=O)O)c1C,med_flex_hetero_sulfonyl
CNC(=O)Cc1ccc(NC(=O)NCC2CCCN(S(C)(=O)=O)C2)cc1,med_flex_carbo_sulfonyl
O=C(O)c1n[nH]cc1CN1CCC(c2nnc[nH]2)CC1,small_flex_hetero_acid
CCn1cc(-c2ccc(C(=O)NCCCc3cccc(OC)c3)cc2)cn1,med_verylex_hetero_amide
CS(=O)(=O)N1CCC(Oc2ccccc2F)CC1,small_flex_carbo_sulfonyl
Cc1cc(C[C@@H]2COC[C@@H]2NC(=O)c2cc(C)c3nc(N)sc3c2)on1,med_flex_hetero_amide
CC(C)Cc1nc(CN(C)S(=O)(=O)C2CCS(=O)(=O)C2)no1,med_flex_hetero_sulfonyl
Cc1c(C(C)NC(=O)C(C)(C)n2cccc2)cnn1C,small_flex_hetero_amide
CC1(c2ccccc2)CCCN(C(=O)CCn2ccc(=O)[nH]c2=O)C1,med_flex_hetero_amide
CN(C)S(=O)(=O)N[C@@H]1CCN(C(=O)c2coc3ccccc23)C[C@H]1O,med_flex_hetero_sulfonyl
CC(=O)c1c(C)nn(CC(=O)NCc2nc(-c3ccncc3)n[nH]2)c1C,med_flex_hetero_amide
CCC(NC(=O)c1cnc(N)s1)c1nc(C)c[nH]1,small_flex_hetero_amide
CCc1noc(CN(CC)C(=O)Nc2cccc(NS(C)(=O)=O)c2)n1,med_verylex_hetero_sulfonyl
Cc1n[nH]c(SCC(=O)NC(c2ccccc2)c2nnc(N)s2)n1,med_flex_hetero_amide
COc1ccc(NC(=O)CCCn2cncn2)cc1NC(=O)c1ccco1,med_verylex_hetero_amide
COc1cc(N2CCCC(c3nc4c(C)cccc4[nH]3)C2)nc(N)n1,med_flex_hetero_plain
O=C(Nc1ccc(Oc2nnn[nH]2)cc1)c1ccc(Cn2cccn2)o1,med_flex_hetero_amide
CS(=O)(=O)Nc1cccc(NC(=O)NCC2(O)CCCCC2)c1,med_flex_carbo_sulfonyl
CCO[C@H]1CN(C)C[C@@H]1NC(=O)c1cc(=O)cc(C)o1,small_flex_hetero_amide
COCc1noc(CCNC(=O)Nc2cccc3nsnc23)n1,med_flex_hetero_amide
COC(=O)c1cc(C#N)c(N(C)Cc2noc(C(C)C)n2)nc1C,med_flex_hetero_plain
CC(=O)NCCC1CCCCN1S(=O)(=O)Cc1ccc(Cl)cc1,med_flex_carbo_sulfonyl
Cc1cc(C(=O)N[C@@H]2CCN(Cc3nc(C(C)C)no3)C[C@H]2O)no1,med_flex_hetero_amide
CCc1nnc(CNC(=O)Nc2cccc(NS(=O)(=O)N(C)C)c2)s1,med_verylex_hetero_sulfonyl
Cc1noc(-c2ccc(S(=O)(=O)NCCCn3ccnn3)o2)c1C,med_verylex_hetero_sulfonyl
CCCSCc1nc(-c2ccc(C)nn2)no1,small_flex_hetero_plain
Cc1ccc2c(C)c(C(=O)O)oc2c1C,small_rigid_hetero_acid
CC(C)C(=O)Nc1cccc(C(=O)NCc2noc(-c3ccco3)n2)c1,med_flex_hetero_amide
Cc1nonc1CNC(=O)c1cnn2cc(CCO)cnc12,med_flex_hetero_amide
CN(C)c1nc(N)nc(CNC(=O)c2ccc(CCC(C)(C)O)cc2)n1,med_verylex_hetero_amide
c1coc(-c2noc(CNCc3cccnc3-n3cncn3)n2)c1,med_flex_hetero_plain
NS(=O)(=O)c1ccc(Cl)c(NC(=O)NC2COC3(CCCCC3)C2)c1,med_flex_carbo_sulfonyl
Cn1cc(CCCNC(=O)C2CC(=O)N(C3CC3)C2)cn1,small_flex_hetero_amide
COCCCN1CCCC(c2nccn2CC2CCC2)C1,small_verylex_hetero_plain
O=C(NCc1cc(C2CC2)on1)c1c[nH]c2ncnn2c1=O,med_flex_hetero_amide
CNC(=O)c1ccc(S(=O)(=O)N[C@H](C(=O)O)C(C)C)cc1,med_flex_carbo_sulfonyl
CN(C)CCCOc1cccc(CN2CCN(c3ccc(Cl)cn3)CC2)c1,med_verylex_hetero_plain
N#Cc1cccnc1N1CCC(NC(=O)C2CCC(=O)NC(=O)N2)CC1,med_flex_hetero_amide
COc1cccc(-c2noc(-c3ccc(-c4ccc(O)cc4)nc3)n2)c1OC,med_flex_hetero_acid
Cc1cc(=O)cc(C(=O)NCCCc2csc(N)n2)[nH]1,small_flex_hetero_amide
CC(C)c1noc(C(C)NC(=O)Cc2c[nH]c(=O)n(C)c2=O)n1,med_flex_hetero_amide
Fc1cc(-c2ccc(Cn3ccnc3)cc2)c2ncccc2c1,med_flex_hetero_plain
Cc1n[nH]nc1C(=O)N1CCC2(CC1)C(=O)N(C)C(=O)N2C,med_rigid_hetero_amide
Cc1nc(C(C)NC(=O)c2cccn2C)c(C)s1,small_flex_hetero_amide
Cc1cc(C)n(CC(=O)NCC2CCN(C(=O)c3csc(N)n3)CC2)n1,med_flex_hetero_amide
Cc1nc2ncccn2c1C(=O)N1CCC(c2nccn2CC(N)=O)CC1,med_flex_hetero_amide
COc1ccc(-c2cn(CCn3[nH]c(=O)c4ccccc4c3=O)nn2)cn1,med_flex_hetero_amide
CNC(=O)c1noc(CN2CCC3(CC2)Nc2ccccc2NC3=O)n1,med_flex_hetero_amide
CNc1nc(C)cc(-c2ccc(C(=O)NCCc3n[nH]c(=O)n3C)cc2)n1,med_flex_hetero_amide
O=C(CCc1nc2ccccc2nc1O)NCc1n[nH]c(=O)[nH]1,med_flex_hetero_amide
CCc1nc(CN(C)C(=O)NCc2nc(C(=O)NC)no2)no1,med_flex_hetero_amide
CCc1ccc(-c2cc(C(=O)NCCCc3nnn[nH]3)[nH]n2)cc1,med_verylex_hetero_amide
COc1cccc(-n2cc(CN(C)C(=O)c3c[nH]nc3-n3cnnn3)cn2)c1,med_flex_hetero_amide
CCc1nc(CC2CN(C(=O)CN3C(=O)OC(C)(C)C3=O)CCO2)no1,med_flex_hetero_amide
CCCN(CCC)C(=O)c1coc(COc2ccc3sc(C)nc3c2)n1,med_verylex_hetero_amide
Cn1c(C(=O)NCCCc2nnc(N)s2)cc(=O)n(C)c1=O,med_flex_hetero_amide
Cc1nccc(NCc2cc3n(n2)CCN(S(C)(=O)=O)C3)n1,med_flex_hetero_sulfonyl
Cc1nc(N(C)C)ncc1C(=O)NCc1noc(-c2ccco2)n1,med_flex_hetero_amide
Cc1cc(=O)[nH]c(SC(C)C(=O)N2CCN(C(=O)c3ccc[nH]3)CC2)n1,med_flex_hetero_amide
COCc1nc(NCc2ccc(S(N)(=O)=O)cc2)cc([C@H]2C[C@@H](N)C2)n1,med_verylex_hetero_sulfonyl
Cc1cc(C)n(CCNS(=O)(=O)c2cc(-c3ccno3)ccc2C)c(=O)n1,med_flex_hetero_sulfonyl
COCCc1noc(CN(C)Cc2c[nH]nc2C(=O)O)n1,small_verylex_hetero_acid
Cc1nc(CNC(=O)Nc2cccc(S(N)(=O)=O)c2)nc2c1CCCC2,med_flex_hetero_sulfonyl
CCn1cnnc1CCNC(=O)c1cnc2c(c1)nc(N)n2CC,med_flex_hetero_amide
O=C(NCc1n[nH]c(=O)[nH]1)Nc1cccc(OCC(=O)N2CCOCC2)c1,med_flex_hetero_amide
CC(Cn1cncn1)C(=O)N1CCCN(C(=O)c2c[nH]c(=O)[nH]2)CC1,med_flex_hetero_amide
CC(=O)c1cc(C(=O)N[C@@H]2CCOC[C@H]2Oc2ccc(C(=O)O)cc2)[nH]n1,med_flex_hetero_amide
