$hessian                                                                        
        0.3113336557  -0.1011499876  -0.3040425608  -0.2597433388   0.0965622372
        0.2403828381  -0.0493505495  -0.0018727966   0.0462424440   0.0026031178
        0.0050169137   0.0020792566  -0.0015633488   0.0014587941   0.0004046660
       -0.0031524016  -0.0001496359   0.0001493160  -0.0005062669  -0.0006707484
       -0.0009522301   0.0002448561   0.0000792193  -0.0000400999  -0.0006010685
        0.0001818374   0.0004573049   0.0004003731   0.0001960466  -0.0000245228
       -0.0000517091   0.0003271320   0.0001435061  -0.0001656069  -0.0002252392
       -0.0000454927   0.0000842635  -0.0001531047  -0.0001001159  -0.0004442677
       -0.0002004033   0.0000681001   0.0003339421   0.0000244537  -0.0000852039
       -0.0067808102  -0.0068796394   0.0021375216   0.0039823248   0.0101392815
        0.0140953536   0.0038694593  -0.0006873760   0.0038083888  -0.0016958378
        0.0005105927   0.0011247697   0.0003582730  -0.0001147755  -0.0001530047
       -0.0019097132   0.0022236326  -0.0000075144   0.0008843832  -0.0017286143
       -0.0012854831  -0.0012563125   0.0012121985  -0.0006615742   0.0007298884
       -0.0000848510   0.0001737908   0.0000178906  -0.0010325605  -0.0004821459
        0.0006879587   0.0022506182   0.0010378149  -0.0006265345  -0.0016713931
       -0.0004017440   0.0001714966  -0.0022123498  -0.0014303639  -0.0004357712
       -0.0004406472   0.0000610957   0.0001219098   0.0000162420  -0.0000724030
       -0.0000207933  -0.0000315469  -0.0000069576  -0.0000861035  -0.0000183529
        0.0000171891  -0.0000685470   0.0000109428   0.0000396587   0.0000111286
        0.0000041195  -0.0000003238   0.0004691146  -0.0000281224  -0.0008108697
       -0.0001290261  -0.0001554446  -0.0003283545  -0.0000953832  -0.0000960100
        0.0001938424   0.0005397187  -0.0000577021   0.0003703559   0.0001824138
        0.0000915551   0.0000873110   0.0000136133  -0.0002063007  -0.0001867916
        0.0000364744  -0.0001559287   0.0000899343  -0.0003538426  -0.0000763640
       -0.0004661543   0.0006876404  -0.0009470633   0.0014530426   0.0001696784
       -0.0002371796  -0.0002475378  -0.0001114081   0.0000780914  -0.0000793224
        0.0000048561  -0.0000933020   0.0001026764   0.0008182780   0.0001881974
       -0.0014418507   0.0003919317   0.0008053340  -0.0013675554
       -0.1011499876   0.1420974312   0.1775460755   0.0861310821  -0.1203578888
       -0.1179145922  -0.0022600962   0.0134758762   0.0029693957  -0.0022807191
       -0.0025162023   0.0002764591   0.0018059351   0.0003251895  -0.0003811597
       -0.0017065551   0.0006681014   0.0009749610   0.0007212301  -0.0007262238
       -0.0005234470  -0.0001954592   0.0002005166   0.0002001448   0.0000844884
       -0.0000786436  -0.0000787501   0.0000217842   0.0000317644  -0.0000037609
       -0.0000228104   0.0000681782   0.0000391178  -0.0000662563  -0.0000711545
       -0.0000068268   0.0001194705  -0.0000386243  -0.0000693368  -0.0002333234
        0.0000602115   0.0001147929  -0.0000860733   0.0002509924   0.0001502280
       -0.0042200060   0.0009305944   0.0014949115   0.0248619643  -0.0255300890
       -0.0530976311  -0.0043251320  -0.0038354136  -0.0033799726   0.0010310046
       -0.0009857798  -0.0019717887  -0.0003923391   0.0003523156  -0.0001032507
        0.0025971219  -0.0006843609   0.0003485225  -0.0011592274   0.0012135921
        0.0000113624  -0.0001094641  -0.0007924021  -0.0000090136  -0.0004327727
       -0.0002551535  -0.0001004086  -0.0004538561   0.0013233244   0.0000309055
        0.0016728740  -0.0013203431  -0.0001624521  -0.0003002112   0.0007161632
        0.0000047480   0.0005814507  -0.0037132879  -0.0027429470   0.0000542811
        0.0009396783   0.0003990004   0.0000409811  -0.0000092567  -0.0000140998
        0.0000167034   0.0000110785  -0.0000006432  -0.0000069709   0.0000028560
        0.0000059286  -0.0000086763   0.0000087631   0.0000038182  -0.0000051876
        0.0000286072   0.0000118398  -0.0004432317  -0.0001414503   0.0001672236
        0.0007343130  -0.0004045196  -0.0012693349  -0.0000158812   0.0000215906
       -0.0000211805  -0.0004836928   0.0000587389  -0.0006433121  -0.0001076624
        0.0000124991  -0.0002531427   0.0000711988   0.0002174801   0.0001575135
        0.0003437105   0.0002568318   0.0001353171   0.0001671321   0.0000254679
       -0.0000497116  -0.0012983250  -0.0006548077  -0.0007032453  -0.0000956061
        0.0000357988   0.0002087298  -0.0000554156   0.0000937065  -0.0000994724
        0.0000175043   0.0000511359   0.0000962115   0.0006591447   0.0006836006
       -0.0007295541   0.0001815639  -0.0020464830  -0.0010181731
       -0.3040425608   0.1775460755   0.4156146460   0.2373956312  -0.1226442865
       -0.3434882753   0.0390196996  -0.0025052551  -0.0183392623  -0.0028383951
       -0.0042084744  -0.0002532124   0.0015255841  -0.0004623632  -0.0006826007
        0.0000912318  -0.0003652315  -0.0004416852   0.0008035626   0.0001530122
       -0.0006194844  -0.0001610799   0.0000691326   0.0001783500   0.0004049633
       -0.0001463196  -0.0002020149  -0.0001490224  -0.0000843953   0.0000411961
        0.0000098094  -0.0000653809  -0.0000330084   0.0000263241   0.0000203601
        0.0000107811   0.0000840720   0.0000326459  -0.0000179136  -0.0000171991
        0.0001408552   0.0000699250  -0.0002515346   0.0002259660   0.0002312797
        0.0060320826   0.0047928710   0.0023241997   0.0245600226  -0.0420779298
       -0.0471040742   0.0002159707  -0.0091456066  -0.0008624529   0.0010521094
       -0.0000681976  -0.0002225419  -0.0000070692   0.0003983333   0.0001302084
        0.0004346235  -0.0007294399   0.0005818521  -0.0016695776   0.0005876028
        0.0004384639  -0.0009665563  -0.0001196054  -0.0012165774  -0.0001033640
       -0.0003337718  -0.0004615107  -0.0005537743   0.0010970983   0.0003292465
        0.0026010092  -0.0004087426  -0.0007147518  -0.0007853440  -0.0001550571
        0.0003364321   0.0006919823   0.0014937232  -0.0014024499  -0.0000319015
        0.0009273310  -0.0001240378  -0.0000974402   0.0000132584   0.0000163750
        0.0000295999   0.0000353096  -0.0000066657   0.0000389516   0.0000129780
       -0.0000113612   0.0000311168   0.0000051611  -0.0000184147  -0.0000098474
        0.0000352474   0.0000061195  -0.0009702516  -0.0000619567   0.0006671928
        0.0015543465  -0.0017217148  -0.0027392779  -0.0000348185  -0.0000902723
        0.0002152805  -0.0002464173  -0.0000442765  -0.0002124701  -0.0001812946
        0.0000176422  -0.0000222837   0.0001350811   0.0001429100   0.0002305081
        0.0001485179   0.0000030689  -0.0000533658  -0.0000912713  -0.0002063198
        0.0000178473  -0.0019467350   0.0002049893  -0.0013027218  -0.0001567265
        0.0001586938   0.0002406617  -0.0000451563   0.0000229728   0.0000151130
       -0.0000424755   0.0000245272  -0.0000149013   0.0001079357  -0.0005033740
       -0.0002859915  -0.0015944151  -0.0020137942  -0.0008423712
       -0.2597433388   0.0861310821   0.2373956312   0.5214900896   0.0485763841
       -0.2368910435  -0.1353282598  -0.0489229892   0.0084140622  -0.0122141467
       -0.0184581304  -0.0055791153   0.0073887938  -0.0028536756  -0.0003376861
        0.0022659611   0.0052863786   0.0035017973  -0.0005076390   0.0017443408
        0.0016070934  -0.0017914568  -0.0004922088   0.0003971057   0.0012568119
       -0.0007548147  -0.0009820813  -0.0010761622  -0.0005213142   0.0001342260
        0.0001153491  -0.0009291913  -0.0004276323   0.0004347741   0.0006947719
        0.0001547601  -0.0005656189   0.0003781980   0.0003834649   0.0015337255
        0.0005348325  -0.0003182354  -0.0002356485  -0.0006911749  -0.0002665891
       -0.0238624225  -0.0047696704   0.0071735693  -0.0733306138  -0.0544735184
       -0.0048862489   0.0007079541   0.0116023195  -0.0020163372   0.0012151401
        0.0000529900   0.0003761642  -0.0001996488  -0.0003689960   0.0001123631
       -0.0018509202  -0.0046571900   0.0005387630  -0.0003751302   0.0006539769
        0.0012159587   0.0003726639  -0.0000307006  -0.0000009728  -0.0006936275
        0.0001910362  -0.0003181579   0.0005141762   0.0001999494   0.0005031460
       -0.0024803754  -0.0017046956  -0.0010048070   0.0012224128   0.0016052706
        0.0003787750  -0.0131433749  -0.0234311270  -0.0124794153   0.0008795781
        0.0011035184  -0.0001966303   0.0003229790  -0.0001566879   0.0000858656
        0.0000040159   0.0000462708   0.0000172656   0.0001495393   0.0000252153
       -0.0000337524   0.0001069442  -0.0000391244  -0.0000644031   0.0000019315
       -0.0000938452  -0.0000395222   0.0002715201   0.0007587282   0.0014517329
       -0.0020450442   0.0036261060   0.0047699507   0.0000590105   0.0003449406
       -0.0006604753  -0.0002056701   0.0001467370   0.0003140963  -0.0000117437
       -0.0000996352   0.0001354549  -0.0001540075   0.0001429968   0.0000568938
       -0.0009789315   0.0000724641  -0.0008016092   0.0001385775   0.0003447513
       -0.0001384522  -0.0066511365   0.0024736402  -0.0031734535  -0.0000344607
        0.0001289750   0.0001479527   0.0001473307  -0.0001116928   0.0001249933
        0.0000211040   0.0000552132  -0.0001745068  -0.0015104502  -0.0001465095
        0.0013050888  -0.0016305547  -0.0032141957   0.0000949522
        0.0965622372  -0.1203578888  -0.1226442865   0.0485763841   0.4774616707
        0.2346787428  -0.0647695379  -0.0904616856   0.0089713242  -0.0241379094
       -0.0206251434   0.0008818085   0.0000949885  -0.0055810957  -0.0044537090
        0.0064982220   0.0028875143  -0.0023144093  -0.0008368095   0.0033502443
        0.0010361244  -0.0012768958  -0.0009110724  -0.0001408899   0.0009242976
       -0.0005973653  -0.0004147963  -0.0007986147  -0.0004492337   0.0001306641
        0.0001030490  -0.0008053830  -0.0004201998   0.0004060760   0.0006780677
        0.0001553781  -0.0006779644   0.0003250141   0.0003879777   0.0015741001
        0.0003608186  -0.0004295677   0.0001065656  -0.0008327777  -0.0004298340
        0.0097803990   0.0031462317   0.0021727461  -0.0692789471  -0.2149002833
       -0.1172502175   0.0100006815  -0.0095092566  -0.0051541520  -0.0014151642
        0.0020988183   0.0053678730   0.0002433752  -0.0010961439  -0.0004543816
       -0.0002534900   0.0026304977  -0.0001885866   0.0024651925  -0.0018434359
       -0.0001886158   0.0009567511   0.0012650162   0.0000452677   0.0007046065
        0.0006226028   0.0003540322   0.0011995770  -0.0026005295  -0.0001194719
       -0.0045080913   0.0018386175   0.0005947324   0.0013158019  -0.0006154114
       -0.0001373310  -0.0156841459  -0.0254539567  -0.0032632300  -0.0001018728
       -0.0011675251  -0.0002895257  -0.0008751078  -0.0001189647   0.0001623086
       -0.0000420470  -0.0000122455   0.0000146498   0.0000825494   0.0000126309
       -0.0000367345   0.0000596753  -0.0000474170  -0.0000315588  -0.0000003060
       -0.0001228256  -0.0000489760   0.0006590988   0.0013985739   0.0013315505
       -0.0000774005  -0.0001963185  -0.0009458331   0.0001630098  -0.0001812974
       -0.0000584009   0.0007296987   0.0002645719   0.0017427733   0.0005252389
       -0.0000690089   0.0005387424  -0.0002596547  -0.0002081201  -0.0004118968
       -0.0002951853  -0.0001272303   0.0001477398  -0.0003249356   0.0001296915
        0.0000497233   0.0028675174   0.0008874577   0.0015751939   0.0001364207
       -0.0001592917  -0.0003944404   0.0001264835  -0.0002167258   0.0001469748
       -0.0000037271  -0.0000869781  -0.0001933713  -0.0014633615  -0.0017903662
        0.0001589451   0.0002191710   0.0017869382  -0.0002308561
        0.2403828381  -0.1179145922  -0.3434882753  -0.2368910435   0.2346787428
        0.5349795784   0.0072843940   0.0107352194  -0.0485050847  -0.0072691236
       -0.0006192891   0.0001679811  -0.0006697558  -0.0047189574   0.0042373533
        0.0042707579  -0.0009032345   0.0016887572   0.0000473324   0.0001057768
        0.0022183673   0.0001317667  -0.0003460408  -0.0002227374  -0.0003536048
        0.0002609198  -0.0002120065   0.0000014019   0.0000370947  -0.0000786020
        0.0000329008  -0.0000824522   0.0000102736   0.0000504291   0.0000926784
        0.0000106385  -0.0001687977   0.0000020822   0.0001170900   0.0002426040
       -0.0000709886  -0.0001190044   0.0002111909  -0.0002844004  -0.0002717717
        0.0078080768   0.0030191180  -0.0101440477  -0.0142737754  -0.1201348632
       -0.1303066600  -0.0026828019  -0.0142367062  -0.0143268838   0.0000465874
       -0.0010599454  -0.0022171893   0.0002988617  -0.0007924179  -0.0002398069
       -0.0007328108   0.0027758358  -0.0004492393   0.0018376045  -0.0019255558
       -0.0010625051   0.0000670361   0.0011618316   0.0007011096   0.0008244137
        0.0003917680   0.0004316813   0.0008971924  -0.0021269792  -0.0004412461
       -0.0033478702   0.0018055391   0.0009879170   0.0008999062  -0.0007024140
       -0.0003956347  -0.0058715950   0.0016485257   0.0055416411  -0.0006128912
       -0.0014202243  -0.0003735157  -0.0004649744  -0.0002191403   0.0003975850
       -0.0000391020  -0.0000418618  -0.0000059665  -0.0000244829  -0.0000128254
        0.0000085648  -0.0000245327  -0.0000054118   0.0000007328  -0.0000015448
       -0.0000462151  -0.0000088625   0.0007523842   0.0002847948   0.0007371719
       -0.0007633695   0.0013690500  -0.0000779126  -0.0000326923   0.0003852271
       -0.0004013570  -0.0003832525   0.0004222446  -0.0002736326   0.0003103553
        0.0000363438   0.0001729445  -0.0000929988  -0.0001238500  -0.0004417659
        0.0001021919  -0.0001370167   0.0003634510  -0.0004118906   0.0003128294
       -0.0008949515   0.0019165484  -0.0000558811   0.0032055132   0.0002601257
       -0.0002427605  -0.0003756349   0.0000338028  -0.0000393832  -0.0000111652
        0.0000512063  -0.0000850572  -0.0000631046   0.0033853953   0.0049632960
       -0.0015458553   0.0029656061   0.0038595460   0.0009760673
       -0.0493505495  -0.0022600962   0.0390196996  -0.1353282598  -0.0647695379
        0.0072843940   0.5484911447   0.1333931227  -0.1229842719  -0.0743708883
       -0.0554665071  -0.0123720661  -0.0275199935  -0.0230915530   0.0016552543
       -0.0706150127  -0.0220426526   0.0211162155  -0.0036640740  -0.0083287613
       -0.0002789731   0.0031757778   0.0016987607  -0.0002550988  -0.0027526658
        0.0014867586   0.0014197295   0.0018105759   0.0008049670  -0.0003092078
       -0.0003393216   0.0015915370   0.0008569317  -0.0008509499  -0.0012754904
       -0.0003125030   0.0014670657  -0.0004133747  -0.0006834050  -0.0032354275
       -0.0013257447   0.0005940585   0.0002398730   0.0018013644   0.0007254590
       -0.1754100582   0.0432337716   0.0582876383  -0.0145443227  -0.0225764585
       -0.0061121171  -0.0007801652   0.0005402649   0.0008416722  -0.0004489696
       -0.0003723647   0.0002391006  -0.0001098704   0.0002186514  -0.0000809866
        0.0002630965  -0.0000621103  -0.0003116340  -0.0003906066   0.0001965674
       -0.0001530581  -0.0002289984  -0.0002701702  -0.0001794721   0.0000828808
       -0.0001275750   0.0000740716  -0.0002093867   0.0004063339  -0.0000815880
        0.0012026417   0.0001001739   0.0002032441  -0.0003451947  -0.0002696787
       -0.0000679773   0.0046204474  -0.0004574601   0.0005721984   0.0028816844
        0.0163348630   0.0044776477  -0.0044092316  -0.0001197090   0.0035827602
        0.0001409278   0.0000768506   0.0000013191  -0.0001045941  -0.0000268260
        0.0000670008  -0.0000335679   0.0000767671   0.0000406884   0.0000026933
        0.0002076062   0.0000958240   0.0006839455   0.0008842367   0.0014511184
        0.0002111449   0.0002263303   0.0000769556  -0.0000444331  -0.0000038667
       -0.0000929944   0.0000671179  -0.0000085066   0.0000116045  -0.0001401887
       -0.0000314965  -0.0000974165   0.0000478428   0.0000109418   0.0000860112
        0.0000490980   0.0000776336   0.0000376872   0.0000338074  -0.0000263984
        0.0000056540   0.0004514621  -0.0002130239   0.0008964787   0.0000192430
        0.0000070651   0.0000148696  -0.0000454840   0.0000272053  -0.0000495034
       -0.0000302462  -0.0000041987   0.0000993839  -0.0009004775  -0.0007916312
        0.0003393592   0.0002604679   0.0009334195   0.0002482434
       -0.0018727966   0.0134758762  -0.0025052551  -0.0489229892  -0.0904616856
        0.0107352194   0.1333931227   0.5756303293   0.1513748190  -0.0292138229
       -0.3081031640  -0.1013441989  -0.0828616774  -0.0129408982   0.0228706992
       -0.0084511128  -0.0208000485  -0.0104802600  -0.0067565357  -0.0015473909
        0.0002458419  -0.0000009590   0.0012397303   0.0004184037   0.0000878543
       -0.0002427281   0.0000511993  -0.0004113472  -0.0000465294   0.0001590631
        0.0001036710  -0.0003589639  -0.0002169092   0.0003697748   0.0003705307
        0.0000435560  -0.0006542754   0.0000655160   0.0002553138   0.0011987985
        0.0001813690  -0.0003482375  -0.0000192296  -0.0020851295  -0.0009101384
        0.0820937110  -0.1053740863  -0.0533803335  -0.0284532748  -0.0347794962
       -0.0067960686  -0.0016025348   0.0003298135   0.0018916920   0.0000081025
       -0.0002897890  -0.0003796211   0.0001124839   0.0001234101   0.0001838760
       -0.0015855482  -0.0012324324   0.0008876311   0.0001114730  -0.0000938350
       -0.0001545640  -0.0000805338  -0.0000810218   0.0000204200   0.0001937874
       -0.0000000293   0.0000538493  -0.0000687987  -0.0000233970  -0.0000612176
        0.0002470806   0.0000737417   0.0000353084  -0.0002063663  -0.0000714731
       -0.0000538517  -0.0020842012   0.0001105825  -0.0054016965  -0.0021654523
       -0.0119686922  -0.0032508519  -0.0034584832  -0.0003584725  -0.0013248182
       -0.0000081340  -0.0000184707  -0.0000092529  -0.0000255929   0.0000056094
       -0.0000064040  -0.0000336631  -0.0000003953   0.0000158978  -0.0000037052
       -0.0000303391  -0.0000144416   0.0000705337  -0.0012175916  -0.0020964402
        0.0000557412   0.0000823816   0.0000521981  -0.0000364606   0.0001057119
        0.0000368891   0.0000590250   0.0000176161  -0.0001657801   0.0000200736
        0.0000745931  -0.0000176395   0.0000414754   0.0000165657   0.0000130803
       -0.0002175847  -0.0000341557  -0.0003560736  -0.0000367865   0.0000309395
       -0.0001800722   0.0003503431  -0.0001527785   0.0004703841   0.0000181875
       -0.0000142178   0.0000022582   0.0000039211   0.0000371929  -0.0000181411
        0.0000218541   0.0000024535   0.0000090844  -0.0000472660  -0.0002576499
       -0.0000484043   0.0007181177   0.0006108983  -0.0003060124
        0.0462424440   0.0029693957  -0.0183392623   0.0084140622   0.0089713242
       -0.0485050847  -0.1229842719   0.1513748190   0.2424907828  -0.0008936998
       -0.0909054277  -0.0907169399  -0.0243921372   0.0016290181   0.0152917731
        0.0251148189  -0.0058284408  -0.0032631164  -0.0004967803   0.0009552269
        0.0039232671  -0.0011186885  -0.0002295477   0.0005456514   0.0009104264
       -0.0005103411  -0.0008968830  -0.0009369341  -0.0002887070   0.0000616826
        0.0001858590  -0.0008096707  -0.0003784939   0.0004930815   0.0006757548
        0.0001324685  -0.0008726823   0.0001840863   0.0004122117   0.0018131155
        0.0005621569  -0.0003586908  -0.0000905847  -0.0016080604  -0.0008616126
        0.0807498505  -0.0381673652  -0.0994083047  -0.0116649035  -0.0095767066
        0.0035731093  -0.0003044272  -0.0000370215   0.0005507576  -0.0000739312
        0.0001414921   0.0000335658   0.0000261466   0.0000064201   0.0000931321
       -0.0000553634   0.0002926825  -0.0005460879   0.0007033542  -0.0000131917
        0.0000656670  -0.0000706509  -0.0000859745   0.0000401853  -0.0000841395
        0.0000995983  -0.0000202834   0.0001053255  -0.0002250363   0.0000334834
       -0.0007373629  -0.0001694944   0.0000518072   0.0001609915   0.0002343236
       -0.0000044945   0.0020126090  -0.0042927254   0.0009870495  -0.0031401585
       -0.0097599624  -0.0065320182   0.0025247258  -0.0025686638   0.0037815998
       -0.0000536948  -0.0000387462   0.0000086268   0.0000396440   0.0000030882
       -0.0000087590  -0.0000041499  -0.0000274195  -0.0000201622   0.0000018084
       -0.0001006102  -0.0000411369  -0.0007753098  -0.0020221964  -0.0021079120
        0.0000013506   0.0000109101  -0.0000670940  -0.0000037805  -0.0000150130
        0.0001566380   0.0000496613  -0.0000590773   0.0000027385   0.0000806589
        0.0000251734   0.0000177678  -0.0000221224   0.0000190079  -0.0000151481
        0.0000390357   0.0000320992   0.0000173985   0.0000672846   0.0000074255
        0.0001951260  -0.0001539911   0.0001426865  -0.0005543164  -0.0000166432
       -0.0000075925  -0.0000409574   0.0000347468  -0.0000265684   0.0000394918
       -0.0000010310  -0.0000025582  -0.0000475288  -0.0010531458  -0.0007659084
        0.0005468536   0.0002295834  -0.0001946620  -0.0003185483
        0.0026031178  -0.0022807191  -0.0028383951  -0.0122141467  -0.0241379094
       -0.0072691236  -0.0743708883  -0.0292138229  -0.0008936998   0.5912669238
       -0.0410912296  -0.2025479712  -0.2813876940  -0.0742632468   0.0552671306
       -0.0429973881   0.0660981708   0.0466376098   0.0079204865   0.0015183373
       -0.0000986070  -0.0026738972  -0.0021798091   0.0000109285   0.0004927851
       -0.0002998102  -0.0003229718  -0.0000438462  -0.0000370559  -0.0000237783
       -0.0000364010   0.0000800053   0.0000430768  -0.0002781469  -0.0001892930
        0.0000204601   0.0003458948  -0.0000106867  -0.0002086960  -0.0007821269
        0.0002244332   0.0003226189  -0.0003342026   0.0019032844   0.0009519076
       -0.0178765975   0.0002924299   0.0109337597  -0.0032254006  -0.0004068300
        0.0029335978   0.0000619547   0.0000278356   0.0000225972   0.0001312269
        0.0001204957   0.0001878310   0.0000028779   0.0000336831   0.0000380674
       -0.0000612635  -0.0002587121   0.0000958354  -0.0001079857   0.0000198752
        0.0000036882   0.0000467657   0.0000642392   0.0000673772  -0.0000443408
       -0.0000196660  -0.0000315722  -0.0000897237   0.0000674239  -0.0000227485
        0.0001958820  -0.0000670209  -0.0000477249  -0.0000975013   0.0000246802
        0.0000143765  -0.0006976981  -0.0009650894  -0.0007759191  -0.1557025649
        0.1057302715   0.0945677672  -0.0097883402  -0.0008682558   0.0028114123
       -0.0000210212  -0.0000222652   0.0000047505  -0.0000286089  -0.0000172170
       -0.0000101050  -0.0000160058  -0.0000068229   0.0000198060   0.0000240392
       -0.0000477582  -0.0000285167   0.0000336716   0.0002838728   0.0003685014
       -0.0001942119  -0.0000110268   0.0001096122   0.0000211898   0.0000009100
        0.0000217307  -0.0000070603  -0.0000094938  -0.0000258699  -0.0000291328
        0.0000040230  -0.0000096691  -0.0000162871   0.0000023317   0.0000051071
       -0.0000597680  -0.0000002415  -0.0000561563   0.0000053053  -0.0000178838
       -0.0000069119  -0.0000260822  -0.0000917328  -0.0001768477  -0.0000164527
       -0.0000096333   0.0000274904  -0.0000127226   0.0000176084  -0.0000099186
        0.0000030634  -0.0000022410  -0.0000052143  -0.0000643394  -0.0000107679
        0.0000134959   0.0001466624   0.0000223298  -0.0000901197
        0.0050169137  -0.0025162023  -0.0042084744  -0.0184581304  -0.0206251434
       -0.0006192891  -0.0554665071  -0.3081031640  -0.0909054277  -0.0410912296
        0.5979879527   0.2284941453  -0.0200021836  -0.0947848207  -0.0132941613
        0.0052126365   0.0275538982   0.0080696683   0.0062855083  -0.0035066086
       -0.0063016056  -0.0026817434  -0.0018912869   0.0001828011   0.0005157424
       -0.0002749875  -0.0002810528   0.0001803760   0.0000975410  -0.0000013960
       -0.0000325839   0.0003288226   0.0001533385  -0.0003512935  -0.0003713789
       -0.0000365220   0.0008345799  -0.0000842885  -0.0002715252  -0.0009492580
       -0.0001222835   0.0003187134   0.0004415109   0.0018474938   0.0007322982
        0.0345715113  -0.0577088383  -0.0428595789  -0.0011939715   0.0030431136
        0.0024916373   0.0003259781  -0.0000123291  -0.0004237735   0.0000587816
        0.0001043027   0.0002081344  -0.0000036716  -0.0000071456   0.0000115368
        0.0000300715  -0.0000888884   0.0000897604  -0.0000798120  -0.0000257935
       -0.0000168047   0.0001232995   0.0000475266   0.0000940079  -0.0000007121
        0.0000262159   0.0000154781  -0.0000099618  -0.0000507769  -0.0000332015
       -0.0000601934  -0.0000092257  -0.0000116814   0.0000169132   0.0000247949
       -0.0000050760  -0.0007131013  -0.0005114973  -0.0003347290   0.1072676289
       -0.1386103340  -0.0886450991  -0.0199808015  -0.0024864156   0.0071827453
        0.0000305774   0.0000202691  -0.0000209945  -0.0000205034   0.0000049891
        0.0000019394   0.0000203020   0.0000228832  -0.0000108908  -0.0000173173
        0.0000534164   0.0000274049   0.0005264406   0.0002421681   0.0004400592
       -0.0001238836   0.0001136127   0.0001258036  -0.0000890153   0.0000002373
       -0.0000754450   0.0000261187   0.0000196404   0.0000446907  -0.0000031281
        0.0000023650   0.0000077034  -0.0000007918   0.0000142292  -0.0000116627
       -0.0000317147   0.0000096238  -0.0000112107  -0.0000482210   0.0000135465
       -0.0000759605  -0.0002246732   0.0000825500  -0.0001327270   0.0000299151
       -0.0000021181  -0.0000201266   0.0000027934  -0.0000000096  -0.0000006125
        0.0000174317   0.0000019891   0.0000023531   0.0000936188   0.0001800994
       -0.0000384280   0.0000057539  -0.0000497448  -0.0000467631
        0.0020792566   0.0002764591  -0.0002532124  -0.0055791153   0.0008818085
        0.0001679811  -0.0123720661  -0.1013441989  -0.0907169399  -0.2025479712
        0.2284941453   0.2873463490   0.0809590602   0.0071102151  -0.0752166098
        0.0203917806  -0.0137813295  -0.0090064691   0.0019229248  -0.0044303039
        0.0030771857  -0.0003064323  -0.0000183862   0.0000640929   0.0001131778
       -0.0000437210  -0.0001116705   0.0000054312   0.0000521053  -0.0000357304
        0.0000075073   0.0000525795   0.0000164397  -0.0000202395  -0.0000461507
       -0.0000037634   0.0001277260   0.0000732743  -0.0002020606  -0.0000650436
       -0.0000374004  -0.0001122211   0.0002395883   0.0001059667  -0.0001148980
        0.0242044438  -0.0302582742  -0.0116612230   0.0015023793   0.0012377648
        0.0012963424  -0.0000467830  -0.0001792935  -0.0002082808  -0.0000247490
        0.0000588851   0.0001060324  -0.0000001756  -0.0000459274  -0.0000021176
        0.0000944302   0.0001731328   0.0000154361   0.0000262917  -0.0000756541
        0.0000272062   0.0000966665   0.0000581626   0.0000130187   0.0000361085
        0.0000509788  -0.0000001365   0.0000499662  -0.0001243933   0.0000132192
       -0.0001732632   0.0000899847  -0.0000172664   0.0000502493  -0.0000421887
        0.0000074637  -0.0000108783  -0.0002188778   0.0003033837   0.0946861311
       -0.0881955150  -0.1052589284  -0.0056680156  -0.0000292485   0.0004080883
        0.0000314580   0.0000039881   0.0000255233   0.0000103453   0.0000113617
        0.0000041751   0.0000341320  -0.0000083750   0.0000201151  -0.0000169680
        0.0000275814   0.0000211392   0.0002540821  -0.0000710494  -0.0000320695
        0.0000378281   0.0000878089   0.0000221299  -0.0000226938   0.0000010867
       -0.0000191943   0.0000262280   0.0000127151   0.0000559475   0.0000275021
        0.0000028496   0.0000261328   0.0000025533  -0.0000040448  -0.0000157645
        0.0000191902  -0.0000014579   0.0000283785  -0.0000163036   0.0000143360
        0.0000348627  -0.0001387670   0.0001440630  -0.0001158031   0.0000159958
        0.0000054407  -0.0000308466   0.0000250648  -0.0000234659   0.0000253992
        0.0000047028  -0.0000007658  -0.0000094373   0.0000169037  -0.0000004139
        0.0000038939  -0.0000896408  -0.0000462582   0.0000147069
       -0.0015633488   0.0018059351   0.0015255841   0.0073887938   0.0000949885
       -0.0006697558  -0.0275199935  -0.0828616774  -0.0243921372  -0.2813876940
       -0.0200021836   0.0809590602   0.5560918239   0.1572245445  -0.0996479315
       -0.0881449662   0.0519466098   0.0360634932  -0.0228302168   0.0215889839
        0.0170320232   0.0057955410   0.0041728732  -0.0001052095  -0.0013893142
        0.0009617759   0.0008388095   0.0002166058   0.0000802473  -0.0000482453
       -0.0000326935  -0.0001109202  -0.0000288394   0.0003277764   0.0002502081
        0.0000017403  -0.0008862325  -0.0000312201   0.0003648467   0.0004123582
        0.0001565797  -0.0000074695  -0.0022564576  -0.0029363161   0.0000116405
       -0.0123570541   0.0014023521   0.0094101262  -0.0008701729  -0.0023248890
       -0.0011004053  -0.0001601564  -0.0001597735   0.0000451473  -0.0001392704
       -0.0001038371  -0.0001288213  -0.0000309549  -0.0000027319  -0.0000175138
       -0.0001350823  -0.0000263505   0.0000512705   0.0000940533   0.0000242877
       -0.0000251539  -0.0000153125  -0.0000105403  -0.0000411228   0.0000067736
       -0.0000167038   0.0000003324   0.0000089584   0.0000538253   0.0000274692
        0.0000013169  -0.0000404263   0.0000095122  -0.0000164995   0.0000225214
       -0.0000133853  -0.0001325275  -0.0000099064  -0.0002031092  -0.0128728457
       -0.0039470447   0.0024592021  -0.1174329886  -0.1269395574  -0.0222313213
       -0.0000596484  -0.0000142131  -0.0000038306   0.0000134494   0.0000163904
        0.0000022783  -0.0000204313  -0.0000315313  -0.0000225757  -0.0000168454
       -0.0000566749  -0.0000249424  -0.0002385377  -0.0002007353  -0.0000949914
        0.0000694381   0.0001351872  -0.0000271450   0.0000076188  -0.0000807817
        0.0000415474  -0.0000249518  -0.0000120654  -0.0000001780   0.0000108417
       -0.0000018795   0.0000056074   0.0000019542   0.0000323239   0.0000182345
       -0.0000217003   0.0000048422  -0.0000289791  -0.0000126623  -0.0000251254
       -0.0000201041   0.0000932226  -0.0000826635   0.0001040275  -0.0000004618
        0.0000016956  -0.0000000815  -0.0000117050   0.0000044570  -0.0000132670
       -0.0000010455   0.0000064349   0.0000089094  -0.0000401692  -0.0000188077
        0.0000024829   0.0000814146   0.0000614927  -0.0000868289
        0.0014587941   0.0003251895  -0.0004623632  -0.0028536756  -0.0055810957
       -0.0047189574  -0.0230915530  -0.0129408982   0.0016290181  -0.0742632468
       -0.0947848207   0.0071102151   0.1572245445   0.6860183179   0.1908044187
        0.0722710138  -0.2600584247  -0.1170660487   0.0222570425  -0.0056739715
       -0.0097806152  -0.0075702240  -0.0035866521   0.0009704811   0.0020319125
       -0.0012368866  -0.0011628757  -0.0006219085  -0.0000783641   0.0001868678
        0.0000833045  -0.0001811082  -0.0001215721  -0.0002439473  -0.0000086383
        0.0000828277   0.0004686235  -0.0000323703  -0.0002593142  -0.0002888110
        0.0008174495   0.0004056569  -0.0009110644   0.0034712835   0.0012694355
       -0.0315708524  -0.0693203031  -0.0227843611  -0.0009167771   0.0005087674
        0.0008289338   0.0000528663  -0.0001492248  -0.0002512422  -0.0001549906
       -0.0000140488   0.0001019140  -0.0000223799   0.0000009603  -0.0000245061
       -0.0000249091  -0.0000267876  -0.0000838681   0.0000505238   0.0000137562
        0.0000023681  -0.0000035319   0.0000135093   0.0000145545  -0.0000425576
       -0.0000016327  -0.0000006462  -0.0000072509   0.0000247946   0.0000040894
       -0.0000004588  -0.0000195327   0.0000176192   0.0000093169   0.0000201975
       -0.0000009087  -0.0000549987  -0.0003710489  -0.0000267515   0.0153784049
        0.0046899267  -0.0030779146  -0.1283699281  -0.2420031878  -0.0445021020
       -0.0000342999  -0.0000168710   0.0000257583  -0.0000310944  -0.0000134998
        0.0000130744  -0.0000230473   0.0000080097   0.0000266407   0.0000222772
        0.0000131176   0.0000040995   0.0000456030   0.0001170349   0.0007369955
       -0.0001209192   0.0001209211   0.0000842531  -0.0000009744  -0.0000435142
        0.0000108364  -0.0000040441  -0.0000134981   0.0000461110  -0.0000253377
       -0.0000045850   0.0000107978   0.0000012676   0.0000185785   0.0000150701
       -0.0000370365   0.0000063519  -0.0000100674   0.0000141457  -0.0000198817
        0.0000281661  -0.0000069372  -0.0000464495  -0.0000569465  -0.0000124359
       -0.0000042546   0.0000005169  -0.0000117735  -0.0000031370  -0.0000063429
       -0.0000071778   0.0000008420   0.0000053593  -0.0000474103   0.0000499230
       -0.0000092368   0.0000059130  -0.0000042435  -0.0000294386
        0.0004046660  -0.0003811597  -0.0006826007  -0.0003376861  -0.0044537090
        0.0042373533   0.0016552543   0.0228706992   0.0152917731   0.0552671306
       -0.0132941613  -0.0752166098  -0.0996479315   0.1908044187   0.2265126157
        0.0448123670  -0.1097201766  -0.1134886604   0.0174556273  -0.0095257685
       -0.0125537539  -0.0052803001  -0.0034004716   0.0010417428   0.0013036750
       -0.0007709988  -0.0010848696  -0.0003358216  -0.0000553210   0.0001188412
        0.0000655022  -0.0000211982  -0.0000099042  -0.0002373148  -0.0001148056
        0.0000078821   0.0006066885  -0.0000807122  -0.0001189561  -0.0002619823
        0.0002369065   0.0003211877   0.0009708231   0.0019933449   0.0019814108
       -0.0046188493  -0.0350631201  -0.0031441333   0.0002230847   0.0011670583
        0.0004644945   0.0000064627  -0.0000361370  -0.0000888026   0.0000218633
        0.0000166972   0.0000705517  -0.0000085317   0.0000039298  -0.0000066200
        0.0000058601  -0.0001001863   0.0000317620  -0.0001011790  -0.0000089791
        0.0000100513   0.0000164139   0.0000185840   0.0000196877  -0.0000064810
        0.0000060310  -0.0000075380  -0.0000159614  -0.0000018304  -0.0000082106
        0.0000813424   0.0000431526  -0.0000154694  -0.0000161122  -0.0000354853
        0.0000104653  -0.0004136226   0.0002522491  -0.0002811832   0.0109500935
        0.0042697692  -0.0038102289  -0.0227022884  -0.0449905557  -0.0398446227
       -0.0000082948   0.0000176910  -0.0000398920  -0.0000239162  -0.0000138788
        0.0000029291  -0.0000155173   0.0000306749  -0.0000055721   0.0000143894
        0.0000342552   0.0000008648   0.0001955575   0.0001175120   0.0003185007
       -0.0000289931   0.0000340341   0.0000474376  -0.0000133090   0.0000265413
       -0.0000273761   0.0000018695   0.0000070559  -0.0000007764  -0.0000140025
        0.0000001814  -0.0000027048   0.0000046960  -0.0000072708  -0.0000006118
       -0.0000220299  -0.0000061695  -0.0000142257   0.0000036523   0.0000081761
        0.0000102290  -0.0000465515   0.0000139803  -0.0000429824  -0.0000036475
       -0.0000018444   0.0000039763   0.0000033504  -0.0000033330   0.0000046929
       -0.0000020793  -0.0000009443   0.0000012331   0.0001088946   0.0001336756
       -0.0000324893  -0.0000168611  -0.0000184010   0.0000191113
       -0.0031524016  -0.0017065551   0.0000912318   0.0022659611   0.0064982220
        0.0042707579  -0.0706150127  -0.0084511128   0.0251148189  -0.0429973881
        0.0052126365   0.0203917806  -0.0881449662   0.0722710138   0.0448123670
        0.6164046472  -0.0237656669  -0.1918819276  -0.2092127025   0.0443069522
        0.0809250800  -0.0528507353  -0.0107376101   0.0126657771   0.0036778613
       -0.0075390067  -0.0019045898  -0.0024497867  -0.0001804357   0.0012688703
        0.0000723645  -0.0005784123  -0.0005367940  -0.0006717145   0.0001129301
        0.0002500677   0.0012113292  -0.0004944982  -0.0002957538  -0.0002591319
        0.0014338852   0.0012692687  -0.0044268513   0.0145598389   0.0082321244
       -0.1473656907  -0.0736032470   0.0031156256  -0.0005155408  -0.0014359691
       -0.0001695478  -0.0002206989   0.0003352350   0.0003538341   0.0002146083
       -0.0001266253  -0.0003462612  -0.0001010834   0.0000810938   0.0000225246
        0.0002800529  -0.0000240355   0.0004777210  -0.0008073476  -0.0001231483
       -0.0002459876   0.0001016690   0.0001873039   0.0003302096   0.0000183956
       -0.0000313299   0.0000356535  -0.0001919091   0.0001110148  -0.0001506129
        0.0010521242   0.0004160500   0.0000290950  -0.0002838857  -0.0004601587
       -0.0000383636  -0.0003561175  -0.0004603191  -0.0004261302  -0.0042381222
       -0.0031806464   0.0023080870   0.0044058480  -0.0112203995  -0.0077922749
        0.0000528469   0.0000864863   0.0000402080  -0.0001457574  -0.0000167913
        0.0000074888  -0.0000763078   0.0000374717  -0.0000046397   0.0001200556
       -0.0000790219  -0.0000570887  -0.0011739683  -0.0010455549  -0.0016395665
        0.0001455426  -0.0002637502  -0.0002066247  -0.0000719349   0.0000394773
        0.0001279737  -0.0000266489  -0.0000784047  -0.0002738344   0.0000400189
        0.0000270655  -0.0000574035   0.0000457124  -0.0000213664  -0.0000052873
        0.0000317693   0.0000066994  -0.0000655434  -0.0000589435  -0.0000160707
       -0.0000177152   0.0000703276  -0.0000407557  -0.0000620324   0.0000363095
       -0.0000083160  -0.0000239441  -0.0000268277   0.0000057674   0.0000062788
       -0.0000095473  -0.0000099892   0.0000724840  -0.0000531300  -0.0002573494
        0.0001210509   0.0002567086   0.0002274034  -0.0001384555
       -0.0001496359   0.0006681014  -0.0003652315   0.0052863786   0.0028875143
       -0.0009032345  -0.0220426526  -0.0208000485  -0.0058284408   0.0660981708
        0.0275538982  -0.0137813295   0.0519466098  -0.2600584247  -0.1097201766
       -0.0237656669   0.5219021089   0.1816409078   0.0262218073  -0.0621437204
       -0.0189737593  -0.0109773682   0.0068634470   0.0091656044  -0.0071239793
        0.0004744514  -0.0006503292  -0.0002489504   0.0008013992  -0.0000709855
       -0.0002570232  -0.0001529437   0.0003509111   0.0004805340   0.0000476565
       -0.0001579336  -0.0002774450   0.0002882119  -0.0001186918   0.0022230287
       -0.0036369455  -0.0031209444   0.0192045610  -0.0175441607  -0.0150042461
       -0.1114262130  -0.1773256420  -0.0093960375  -0.0006320267  -0.0024159386
       -0.0008692309  -0.0002440935   0.0001273322   0.0001676395  -0.0000450374
       -0.0001545512  -0.0003403305  -0.0000449826   0.0000053472   0.0000057731
       -0.0000034170   0.0000264316   0.0002073164  -0.0001049497  -0.0000560043
       -0.0000679808   0.0000393994   0.0000683628   0.0001031074   0.0000124233
        0.0000082853  -0.0000011982  -0.0000172406  -0.0000442171  -0.0000301564
        0.0001553771   0.0001873338   0.0000077730  -0.0000170444  -0.0001544163
        0.0000003447  -0.0001304480  -0.0002845768  -0.0002469861  -0.0000359709
       -0.0002350571  -0.0025738591   0.0072082468  -0.0158558422  -0.0080019115
       -0.0000604896  -0.0000494653  -0.0000064248  -0.0000922527   0.0000064684
        0.0001005222   0.0000045710   0.0000011668   0.0000599757  -0.0000515938
        0.0001221062   0.0000390991  -0.0013213411  -0.0007251777  -0.0013140429
        0.0000893526  -0.0001809241  -0.0001986931   0.0000502405   0.0000009147
        0.0001225704  -0.0000385010  -0.0000410991  -0.0001362582   0.0000403013
        0.0000155008  -0.0000089623   0.0000155648   0.0000032171  -0.0000216140
        0.0000208453   0.0000047940  -0.0000599697  -0.0000081732   0.0000026162
        0.0000130467   0.0000033797  -0.0000634678  -0.0000275459  -0.0000048112
       -0.0000076866   0.0000045964  -0.0000030841   0.0000013813   0.0000198685
       -0.0000139445  -0.0000031748   0.0000006770  -0.0000929671  -0.0001940158
        0.0000899224   0.0001305115   0.0000594528  -0.0001031512
        0.0001493160   0.0009749610  -0.0004416852   0.0035017973  -0.0023144093
        0.0016887572   0.0211162155  -0.0104802600  -0.0032631164   0.0466376098
        0.0080696683  -0.0090064691   0.0360634932  -0.1170660487  -0.1134886604
       -0.1918819276   0.1816409078   0.2714708026   0.0738414720  -0.0259419947
       -0.0779811820   0.0121534007   0.0091285629  -0.0055239900  -0.0017309411
       -0.0004811270   0.0079191135   0.0012208213  -0.0001145303   0.0007176056
       -0.0003911701   0.0004524392  -0.0003503837   0.0004066755  -0.0000222435
       -0.0001989414  -0.0001808709  -0.0000753067   0.0009366801   0.0015825953
       -0.0028223182  -0.0002686736   0.0102653893  -0.0131193965  -0.0091425028
       -0.0157131415  -0.0242591186  -0.0614291884   0.0001165124  -0.0003490251
       -0.0005203120  -0.0004427389  -0.0005015506  -0.0003464843  -0.0001436781
       -0.0001469805   0.0000020110  -0.0000217698  -0.0000175501  -0.0000430017
       -0.0001020606  -0.0000202109  -0.0000051023   0.0002532481   0.0000484772
        0.0000260577  -0.0000245982  -0.0000606339  -0.0000477434   0.0000044056
        0.0000105689  -0.0000070658   0.0000680972  -0.0000417055   0.0000294336
       -0.0003597818  -0.0001119814   0.0000046844   0.0001202868   0.0001435419
        0.0000028742  -0.0001294311   0.0001592530  -0.0000825748   0.0037884469
       -0.0014546596   0.0037900954   0.0001394555  -0.0011155594  -0.0041927088
       -0.0000368459  -0.0000690730   0.0000115510  -0.0000381452   0.0000740676
       -0.0000951208  -0.0000195742   0.0000536418  -0.0001159526  -0.0000469939
        0.0000584575   0.0001009019  -0.0001565131  -0.0004241542  -0.0000710536
        0.0000304353   0.0000899134  -0.0000119520  -0.0000308273   0.0000426715
       -0.0000297048  -0.0000076841   0.0000057304   0.0000020407  -0.0000088794
       -0.0000048931   0.0000030094   0.0000041870   0.0000295253  -0.0000120146
       -0.0000055797   0.0000031738  -0.0000189809  -0.0000044664   0.0000166677
       -0.0000463943  -0.0000298729  -0.0000281583   0.0000667339  -0.0000059549
       -0.0000036880   0.0000115275   0.0000017451   0.0000065518  -0.0000002567
        0.0000009712   0.0000031467  -0.0000207762   0.0000463312   0.0000849512
       -0.0000299796   0.0000005384  -0.0000503019   0.0000080926
       -0.0005062669   0.0007212301   0.0008035626  -0.0005076390  -0.0008368095
        0.0000473324  -0.0036640740  -0.0067565357  -0.0004967803   0.0079204865
        0.0062855083   0.0019229248  -0.0228302168   0.0222570425   0.0174556273
       -0.2092127025   0.0262218073   0.0738414720   0.7043143008   0.1406705986
       -0.1541748885  -0.2924184228  -0.1902365118   0.0028593041  -0.0983668635
       -0.0061851425   0.0338259360   0.0093158455   0.0047122421  -0.0002041978
       -0.0061148119   0.0061909568   0.0051646810  -0.0022029264  -0.0047746843
       -0.0012653446  -0.0020994895  -0.0027010174   0.0000939986  -0.0154189149
        0.0009957678   0.0071035080  -0.0336573501   0.0113419112   0.0063846830
       -0.0357288940  -0.0072853720   0.0074282829   0.0004321236   0.0001689996
       -0.0001459880   0.0002725427  -0.0000736455  -0.0001502277  -0.0001067398
        0.0000039257   0.0000415127   0.0000766164  -0.0000587863  -0.0000026401
       -0.0002100450   0.0001054186  -0.0002203629   0.0006717859   0.0000673032
        0.0000695029  -0.0000706394  -0.0001337216  -0.0001245052  -0.0000272899
        0.0000455674  -0.0000168428   0.0001718294  -0.0001751129   0.0000721145
       -0.0009124338  -0.0002239744   0.0000408667   0.0002989127   0.0003171026
        0.0000173079   0.0001265514   0.0001539279   0.0002603137  -0.0000398840
        0.0001145425   0.0002460022   0.0007025099  -0.0004581886  -0.0005461917
       -0.0001217260  -0.0000520349   0.0000381682  -0.0001223932   0.0003218826
       -0.0000038728  -0.0001159506  -0.0002551911  -0.0001802868   0.0002186778
       -0.0006274520  -0.0002879054  -0.0000173849  -0.0002201503   0.0000047127
       -0.0000274588   0.0001659678   0.0000121167  -0.0000208821   0.0000342487
       -0.0000469725   0.0000215550   0.0000215818   0.0001213947   0.0000101104
       -0.0000010798   0.0000396142  -0.0000090979   0.0000399298  -0.0000210242
       -0.0000000771   0.0000055073   0.0000118268   0.0000048230   0.0000117708
       -0.0000072938  -0.0000154668   0.0000033508   0.0000756126  -0.0000028363
       -0.0000128923  -0.0000011186   0.0000151807  -0.0000104765   0.0000085885
       -0.0000040864  -0.0000005515  -0.0000545729   0.0000269514   0.0001627989
       -0.0000753832  -0.0000478390  -0.0000615594   0.0000354322
       -0.0006707484  -0.0007262238   0.0001530122   0.0017443408   0.0033502443
        0.0001057768  -0.0083287613  -0.0015473909   0.0009552269   0.0015183373
       -0.0035066086  -0.0044303039   0.0215889839  -0.0056739715  -0.0095257685
        0.0443069522  -0.0621437204  -0.0259419947   0.1406705986   0.3627450591
        0.0637191055  -0.1879687598  -0.2185382051  -0.0079618572  -0.0342074875
        0.0047711030   0.0131442091   0.0128170629   0.0005868577  -0.0055852228
       -0.0044663273   0.0044909787   0.0033357155  -0.0008159360  -0.0039982781
       -0.0015698779   0.0002480390  -0.0020221829  -0.0015143753   0.0244115181
        0.0006510668  -0.0098421012   0.0104059982  -0.0738123767  -0.0229975017
       -0.0209622746  -0.0008940632   0.0096541406  -0.0003146300  -0.0013936532
       -0.0005429541  -0.0005478594   0.0001556135   0.0002323897   0.0000597983
        0.0000482334  -0.0001169288  -0.0000315429   0.0000402485   0.0000110302
       -0.0001111252   0.0000627512   0.0001802133  -0.0000101976  -0.0001197649
       -0.0001145850   0.0000114455   0.0000700020   0.0000691781   0.0000497639
        0.0000473411   0.0000275284  -0.0000226167  -0.0001581422  -0.0000568027
        0.0000620640   0.0002109505   0.0000205873  -0.0000929631  -0.0001489583
       -0.0000352991   0.0000467471  -0.0001073909  -0.0002278117   0.0009090492
        0.0002954395  -0.0003544646   0.0004216516  -0.0008805570  -0.0004096829
       -0.0009663625  -0.0005854948   0.0000543361   0.0001149697  -0.0001290839
        0.0000304071  -0.0001478655  -0.0001751351   0.0001084471   0.0004639481
       -0.0007437098  -0.0006045256  -0.0003482974   0.0005007190   0.0002175177
       -0.0001035718  -0.0004125912   0.0000329392   0.0000924398  -0.0000661314
        0.0001098805  -0.0000473975  -0.0000356443  -0.0002387203   0.0000045681
        0.0000181729  -0.0000246048  -0.0000036745  -0.0000566498  -0.0000074274
        0.0000137724  -0.0000249073  -0.0000302046   0.0000000395  -0.0000024229
       -0.0000085439   0.0000775908  -0.0000243402  -0.0000537659   0.0000116651
       -0.0000169424  -0.0000138184   0.0000108917   0.0000067641   0.0000060696
        0.0000128070   0.0000003895   0.0000027377  -0.0000429760  -0.0001898648
        0.0000841061   0.0001363323   0.0000824707  -0.0000454117
       -0.0009522301  -0.0005234470  -0.0006194844   0.0016070934   0.0010361244
        0.0022183673  -0.0002789731   0.0002458419   0.0039232671  -0.0000986070
       -0.0063016056   0.0030771857   0.0170320232  -0.0097806152  -0.0125537539
        0.0809250800  -0.0189737593  -0.0779811820  -0.1541748885   0.0637191055
        0.1895087011   0.0044459728  -0.0068486527  -0.0534620076   0.0211314373
        0.0030036662  -0.0031393239   0.0034815836  -0.0026916268   0.0004064929
        0.0003965489  -0.0004399414   0.0002662542   0.0004394026  -0.0001908677
       -0.0000540523   0.0014028121  -0.0005368025   0.0006187983   0.0173109596
       -0.0013950161  -0.0039820998   0.0060977419  -0.0237434160  -0.0428157732
        0.0019248842   0.0045520041  -0.0044075610  -0.0001839838  -0.0006013267
       -0.0003463701  -0.0003707777   0.0000312294   0.0001956007   0.0000551938
        0.0000042961  -0.0000634161  -0.0000452005   0.0000312118  -0.0000017362
        0.0000103160  -0.0000115729   0.0001965774  -0.0002385254  -0.0000800930
       -0.0000902926   0.0000288989   0.0000730156   0.0000907293   0.0000283954
        0.0000020464   0.0000251238  -0.0000713721  -0.0000055133  -0.0000589331
        0.0003296640   0.0001574166   0.0000017748  -0.0001367561  -0.0001645492
       -0.0000294592  -0.0001000441  -0.0000199187  -0.0002804161   0.0005333374
       -0.0000892746   0.0001048070  -0.0001758745  -0.0001123200  -0.0002827096
       -0.0003695152  -0.0002647329   0.0000666942  -0.0000594399   0.0000178985
       -0.0004110160  -0.0001281777   0.0001437505  -0.0001825438   0.0002031815
       -0.0002018241   0.0000431729  -0.0001110050   0.0003481125   0.0001767491
       -0.0000304980  -0.0002243116   0.0000098123   0.0000394467  -0.0000252407
        0.0000701286  -0.0000350128  -0.0000378540  -0.0001605602  -0.0000056743
        0.0000069297  -0.0000253135   0.0000031829  -0.0000349939   0.0000046874
        0.0000032148  -0.0000131336  -0.0000247315   0.0000001145  -0.0000004633
       -0.0000115687   0.0000426659  -0.0000098909  -0.0000482107   0.0000088082
       -0.0000039756  -0.0000101898  -0.0000015585   0.0000089496  -0.0000014852
        0.0000070563  -0.0000003460   0.0000236100  -0.0000012487  -0.0001203126
        0.0000440265   0.0000803470   0.0000657990  -0.0000283702
        0.0002448561  -0.0001954592  -0.0001610799  -0.0017914568  -0.0012768958
        0.0001317667   0.0031757778  -0.0000009590  -0.0011186885  -0.0026738972
       -0.0026817434  -0.0003064323   0.0057955410  -0.0075702240  -0.0052803001
       -0.0528507353  -0.0109773682   0.0121534007  -0.2924184228  -0.1879687598
        0.0044459728   0.5890473219   0.1312168513  -0.1255582363  -0.1752858828
        0.0802172880   0.0781114449  -0.0573365497   0.0054896245   0.0221954185
        0.0046740324  -0.0159068338  -0.0063812525   0.0018625645   0.0084797975
        0.0030081358   0.0000828154   0.0021205356   0.0025692268  -0.0056530878
        0.0455569705   0.0252646741  -0.0114393487  -0.0551414684  -0.0146831785
       -0.0057159943   0.0046372793   0.0050463177   0.0000766970   0.0009316314
        0.0005064333   0.0002266419  -0.0000625566  -0.0001591280  -0.0000050410
       -0.0000111750   0.0000675639  -0.0000028937   0.0000069688  -0.0000086842
        0.0001287573  -0.0000807746  -0.0000278538  -0.0002312258   0.0000136640
        0.0000271145   0.0000342735   0.0000324558   0.0000172200  -0.0000181676
       -0.0000221755  -0.0000070020  -0.0000779785   0.0001003894  -0.0000183350
        0.0003183979   0.0000041465  -0.0000293692  -0.0000984972  -0.0000569291
        0.0000156712  -0.0000833820  -0.0000379678   0.0000251928   0.0001271828
        0.0000159419  -0.0000314016  -0.0000137270   0.0001229002  -0.0000182009
        0.0019826345   0.0014689489  -0.0009651037  -0.0009371454   0.0004924848
        0.0007629745  -0.0000147345   0.0002222783  -0.0003088923  -0.0011529322
        0.0008689872   0.0007006256  -0.0000111030  -0.0002338593  -0.0000334750
        0.0000627670   0.0001544395  -0.0000212802  -0.0000095870   0.0000239623
       -0.0000125505   0.0000279070   0.0000061181   0.0000762268  -0.0000335993
        0.0000005897  -0.0000116219   0.0000137354   0.0000150566   0.0000055496
       -0.0000069893   0.0000006006   0.0000045526   0.0000113686  -0.0000080722
        0.0000268962  -0.0000184968  -0.0000019988  -0.0000377948  -0.0000020079
        0.0000050507   0.0000172256  -0.0000048005   0.0000050131  -0.0000028234
        0.0000000873   0.0000005296   0.0000126969   0.0000229164   0.0000396816
       -0.0000237939  -0.0000285916  -0.0000149650   0.0000141770
        0.0000792193   0.0002005166   0.0000691326  -0.0004922088  -0.0009110724
       -0.0003460408   0.0016987607   0.0012397303  -0.0002295477  -0.0021798091
       -0.0018912869  -0.0000183862   0.0041728732  -0.0035866521  -0.0034004716
       -0.0107376101   0.0068634470   0.0091285629  -0.1902365118  -0.2185382051
       -0.0068486527   0.1312168513   0.4284475408   0.1089459606   0.0719347932
       -0.1127414695  -0.0507473057  -0.0082595259   0.0086707461   0.0079054218
       -0.0041118632   0.0019407554  -0.0006378239  -0.0020516896  -0.0015754344
        0.0001409659  -0.0007704869  -0.0055805646  -0.0043965574   0.0076717476
       -0.0382428683  -0.0233877693  -0.0020836788  -0.0696034015  -0.0379913751
        0.0023172249   0.0032480924  -0.0001934517  -0.0000290504   0.0006559240
        0.0003202733   0.0001901859  -0.0001115918  -0.0000637159   0.0000375389
       -0.0000278495   0.0000278581  -0.0000096223  -0.0000027180  -0.0000001250
        0.0001874173  -0.0001108296  -0.0000216019  -0.0002989780   0.0000760520
        0.0000294525   0.0000097322  -0.0000042048   0.0000291601  -0.0000246607
       -0.0000590160  -0.0000070990  -0.0000822095   0.0002080862  -0.0000032254
        0.0003977930  -0.0000708524  -0.0000281828  -0.0000781151  -0.0000147740
        0.0000153993  -0.0000226919  -0.0000405997   0.0000528325   0.0000373042
       -0.0000109435  -0.0000454947  -0.0002574207   0.0005518844   0.0003788663
        0.0012710358   0.0008922279   0.0010797294  -0.0008357004   0.0005279344
        0.0003297236   0.0001094977   0.0000003061   0.0004851011   0.0011945447
       -0.0004126675  -0.0004796701   0.0000495357  -0.0003719188  -0.0001249397
        0.0001236383   0.0002467678  -0.0000677545  -0.0000821864   0.0000427034
       -0.0000387450   0.0000373024  -0.0000066469   0.0001074379  -0.0000171841
       -0.0000019218  -0.0000083673   0.0000250452   0.0000461712   0.0000142217
       -0.0000042696   0.0000179040   0.0000117124  -0.0000026869  -0.0000114285
        0.0000026052  -0.0000235372  -0.0000127979   0.0000063035  -0.0000073033
        0.0000126814   0.0000132117  -0.0000215060   0.0000053492  -0.0000117491
       -0.0000044208  -0.0000020967   0.0000231403   0.0000099539   0.0000520193
       -0.0000289467  -0.0000470680  -0.0000030277   0.0000099264
       -0.0000400999   0.0002001448   0.0001783500   0.0003971057  -0.0001408899
       -0.0002227374  -0.0002550988   0.0004184037   0.0005456514   0.0000109285
        0.0001828011   0.0000640929  -0.0001052095   0.0009704811   0.0010417428
        0.0126657771   0.0091656044  -0.0055239900   0.0028593041  -0.0079618572
       -0.0534620076  -0.1255582363   0.1089459606   0.1718484292   0.0746144196
       -0.0537649706  -0.1076625223   0.0159661967   0.0030004848  -0.0068510244
       -0.0011570433   0.0035887407   0.0086397870  -0.0016755113  -0.0036033893
       -0.0013169728   0.0012806601  -0.0053507074   0.0018728828   0.0084337504
       -0.0370151625  -0.0115447660   0.0091665924  -0.0187084765   0.0051460297
        0.0039030302  -0.0011357798   0.0000978891   0.0000019446   0.0000151342
        0.0000339413   0.0000446353  -0.0000086054  -0.0000156135   0.0000092911
        0.0000087764  -0.0000081475   0.0000075249  -0.0000058564   0.0000063398
        0.0000161024  -0.0000137983  -0.0000249456  -0.0000497032   0.0000071871
        0.0000352720   0.0000025589   0.0000077509  -0.0000272975   0.0000003201
       -0.0000091651  -0.0000146113  -0.0000019873   0.0000357458   0.0000221887
        0.0000719266   0.0000048147  -0.0000214128  -0.0000100358  -0.0000156013
        0.0000167356  -0.0000015349   0.0000319429   0.0000041889  -0.0000299915
       -0.0000117923  -0.0000020410  -0.0001598166   0.0002696426  -0.0000031971
       -0.0010500846   0.0010000421  -0.0016998233   0.0001619808  -0.0001907733
        0.0004387065  -0.0003609179   0.0004403545  -0.0008376294   0.0008514241
       -0.0003753151  -0.0007363437   0.0000079638  -0.0000319307  -0.0000663252
        0.0000217526   0.0000350046  -0.0000105734  -0.0000037579  -0.0000049952
       -0.0000158940   0.0000071385   0.0000106286   0.0000394670   0.0000091024
       -0.0000005541   0.0000081388   0.0000013158   0.0000037264   0.0000039743
       -0.0000030809   0.0000024538   0.0000083528  -0.0000035317  -0.0000043864
        0.0000129889  -0.0000112513  -0.0000005941   0.0000078875  -0.0000077893
        0.0000053157   0.0000050873  -0.0000013502  -0.0000053809   0.0000005492
       -0.0000042555   0.0000003430  -0.0000018141   0.0000013337   0.0000051342
       -0.0000106952  -0.0000237930   0.0000033632   0.0000017113
       -0.0006010685   0.0000844884   0.0004049633   0.0012568119   0.0009242976
       -0.0003536048  -0.0027526658   0.0000878543   0.0009104264   0.0004927851
        0.0005157424   0.0001131778  -0.0013893142   0.0020319125   0.0013036750
        0.0036778613  -0.0071239793  -0.0017309411  -0.0983668635  -0.0342074875
        0.0211314373  -0.1752858828   0.0719347932   0.0746144196   0.6695294226
        0.1018550440  -0.1460426102  -0.2395446888  -0.1260858839   0.0125796427
       -0.0587642391   0.0375588589   0.0375962712  -0.0192239673  -0.0324784417
       -0.0096167876   0.0307362377   0.0152452650  -0.0046950254  -0.0831144941
       -0.0192045826   0.0015424803  -0.0189660854  -0.0070407501   0.0046489272
        0.0001153885  -0.0008570645  -0.0001174820  -0.0001991706  -0.0003965024
       -0.0002236414  -0.0000121803   0.0000685080   0.0000519479  -0.0000351004
       -0.0000200698  -0.0000157672  -0.0000369220   0.0000174629  -0.0000149201
        0.0000481933  -0.0000309221   0.0000287395  -0.0001542962  -0.0000012345
       -0.0000271824   0.0000013742   0.0000190632   0.0000273786   0.0000008241
       -0.0000183002   0.0000066938  -0.0000508012   0.0000572691  -0.0000157143
        0.0002500872   0.0000664621   0.0000070011  -0.0000728626  -0.0000884958
       -0.0000066655   0.0001061873   0.0000186356  -0.0000210479   0.0000285406
        0.0000530850  -0.0000169819  -0.0002730363   0.0002785889   0.0002208458
       -0.0043939576  -0.0048437659  -0.0000244432  -0.0016627871   0.0012665237
        0.0042216707   0.0001764055  -0.0008089825  -0.0003095467  -0.0015546517
        0.0011430498   0.0036448607   0.0000997471   0.0000337512   0.0001448962
        0.0000019767   0.0000185437  -0.0000048956  -0.0000108395  -0.0000182514
        0.0000080689  -0.0000096301  -0.0000128128  -0.0000074912  -0.0000194380
       -0.0000083423  -0.0000076203   0.0000047630   0.0000080671   0.0000140182
       -0.0000097427   0.0000036260  -0.0000089543  -0.0000019843  -0.0000154990
        0.0000104470   0.0000343996  -0.0000219793   0.0000092562  -0.0000039513
        0.0000019954  -0.0000004704  -0.0000132739   0.0000028485  -0.0000033901
       -0.0000090173  -0.0000020435   0.0000195927  -0.0000279499  -0.0000306165
        0.0000106962  -0.0000001432   0.0000202714  -0.0000063504
        0.0001818374  -0.0000786436  -0.0001463196  -0.0007548147  -0.0005973653
        0.0002609198   0.0014867586  -0.0002427281  -0.0005103411  -0.0002998102
       -0.0002749875  -0.0000437210   0.0009617759  -0.0012368866  -0.0007709988
       -0.0075390067   0.0004744514  -0.0004811270  -0.0061851425   0.0047711030
        0.0030036662   0.0802172880  -0.1127414695  -0.0537649706   0.1018550440
        0.5051075070   0.1288605031  -0.0842093702  -0.1351589428  -0.0093645798
       -0.0078147179   0.0374781077   0.0197142057  -0.0231208125  -0.0302474746
       -0.0027196404   0.0506177373  -0.0230420260  -0.0276838622  -0.0366306715
       -0.2094444390  -0.0558379986  -0.0431824936  -0.0217489530   0.0045163499
       -0.0017036542   0.0008220405   0.0005214724   0.0000888613   0.0002974488
        0.0001389536   0.0000616010   0.0000153530  -0.0000714013  -0.0000418558
       -0.0000071967   0.0000247298   0.0000073241  -0.0000026959  -0.0000067377
       -0.0000129843  -0.0000020108  -0.0000264999   0.0000554710  -0.0000049368
        0.0000081730  -0.0000002656  -0.0000068417  -0.0000096859  -0.0000027602
        0.0000147025   0.0000005048  -0.0000000800  -0.0000494183  -0.0000050442
       -0.0000804073   0.0000000521  -0.0000014014   0.0000130362   0.0000228614
        0.0000061310  -0.0000213770   0.0000321473   0.0000209030   0.0000437739
        0.0000267930   0.0000140090   0.0001720184  -0.0000660662  -0.0000774120
       -0.0255661792  -0.0156224988   0.0014491162   0.0018565137   0.0005156070
       -0.0042923293  -0.0006546058  -0.0002192357  -0.0000076034   0.0000966951
        0.0011886415  -0.0027315291   0.0000653922  -0.0000687398  -0.0000043526
        0.0000207705   0.0000586464   0.0000019294   0.0000104166   0.0000083255
       -0.0000023732   0.0000114451   0.0000093619   0.0000388493  -0.0000185969
       -0.0000006113   0.0000009621   0.0000013335   0.0000084522  -0.0000034978
        0.0000002389  -0.0000025160  -0.0000003152   0.0000033386  -0.0000016681
        0.0000065039  -0.0000111791   0.0000008981  -0.0000217688   0.0000009287
       -0.0000049977   0.0000048645   0.0000053816   0.0000035601   0.0000034357
        0.0000045914  -0.0000007210  -0.0000090161   0.0000166044   0.0000327259
       -0.0000147280  -0.0000053922  -0.0000147156   0.0000130725
        0.0004573049  -0.0000787501  -0.0002020149  -0.0009820813  -0.0004147963
       -0.0002120065   0.0014197295   0.0000511993  -0.0008968830  -0.0003229718
       -0.0002810528  -0.0001116705   0.0008388095  -0.0011628757  -0.0010848696
       -0.0019045898  -0.0006503292   0.0079191135   0.0338259360   0.0131442091
       -0.0031393239   0.0781114449  -0.0507473057  -0.1076625223  -0.1460426102
        0.1288605031   0.2446068010   0.0313481383   0.0055889312  -0.0553755302
        0.0173654300   0.0034640230  -0.0050574699  -0.0054120307   0.0006236792
       -0.0033279526   0.0110327436  -0.0150867440  -0.0120980196  -0.0062131170
       -0.0621024655  -0.0803892651  -0.0114934583  -0.0084549781   0.0030615970
       -0.0004039002   0.0002076224   0.0014851391   0.0000635654   0.0002621537
        0.0001371358   0.0000184566  -0.0000219906  -0.0000245543  -0.0000033918
        0.0000042052   0.0000181853   0.0000126714  -0.0000073038   0.0000036199
       -0.0000095741   0.0000127652  -0.0000206453   0.0000861754   0.0000090707
        0.0000026431  -0.0000071304  -0.0000203643  -0.0000037844  -0.0000039160
        0.0000101671   0.0000028637   0.0000170998  -0.0000346705  -0.0000046979
       -0.0001367371  -0.0000415247   0.0000057912   0.0000385728   0.0000570400
       -0.0000014010  -0.0000080849  -0.0000389222   0.0000456439   0.0000077922
       -0.0000016532   0.0000046155   0.0001793684  -0.0001347037  -0.0000929242
       -0.0092953434  -0.0059435847   0.0022195725   0.0044700255  -0.0040380428
        0.0051340893  -0.0002423107   0.0000498753   0.0004244933   0.0031717507
       -0.0030876201   0.0046928784  -0.0000185301  -0.0000709772  -0.0000342861
        0.0000159849   0.0000272831   0.0000008600  -0.0000073914   0.0000194503
       -0.0000041114   0.0000061890  -0.0000013518   0.0000045948  -0.0000024531
        0.0000039667  -0.0000018136   0.0000020065   0.0000057537  -0.0000062728
        0.0000062547  -0.0000002580   0.0000012044   0.0000012840   0.0000057801
       -0.0000068427  -0.0000144107   0.0000067144  -0.0000091247   0.0000043221
       -0.0000035306   0.0000001736   0.0000046207   0.0000031347   0.0000010078
        0.0000055726   0.0000002818  -0.0000080451   0.0000092786   0.0000243339
       -0.0000017728   0.0000035049  -0.0000163473   0.0000057809
        0.0004003731   0.0000217842  -0.0001490224  -0.0010761622  -0.0007986147
        0.0000014019   0.0018105759  -0.0004113472  -0.0009369341  -0.0000438462
        0.0001803760   0.0000054312   0.0002166058  -0.0006219085  -0.0003358216
       -0.0024497867  -0.0002489504   0.0012208213   0.0093158455   0.0128170629
        0.0034815836  -0.0573365497  -0.0082595259   0.0159661967  -0.2395446888
       -0.0842093702   0.0313481383   0.5926214931   0.0501739223  -0.1492276744
       -0.2259756580   0.0521287403   0.0880466931   0.0357619018   0.0655943544
        0.0169577241  -0.0505093322  -0.0003335824   0.0170545294   0.0095891262
       -0.0574655160  -0.0289100876  -0.0017170398  -0.0056266835  -0.0004122221
       -0.0013957112   0.0006983823   0.0009110574   0.0001458627   0.0004132006
        0.0002058820   0.0001131518  -0.0000454221  -0.0000642557  -0.0000242946
        0.0000086998   0.0000136857   0.0000178829  -0.0000261674  -0.0000032813
       -0.0000309557   0.0000357511  -0.0000507825   0.0001398380   0.0000130917
        0.0000270578   0.0000030249  -0.0000165162  -0.0000238836  -0.0000138914
        0.0000096716  -0.0000093448   0.0000503108  -0.0000305594   0.0000228749
       -0.0002138338  -0.0000524697   0.0000046800   0.0000817491   0.0000727161
        0.0000093805  -0.0000482805  -0.0000194815   0.0000719908  -0.0000271246
       -0.0000049017   0.0000186400   0.0000699723  -0.0000567050  -0.0000653513
       -0.0469514706  -0.0344548816  -0.0103667863  -0.0237617515   0.0118017886
        0.0138663852   0.0013590443  -0.0015292886   0.0011565354  -0.0005338678
        0.0001830115   0.0002037081  -0.0000079118  -0.0000770008  -0.0000607136
       -0.0000008698   0.0000580611   0.0000005195  -0.0000079037   0.0000040557
       -0.0000167656   0.0000068004   0.0000063120   0.0000442027   0.0000122952
        0.0000001168   0.0000175729  -0.0000033276   0.0000109088  -0.0000063049
       -0.0000021626   0.0000058201   0.0000050078   0.0000011703   0.0000082764
        0.0000035860  -0.0000309078   0.0000159962   0.0000027198  -0.0000009381
        0.0000007706  -0.0000031775   0.0000033957  -0.0000083856   0.0000034684
       -0.0000027599   0.0000011940  -0.0000126694   0.0000136375   0.0000556991
       -0.0000174356  -0.0000230305  -0.0000224854   0.0000010400
        0.0001960466   0.0000317644  -0.0000843953  -0.0005213142  -0.0004492337
        0.0000370947   0.0008049670  -0.0000465294  -0.0002887070  -0.0000370559
        0.0000975410   0.0000521053   0.0000802473  -0.0000783641  -0.0000553210
       -0.0001804357   0.0008013992  -0.0001145303   0.0047122421   0.0005868577
       -0.0026916268   0.0054896245   0.0086707461   0.0030004848  -0.1260858839
       -0.1351589428   0.0055889312   0.0501739223   0.5953381185   0.1978226565
        0.1174431549  -0.1474317631  -0.0879445612   0.0155461001  -0.0335747929
       -0.0211045232   0.0043824841   0.0028427656   0.0007185225  -0.0244121978
       -0.0242320274  -0.0022265939  -0.0030157117  -0.0036424754  -0.0025015194
       -0.0000738298   0.0001770851   0.0001208239   0.0000679832   0.0002122047
        0.0000952080   0.0000733143  -0.0000336948  -0.0000340369  -0.0000258657
        0.0000086640  -0.0000006017   0.0000015830  -0.0000198811  -0.0000051902
       -0.0000228435   0.0000327197  -0.0000234903   0.0000762518   0.0000040355
        0.0000159580   0.0000027640  -0.0000050842  -0.0000169956  -0.0000083146
        0.0000033786  -0.0000063453   0.0000373663  -0.0000112371   0.0000178409
       -0.0001237049  -0.0000238433   0.0000051669   0.0000498897   0.0000334926
       -0.0000003341  -0.0000376518  -0.0000258871   0.0000521232  -0.0000022993
        0.0000042724  -0.0000009519   0.0000334627   0.0000427965   0.0000173854
       -0.0346747957  -0.2663512105  -0.0920004274  -0.0089051546   0.0056744425
        0.0055842097  -0.0013058793  -0.0041332881  -0.0042777996   0.0002868698
        0.0006219693   0.0002586877   0.0000235832  -0.0000510287  -0.0000306490
       -0.0000010944   0.0000469692   0.0000006838  -0.0000129740  -0.0000066888
       -0.0000105485   0.0000017665   0.0000015865   0.0000301964   0.0000147461
       -0.0000022618   0.0000150737  -0.0000024042   0.0000075620  -0.0000013111
       -0.0000027419   0.0000056725   0.0000033813  -0.0000022521   0.0000050554
       -0.0000028991  -0.0000181663   0.0000121465   0.0000109729  -0.0000022137
        0.0000022624  -0.0000056487  -0.0000010604  -0.0000074338   0.0000011651
       -0.0000051591   0.0000006513  -0.0000043979   0.0000025189   0.0000333133
       -0.0000100962  -0.0000198839  -0.0000138046  -0.0000051704
       -0.0000245228  -0.0000037609   0.0000411961   0.0001342260   0.0001306641
       -0.0000786020  -0.0003092078   0.0001590631   0.0000616826  -0.0000237783
       -0.0000013960  -0.0000357304  -0.0000482453   0.0001868678   0.0001188412
        0.0012688703  -0.0000709855   0.0007176056  -0.0002041978  -0.0055852228
        0.0004064929   0.0221954185   0.0079054218  -0.0068510244   0.0125796427
       -0.0093645798  -0.0553755302  -0.1492276744   0.1978226565   0.2537006511
        0.1172303692  -0.0646559549  -0.1149106732  -0.0053452094  -0.0389657647
       -0.0141421994   0.0191428884   0.0024379929  -0.0081424691  -0.0141892784
        0.0095607670   0.0097233986   0.0008167394  -0.0015703603   0.0033503577
        0.0003925913  -0.0002022771  -0.0001852691  -0.0000222116  -0.0000628467
       -0.0000237881  -0.0000169216   0.0000070022   0.0000094476  -0.0000015138
        0.0000034862  -0.0000046683  -0.0000041536   0.0000013480   0.0000009659
       -0.0000013514   0.0000038620   0.0000040424  -0.0000177348  -0.0000059259
        0.0000037834   0.0000015624   0.0000059654  -0.0000041080   0.0000014023
       -0.0000018677  -0.0000013877  -0.0000000696   0.0000043383   0.0000010525
        0.0000267170   0.0000135936  -0.0000040023  -0.0000098921  -0.0000162886
        0.0000000310   0.0000071347  -0.0000016913  -0.0000032398   0.0000105618
        0.0000053657  -0.0000103717  -0.0000173909   0.0000496614   0.0000027690
       -0.0104683442  -0.0920438635  -0.0703002188   0.0046142127  -0.0018173538
       -0.0021422218   0.0012516076  -0.0042003030   0.0041989645   0.0002570814
        0.0002909664  -0.0001344189   0.0000113945   0.0000063912   0.0000040639
       -0.0000000696  -0.0000060605   0.0000012736  -0.0000002285  -0.0000063738
        0.0000003248  -0.0000015751  -0.0000000752  -0.0000035278   0.0000030740
       -0.0000008368   0.0000005024  -0.0000000809  -0.0000031618   0.0000013753
       -0.0000020195  -0.0000013055   0.0000003640  -0.0000013408  -0.0000013043
        0.0000004003   0.0000023732  -0.0000003009   0.0000030591  -0.0000014559
        0.0000012423  -0.0000002511  -0.0000007217  -0.0000005267  -0.0000006533
       -0.0000024770   0.0000006361   0.0000013836  -0.0000043513  -0.0000097517
        0.0000021565  -0.0000018494   0.0000028477  -0.0000018300
       -0.0000517091  -0.0000228104   0.0000098094   0.0001153491   0.0001030490
        0.0000329008  -0.0003393216   0.0001036710   0.0001858590  -0.0000364010
       -0.0000325839   0.0000075073  -0.0000326935   0.0000833045   0.0000655022
        0.0000723645  -0.0002570232  -0.0003911701  -0.0061148119  -0.0044663273
        0.0003965489   0.0046740324  -0.0041118632  -0.0011570433  -0.0587642391
       -0.0078147179   0.0173654300  -0.2259756580   0.1174431549   0.1172303692
        0.6262638594   0.0639506949  -0.1537594666  -0.0944077422  -0.0689325401
       -0.0144177077   0.0071718239  -0.0263845366  -0.0138849542  -0.0054610890
        0.0148498683   0.0067503390   0.0001046972   0.0027600391   0.0011581331
        0.0000815655  -0.0001276608  -0.0001389996  -0.0000195002  -0.0000464130
       -0.0000229023  -0.0000095661  -0.0000019753   0.0000062590  -0.0000156360
        0.0000051287  -0.0000110132  -0.0000101142  -0.0000053852  -0.0000024280
       -0.0000140674   0.0000168823   0.0000076825  -0.0000014388  -0.0000082996
       -0.0000005112   0.0000028338   0.0000075345  -0.0000019453  -0.0000028137
       -0.0000025660  -0.0000008905   0.0000081113   0.0000037836   0.0000039557
       -0.0000003474   0.0000086322   0.0000005975  -0.0000013781  -0.0000107352
       -0.0000042964  -0.0000117334  -0.0000200230   0.0000024628  -0.0000034529
        0.0000033946  -0.0000073240  -0.0000242419  -0.0000346035  -0.0000066179
        0.0027940696  -0.0008126489  -0.0011791992  -0.2481674604  -0.1026027488
        0.0305784207   0.0017788922   0.0201958174   0.0086519001  -0.0035856217
       -0.0038353626   0.0025101169   0.0000177712   0.0000223884   0.0000157501
       -0.0000103734  -0.0000064137   0.0000041946  -0.0000002077  -0.0000136892
        0.0000037454  -0.0000055435  -0.0000018042  -0.0000022926   0.0000070822
       -0.0000018008   0.0000049856  -0.0000029490  -0.0000019885   0.0000024858
       -0.0000047431   0.0000001361  -0.0000003411  -0.0000015213  -0.0000000837
       -0.0000022088   0.0000039661   0.0000033530   0.0000037931  -0.0000011874
        0.0000012992  -0.0000038512  -0.0000022120  -0.0000027388  -0.0000011198
       -0.0000062519   0.0000010848   0.0000031623  -0.0000074555  -0.0000065049
        0.0000016551  -0.0000029364   0.0000026320  -0.0000072831
        0.0003271320   0.0000681782  -0.0000653809  -0.0009291913  -0.0008053830
       -0.0000824522   0.0015915370  -0.0003589639  -0.0008096707   0.0000800053
        0.0003288226   0.0000525795  -0.0001109202  -0.0001811082  -0.0000211982
       -0.0005784123  -0.0001529437   0.0004524392   0.0061909568   0.0044909787
       -0.0004399414  -0.0159068338   0.0019407554   0.0035887407   0.0375588589
        0.0374781077   0.0034640230   0.0521287403  -0.1474317631  -0.0646559549
        0.0639506949   0.5587927458   0.1749711060   0.0001249170  -0.2678468016
       -0.0977179729  -0.0757144650  -0.0291127703   0.0134903813   0.0243112192
       -0.0328078202  -0.0210406063  -0.0052210164  -0.0042042228   0.0000272094
       -0.0008731639   0.0005409309   0.0006754859   0.0001428393   0.0003974521
        0.0001874262   0.0001081272  -0.0000479710  -0.0000741751  -0.0000291614
       -0.0000035351   0.0000213667   0.0000169555  -0.0000243526  -0.0000010470
       -0.0000358234   0.0000268870  -0.0000572559   0.0001477783   0.0000199748
        0.0000296071  -0.0000122947  -0.0000325477  -0.0000317001  -0.0000138702
        0.0000076918  -0.0000071372   0.0000438421  -0.0000362167   0.0000212089
       -0.0002242818  -0.0000608855   0.0000028174   0.0000799146   0.0000848080
        0.0000073400  -0.0000292535  -0.0000060048   0.0000724588  -0.0000064239
        0.0000221147   0.0000173924   0.0000446754   0.0000224456   0.0000054778
        0.0191837549  -0.0151476974  -0.0138290467  -0.1024969183  -0.0921556677
        0.0106241819  -0.0004052159  -0.0148138081  -0.0068298244  -0.0034321918
        0.0009451490  -0.0020213079   0.0000229667  -0.0000764851  -0.0000513644
        0.0000013821   0.0000635996  -0.0000000339  -0.0000104392   0.0000145850
       -0.0000169548   0.0000068394   0.0000065991   0.0000465535   0.0000061983
       -0.0000023822   0.0000130880  -0.0000046749   0.0000151510  -0.0000072561
       -0.0000001495   0.0000037759   0.0000049949  -0.0000001961   0.0000050181
       -0.0000046583  -0.0000222535   0.0000101092   0.0000060327  -0.0000007405
       -0.0000015261   0.0000026319   0.0000028731  -0.0000012293   0.0000022901
       -0.0000020924  -0.0000002423  -0.0000123980   0.0000103809   0.0000544111
       -0.0000196312  -0.0000226052  -0.0000279630   0.0000101352
        0.0001435061   0.0000391178  -0.0000330084  -0.0004276323  -0.0004201998
        0.0000102736   0.0008569317  -0.0002169092  -0.0003784939   0.0000430768
        0.0001533385   0.0000164397  -0.0000288394  -0.0001215721  -0.0000099042
       -0.0005367940   0.0003509111  -0.0003503837   0.0051646810   0.0033357155
        0.0002662542  -0.0063812525  -0.0006378239   0.0086397870   0.0375962712
        0.0197142057  -0.0050574699   0.0880466931  -0.0879445612  -0.1149106732
       -0.1537594666   0.1749711060   0.2481133617   0.0163591278  -0.0731338092
       -0.0870501367  -0.0358325009  -0.0041354239   0.0122485590   0.0109551256
       -0.0176661737  -0.0168702244  -0.0024159282  -0.0027894545  -0.0005774206
       -0.0004723860   0.0003324920   0.0002083477   0.0000772939   0.0001962528
        0.0000946185   0.0000532502  -0.0000202511  -0.0000397479  -0.0000081099
       -0.0000036026   0.0000125100   0.0000120144  -0.0000083999   0.0000003255
       -0.0000138789   0.0000067914  -0.0000300172   0.0000647838   0.0000102460
        0.0000177478  -0.0000058839  -0.0000168016  -0.0000158505  -0.0000053799
        0.0000038837  -0.0000025290   0.0000175175  -0.0000185462   0.0000089639
       -0.0000963469  -0.0000275041  -0.0000021309   0.0000349815   0.0000391371
        0.0000071775  -0.0000148064   0.0000107543   0.0000275190  -0.0000020089
        0.0000090109   0.0000098157   0.0000283140   0.0000233277   0.0000011983
        0.0077656309  -0.0067145745  -0.0052175681   0.0306218260   0.0106682212
       -0.0402238836  -0.0005258931  -0.0141524861  -0.0053218553   0.0026839887
       -0.0018680072   0.0064279791   0.0000040187  -0.0000397629  -0.0000302944
        0.0000041780   0.0000297380  -0.0000011570  -0.0000027839   0.0000103662
       -0.0000091440   0.0000046485   0.0000051719   0.0000236943   0.0000006642
       -0.0000003815   0.0000044982  -0.0000013755   0.0000064963  -0.0000045656
        0.0000008504   0.0000010672   0.0000025157   0.0000008408   0.0000019679
        0.0000000507  -0.0000121197   0.0000034850   0.0000013500  -0.0000003160
       -0.0000007930   0.0000031794   0.0000027391   0.0000003516   0.0000014964
        0.0000012159   0.0000003248  -0.0000077930   0.0000089552   0.0000265843
       -0.0000108127  -0.0000094220  -0.0000130266   0.0000074014
       -0.0001656069  -0.0000662563   0.0000263241   0.0004347741   0.0004060760
        0.0000504291  -0.0008509499   0.0003697748   0.0004930815  -0.0002781469
       -0.0003512935  -0.0000202395   0.0003277764  -0.0002439473  -0.0002373148
       -0.0006717145   0.0004805340   0.0004066755  -0.0022029264  -0.0008159360
        0.0004394026   0.0018625645  -0.0020516896  -0.0016755113  -0.0192239673
       -0.0231208125  -0.0054120307   0.0357619018   0.0155461001  -0.0053452094
       -0.0944077422   0.0001249170   0.0163591278   0.6179201001   0.0579021645
       -0.1537145299  -0.2783600228  -0.1421252539   0.0203717301  -0.0662860611
        0.0272709726   0.0364060540   0.0056164280   0.0053000588   0.0020419435
        0.0006757260  -0.0001249320  -0.0003213356  -0.0000591146  -0.0001892013
       -0.0000871304  -0.0000642858   0.0000258097   0.0000292719   0.0000077452
       -0.0000101134  -0.0000086064  -0.0000085400   0.0000106538  -0.0000002482
        0.0000124975  -0.0000061915   0.0000286818  -0.0000592883  -0.0000131267
       -0.0000162967   0.0000010441   0.0000090485   0.0000183237   0.0000042714
       -0.0000011319   0.0000068074  -0.0000222480  -0.0000052168  -0.0000124987
        0.0000835288   0.0000425622   0.0000002999  -0.0000293035  -0.0000412323
       -0.0000031146   0.0000062205  -0.0000048524  -0.0000404333   0.0000066969
        0.0000023648  -0.0000113594  -0.0000225550  -0.0000542773  -0.0000025088
       -0.0018861192   0.0017419951   0.0044517397  -0.0061621011  -0.0250862338
       -0.0087719156  -0.1872312765   0.0894678572   0.0946042948  -0.0047231371
       -0.0043816417  -0.0000630142  -0.0000038382   0.0000659469   0.0000328677
       -0.0000041154  -0.0000388252  -0.0000015195   0.0000069767   0.0000032403
        0.0000121913  -0.0000079703  -0.0000047972  -0.0000282034  -0.0000072969
       -0.0000000022  -0.0000085056   0.0000003250  -0.0000043749  -0.0000003628
       -0.0000003434  -0.0000030845  -0.0000072300  -0.0000027129  -0.0000033114
       -0.0000002333   0.0000104963  -0.0000057709  -0.0000081496   0.0000004445
       -0.0000026699   0.0000031109  -0.0000024846   0.0000050455   0.0000016145
       -0.0000025113  -0.0000015465   0.0000064354  -0.0000084771  -0.0000264806
        0.0000091614   0.0000153395   0.0000090814  -0.0000020669
       -0.0002252392  -0.0000711545   0.0000203601   0.0006947719   0.0006780677
        0.0000926784  -0.0012754904   0.0003705307   0.0006757548  -0.0001892930
       -0.0003713789  -0.0000461507   0.0002502081  -0.0000086383  -0.0001148056
        0.0001129301   0.0000476565  -0.0000222435  -0.0047746843  -0.0039982781
       -0.0001908677   0.0084797975  -0.0015754344  -0.0036033893  -0.0324784417
       -0.0302474746   0.0006236792   0.0655943544  -0.0335747929  -0.0389657647
       -0.0689325401  -0.2678468016  -0.0731338092   0.0579021645   0.5583934240
        0.1771223701  -0.0730094483  -0.1400897962  -0.0167441100  -0.0230817774
        0.0414688306   0.0259514836   0.0086678464   0.0048464996  -0.0029645861
        0.0006162586  -0.0004570110  -0.0004743131  -0.0000942852  -0.0003283390
       -0.0001560540  -0.0001008366   0.0000449833   0.0000672766   0.0000297658
       -0.0000009393  -0.0000154408  -0.0000082921   0.0000201462   0.0000014828
        0.0000215794  -0.0000194773   0.0000468026  -0.0000920893  -0.0000168557
       -0.0000257572   0.0000073502   0.0000204797   0.0000281377   0.0000122197
        0.0000004403   0.0000071925  -0.0000333245   0.0000041909  -0.0000192317
        0.0001376126   0.0000554212   0.0000009479  -0.0000515188  -0.0000576670
       -0.0000037636   0.0000263202   0.0000102519  -0.0000653440   0.0000204316
       -0.0000170465  -0.0000153781  -0.0000510430  -0.0000311398   0.0000004949
        0.0013540436   0.0007653613  -0.0039170902  -0.0044613383  -0.0142900849
       -0.0050743551   0.0893636151  -0.0986926053  -0.0608662054  -0.0244259827
       -0.0149897223   0.0017783321  -0.0000422239   0.0000807299   0.0000368102
       -0.0000014501  -0.0000666127  -0.0000052437   0.0000094305  -0.0000026028
        0.0000172357  -0.0000051084  -0.0000070803  -0.0000455482  -0.0000101533
        0.0000033785  -0.0000123839   0.0000045068  -0.0000090136   0.0000006553
        0.0000041099  -0.0000036997  -0.0000071418  -0.0000011637  -0.0000033326
        0.0000042602   0.0000148063  -0.0000101886  -0.0000099198   0.0000013426
       -0.0000022955   0.0000021216  -0.0000019592   0.0000037799   0.0000020368
        0.0000042886  -0.0000023420   0.0000073278  -0.0000064330  -0.0000423460
        0.0000162620   0.0000243620   0.0000199792  -0.0000048053
       -0.0000454927  -0.0000068268   0.0000107811   0.0001547601   0.0001553781
        0.0000106385  -0.0003125030   0.0000435560   0.0001324685   0.0000204601
       -0.0000365220  -0.0000037634   0.0000017403   0.0000828277   0.0000078821
        0.0002500677  -0.0001579336  -0.0001989414  -0.0012653446  -0.0015698779
       -0.0000540523   0.0030081358   0.0001409659  -0.0013169728  -0.0096167876
       -0.0027196404  -0.0033279526   0.0169577241  -0.0211045232  -0.0141421994
       -0.0144177077  -0.0977179729  -0.0870501367  -0.1537145299   0.1771223701
        0.2481215478   0.0510873211   0.0078524461  -0.0586228454   0.0139667450
        0.0079787397   0.0002329379   0.0035301342  -0.0017955451   0.0026069412
        0.0001095559  -0.0001445273  -0.0001018412  -0.0000194769  -0.0000776555
       -0.0000348061  -0.0000212952   0.0000105906   0.0000158769   0.0000105122
        0.0000023813  -0.0000061145  -0.0000004455   0.0000055246   0.0000020726
        0.0000045616  -0.0000058153   0.0000086345  -0.0000204829  -0.0000025736
       -0.0000028620   0.0000027437   0.0000053033   0.0000057819   0.0000033656
        0.0000005232   0.0000021918  -0.0000063304   0.0000027999  -0.0000027450
        0.0000321505   0.0000092275  -0.0000025817  -0.0000121401  -0.0000113158
        0.0000009952   0.0000078549   0.0000056501  -0.0000127296   0.0000054722
       -0.0000105654   0.0000007861  -0.0000167125   0.0000072003   0.0000016426
        0.0042886659  -0.0040516677   0.0051031556   0.0004370512   0.0022874370
        0.0015016655   0.0945771251  -0.0609208803  -0.0942672947  -0.0089848985
       -0.0053665872   0.0013870748  -0.0000212598   0.0000110267   0.0000051308
        0.0000010407  -0.0000155331  -0.0000014092   0.0000024171  -0.0000019481
        0.0000029435   0.0000003305   0.0000000835  -0.0000089416  -0.0000011751
        0.0000019192  -0.0000027108   0.0000018242  -0.0000028580  -0.0000003547
        0.0000014298  -0.0000003981  -0.0000003757   0.0000012128  -0.0000003224
        0.0000021176   0.0000019079  -0.0000022064  -0.0000018049   0.0000001317
        0.0000002635  -0.0000002054   0.0000006830  -0.0000002396  -0.0000001989
        0.0000030896   0.0000004638  -0.0000006995   0.0000005990  -0.0000089529
        0.0000029473   0.0000057688   0.0000062102  -0.0000016743
        0.0000842635   0.0001194705   0.0000840720  -0.0005656189  -0.0006779644
       -0.0001687977   0.0014670657  -0.0006542754  -0.0008726823   0.0003458948
        0.0008345799   0.0001277260  -0.0008862325   0.0004686235   0.0006066885
        0.0012113292  -0.0002774450  -0.0001808709  -0.0020994895   0.0002480390
        0.0014028121   0.0000828154  -0.0007704869   0.0012806601   0.0307362377
        0.0506177373   0.0110327436  -0.0505093322   0.0043824841   0.0191428884
        0.0071718239  -0.0757144650  -0.0358325009  -0.2783600228  -0.0730094483
        0.0510873211   0.5878666203   0.0740483427  -0.1377635787  -0.1896470524
        0.0666671493   0.0822821285  -0.0363955591  -0.0001248214   0.0124797662
       -0.0004855519   0.0005181174   0.0003856904   0.0000414765   0.0003318935
        0.0001436088   0.0001625019   0.0000039497  -0.0000831671  -0.0000563150
       -0.0000134954   0.0000373538   0.0000027697  -0.0000030124  -0.0000131929
        0.0000121684  -0.0000188684  -0.0000556968   0.0000192950   0.0000191167
        0.0000225928  -0.0000004852  -0.0000115294  -0.0000193867  -0.0000098666
       -0.0000015123  -0.0000059478  -0.0000066434   0.0000110457   0.0000052061
       -0.0000101239  -0.0000258070  -0.0000026151   0.0000033341   0.0000216075
        0.0000089629   0.0000336706   0.0000475293   0.0000686197  -0.0000496573
        0.0000421590   0.0000383659   0.0000064555   0.0000768550   0.0000330060
       -0.0005554745   0.0000407033   0.0001571601   0.0012513387  -0.0016599545
        0.0010957008  -0.0236924370  -0.0093969945   0.0044194432  -0.0472646864
       -0.0361763437  -0.0110148107   0.0001282748  -0.0001307313  -0.0000022256
        0.0000198150   0.0001192884  -0.0000009160  -0.0000063022   0.0000035571
       -0.0000199987   0.0000166131   0.0000129608   0.0000750127  -0.0000205787
       -0.0000075508   0.0000055034   0.0000016826   0.0000167566   0.0000045463
       -0.0000082866   0.0000031356   0.0000040149   0.0000058090  -0.0000055827
        0.0000126791  -0.0000069549  -0.0000025461   0.0000009580  -0.0000043964
        0.0000008686   0.0000036041  -0.0000017688  -0.0000007081  -0.0000015230
       -0.0000029876  -0.0000007246  -0.0000052799   0.0000067694   0.0000485613
       -0.0000212993  -0.0000322011  -0.0000202643   0.0000156544
       -0.0001531047  -0.0000386243   0.0000326459   0.0003781980   0.0003250141
        0.0000020822  -0.0004133747   0.0000655160   0.0001840863  -0.0000106867
       -0.0000842885   0.0000732743  -0.0000312201  -0.0000323703  -0.0000807122
       -0.0004944982   0.0002882119  -0.0000753067  -0.0027010174  -0.0020221829
       -0.0005368025   0.0021205356  -0.0055805646  -0.0053507074   0.0152452650
       -0.0230420260  -0.0150867440  -0.0003335824   0.0028427656   0.0024379929
       -0.0263845366  -0.0291127703  -0.0041354239  -0.1421252539  -0.1400897962
        0.0078524461   0.0740483427   0.5960025103   0.1900778240   0.1115177986
       -0.1452276732  -0.0854880871  -0.0041864830   0.0074268300   0.0052352519
        0.0003153239   0.0000960792  -0.0000483352  -0.0000897399  -0.0001527364
       -0.0000821003  -0.0000271211   0.0000416281   0.0000318331   0.0000035874
        0.0000102466   0.0000034460  -0.0000183438   0.0000168407  -0.0000030483
        0.0000247191  -0.0000171619   0.0000308994  -0.0001031147  -0.0000126634
       -0.0000169928   0.0000082954   0.0000261238   0.0000139557   0.0000088334
       -0.0000043926   0.0000020892  -0.0000255002   0.0000323641  -0.0000119760
        0.0001575621   0.0000429928  -0.0000010458  -0.0000610084  -0.0000596126
       -0.0000091345   0.0000246267   0.0000083977  -0.0000287142  -0.0000109028
       -0.0000061861   0.0000093533  -0.0000383326   0.0000265586   0.0000155033
        0.0001091792   0.0005889213   0.0003143211  -0.0017890932  -0.0040135387
       -0.0040045151   0.0112545658   0.0055157087  -0.0017353085  -0.0362705771
       -0.2637900276  -0.0896658124   0.0000241998  -0.0000051362   0.0000409926
        0.0000047113  -0.0000120653   0.0000108188   0.0000044125  -0.0000193743
        0.0000033405   0.0000003008   0.0000012592  -0.0000227889  -0.0000061665
        0.0000003669  -0.0000067492   0.0000027853  -0.0000115623   0.0000098479
       -0.0000026358  -0.0000025851   0.0000017928   0.0000024306  -0.0000036548
        0.0000025111   0.0000148441  -0.0000047411  -0.0000036962   0.0000014219
        0.0000026733  -0.0000051142  -0.0000014716  -0.0000015154  -0.0000031201
        0.0000025345   0.0000005147   0.0000095119  -0.0000016765  -0.0000287632
        0.0000123118   0.0000049683   0.0000144898  -0.0000058966
       -0.0001001159  -0.0000693368  -0.0000179136   0.0003834649   0.0003879777
        0.0001170900  -0.0006834050   0.0002553138   0.0004122117  -0.0002086960
       -0.0002715252  -0.0002020606   0.0003648467  -0.0002593142  -0.0001189561
       -0.0002957538  -0.0001186918   0.0009366801   0.0000939986  -0.0015143753
        0.0006187983   0.0025692268  -0.0043965574   0.0018728828  -0.0046950254
       -0.0276838622  -0.0120980196   0.0170545294   0.0007185225  -0.0081424691
       -0.0138849542   0.0134903813   0.0122485590   0.0203717301  -0.0167441100
       -0.0586228454  -0.1377635787   0.1900778240   0.2434693608   0.1021239327
       -0.0694240072  -0.1101398876   0.0108304783   0.0037467367  -0.0031235841
        0.0002043785  -0.0001247706  -0.0002671728  -0.0000472886  -0.0001929796
       -0.0000731869  -0.0000627221   0.0000230871   0.0000271294   0.0000228234
        0.0000060542  -0.0000173941  -0.0000070554   0.0000113415   0.0000045496
       -0.0000006841  -0.0000018191   0.0000277961  -0.0000543363  -0.0000147150
       -0.0000083837   0.0000055170   0.0000174987   0.0000106075   0.0000074355
       -0.0000027828   0.0000030260  -0.0000066426   0.0000080693  -0.0000028413
        0.0000785146   0.0000321273  -0.0000053918  -0.0000302757  -0.0000383468
       -0.0000025813  -0.0000119412  -0.0000010506  -0.0000393587   0.0000087322
       -0.0000100558  -0.0000284567  -0.0000234131  -0.0000138592  -0.0000150803
        0.0001749308   0.0003387958  -0.0001143586   0.0010592768  -0.0040747032
        0.0042655085   0.0135896902   0.0056171027  -0.0019407333  -0.0110599323
       -0.0897260282  -0.0690193990  -0.0000331092   0.0000481499   0.0000027926
       -0.0000089132  -0.0000506318   0.0000020276   0.0000103580  -0.0000151588
        0.0000096327  -0.0000028083   0.0000013908  -0.0000265598   0.0000062585
        0.0000017757  -0.0000023393  -0.0000006376  -0.0000128199   0.0000015284
        0.0000007001  -0.0000023582   0.0000011942  -0.0000000119  -0.0000008609
       -0.0000014618   0.0000070371  -0.0000010620  -0.0000032233   0.0000007751
        0.0000015844  -0.0000026430   0.0000010412  -0.0000012047  -0.0000010141
        0.0000020640   0.0000012854   0.0000037750  -0.0000031815  -0.0000319461
        0.0000106401   0.0000127418   0.0000139142  -0.0000084743
       -0.0004442677  -0.0002333234  -0.0000171991   0.0015337255   0.0015741001
        0.0002426040  -0.0032354275   0.0011987985   0.0018131155  -0.0007821269
       -0.0009492580  -0.0000650436   0.0004123582  -0.0002888110  -0.0002619823
       -0.0002591319   0.0022230287   0.0015825953  -0.0154189149   0.0244115181
        0.0173109596  -0.0056530878   0.0076717476   0.0084337504  -0.0831144941
       -0.0366306715  -0.0062131170   0.0095891262  -0.0244121978  -0.0141892784
       -0.0054610890   0.0243112192   0.0109551256  -0.0662860611  -0.0230817774
        0.0139667450  -0.1896470524   0.1115177986   0.1021239327   0.4995849910
       -0.0433887478  -0.1625958974  -0.1388915694  -0.0357296254   0.0244732892
        0.0022794590  -0.0014647635  -0.0015873633  -0.0001686577  -0.0007609563
       -0.0003336057  -0.0002143006   0.0000922613   0.0001717180   0.0000353756
        0.0000175021  -0.0000782257  -0.0000340265   0.0000132491  -0.0000105743
       -0.0000162271   0.0000234646   0.0001165747  -0.0001105510  -0.0000598908
       -0.0000649285   0.0000232392   0.0000405905   0.0000552025   0.0000197018
        0.0000054269   0.0000083999  -0.0000193645  -0.0000230623  -0.0000251315
        0.0001469030   0.0001268105   0.0000118716  -0.0000489126  -0.0001147167
       -0.0000175192   0.0000135328  -0.0000412780  -0.0001283374   0.0000224681
       -0.0000485124  -0.0000501455  -0.0001101684  -0.0001790302  -0.0000444504
       -0.0030583093  -0.0030714098   0.0021931111   0.0006085466   0.0007027010
        0.0001440981  -0.0035303171  -0.0032329353   0.0026654568   0.0023803724
       -0.0001442773  -0.0006313205  -0.0000851998   0.0002505107   0.0001397844
       -0.0000598906  -0.0001666246   0.0000068525   0.0000163971  -0.0000459209
        0.0000460609  -0.0000449833  -0.0000317650  -0.0001134652   0.0000127045
       -0.0000000992  -0.0000022767  -0.0000060150  -0.0000204150   0.0000025289
        0.0000015237  -0.0000008168  -0.0000192747  -0.0000105055  -0.0000002546
       -0.0000036893   0.0000217411  -0.0000054317  -0.0000175470   0.0000022934
       -0.0000012465  -0.0000144400  -0.0000036048  -0.0000027165   0.0000030131
       -0.0000022765  -0.0000005659   0.0000083610  -0.0000335306  -0.0000896150
        0.0000455682   0.0000456041   0.0000399890  -0.0000359063
       -0.0002004033   0.0000602115   0.0001408552   0.0005348325   0.0003608186
       -0.0000709886  -0.0013257447   0.0001813690   0.0005621569   0.0002244332
       -0.0001222835  -0.0000374004   0.0001565797   0.0008174495   0.0002369065
        0.0014338852  -0.0036369455  -0.0028223182   0.0009957678   0.0006510668
       -0.0013950161   0.0455569705  -0.0382428683  -0.0370151625  -0.0192045826
       -0.2094444390  -0.0621024655  -0.0574655160  -0.0242320274   0.0095607670
        0.0148498683  -0.0328078202  -0.0176661737   0.0272709726   0.0414688306
        0.0079787397   0.0666671493  -0.1452276732  -0.0694240072  -0.0433887478
        0.4816316703   0.1861303606  -0.0508921690  -0.0551262429   0.0055283150
       -0.0000254241  -0.0010454537  -0.0004728283  -0.0000526144  -0.0002030138
       -0.0001056117  -0.0000052597   0.0000266185   0.0000275484  -0.0000021025
       -0.0000046665  -0.0000117672  -0.0000118643   0.0000074079  -0.0000070053
        0.0000106055  -0.0000190974   0.0000158861  -0.0000341552   0.0000005040
       -0.0000084556  -0.0000061175  -0.0000054001   0.0000085052   0.0000032717
       -0.0000037185   0.0000028830  -0.0000156589   0.0000053326  -0.0000064100
        0.0000535284   0.0000158387  -0.0000032066  -0.0000185948  -0.0000162450
       -0.0000003212   0.0000455269   0.0000218356  -0.0000146877   0.0001242761
        0.0000140966  -0.0000283651  -0.0000557960   0.0001797815   0.0000982917
       -0.0027203871   0.0004972533  -0.0018767314   0.0004998585  -0.0002704395
       -0.0003493883  -0.0036475621   0.0007477276  -0.0019181234   0.0206229819
       -0.0162634019  -0.0149790700   0.0000307544  -0.0000200069   0.0000369053
        0.0000065207   0.0000237504  -0.0000109579  -0.0000107382  -0.0000016622
        0.0000023325  -0.0000022077  -0.0000037183  -0.0000025108  -0.0000107160
       -0.0000026137  -0.0000026200   0.0000038616   0.0000093558   0.0000004335
        0.0000039204   0.0000021529  -0.0000055042  -0.0000009096  -0.0000037850
       -0.0000032135   0.0000106845  -0.0000123411   0.0000003224  -0.0000018357
       -0.0000018329   0.0000037597  -0.0000028885   0.0000044272   0.0000009455
        0.0000002739  -0.0000011364   0.0000016388  -0.0000071355  -0.0000123453
        0.0000019487   0.0000026076   0.0000036791   0.0000008087
        0.0000681001   0.0001147929   0.0000699250  -0.0003182354  -0.0004295677
       -0.0001190044   0.0005940585  -0.0003482375  -0.0003586908   0.0003226189
        0.0003187134  -0.0001122211  -0.0000074695   0.0004056569   0.0003211877
        0.0012692687  -0.0031209444  -0.0002686736   0.0071035080  -0.0098421012
       -0.0039820998   0.0252646741  -0.0233877693  -0.0115447660   0.0015424803
       -0.0558379986  -0.0803892651  -0.0289100876  -0.0022265939   0.0097233986
        0.0067503390  -0.0210406063  -0.0168702244   0.0364060540   0.0259514836
        0.0002329379   0.0822821285  -0.0854880871  -0.1101398876  -0.1625958974
        0.1861303606   0.2402688511   0.0173519911   0.0001203006  -0.0329539386
       -0.0008510102   0.0000826125   0.0003068050   0.0000350966   0.0001957529
        0.0000777028   0.0000911078  -0.0000133431  -0.0000584237  -0.0000133727
       -0.0000085508   0.0000254567   0.0000099496   0.0000046540  -0.0000033613
        0.0000119844  -0.0000187669  -0.0000376902   0.0000216238   0.0000242459
        0.0000149828  -0.0000106942  -0.0000185229  -0.0000136793  -0.0000044526
       -0.0000044684  -0.0000000559  -0.0000016754   0.0000144266   0.0000028883
       -0.0000241321  -0.0000425198  -0.0000028211   0.0000085836   0.0000346843
        0.0000047939   0.0000167447   0.0000295277   0.0000410296   0.0000372406
        0.0000392353  -0.0000267202   0.0000151979   0.0001454151   0.0000618926
        0.0023494126  -0.0017661275   0.0052856978   0.0000391315  -0.0004155480
       -0.0001058306   0.0024768619  -0.0020609293   0.0061681536   0.0086140420
       -0.0075482024  -0.0056236241   0.0000438045  -0.0001028459  -0.0000272070
        0.0000275224   0.0000699460  -0.0000065842  -0.0000150283   0.0000161980
       -0.0000139981   0.0000135973   0.0000051676   0.0000404557  -0.0000131369
       -0.0000023305  -0.0000014495   0.0000040707   0.0000098629   0.0000009118
        0.0000015672   0.0000007993   0.0000053737   0.0000022583  -0.0000024729
       -0.0000017370  -0.0000033549  -0.0000036952   0.0000074170  -0.0000015241
        0.0000003312   0.0000061146  -0.0000008886   0.0000038385  -0.0000024612
        0.0000010359  -0.0000000156  -0.0000024876   0.0000102007   0.0000261484
       -0.0000136244  -0.0000152953  -0.0000139089   0.0000145504
        0.0003339421  -0.0000860733  -0.0002515346  -0.0002356485   0.0001065656
        0.0002111909   0.0002398730  -0.0000192296  -0.0000905847  -0.0003342026
        0.0004415109   0.0002395883  -0.0022564576  -0.0009110644   0.0009708231
       -0.0044268513   0.0192045610   0.0102653893  -0.0336573501   0.0104059982
        0.0060977419  -0.0114393487  -0.0020836788   0.0091665924  -0.0189660854
       -0.0431824936  -0.0114934583  -0.0017170398  -0.0030157117   0.0008167394
        0.0001046972  -0.0052210164  -0.0024159282   0.0056164280   0.0086678464
        0.0035301342  -0.0363955591  -0.0041864830   0.0108304783  -0.1388915694
       -0.0508921690   0.0173519911   0.2420174087   0.0708082010  -0.0441213803
        0.0007642048   0.0010636277   0.0002949082   0.0001409052  -0.0001001233
       -0.0000193822  -0.0002201021  -0.0000887355   0.0000453506   0.0001469973
        0.0000215838   0.0000021519   0.0000679867  -0.0000009717   0.0000540419
       -0.0000517019   0.0000434865  -0.0000061504   0.0001218661   0.0000025730
        0.0000160099  -0.0000167480  -0.0000136437  -0.0000180874   0.0000112327
        0.0000100524  -0.0000038517   0.0000620105  -0.0000401274   0.0000167654
       -0.0001793901  -0.0000419844   0.0000003167   0.0000568913   0.0000542285
       -0.0000001973  -0.0001017960  -0.0000416320  -0.0000516329  -0.0003315396
       -0.0001759349   0.0000199702   0.0000031531  -0.0001761896  -0.0001173045
       -0.0009127733  -0.0001492977   0.0002269989   0.0002405943   0.0002152209
       -0.0003397207  -0.0006074895  -0.0005507259   0.0001219564   0.0009443355
       -0.0000163756  -0.0010443820  -0.0003439350   0.0000798483  -0.0002311807
        0.0000120035  -0.0001627344  -0.0000044527   0.0000357468   0.0000315929
        0.0000136282   0.0000157167   0.0000018370  -0.0000682807   0.0000509215
        0.0000202004  -0.0000066016  -0.0000045744  -0.0000360336  -0.0000181359
        0.0000192286  -0.0000111254   0.0000109606   0.0000016491   0.0000191192
       -0.0000091065  -0.0000084118   0.0000265635   0.0000164928   0.0000097257
       -0.0000005501  -0.0000042961   0.0000151910  -0.0000063307   0.0000028508
        0.0000081173   0.0000011049  -0.0000095883   0.0000194400  -0.0000267678
        0.0000053949   0.0000383078   0.0000114813  -0.0000032284
        0.0000244537   0.0002509924   0.0002259660  -0.0006911749  -0.0008327777
       -0.0002844004   0.0018013644  -0.0020851295  -0.0016080604   0.0019032844
        0.0018474938   0.0001059667  -0.0029363161   0.0034712835   0.0019933449
        0.0145598389  -0.0175441607  -0.0131193965   0.0113419112  -0.0738123767
       -0.0237434160  -0.0551414684  -0.0696034015  -0.0187084765  -0.0070407501
       -0.0217489530  -0.0084549781  -0.0056266835  -0.0036424754  -0.0015703603
        0.0027600391  -0.0042042228  -0.0027894545   0.0053000588   0.0048464996
       -0.0017955451  -0.0001248214   0.0074268300   0.0037467367  -0.0357296254
       -0.0551262429   0.0001203006   0.0708082010   0.2277977380   0.0627064670
       -0.0026955266   0.0018633665   0.0017881163   0.0001550355   0.0003892872
        0.0001205975   0.0001957807  -0.0000811095  -0.0001185200  -0.0000356814
       -0.0000254597   0.0000583240   0.0000174120  -0.0000165586   0.0000021677
       -0.0000063485   0.0000190034  -0.0000880263   0.0000810459   0.0000397622
        0.0000414822  -0.0000157525  -0.0000216339  -0.0000525289  -0.0000216544
       -0.0000171012  -0.0000143522   0.0000454631   0.0000430651   0.0000389057
       -0.0001116989  -0.0000841015   0.0000049310   0.0000600766   0.0000609871
        0.0000049610  -0.0000077349   0.0000137022   0.0000874235  -0.0000934769
        0.0001392887   0.0001251156  -0.0001670444   0.0002069608   0.0001829383
       -0.0004270944  -0.0000850056   0.0001670427   0.0003307325  -0.0001908408
        0.0002781436   0.0007139460   0.0002979486  -0.0003229250   0.0008651708
        0.0002883178   0.0007047436   0.0000648512   0.0000952955   0.0000377451
       -0.0000692769  -0.0000008735   0.0000616292   0.0000220907  -0.0000006013
       -0.0000348765  -0.0000226112   0.0000187435   0.0000336418   0.0000254021
       -0.0000132450   0.0000127037  -0.0000267889  -0.0000116686   0.0000081343
       -0.0000117436   0.0000042177   0.0000122113   0.0000008941   0.0000034256
        0.0000070734  -0.0000141456   0.0000112979   0.0000406544  -0.0000042330
        0.0000065437  -0.0000019153  -0.0000008574  -0.0000101053  -0.0000045963
       -0.0000091682  -0.0000018069  -0.0000012709  -0.0000075915   0.0000544744
       -0.0000095752  -0.0000377833  -0.0000366734   0.0000052069
       -0.0000852039   0.0001502280   0.0002312797  -0.0002665891  -0.0004298340
       -0.0002717717   0.0007254590  -0.0009101384  -0.0008616126   0.0009519076
        0.0007322982  -0.0001148980   0.0000116405   0.0012694355   0.0019814108
        0.0082321244  -0.0150042461  -0.0091425028   0.0063846830  -0.0229975017
       -0.0428157732  -0.0146831785  -0.0379913751   0.0051460297   0.0046489272
        0.0045163499   0.0030615970  -0.0004122221  -0.0025015194   0.0033503577
        0.0011581331   0.0000272094  -0.0005774206   0.0020419435  -0.0029645861
        0.0026069412   0.0124797662   0.0052352519  -0.0031235841   0.0244732892
        0.0055283150  -0.0329539386  -0.0441213803   0.0627064670   0.0744966684
       -0.0015176239   0.0005016294   0.0007026642   0.0000202594   0.0002156343
        0.0000994288   0.0001690967   0.0000285195  -0.0000934282  -0.0000551324
       -0.0000296268   0.0000184860  -0.0000147978  -0.0000044188  -0.0000121940
        0.0000140700  -0.0000143964  -0.0000478796  -0.0000129152   0.0000166431
        0.0000258453  -0.0000004666  -0.0000028332  -0.0000246829  -0.0000149263
       -0.0000123552  -0.0000065881  -0.0000037375   0.0000365319   0.0000168110
        0.0000281324  -0.0000220276  -0.0000069857   0.0000013908   0.0000037335
        0.0000089073   0.0000225067   0.0000394921   0.0000611183   0.0000421976
        0.0001648446  -0.0000409824  -0.0000986484   0.0001807511   0.0000692604
        0.0000924012   0.0000554094  -0.0001100657  -0.0002999769   0.0002845544
       -0.0007599022   0.0006863476   0.0001309145   0.0002591964  -0.0006499773
        0.0009996495  -0.0012797193   0.0001855290  -0.0000062275   0.0000127791
       -0.0000461284   0.0000656472   0.0000071772   0.0000108565  -0.0000188039
       -0.0000195459   0.0000063473   0.0000232969   0.0000669744  -0.0000062772
       -0.0000142667   0.0000103928  -0.0000105150   0.0000077545   0.0000070869
       -0.0000151090   0.0000051337   0.0000046466   0.0000017021  -0.0000085306
        0.0000098937  -0.0000049817  -0.0000049093   0.0000113139  -0.0000069863
        0.0000038295   0.0000033210  -0.0000053515  -0.0000030048  -0.0000030345
       -0.0000075586  -0.0000006335   0.0000014269  -0.0000137573   0.0000320325
       -0.0000114960  -0.0000352694  -0.0000203213   0.0000069916
       -0.0067808102  -0.0042200060   0.0060320826  -0.0238624225   0.0097803990
        0.0078080768  -0.1754100582   0.0820937110   0.0807498505  -0.0178765975
        0.0345715113   0.0242044438  -0.0123570541  -0.0315708524  -0.0046188493
       -0.1473656907  -0.1114262130  -0.0157131415  -0.0357288940  -0.0209622746
        0.0019248842  -0.0057159943   0.0023172249   0.0039030302   0.0001153885
       -0.0017036542  -0.0004039002  -0.0013957112  -0.0000738298   0.0003925913
        0.0000815655  -0.0008731639  -0.0004723860   0.0006757260   0.0006162586
        0.0001095559  -0.0004855519   0.0003153239   0.0002043785   0.0022794590
       -0.0000254241  -0.0008510102   0.0007642048  -0.0026955266  -0.0015176239
        0.4235478583   0.0485794936  -0.1019363600   0.0016493216   0.0010029267
        0.0006121416  -0.0015367105  -0.0013115898  -0.0024218150  -0.0003276973
       -0.0002134058   0.0002051601  -0.0000524815   0.0000127608  -0.0000971072
       -0.0001609904   0.0002113804  -0.0000732060   0.0006656825   0.0000132266
        0.0000243643  -0.0001085433  -0.0001578937  -0.0001190125   0.0000740740
        0.0001169277   0.0000407941   0.0001517080  -0.0003018307  -0.0000009429
       -0.0009127607  -0.0002649541   0.0000057771   0.0001225576   0.0003792825
       -0.0000175123  -0.0000033318  -0.0000593186   0.0005006959   0.0009617871
        0.0015624306   0.0032211382   0.0006653701  -0.0026387987   0.0014344852
        0.0000082330   0.0000645775   0.0000033130   0.0000498078   0.0000927447
       -0.0000198829   0.0000759922  -0.0000297479  -0.0000290481  -0.0000622934
       -0.0000656851  -0.0000081529  -0.0020025798  -0.0032666178  -0.0032177866
       -0.0002916119  -0.0002863451   0.0002039795  -0.0000405127   0.0000242220
       -0.0000371878   0.0000771688   0.0000747858   0.0000964517  -0.0000211093
       -0.0000050055   0.0000226014  -0.0000089677  -0.0000034902  -0.0000375991
        0.0001134529  -0.0000183811   0.0001060014  -0.0000263163   0.0000317532
       -0.0001108044  -0.0000019356   0.0000740381   0.0000246112   0.0000634141
       -0.0000320933  -0.0000464001   0.0000632533  -0.0000032882  -0.0000106164
        0.0000782190   0.0000089153  -0.0000622860   0.0001461066   0.0001247677
       -0.0000748510   0.0001062761   0.0001407281   0.0000670740
       -0.0068796394   0.0009305944   0.0047928710  -0.0047696704   0.0031462317
        0.0030191180   0.0432337716  -0.1053740863  -0.0381673652   0.0002924299
       -0.0577088383  -0.0302582742   0.0014023521  -0.0693203031  -0.0350631201
       -0.0736032470  -0.1773256420  -0.0242591186  -0.0072853720  -0.0008940632
        0.0045520041   0.0046372793   0.0032480924  -0.0011357798  -0.0008570645
        0.0008220405   0.0002076224   0.0006983823   0.0001770851  -0.0002022771
       -0.0001276608   0.0005409309   0.0003324920  -0.0001249320  -0.0004570110
       -0.0001445273   0.0005181174   0.0000960792  -0.0001247706  -0.0014647635
       -0.0010454537   0.0000826125   0.0010636277   0.0018633665   0.0005016294
        0.0485794936   0.4109688583   0.1279689529   0.0001171011   0.0020668779
        0.0008874079  -0.0016305405  -0.0014314885  -0.0020878210  -0.0002383477
       -0.0002587010   0.0006028320  -0.0000819790   0.0000995715  -0.0001727755
        0.0002336403  -0.0001403648  -0.0002232228  -0.0001421897   0.0002004810
        0.0000483173  -0.0001481557  -0.0001625249  -0.0001523357  -0.0000850951
       -0.0001266426  -0.0000363356  -0.0000894610   0.0003531321   0.0000404024
        0.0003729313  -0.0003350274  -0.0000099495  -0.0001042596   0.0001546302
        0.0000098326   0.0005471247   0.0004442242   0.0002369709  -0.0045770645
       -0.0048894130  -0.0034023587   0.0035410949  -0.0037319308  -0.0062745871
        0.0001267991   0.0001109208   0.0000056289   0.0000734915   0.0000406265
        0.0000057516   0.0000994126   0.0000239869  -0.0000399116  -0.0000223398
        0.0000828412   0.0000528243  -0.0031749524  -0.0025250864  -0.0020571221
        0.0000182119   0.0003105494   0.0001990244  -0.0000847330   0.0000331797
       -0.0001018583   0.0000286346  -0.0000297450   0.0001042982  -0.0001284161
       -0.0000708101  -0.0000255995  -0.0000150420   0.0000227396   0.0000442574
       -0.0000224491   0.0000156327   0.0000409660   0.0000272889  -0.0000318979
        0.0000227297   0.0002096270  -0.0000818983   0.0001552227  -0.0000164562
        0.0000189069   0.0000367057  -0.0000278371   0.0000219525  -0.0000434361
       -0.0000038944   0.0000033624   0.0000275799  -0.0000244965   0.0001370221
       -0.0000881787  -0.0000907527   0.0000070118   0.0000926709
        0.0021375216   0.0014949115   0.0023241997   0.0071735693   0.0021727461
       -0.0101440477   0.0582876383  -0.0533803335  -0.0994083047   0.0109337597
       -0.0428595789  -0.0116612230   0.0094101262  -0.0227843611  -0.0031441333
        0.0031156256  -0.0093960375  -0.0614291884   0.0074282829   0.0096541406
       -0.0044075610   0.0050463177  -0.0001934517   0.0000978891  -0.0001174820
        0.0005214724   0.0014851391   0.0009110574   0.0001208239  -0.0001852691
       -0.0001389996   0.0006754859   0.0002083477  -0.0003213356  -0.0004743131
       -0.0001018412   0.0003856904  -0.0000483352  -0.0002671728  -0.0015873633
       -0.0004728283   0.0003068050   0.0002949082   0.0017881163   0.0007026642
       -0.1019363600   0.1279689529   0.1782077797  -0.0010257598  -0.0008259038
        0.0002800928  -0.0004514321  -0.0009826521  -0.0013833175  -0.0002302463
       -0.0002738882   0.0003256834  -0.0001072317   0.0001432829  -0.0001621656
        0.0002122772  -0.0001975416  -0.0001668173  -0.0004618837   0.0000798541
        0.0000601617  -0.0000557751  -0.0000079395  -0.0000521583  -0.0000580309
       -0.0001236264  -0.0000415034  -0.0001588838   0.0003486418   0.0000191632
        0.0008591511   0.0000042818  -0.0000384553  -0.0002167189  -0.0001633670
        0.0000314000   0.0004486667   0.0003214239   0.0001529292   0.0005535402
       -0.0061833463   0.0050007209   0.0040681081  -0.0038056727   0.0041974153
        0.0000504069   0.0000290004  -0.0000014798   0.0000020053  -0.0000088998
       -0.0000026263   0.0000219326   0.0000075559   0.0000303408   0.0000102447
        0.0000615556   0.0000193079  -0.0037864365  -0.0025769769  -0.0012708844
       -0.0003485234  -0.0002212913   0.0000875293   0.0000662489  -0.0000817826
        0.0000110335  -0.0000189081  -0.0000248130   0.0000708109  -0.0001313763
       -0.0000641701  -0.0000109588  -0.0000046062  -0.0000055956   0.0000480862
       -0.0000407354   0.0000108574   0.0000009084   0.0000441248  -0.0000573761
        0.0000900576   0.0001293897  -0.0000916689   0.0000346568  -0.0000393878
        0.0000256199   0.0000496302  -0.0000403930   0.0000141824  -0.0000180241
       -0.0000289740  -0.0000005688   0.0000419966  -0.0001381796  -0.0001007647
       -0.0000340470  -0.0001455702  -0.0000358212   0.0000464296
        0.0039823248   0.0248619643   0.0245600226  -0.0733306138  -0.0692789471
       -0.0142737754  -0.0145443227  -0.0284532748  -0.0116649035  -0.0032254006
       -0.0011939715   0.0015023793  -0.0008701729  -0.0009167771   0.0002230847
       -0.0005155408  -0.0006320267   0.0001165124   0.0004321236  -0.0003146300
       -0.0001839838   0.0000766970  -0.0000290504   0.0000019446  -0.0001991706
        0.0000888613   0.0000635654   0.0001458627   0.0000679832  -0.0000222116
       -0.0000195002   0.0001428393   0.0000772939  -0.0000591146  -0.0000942852
       -0.0000194769   0.0000414765  -0.0000897399  -0.0000472886  -0.0001686577
       -0.0000526144   0.0000350966   0.0001409052   0.0001550355   0.0000202594
        0.0016493216   0.0001171011  -0.0010257598   0.3680823463   0.1677548415
       -0.1387433920  -0.0904943600   0.0050860077   0.0669240030   0.0110168841
       -0.0043905959  -0.0098670064   0.0013664449   0.0006230465   0.0034013270
       -0.0285768823  -0.0189094234  -0.0017885750   0.0002214562  -0.0001031831
        0.0000444463   0.0000437017  -0.0003420688   0.0000704529  -0.0001285155
       -0.0002015505   0.0000230954  -0.0002980120   0.0006069715  -0.0000494685
        0.0009212349  -0.0006764357  -0.0001272093  -0.0006784406   0.0003668467
        0.0000088943  -0.1383788452  -0.0646705666   0.0387776490  -0.0001449032
        0.0000517091   0.0000601577  -0.0003354505   0.0000001760   0.0000494773
       -0.0000071784  -0.0000143897  -0.0000076685  -0.0000395568  -0.0000129404
        0.0000086783  -0.0000399939   0.0000092185   0.0000146460   0.0000091206
        0.0000205879   0.0000004642  -0.0146885914   0.0051623014   0.0250967110
       -0.0032691312   0.0053100798   0.0100925188   0.0010455306  -0.0009833140
        0.0003781614  -0.0017758972  -0.0000282182  -0.0039026555   0.0001640079
        0.0001690349   0.0003892945  -0.0002200868  -0.0001112449   0.0001305891
       -0.0030526036  -0.0004776534  -0.0034138650   0.0001539637  -0.0001173590
        0.0002399952  -0.0003720919   0.0005847465   0.0001799064  -0.0000186702
        0.0000426612   0.0000735399  -0.0000094123   0.0000472824  -0.0000331215
        0.0000162295   0.0000082112   0.0000773070   0.0014897002  -0.0112784662
        0.0015184323  -0.0155382147  -0.0079047806   0.0110104554
        0.0101392815  -0.0255300890  -0.0420779298  -0.0544735184  -0.2149002833
       -0.1201348632  -0.0225764585  -0.0347794962  -0.0095767066  -0.0004068300
        0.0030431136   0.0012377648  -0.0023248890   0.0005087674   0.0011670583
       -0.0014359691  -0.0024159386  -0.0003490251   0.0001689996  -0.0013936532
       -0.0006013267   0.0009316314   0.0006559240   0.0000151342  -0.0003965024
        0.0002974488   0.0002621537   0.0004132006   0.0002122047  -0.0000628467
       -0.0000464130   0.0003974521   0.0001962528  -0.0001892013  -0.0003283390
       -0.0000776555   0.0003318935  -0.0001527364  -0.0001929796  -0.0007609563
       -0.0002030138   0.0001957529  -0.0001001233   0.0003892872   0.0002156343
        0.0010029267   0.0020668779  -0.0008259038   0.1677548415   0.4970900093
        0.2197392644   0.0008969787  -0.0759192670  -0.0428623028  -0.0003593775
        0.0018799980  -0.0090518457   0.0003505444   0.0008609626   0.0014552588
       -0.0148739174  -0.0064925073  -0.0047129472  -0.0006946343   0.0014047658
        0.0002744377  -0.0010247569  -0.0010318285  -0.0003848201  -0.0004885189
       -0.0002479951  -0.0002681845  -0.0004066912   0.0013531084   0.0002013505
        0.0010089489  -0.0018083257  -0.0003497853  -0.0003754757   0.0011154000
        0.0001033244  -0.0616165014  -0.1121526106   0.0124173137   0.0001078422
        0.0006106139   0.0000473989  -0.0002233245   0.0000864376   0.0001197894
        0.0000302998   0.0000140955  -0.0000052005  -0.0000318235  -0.0000033169
        0.0000171390  -0.0000220653   0.0000217395   0.0000166070  -0.0000017607
        0.0000617305   0.0000285880  -0.0084727830   0.0041709534   0.0155985484
        0.0145234583  -0.0148400170  -0.0303381062  -0.0004486729   0.0010642995
        0.0006553590  -0.0007157824   0.0006570033  -0.0010408880  -0.0002166353
        0.0000047166  -0.0001687400   0.0002400638  -0.0001578940   0.0002770624
       -0.0012877393   0.0006634903  -0.0015045192   0.0002968334   0.0001184797
        0.0000472835  -0.0000105190   0.0000080520  -0.0004884131  -0.0000495685
        0.0001168700   0.0001956320   0.0000105691   0.0000932864  -0.0000428698
       -0.0000068652   0.0000332966   0.0000460776  -0.0287997889  -0.0315608640
        0.0117478311   0.0046297496   0.0049177908  -0.0011601575
        0.0140953536  -0.0530976311  -0.0471040742  -0.0048862489  -0.1172502175
       -0.1303066600  -0.0061121171  -0.0067960686   0.0035731093   0.0029335978
        0.0024916373   0.0012963424  -0.0011004053   0.0008289338   0.0004644945
       -0.0001695478  -0.0008692309  -0.0005203120  -0.0001459880  -0.0005429541
       -0.0003463701   0.0005064333   0.0003202733   0.0000339413  -0.0002236414
        0.0001389536   0.0001371358   0.0002058820   0.0000952080  -0.0000237881
       -0.0000229023   0.0001874262   0.0000946185  -0.0000871304  -0.0001560540
       -0.0000348061   0.0001436088  -0.0000821003  -0.0000731869  -0.0003336057
       -0.0001056117   0.0000777028  -0.0000193822   0.0001205975   0.0000994288
        0.0006121416   0.0008874079   0.0002800928  -0.1387433920   0.2197392644
        0.5037189750   0.0603174230  -0.0411613303  -0.1738757256   0.0034486417
       -0.0106279445  -0.0455930461   0.0028443138   0.0011023443   0.0024153406
       -0.0110887186  -0.0124952534   0.0088476427  -0.0006030471   0.0003556090
        0.0007359609   0.0000832803   0.0002561945   0.0000638412  -0.0003310151
       -0.0002642515  -0.0004065922  -0.0004833239   0.0007821810   0.0002024695
        0.0018475170  -0.0002508588  -0.0006068185  -0.0006710164  -0.0000926531
        0.0002952991   0.0397650806   0.0148933957  -0.0828355674   0.0001720312
        0.0003047801  -0.0001731916   0.0000662318   0.0000477000  -0.0000884903
        0.0000106696   0.0000104863  -0.0000047234  -0.0000126300  -0.0000000082
        0.0000059575  -0.0000107460   0.0000109112   0.0000032702  -0.0000015154
        0.0000335838   0.0000056405   0.0083678591  -0.0007614580  -0.0109824836
        0.0082958044  -0.0139212831  -0.0090574355   0.0014073245  -0.0006303241
        0.0018267477  -0.0050623370  -0.0002190553  -0.0064284046   0.0001659163
        0.0001986437   0.0004576515   0.0001524599  -0.0001763552  -0.0001234467
       -0.0035742748  -0.0008888260  -0.0025664873  -0.0000742699  -0.0001912408
        0.0003715518  -0.0002723695  -0.0006349669  -0.0013570295  -0.0001536098
        0.0001090130   0.0001495424  -0.0000851312   0.0000438781   0.0000310820
       -0.0000230209   0.0000169993  -0.0000155348   0.0049458877   0.0034221907
        0.0003546296   0.0239039284   0.0148180646  -0.0130182939
        0.0038694593  -0.0043251320   0.0002159707   0.0007079541   0.0100006815
       -0.0026828019  -0.0007801652  -0.0016025348  -0.0003044272   0.0000619547
        0.0003259781  -0.0000467830  -0.0001601564   0.0000528663   0.0000064627
       -0.0002206989  -0.0002440935  -0.0004427389   0.0002725427  -0.0005478594
       -0.0003707777   0.0002266419   0.0001901859   0.0000446353  -0.0000121803
        0.0000616010   0.0000184566   0.0001131518   0.0000733143  -0.0000169216
       -0.0000095661   0.0001081272   0.0000532502  -0.0000642858  -0.0001008366
       -0.0000212952   0.0001625019  -0.0000271211  -0.0000627221  -0.0002143006
       -0.0000052597   0.0000911078  -0.0002201021   0.0001957807   0.0001690967
       -0.0015367105  -0.0016305405  -0.0004514321  -0.0904943600   0.0008969787
        0.0603174230   0.5191200948   0.0413012640  -0.0298270628  -0.1239264046
        0.0113704270  -0.0619226322  -0.0265985602  -0.0026533031  -0.0175796297
        0.0025625676   0.0009428833  -0.0008664535  -0.0001128885   0.0002116289
        0.0000899739   0.0000569960  -0.0002806792  -0.0000583325  -0.0000060540
        0.0000019966  -0.0000249637   0.0001327987   0.0000111241   0.0000712426
       -0.0005618844  -0.0004671079  -0.0000773782   0.0002718472   0.0004198101
        0.0000752018  -0.0166510285   0.0046034098   0.0225278982   0.0000139369
        0.0000651824   0.0000464167   0.0000130139  -0.0000414115   0.0000405862
        0.0000124951   0.0000134326  -0.0000014853   0.0000026935   0.0000068453
        0.0000005937   0.0000087313   0.0000059590  -0.0000030606  -0.0000068241
        0.0000245344   0.0000120969  -0.1970162025  -0.1121211911   0.0363297629
       -0.0588420589   0.0535796849  -0.0042029755  -0.0094312324   0.0046815154
       -0.0099380073   0.0061305793  -0.0009051418   0.0068002558  -0.0046973832
       -0.0033454305   0.0004232376   0.0008947927   0.0008789232   0.0000765932
        0.0001719370   0.0000070839  -0.0002525044  -0.0000016400   0.0001805408
       -0.0002811021  -0.0002072021   0.0002746320   0.0002429702   0.0000171029
        0.0000083345   0.0000251727   0.0000264910   0.0000052823  -0.0000070262
        0.0000091497   0.0000053866  -0.0000417117   0.0009913738   0.0007844273
       -0.0004922244  -0.0040789183  -0.0029921796   0.0022980441
       -0.0006873760  -0.0038354136  -0.0091456066   0.0116023195  -0.0095092566
       -0.0142367062   0.0005402649   0.0003298135  -0.0000370215   0.0000278356
       -0.0000123291  -0.0001792935  -0.0001597735  -0.0001492248  -0.0000361370
        0.0003352350   0.0001273322  -0.0005015506  -0.0000736455   0.0001556135
        0.0000312294  -0.0000625566  -0.0001115918  -0.0000086054   0.0000685080
        0.0000153530  -0.0000219906  -0.0000454221  -0.0000336948   0.0000070022
       -0.0000019753  -0.0000479710  -0.0000202511   0.0000258097   0.0000449833
        0.0000105906   0.0000039497   0.0000416281   0.0000230871   0.0000922613
        0.0000266185  -0.0000133431  -0.0000887355  -0.0000811095   0.0000285195
       -0.0013115898  -0.0014314885  -0.0009826521   0.0050860077  -0.0759192670
       -0.0411613303   0.0413012640   0.5305013674  -0.0129857829   0.0113450485
       -0.0684520163   0.0140875601  -0.0133553999   0.0010159668  -0.0110036645
        0.0004510703   0.0008173960  -0.0006337798  -0.0001890951  -0.0001833011
       -0.0002320989  -0.0000448885  -0.0000628588   0.0000860965  -0.0000102405
       -0.0000415120  -0.0000302219  -0.0001635838   0.0001313893  -0.0000707740
        0.0007804203   0.0002129641   0.0000820387  -0.0002874807  -0.0002887962
       -0.0000447386  -0.0058987865   0.0026565211   0.0141191297   0.0000044620
       -0.0000099873  -0.0000422029   0.0000407376  -0.0000468893   0.0000484730
        0.0000001211   0.0000070498  -0.0000007229   0.0000120071   0.0000023053
       -0.0000042131   0.0000153701  -0.0000038499  -0.0000093303   0.0000020744
       -0.0000076916  -0.0000078289  -0.1094171478  -0.1245836662   0.0246026578
        0.0531074912  -0.2430343169   0.0202754501   0.0213522654  -0.0063126240
        0.0217493691  -0.0043763283   0.0009389637  -0.0061533820  -0.0034665825
       -0.0014787399   0.0002237748  -0.0010947749   0.0004473357  -0.0007288621
        0.0000889151   0.0000765561  -0.0001049821  -0.0000554200   0.0000323590
        0.0002490640   0.0000992188  -0.0001960915  -0.0002959478  -0.0000060192
       -0.0000046575  -0.0000107603  -0.0000293511   0.0000177735  -0.0000038475
        0.0000012192   0.0000020740   0.0000442663  -0.0020284690   0.0001728975
        0.0015935587  -0.0035292346  -0.0019359160   0.0014457609
        0.0038083888  -0.0033799726  -0.0008624529  -0.0020163372  -0.0051541520
       -0.0143268838   0.0008416722   0.0018916920   0.0005507576   0.0000225972
       -0.0004237735  -0.0002082808   0.0000451473  -0.0002512422  -0.0000888026
        0.0003538341   0.0001676395  -0.0003464843  -0.0001502277   0.0002323897
        0.0001956007  -0.0001591280  -0.0000637159  -0.0000156135   0.0000519479
       -0.0000714013  -0.0000245543  -0.0000642557  -0.0000340369   0.0000094476
        0.0000062590  -0.0000741751  -0.0000397479   0.0000292719   0.0000672766
        0.0000158769  -0.0000831671   0.0000318331   0.0000271294   0.0001717180
        0.0000275484  -0.0000584237   0.0000453506  -0.0001185200  -0.0000934282
       -0.0024218150  -0.0020878210  -0.0013833175   0.0669240030  -0.0428623028
       -0.1738757256  -0.0298270628  -0.0129857829   0.4279365385  -0.0581594804
        0.0131410127  -0.1149189784  -0.0047736511  -0.0037131007   0.0024967358
       -0.0010701547  -0.0009586038   0.0001844018  -0.0001157239   0.0000249891
       -0.0007288565  -0.0002191605  -0.0000871624   0.0003310189  -0.0000058803
       -0.0000410461   0.0000734902  -0.0000905882   0.0001118768  -0.0001352920
        0.0003073665  -0.0000101878   0.0002451254  -0.0001193062  -0.0000228383
       -0.0002051930   0.0092857266   0.0018396228  -0.0114006741  -0.0000051269
       -0.0000227836  -0.0000150299   0.0000718062  -0.0000295479   0.0000122729
       -0.0000040138  -0.0000033140   0.0000095880   0.0000055237  -0.0000013963
        0.0000055561   0.0000033889  -0.0000074027   0.0000024649   0.0000058362
       -0.0000187124   0.0000013227   0.0409460237   0.0287535503  -0.0473256422
       -0.0058760403   0.0207266519  -0.0400749595  -0.0046909197   0.0027888503
       -0.0041721465  -0.0160289750   0.0022895503  -0.0224535676   0.0012950582
        0.0006800041   0.0006909818   0.0003611850   0.0001534209   0.0003216199
       -0.0000678042   0.0000014520  -0.0000376276   0.0000605378   0.0000814175
       -0.0001453640   0.0001790809  -0.0001384193  -0.0000084297   0.0000140113
       -0.0000043806  -0.0000256585   0.0000013540   0.0000226517  -0.0000313549
        0.0000013248   0.0000047330   0.0000813434  -0.0003017092  -0.0004763657
        0.0003745093   0.0014121138   0.0000039949  -0.0005632924
       -0.0016958378   0.0010310046   0.0010521094   0.0012151401  -0.0014151642
        0.0000465874  -0.0004489696   0.0000081025  -0.0000739312   0.0001312269
        0.0000587816  -0.0000247490  -0.0001392704  -0.0001549906   0.0000218633
        0.0002146083  -0.0000450374  -0.0001436781  -0.0001067398   0.0000597983
        0.0000551938  -0.0000050410   0.0000375389   0.0000092911  -0.0000351004
       -0.0000418558  -0.0000033918  -0.0000242946  -0.0000258657  -0.0000015138
       -0.0000156360  -0.0000291614  -0.0000081099   0.0000077452   0.0000297658
        0.0000105122  -0.0000563150   0.0000035874   0.0000228234   0.0000353756
       -0.0000021025  -0.0000133727   0.0001469973  -0.0000356814  -0.0000551324
       -0.0003276973  -0.0002383477  -0.0002302463   0.0110168841  -0.0003593775
        0.0034486417  -0.1239264046   0.0113450485  -0.0581594804   0.4578633232
       -0.0257968323  -0.0314392735  -0.1439621164  -0.0613869358   0.0173201015
       -0.0123594253  -0.0065821469   0.0109478053   0.0002222124   0.0000217785
       -0.0003946415   0.0002012137   0.0003734027  -0.0002094729   0.0000227600
       -0.0000034938   0.0001835904   0.0001152073  -0.0001606266  -0.0000356358
       -0.0004742491   0.0001237405   0.0001662846   0.0001688835   0.0000002951
       -0.0001207805  -0.0000612890  -0.0007204822  -0.0016333608  -0.0000140365
       -0.0000596691  -0.0000221388   0.0000217809  -0.0000374403  -0.0000058112
       -0.0000048661   0.0000027715   0.0000026960   0.0000042948   0.0000010997
       -0.0000008284  -0.0000025923  -0.0000065820  -0.0000021290  -0.0000010622
       -0.0000096886  -0.0000067717  -0.0200678262   0.0013986247  -0.0178497882
       -0.0083127713   0.0043956025  -0.0091036933  -0.0606229858   0.0640886602
       -0.0010729263  -0.0801120313   0.0274408333   0.0834846520  -0.0215289819
       -0.0147802900   0.0015996466   0.0038261494   0.0008096342  -0.0003398550
       -0.0002588842   0.0001477104   0.0019118847  -0.0005503626   0.0002663549
        0.0004729547   0.0000238986   0.0000114969   0.0001549802  -0.0000501505
        0.0000187469  -0.0000128689   0.0000086358  -0.0000108383   0.0000125979
        0.0000093097  -0.0000067393  -0.0000076173  -0.0001075211  -0.0000034873
        0.0000718821   0.0000168113   0.0002384570  -0.0000249000
        0.0005105927  -0.0009857798  -0.0000681976   0.0000529900   0.0020988183
       -0.0010599454  -0.0003723647  -0.0002897890   0.0001414921   0.0001204957
        0.0001043027   0.0000588851  -0.0001038371  -0.0000140488   0.0000166972
       -0.0001266253  -0.0001545512  -0.0001469805   0.0000039257   0.0000482334
        0.0000042961  -0.0000111750  -0.0000278495   0.0000087764  -0.0000200698
       -0.0000071967   0.0000042052   0.0000086998   0.0000086640   0.0000034862
        0.0000051287  -0.0000035351  -0.0000036026  -0.0000101134  -0.0000009393
        0.0000023813  -0.0000134954   0.0000102466   0.0000060542   0.0000175021
       -0.0000046665  -0.0000085508   0.0000215838  -0.0000254597  -0.0000296268
       -0.0002134058  -0.0002587010  -0.0002738882  -0.0043905959   0.0018799980
       -0.0106279445   0.0113704270  -0.0684520163   0.0131410127  -0.0257968323
        0.5250432931   0.0139164381  -0.0592659775  -0.1159684254   0.0123884183
       -0.0001342669   0.0036861551   0.0043976378   0.0006998470  -0.0003611920
       -0.0001444076  -0.0002625694   0.0005919555  -0.0000413839  -0.0000571130
        0.0000567692   0.0000147190   0.0001908518  -0.0003107409   0.0000924157
       -0.0004690754   0.0002676727  -0.0001280335   0.0000375365  -0.0001656012
        0.0000141475  -0.0006075267   0.0001357142  -0.0004966094  -0.0000018672
       -0.0000108297  -0.0000241963   0.0000043384  -0.0000061384  -0.0000006122
       -0.0000031466  -0.0000016843  -0.0000010582  -0.0000031059   0.0000014199
       -0.0000004384   0.0000004535   0.0000003523  -0.0000014430   0.0000012094
       -0.0000069439  -0.0000042331  -0.0124468923   0.0019223637  -0.0111167797
        0.0212532165  -0.0075149418   0.0211853718   0.0640200532  -0.2566493928
        0.0088988914   0.0278549847  -0.0612632251  -0.0540932799   0.0012680904
        0.0018311245  -0.0006825390  -0.0241971362  -0.0249765202   0.0054992074
        0.0000192067   0.0008275751  -0.0006789381   0.0007957944  -0.0007236539
       -0.0001318128  -0.0000209795  -0.0000368593  -0.0001337923  -0.0000379456
        0.0000048000   0.0000304621   0.0000194765  -0.0000354909   0.0000237180
       -0.0000361369  -0.0000043107  -0.0000049281   0.0002903134  -0.0002763144
        0.0000313162   0.0000355360   0.0000173397   0.0000231921
        0.0011247697  -0.0019717887  -0.0002225419   0.0003761642   0.0053678730
       -0.0022171893   0.0002391006  -0.0003796211   0.0000335658   0.0001878310
        0.0002081344   0.0001060324  -0.0001288213   0.0001019140   0.0000705517
       -0.0003462612  -0.0003403305   0.0000020110   0.0000415127  -0.0001169288
       -0.0000634161   0.0000675639   0.0000278581  -0.0000081475  -0.0000157672
        0.0000247298   0.0000181853   0.0000136857  -0.0000006017  -0.0000046683
       -0.0000110132   0.0000213667   0.0000125100  -0.0000086064  -0.0000154408
       -0.0000061145   0.0000373538   0.0000034460  -0.0000173941  -0.0000782257
       -0.0000117672   0.0000254567   0.0000021519   0.0000583240   0.0000184860
        0.0002051601   0.0006028320   0.0003256834  -0.0098670064  -0.0090518457
       -0.0455930461  -0.0619226322   0.0140875601  -0.1149189784  -0.0314392735
        0.0139164381   0.5052771611   0.0197193959   0.0148578602  -0.0683985603
        0.0215177551   0.0156066502  -0.0090447942  -0.0000121432  -0.0002022769
        0.0003540004   0.0000449295  -0.0002358276   0.0000294814   0.0000251044
        0.0000705739  -0.0001550475   0.0000955569  -0.0000173709   0.0001096094
       -0.0000135071  -0.0002148346  -0.0002420539   0.0000848607   0.0000447562
        0.0001644056  -0.0018123150  -0.0004913613   0.0030207421  -0.0000050242
        0.0000297358   0.0000029820  -0.0000071492   0.0000094400  -0.0000005944
        0.0000053775   0.0000057849   0.0000022575   0.0000058931  -0.0000001271
        0.0000001909   0.0000065001  -0.0000022200  -0.0000025104   0.0000013930
       -0.0000008792   0.0000032513  -0.0007900095  -0.0008055271   0.0016659583
       -0.0062343633   0.0042844697  -0.0043206117  -0.0018461485   0.0095331289
       -0.0452158841   0.0844195715  -0.0547206160  -0.2192473064  -0.0158426185
       -0.0112438848   0.0027859521  -0.0005672148   0.0007069678   0.0005297732
        0.0026833884   0.0001596856  -0.0050388769   0.0000603877  -0.0000460863
       -0.0002132639  -0.0000318386   0.0000699674   0.0000368726   0.0000375430
       -0.0000033070  -0.0000028275   0.0000175643  -0.0000046016  -0.0000048369
       -0.0000004729   0.0000228196  -0.0000232262   0.0000034971   0.0002058407
       -0.0001656298  -0.0000435997  -0.0001509121   0.0005324003
        0.0003582730  -0.0003923391  -0.0000070692  -0.0001996488   0.0002433752
        0.0002988617  -0.0001098704   0.0001124839   0.0000261466   0.0000028779
       -0.0000036716  -0.0000001756  -0.0000309549  -0.0000223799  -0.0000085317
       -0.0001010834  -0.0000449826  -0.0000217698   0.0000766164  -0.0000315429
       -0.0000452005  -0.0000028937  -0.0000096223   0.0000075249  -0.0000369220
        0.0000073241   0.0000126714   0.0000178829   0.0000015830  -0.0000041536
       -0.0000101142   0.0000169555   0.0000120144  -0.0000085400  -0.0000082921
       -0.0000004455   0.0000027697  -0.0000183438  -0.0000070554  -0.0000340265
       -0.0000118643   0.0000099496   0.0000679867   0.0000174120  -0.0000147978
       -0.0000524815  -0.0000819790  -0.0001072317   0.0013664449   0.0003505444
        0.0028443138  -0.0265985602  -0.0133553999  -0.0047736511  -0.1439621164
       -0.0592659775   0.0197193959   0.5017472285  -0.0247858584   0.0422821851
       -0.0734379547  -0.0007812072   0.0339266784  -0.0172807552   0.0137946205
        0.0155277849  -0.0007499541  -0.0009225238   0.0011687646  -0.0000968803
        0.0001048986  -0.0000154833  -0.0009971383   0.0008824279  -0.0006850351
        0.0025572456   0.0025206267   0.0025639919   0.0000542470  -0.0009123406
       -0.0002200248   0.0058990333  -0.0020201374  -0.0166808790  -0.0000090407
       -0.0000066045  -0.0000143472   0.0000005701  -0.0000099485  -0.0000048760
       -0.0000026163   0.0000003918  -0.0000007799  -0.0000030005  -0.0000010863
        0.0000000430  -0.0000062424  -0.0000014276   0.0000005428   0.0000011759
       -0.0000006760  -0.0000027246  -0.0027656260  -0.0000562468  -0.0035549708
        0.0006490889  -0.0007166251   0.0008218525   0.0044745946   0.0011829401
       -0.0011467482  -0.0138669203  -0.0090909086   0.0061781274  -0.1640886917
        0.0296760389  -0.1149740627  -0.0625328098   0.0650435972   0.0019641786
       -0.0079980203  -0.0011527088   0.0191279983   0.0002583598  -0.0001444295
       -0.0002019844  -0.0000653417   0.0002037118  -0.0002625697  -0.0000563713
        0.0000586988   0.0000355085  -0.0000016708   0.0000076452   0.0000169178
        0.0000381065   0.0000801890  -0.0000992548   0.0001291674  -0.0002336337
       -0.0001611706  -0.0025954229  -0.0002227063  -0.0035304591
       -0.0001147755   0.0003523156   0.0003983333  -0.0003689960  -0.0010961439
       -0.0007924179   0.0002186514   0.0001234101   0.0000064201   0.0000336831
       -0.0000071456  -0.0000459274  -0.0000027319   0.0000009603   0.0000039298
        0.0000810938   0.0000053472  -0.0000175501  -0.0000587863   0.0000402485
        0.0000312118   0.0000069688  -0.0000027180  -0.0000058564   0.0000174629
       -0.0000026959  -0.0000073038  -0.0000261674  -0.0000198811   0.0000013480
       -0.0000053852  -0.0000243526  -0.0000083999   0.0000106538   0.0000201462
        0.0000055246  -0.0000030124   0.0000168407   0.0000113415   0.0000132491
        0.0000074079   0.0000046540  -0.0000009717  -0.0000165586  -0.0000044188
        0.0000127608   0.0000995715   0.0001432829   0.0006230465   0.0008609626
        0.0011023443  -0.0026533031   0.0010159668  -0.0037131007  -0.0613869358
       -0.1159684254   0.0148578602  -0.0247858584   0.5092432445  -0.0101347631
        0.0009842494  -0.0624719449  -0.0109272914   0.0208648682  -0.0099285208
       -0.0213787960   0.0007644044   0.0012825505  -0.0016193540   0.0002030967
       -0.0001822779   0.0002024633   0.0012198818  -0.0010892388   0.0006815689
       -0.0023667874  -0.0024744906  -0.0022901194  -0.0000603004   0.0009971703
        0.0000847971  -0.0009809314   0.0011206390  -0.0033321048  -0.0000105976
       -0.0000159573  -0.0000113233   0.0000084660   0.0000050605  -0.0000070832
        0.0000008950   0.0000036581   0.0000000056   0.0000081433   0.0000014002
       -0.0000027857   0.0000070869  -0.0000044791  -0.0000044567  -0.0000010851
       -0.0000058896  -0.0000021822   0.0006344649   0.0005901651   0.0004694159
        0.0012384144   0.0009842364   0.0003780919  -0.0238709013  -0.0226903631
        0.0059831095   0.0032099843   0.0031474516  -0.0002357930   0.0296081248
       -0.0509384232   0.0264853089   0.0648959563  -0.2531231564  -0.0152976361
       -0.0082504184  -0.0001462766   0.0190515931   0.0000301248   0.0002791892
        0.0002878315   0.0000140614  -0.0002505011  -0.0000530340   0.0000791392
       -0.0000571260  -0.0000788838  -0.0000219389   0.0000124768   0.0000008065
        0.0000009126  -0.0001097072   0.0001954278   0.0001117681   0.0001145099
        0.0001745664   0.0000682715   0.0003013438  -0.0005906552
       -0.0001530047  -0.0001032507   0.0001302084   0.0001123631  -0.0004543816
       -0.0002398069  -0.0000809866   0.0001838760   0.0000931321   0.0000380674
        0.0000115368  -0.0000021176  -0.0000175138  -0.0000245061  -0.0000066200
        0.0000225246   0.0000057731  -0.0000430017  -0.0000026401   0.0000110302
       -0.0000017362  -0.0000086842  -0.0000001250   0.0000063398  -0.0000149201
       -0.0000067377   0.0000036199  -0.0000032813  -0.0000051902   0.0000009659
       -0.0000024280  -0.0000010470   0.0000003255  -0.0000002482   0.0000014828
        0.0000020726  -0.0000131929  -0.0000030483   0.0000045496  -0.0000105743
       -0.0000070053  -0.0000033613   0.0000540419   0.0000021677  -0.0000121940
       -0.0000971072  -0.0001727755  -0.0001621656   0.0034013270   0.0014552588
        0.0024153406  -0.0175796297  -0.0110036645   0.0024967358   0.0173201015
        0.0123884183  -0.0683985603   0.0422821851  -0.0101347631   0.4637234399
        0.0338813295  -0.0055595891  -0.1531980562   0.0105107783  -0.0108150699
       -0.0021265778   0.0001113632   0.0002425592   0.0001533937  -0.0000258304
       -0.0000588304   0.0000453623  -0.0000358678   0.0000856594  -0.0000177339
       -0.0012469316  -0.0007159719  -0.0002708570  -0.0004408969   0.0003833291
       -0.0002549667  -0.0002047026  -0.0035995383  -0.0288183137   0.0000020119
       -0.0000044735  -0.0000070100   0.0000022584  -0.0000067562   0.0000018231
        0.0000002017  -0.0000012807  -0.0000004704  -0.0000008803  -0.0000014235
        0.0000008036  -0.0000024541  -0.0000004223   0.0000022891   0.0000006713
       -0.0000001837   0.0000000571  -0.0036892228  -0.0000001997  -0.0026679978
        0.0002178198  -0.0005818842   0.0005387346   0.0009600621   0.0011493055
        0.0003395660   0.0228723785   0.0150329186  -0.0070660190  -0.1152069552
        0.0271510334  -0.1484774843   0.0024228781  -0.0151878756  -0.0439577106
        0.0073467759   0.0005097991  -0.0114989101  -0.0000670786  -0.0001432924
        0.0002324611   0.0000148373  -0.0000582648  -0.0001637404   0.0000097816
       -0.0000034648  -0.0000148403  -0.0000010114   0.0000154729  -0.0000096988
        0.0000100925  -0.0000081763   0.0000352315   0.0001780392  -0.0001032463
       -0.0000498314  -0.0028658470   0.0001368174  -0.0027566705
       -0.0019097132   0.0025971219   0.0004346235  -0.0018509202  -0.0002534900
       -0.0007328108   0.0002630965  -0.0015855482  -0.0000553634  -0.0000612635
        0.0000300715   0.0000944302  -0.0001350823  -0.0000249091   0.0000058601
        0.0002800529  -0.0000034170  -0.0001020606  -0.0002100450  -0.0001111252
        0.0000103160   0.0001287573   0.0001874173   0.0000161024   0.0000481933
       -0.0000129843  -0.0000095741  -0.0000309557  -0.0000228435  -0.0000013514
       -0.0000140674  -0.0000358234  -0.0000138789   0.0000124975   0.0000215794
        0.0000045616   0.0000121684   0.0000247191  -0.0000006841  -0.0000162271
        0.0000106055   0.0000119844  -0.0000517019  -0.0000063485   0.0000140700
       -0.0001609904   0.0002336403   0.0002122772  -0.0285768823  -0.0148739174
       -0.0110887186   0.0025625676   0.0004510703  -0.0010701547  -0.0123594253
       -0.0001342669   0.0215177551  -0.0734379547   0.0009842494   0.0338813295
        0.4979565141   0.0320364605  -0.0123198299  -0.1314477018   0.0645843328
        0.0068254895   0.0068088167  -0.0034937468  -0.0019365876  -0.0001084832
       -0.0028658754  -0.0001728354  -0.0063312208   0.0007318755   0.0016361584
       -0.0291935690   0.0179345339   0.0019139263  -0.0016185336   0.0049380078
        0.0000032742  -0.1030039701  -0.0034063360  -0.0500290328   0.0000226718
        0.0000093247   0.0000325052   0.0000000413   0.0000055928   0.0000009442
        0.0000068499   0.0000103476   0.0000051036   0.0000193636   0.0000069670
       -0.0000029992   0.0000134281  -0.0000050441  -0.0000056153  -0.0000065271
       -0.0000006754   0.0000044783   0.0004911192   0.0001245996  -0.0001251592
       -0.0005227929   0.0004337846  -0.0001661679   0.0007135685   0.0006302189
       -0.0004686820  -0.0033367400  -0.0027907314   0.0015169205   0.0064427010
       -0.0021643961  -0.0183012523  -0.0041400772   0.0039514149   0.0100488123
       -0.1118707690  -0.1000401840   0.0261042417  -0.0003475106  -0.0011495808
        0.0007055613   0.0007127084  -0.0011217186   0.0006319340   0.0000448666
       -0.0001213772  -0.0002375440   0.0003682836  -0.0003536480   0.0000233133
       -0.0006901985   0.0013608360  -0.0004617175  -0.0113132978   0.0037678677
       -0.0118535252   0.0058383541  -0.0004886517   0.0034995718
        0.0022236326  -0.0006843609  -0.0007294399  -0.0046571900   0.0026304977
        0.0027758358  -0.0000621103  -0.0012324324   0.0002926825  -0.0002587121
       -0.0000888884   0.0001731328  -0.0000263505  -0.0000267876  -0.0001001863
       -0.0000240355   0.0000264316  -0.0000202109   0.0001054186   0.0000627512
       -0.0000115729  -0.0000807746  -0.0001108296  -0.0000137983  -0.0000309221
       -0.0000020108   0.0000127652   0.0000357511   0.0000327197   0.0000038620
        0.0000168823   0.0000268870   0.0000067914  -0.0000061915  -0.0000194773
       -0.0000058153  -0.0000188684  -0.0000171619  -0.0000018191   0.0000234646
       -0.0000190974  -0.0000187669   0.0000434865   0.0000190034  -0.0000143964
        0.0002113804  -0.0001403648  -0.0001975416  -0.0189094234  -0.0064925073
       -0.0124952534   0.0009428833   0.0008173960  -0.0009586038  -0.0065821469
        0.0036861551   0.0156066502  -0.0007812072  -0.0624719449  -0.0055595891
        0.0320364605   0.4892670500  -0.0101635596   0.0649476673  -0.1610851021
       -0.0086425458   0.0148358786  -0.0192533141   0.0002109148  -0.0013846264
       -0.0048575944  -0.0000529946  -0.0049892446   0.0033723679  -0.0003960296
        0.0184019664   0.0058721044  -0.0008460093  -0.0062181901  -0.0046716550
       -0.0002558419  -0.0049606876  -0.0588378907  -0.0073852068  -0.0000117468
       -0.0000245410  -0.0000274392  -0.0000365532  -0.0000121312  -0.0000013470
       -0.0000084624  -0.0000148877  -0.0000033339  -0.0000211339  -0.0000070470
        0.0000050301  -0.0000136764   0.0000055495   0.0000081939   0.0000068044
       -0.0000004280  -0.0000016704   0.0001827981  -0.0000503449   0.0000577987
        0.0002980155  -0.0003883887   0.0000892323  -0.0001417228   0.0000961486
        0.0005314137  -0.0040748850  -0.0017307235   0.0014304680  -0.0010905830
        0.0010841044   0.0036834583   0.0097141499  -0.0074265783  -0.0239666947
       -0.1014768448  -0.1756305802   0.0375110514   0.0000443286   0.0000462938
       -0.0004349222  -0.0003008961   0.0010256104  -0.0003975031   0.0004219125
       -0.0000189056   0.0003514538   0.0009569256  -0.0000909155  -0.0003767619
       -0.0000453820   0.0004003543   0.0003868701   0.0172250725  -0.0035320696
        0.0182726161  -0.0064623114   0.0004675361  -0.0083313673
       -0.0000075144   0.0003485225   0.0005818521   0.0005387630  -0.0001885866
       -0.0004492393  -0.0003116340   0.0008876311  -0.0005460879   0.0000958354
        0.0000897604   0.0000154361   0.0000512705  -0.0000838681   0.0000317620
        0.0004777210   0.0002073164  -0.0000051023  -0.0002203629   0.0001802133
        0.0001965774  -0.0000278538  -0.0000216019  -0.0000249456   0.0000287395
       -0.0000264999  -0.0000206453  -0.0000507825  -0.0000234903   0.0000040424
        0.0000076825  -0.0000572559  -0.0000300172   0.0000286818   0.0000468026
        0.0000086345  -0.0000556968   0.0000308994   0.0000277961   0.0001165747
        0.0000158861  -0.0000376902  -0.0000061504  -0.0000880263  -0.0000478796
       -0.0000732060  -0.0002232228  -0.0001668173  -0.0017885750  -0.0047129472
        0.0088476427  -0.0008664535  -0.0006337798   0.0001844018   0.0109478053
        0.0043976378  -0.0090447942   0.0339266784  -0.0109272914  -0.1531980562
       -0.0123198299  -0.0101635596   0.4249692207   0.0048128587  -0.0068522954
       -0.0388341321   0.0002866008   0.0008376055  -0.0069430862   0.0003150199
       -0.0009466327   0.0007573181   0.0001221477  -0.0008508771   0.0024690694
        0.0012308094  -0.0002377597  -0.0046439111  -0.0005152689   0.0001495277
       -0.0000820502  -0.0490631119  -0.0031038781  -0.1164602792  -0.0000070983
       -0.0000500674  -0.0000022935   0.0000142215  -0.0000059526   0.0000010571
       -0.0000020989  -0.0000009803   0.0000030467   0.0000071863   0.0000006011
       -0.0000005032   0.0000073607  -0.0000051493  -0.0000022914   0.0000000367
       -0.0000130977  -0.0000009441  -0.0000316240   0.0000349636  -0.0002396084
        0.0001152190  -0.0000564167  -0.0002133786  -0.0000671728   0.0000768201
        0.0002739333   0.0004181475   0.0008863270   0.0005652738   0.0053562314
       -0.0042354312  -0.0261700033   0.0032227161  -0.0021124405  -0.0052337134
        0.0262935616   0.0372518330  -0.0500398993   0.0006631878   0.0022485813
       -0.0003194301  -0.0001001743  -0.0012137283   0.0002671281   0.0007036502
       -0.0004276426  -0.0004789724  -0.0003475855   0.0002527653  -0.0001162834
       -0.0001830924   0.0002118401   0.0014846136  -0.0058153584   0.0010690624
       -0.0045683895  -0.0179280631  -0.0019621174  -0.0227683616
        0.0008843832  -0.0011592274  -0.0016695776  -0.0003751302   0.0024651925
        0.0018376045  -0.0003906066   0.0001114730   0.0007033542  -0.0001079857
       -0.0000798120   0.0000262917   0.0000940533   0.0000505238  -0.0001011790
       -0.0008073476  -0.0001049497   0.0002532481   0.0006717859  -0.0000101976
       -0.0002385254  -0.0002312258  -0.0002989780  -0.0000497032  -0.0001542962
        0.0000554710   0.0000861754   0.0001398380   0.0000762518  -0.0000177348
       -0.0000014388   0.0001477783   0.0000647838  -0.0000592883  -0.0000920893
       -0.0000204829   0.0000192950  -0.0001031147  -0.0000543363  -0.0001105510
       -0.0000341552   0.0000216238   0.0001218661   0.0000810459  -0.0000129152
        0.0006656825  -0.0001421897  -0.0004618837   0.0002214562  -0.0006946343
       -0.0006030471  -0.0001128885  -0.0001890951  -0.0001157239   0.0002222124
        0.0006998470  -0.0000121432  -0.0172807552   0.0208648682   0.0105107783
       -0.1314477018   0.0649476673   0.0048128587   0.6524060140  -0.0233193360
       -0.0225308587  -0.0861864952  -0.0356095995  -0.0010034359  -0.0042836517
        0.0193835475   0.0021726271  -0.0703339122   0.0435191747   0.0005896622
       -0.2614564551  -0.0347472215   0.0111027455  -0.0441939971  -0.0384763764
        0.0001587397  -0.0270704234   0.0256893249  -0.0075420940   0.0000315455
        0.0000712259   0.0000488391  -0.0000542567  -0.0000332783   0.0000062418
       -0.0000147884  -0.0000261028  -0.0000066103  -0.0000554230  -0.0000194975
        0.0000099410  -0.0000486953   0.0000081946   0.0000210864   0.0000080156
        0.0000071598   0.0000004089   0.0000670176  -0.0000915528   0.0000685178
        0.0002202069   0.0000924125  -0.0000475339   0.0001616939  -0.0003675535
       -0.0000686920  -0.0004494103  -0.0002769671   0.0003116709   0.0009078439
       -0.0008939371  -0.0013068351  -0.0019450663   0.0016717319   0.0037931187
        0.0069838685  -0.0047733181  -0.0003926755  -0.0024604987  -0.0206790042
        0.0036383109  -0.0056663201  -0.0270744702  -0.0037687869  -0.0005487699
        0.0012163501   0.0010471056  -0.0037873735   0.0015582413   0.0004995599
       -0.0005756438   0.0055884683   0.0005053234  -0.0048851262   0.0009824463
       -0.0040254585   0.0012687441   0.0000082614   0.0017596156
       -0.0017286143   0.0012135921   0.0005876028   0.0006539769  -0.0018434359
       -0.0019255558   0.0001965674  -0.0000938350  -0.0000131917   0.0000198752
       -0.0000257935  -0.0000756541   0.0000242877   0.0000137562  -0.0000089791
       -0.0001231483  -0.0000560043   0.0000484772   0.0000673032  -0.0001197649
       -0.0000800930   0.0000136640   0.0000760520   0.0000071871  -0.0000012345
       -0.0000049368   0.0000090707   0.0000130917   0.0000040355  -0.0000059259
       -0.0000082996   0.0000199748   0.0000102460  -0.0000131267  -0.0000168557
       -0.0000025736   0.0000191167  -0.0000126634  -0.0000147150  -0.0000598908
        0.0000005040   0.0000242459   0.0000025730   0.0000397622   0.0000166431
        0.0000132266   0.0002004810   0.0000798541  -0.0001031831   0.0014047658
        0.0003556090   0.0002116289  -0.0001833011   0.0000249891   0.0000217785
       -0.0003611920  -0.0002022769   0.0137946205  -0.0099285208  -0.0108150699
        0.0645843328  -0.1610851021  -0.0068522954  -0.0233193360   0.6222747852
        0.0286779806  -0.0323176468  -0.2052300477  -0.0119995608   0.0183391614
       -0.0303506645  -0.0026581610   0.0371480598  -0.0109217928  -0.0054123334
       -0.0363720399  -0.0853324782   0.0017057904  -0.0552530939  -0.0264787382
        0.0009864815   0.0093833734  -0.0030301008   0.0069124085   0.0000389083
        0.0000465609   0.0000582225  -0.0000016464  -0.0000029990   0.0000029621
        0.0000055707   0.0000031413   0.0000012466  -0.0000003186  -0.0000003679
        0.0000014811  -0.0000033856  -0.0000000896   0.0000041606  -0.0000013917
        0.0000043142   0.0000055437   0.0000167164  -0.0000299363  -0.0000258714
       -0.0001645796   0.0001503075  -0.0000473281   0.0000741564   0.0001789399
       -0.0000795299   0.0003072945   0.0001710110  -0.0000842727  -0.0002569681
        0.0003993975   0.0003677540   0.0016449436   0.0001228980  -0.0025126671
        0.0150402914  -0.0383499295  -0.0000490137  -0.0101898551  -0.0280197582
        0.0116147171  -0.0082594027  -0.0185599917  -0.0071108292   0.0016275251
       -0.0005503370   0.0000588846   0.0022273359  -0.0006493142  -0.0016300832
        0.0016988316  -0.0060757923  -0.0000770742   0.0013303891   0.0007336803
        0.0003091043  -0.0003414391   0.0002557844  -0.0001876076
       -0.0012854831   0.0000113624   0.0004384639   0.0012159587  -0.0001886158
       -0.0010625051  -0.0001530581  -0.0001545640   0.0000656670   0.0000036882
       -0.0000168047   0.0000272062  -0.0000251539   0.0000023681   0.0000100513
       -0.0002459876  -0.0000679808   0.0000260577   0.0000695029  -0.0001145850
       -0.0000902926   0.0000271145   0.0000294525   0.0000352720  -0.0000271824
        0.0000081730   0.0000026431   0.0000270578   0.0000159580   0.0000037834
       -0.0000005112   0.0000296071   0.0000177478  -0.0000162967  -0.0000257572
       -0.0000028620   0.0000225928  -0.0000169928  -0.0000083837  -0.0000649285
       -0.0000084556   0.0000149828   0.0000160099   0.0000414822   0.0000258453
        0.0000243643   0.0000483173   0.0000601617   0.0000444463   0.0002744377
        0.0007359609   0.0000899739  -0.0002320989  -0.0007288565  -0.0003946415
       -0.0001444076   0.0003540004   0.0155277849  -0.0213787960  -0.0021265778
        0.0068254895  -0.0086425458  -0.0388341321  -0.0225308587   0.0286779806
        0.0829973510  -0.0001383524  -0.0072775793  -0.0444485310   0.0000275402
       -0.0058847065   0.0009854755   0.0044709770  -0.0025262214   0.0097844040
        0.0082249715  -0.0015898353  -0.0325435260   0.0000215154   0.0000826425
        0.0110787841  -0.0115337725   0.0137115103   0.0005394691   0.0000249678
        0.0000519786   0.0000107783  -0.0000215192  -0.0000028570   0.0000055885
        0.0000024231   0.0000015768   0.0000003056  -0.0000036493   0.0000017053
        0.0000029399  -0.0000034271   0.0000050775   0.0000005739  -0.0000016881
        0.0000090961  -0.0000024872  -0.0000241571   0.0000017880   0.0002098824
        0.0000066817   0.0000633214   0.0000685891  -0.0003490683  -0.0002767541
        0.0001860494  -0.0000778251   0.0001525766   0.0002024904   0.0007795981
       -0.0001778515   0.0026824043   0.0029199775  -0.0017462589  -0.0041231450
       -0.0026940811   0.0025682330   0.0018008367   0.0054599138   0.0231082418
        0.0069095508  -0.0040906963  -0.0195749561   0.0029418458   0.0000512137
        0.0009623299   0.0003810113   0.0004054402  -0.0004250318  -0.0000388082
        0.0002981206  -0.0005609819   0.0016012330  -0.0034307883   0.0005506425
       -0.0021015697   0.0005258022   0.0006247785   0.0019042704
       -0.0012563125  -0.0001094641  -0.0009665563   0.0003726639   0.0009567511
        0.0000670361  -0.0002289984  -0.0000805338  -0.0000706509   0.0000467657
        0.0001232995   0.0000966665  -0.0000153125  -0.0000035319   0.0000164139
        0.0001016690   0.0000393994  -0.0000245982  -0.0000706394   0.0000114455
        0.0000288989   0.0000342735   0.0000097322   0.0000025589   0.0000013742
       -0.0000002656  -0.0000071304   0.0000030249   0.0000027640   0.0000015624
        0.0000028338  -0.0000122947  -0.0000058839   0.0000010441   0.0000073502
        0.0000027437  -0.0000004852   0.0000082954   0.0000055170   0.0000232392
       -0.0000061175  -0.0000106942  -0.0000167480  -0.0000157525  -0.0000004666
       -0.0001085433  -0.0001481557  -0.0000557751   0.0000437017  -0.0010247569
        0.0000832803   0.0000569960  -0.0000448885  -0.0002191605   0.0002012137
       -0.0002625694   0.0000449295  -0.0007499541   0.0007644044   0.0001113632
        0.0068088167   0.0148358786   0.0002866008  -0.0861864952  -0.0323176468
       -0.0001383524   0.5135434615   0.0496217179   0.0231684851  -0.1482249663
        0.0374682112   0.0201422958  -0.0395155613  -0.0076004507   0.0035137627
       -0.0084939948  -0.0216424163  -0.0009525409  -0.0088762810  -0.0041752083
        0.0005405883   0.0004390990   0.0004067630   0.0000420640  -0.0000338143
       -0.0000349719  -0.0000318822  -0.0000079448   0.0000058735   0.0000001068
       -0.0000014123   0.0000027722   0.0000002515   0.0000040484   0.0000029512
       -0.0000010441   0.0000052052  -0.0000014553  -0.0000037459  -0.0000012388
       -0.0000027327  -0.0000018278  -0.0000512856   0.0000351245   0.0000585948
       -0.0000147399  -0.0000135299   0.0000109694  -0.0007601303   0.0005977491
        0.0003039501  -0.0000781569   0.0001296158   0.0000299497   0.0000314001
        0.0000376136   0.0000014879  -0.0001910915   0.0000020167   0.0003999174
       -0.0023401946   0.0034046662   0.0000427576  -0.0673339858  -0.0226008514
        0.0637001404  -0.1393342951  -0.0239492104  -0.1130652501  -0.0068658264
        0.0035152615   0.0043050225  -0.0078183599   0.0052688379   0.0012102184
       -0.0028870710  -0.0035125609  -0.0024019779  -0.0002309628  -0.0000327622
       -0.0002199811  -0.0000260289   0.0003336331  -0.0000406150
        0.0012121985  -0.0007924021  -0.0001196054  -0.0000307006   0.0012650162
        0.0011618316  -0.0002701702  -0.0000810218  -0.0000859745   0.0000642392
        0.0000475266   0.0000581626  -0.0000105403   0.0000135093   0.0000185840
        0.0001873039   0.0000683628  -0.0000606339  -0.0001337216   0.0000700020
        0.0000730156   0.0000324558  -0.0000042048   0.0000077509   0.0000190632
       -0.0000068417  -0.0000203643  -0.0000165162  -0.0000050842   0.0000059654
        0.0000075345  -0.0000325477  -0.0000168016   0.0000090485   0.0000204797
        0.0000053033  -0.0000115294   0.0000261238   0.0000174987   0.0000405905
       -0.0000054001  -0.0000185229  -0.0000136437  -0.0000216339  -0.0000028332
       -0.0001578937  -0.0001625249  -0.0000079395  -0.0003420688  -0.0010318285
        0.0002561945  -0.0002806792  -0.0000628588  -0.0000871624   0.0003734027
        0.0005919555  -0.0002358276  -0.0009225238   0.0012825505   0.0002425592
       -0.0034937468  -0.0192533141   0.0008376055  -0.0356095995  -0.2052300477
       -0.0072775793   0.0496217179   0.4272504923  -0.0083551285   0.0429884369
       -0.0790597499  -0.0099118392  -0.0097575038   0.0034916179   0.0045779158
       -0.0237547733  -0.0148444320  -0.0001712083  -0.0002693362   0.0007919856
       -0.0003476693  -0.0003355092   0.0019957324  -0.0002847385  -0.0000040632
       -0.0000316537  -0.0000351365   0.0000036065   0.0000139293  -0.0000040437
       -0.0000018074   0.0000014938  -0.0000014828   0.0000069262   0.0000053578
       -0.0000037390   0.0000098791  -0.0000001490  -0.0000080222  -0.0000027503
       -0.0000051821  -0.0000054927  -0.0001056636  -0.0000264579   0.0000289575
        0.0001368458  -0.0001466937   0.0000557838  -0.0001835124  -0.0003746559
        0.0001332339   0.0000491279  -0.0003208534  -0.0000047026   0.0001117274
        0.0000176240  -0.0002048096  -0.0000464174  -0.0000071444  -0.0000358556
        0.0020466130  -0.0031184143  -0.0004467698  -0.0209489175  -0.0542132498
        0.0534506041  -0.0257295018  -0.0438897125  -0.0270335926   0.0068439398
       -0.0017772374  -0.0023657198   0.0203095886  -0.0094181776  -0.0029058775
       -0.0016307554  -0.0032819663  -0.0006672976  -0.0003532679   0.0000148123
       -0.0003493815   0.0003428672   0.0002368682   0.0001447855
       -0.0006615742  -0.0000090136  -0.0012165774  -0.0000009728   0.0000452677
        0.0007011096  -0.0001794721   0.0000204200   0.0000401853   0.0000673772
        0.0000940079   0.0000130187  -0.0000411228   0.0000145545   0.0000196877
        0.0003302096   0.0001031074  -0.0000477434  -0.0001245052   0.0000691781
        0.0000907293   0.0000172200   0.0000291601  -0.0000272975   0.0000273786
       -0.0000096859  -0.0000037844  -0.0000238836  -0.0000169956  -0.0000041080
       -0.0000019453  -0.0000317001  -0.0000158505   0.0000183237   0.0000281377
        0.0000057819  -0.0000193867   0.0000139557   0.0000106075   0.0000552025
        0.0000085052  -0.0000136793  -0.0000180874  -0.0000525289  -0.0000246829
       -0.0001190125  -0.0001523357  -0.0000521583   0.0000704529  -0.0003848201
        0.0000638412  -0.0000583325   0.0000860965   0.0003310189  -0.0002094729
       -0.0000413839   0.0000294814   0.0011687646  -0.0016193540   0.0001533937
       -0.0019365876   0.0002109148  -0.0069430862  -0.0010034359  -0.0119995608
       -0.0444485310   0.0231684851  -0.0083551285   0.5104263352   0.0216087406
       -0.0078651023  -0.0731508290  -0.0041769490   0.0021331201   0.0022394997
       -0.0010200251  -0.0006723475  -0.0037935818   0.0001211783   0.0000763537
        0.0048997367   0.0003859700   0.0011627982   0.0005057791  -0.0000265722
       -0.0000524235  -0.0000235759   0.0000222936   0.0000028084  -0.0000059609
       -0.0000010225   0.0000010323   0.0000012072   0.0000059908  -0.0000006315
       -0.0000009193   0.0000047149  -0.0000059959   0.0000021707   0.0000003388
       -0.0000080048   0.0000051440   0.0000477240  -0.0000094318  -0.0000534888
       -0.0000055175   0.0000355348  -0.0001118075   0.0010457330  -0.0003492846
       -0.0004730176  -0.0000300149   0.0000773193  -0.0000680282  -0.0001313053
       -0.0002833146  -0.0004581546   0.0002376308  -0.0000136192  -0.0004984450
       -0.0002226365   0.0018374141   0.0009109141   0.0620598681   0.0579081786
       -0.2135153738  -0.1106761978  -0.0264821722  -0.1717005556   0.0238418174
       -0.0117771385  -0.0069738372  -0.0128490200   0.0068575417   0.0028206767
       -0.0001934770  -0.0010235891   0.0010057863  -0.0003020054   0.0001173903
       -0.0001915709  -0.0002728794   0.0002827652  -0.0004594599
        0.0007298884  -0.0004327727  -0.0001033640  -0.0006936275   0.0007046065
        0.0008244137   0.0000828808   0.0001937874  -0.0000841395  -0.0000443408
       -0.0000007121   0.0000361085   0.0000067736  -0.0000425576  -0.0000064810
        0.0000183956   0.0000124233   0.0000044056  -0.0000272899   0.0000497639
        0.0000283954  -0.0000181676  -0.0000246607   0.0000003201   0.0000008241
       -0.0000027602  -0.0000039160  -0.0000138914  -0.0000083146   0.0000014023
       -0.0000028137  -0.0000138702  -0.0000053799   0.0000042714   0.0000122197
        0.0000033656  -0.0000098666   0.0000088334   0.0000074355   0.0000197018
        0.0000032717  -0.0000044526   0.0000112327  -0.0000216544  -0.0000149263
        0.0000740740  -0.0000850951  -0.0000580309  -0.0001285155  -0.0004885189
       -0.0003310151  -0.0000060540  -0.0000102405  -0.0000058803   0.0000227600
       -0.0000571130   0.0000251044  -0.0000968803   0.0002030967  -0.0000258304
       -0.0001084832  -0.0013846264   0.0003150199  -0.0042836517   0.0183391614
        0.0000275402  -0.1482249663   0.0429884369   0.0216087406   0.4120363956
       -0.0232335526   0.0007635719  -0.1359578448  -0.0724264066  -0.0145987250
        0.0116245242  -0.0111446071   0.0005996165  -0.0005940355   0.0061884039
        0.0002368402   0.0002136073   0.0001144526   0.0000393505  -0.0000361738
        0.0000030159  -0.0000153870  -0.0000114612   0.0000021259  -0.0000005279
       -0.0000005352   0.0000023102  -0.0000001422   0.0000036826   0.0000016159
       -0.0000018918   0.0000036948  -0.0000018947  -0.0000031552   0.0000004051
       -0.0000039925  -0.0000022569  -0.0000048743   0.0000299693  -0.0000011733
        0.0000149461  -0.0000454949   0.0000132063  -0.0000691688   0.0000231414
        0.0000341787  -0.0000561252   0.0000860236  -0.0000321430  -0.0000257849
        0.0000230326  -0.0000936169  -0.0000276433   0.0000035818   0.0001555499
        0.0003331496  -0.0001347603   0.0000583459  -0.0121652141   0.0059916256
        0.0054247419  -0.0197453211   0.0089688688   0.0022916469  -0.0406476979
        0.0076181830   0.0179755044  -0.0474461724   0.0368957095  -0.0283432889
       -0.0146286652  -0.0189303428  -0.0066900569  -0.0000513578  -0.0000686781
       -0.0000735130  -0.0000745838   0.0000949651   0.0000244888
       -0.0000848510  -0.0002551535  -0.0003337718   0.0001910362   0.0006226028
        0.0003917680  -0.0001275750  -0.0000000293   0.0000995983  -0.0000196660
        0.0000262159   0.0000509788  -0.0000167038  -0.0000016327   0.0000060310
       -0.0000313299   0.0000082853   0.0000105689   0.0000455674   0.0000473411
        0.0000020464  -0.0000221755  -0.0000590160  -0.0000091651  -0.0000183002
        0.0000147025   0.0000101671   0.0000096716   0.0000033786  -0.0000018677
       -0.0000025660   0.0000076918   0.0000038837  -0.0000011319   0.0000004403
        0.0000005232  -0.0000015123  -0.0000043926  -0.0000027828   0.0000054269
       -0.0000037185  -0.0000044684   0.0000100524  -0.0000171012  -0.0000123552
        0.0001169277  -0.0001266426  -0.0001236264  -0.0002015505  -0.0002479951
       -0.0002642515   0.0000019966  -0.0000415120  -0.0000410461  -0.0000034938
        0.0000567692   0.0000705739   0.0001048986  -0.0001822779  -0.0000588304
       -0.0028658754  -0.0048575944  -0.0009466327   0.0193835475  -0.0303506645
       -0.0058847065   0.0374682112  -0.0790597499  -0.0078651023  -0.0232335526
        0.5336814103  -0.0068122161  -0.0694337608  -0.1543601026  -0.0287565548
       -0.0058781361  -0.0365816471  -0.0076362425   0.0031713118  -0.0071812667
       -0.0007868765  -0.0003056581   0.0004677193  -0.0000598293  -0.0000203438
        0.0000084916  -0.0000081822  -0.0000097518  -0.0000011464  -0.0000003641
       -0.0000023022  -0.0000014784  -0.0000017809  -0.0000025823  -0.0000007100
       -0.0000015638  -0.0000012723  -0.0000003502  -0.0000017229   0.0000004902
       -0.0000011230  -0.0000018535  -0.0000148808  -0.0000022879   0.0000192916
       -0.0000039113   0.0000116956  -0.0000094030   0.0000749398   0.0000553554
       -0.0000885275  -0.0000370254   0.0000275843   0.0000334584   0.0000210428
       -0.0000734575  -0.0000522768   0.0000309738   0.0000759853  -0.0001227633
        0.0011004830  -0.0014950410   0.0000576429  -0.0029995504   0.0022794409
       -0.0000611717  -0.0013939779   0.0024527078   0.0004938644   0.0068245059
       -0.0562494354  -0.0483911701   0.0364048433  -0.1709635964   0.1056121619
        0.0017813930   0.0021818437   0.0013946599  -0.0000883667   0.0000841407
       -0.0000213769   0.0000744843   0.0000053204   0.0001052640
        0.0001737908  -0.0001004086  -0.0004615107  -0.0003181579   0.0003540322
        0.0004316813   0.0000740716   0.0000538493  -0.0000202834  -0.0000315722
        0.0000154781  -0.0000001365   0.0000003324  -0.0000006462  -0.0000075380
        0.0000356535  -0.0000011982  -0.0000070658  -0.0000168428   0.0000275284
        0.0000251238  -0.0000070020  -0.0000070990  -0.0000146113   0.0000066938
        0.0000005048   0.0000028637  -0.0000093448  -0.0000063453  -0.0000013877
       -0.0000008905  -0.0000071372  -0.0000025290   0.0000068074   0.0000071925
        0.0000021918  -0.0000059478   0.0000020892   0.0000030260   0.0000083999
        0.0000028830  -0.0000000559  -0.0000038517  -0.0000143522  -0.0000065881
        0.0000407941  -0.0000363356  -0.0000415034   0.0000230954  -0.0002681845
       -0.0004065922  -0.0000249637  -0.0000302219   0.0000734902   0.0001835904
        0.0000147190  -0.0001550475  -0.0000154833   0.0002024633   0.0000453623
       -0.0001728354  -0.0000529946   0.0007573181   0.0021726271  -0.0026581610
        0.0009854755   0.0201422958  -0.0099118392  -0.0731508290   0.0007635719
       -0.0068122161   0.5053105066  -0.0215139022  -0.0447206975  -0.0572404355
       -0.0020267556   0.0032173292  -0.0028541225  -0.0006040550   0.0002054890
        0.0040681284   0.0000079190  -0.0000442292   0.0000996733  -0.0000160431
       -0.0000010475   0.0000164701   0.0000016016   0.0000007655   0.0000035423
        0.0000012912  -0.0000005113   0.0000016174   0.0000025829  -0.0000020390
        0.0000009255   0.0000021536  -0.0000034014   0.0000025602   0.0000002140
       -0.0000031653   0.0000035342  -0.0000096914  -0.0000074869  -0.0000189036
        0.0000044511  -0.0000096903   0.0000027703  -0.0000618818   0.0000283990
        0.0000601349   0.0000517251  -0.0000898778  -0.0000125051   0.0000266442
       -0.0000446534  -0.0000927580  -0.0000564253   0.0000353168   0.0000051199
        0.0001027073   0.0000251453   0.0000508020   0.0243769239  -0.0094799475
       -0.0072904466  -0.0157854005   0.0073409659   0.0034330933   0.0142434753
       -0.0496905578  -0.2416357466  -0.0262448060   0.1045196793  -0.1288222779
        0.0045772198   0.0079641472  -0.0031520609   0.0000226298   0.0000092625
        0.0000189706  -0.0001274097  -0.0000227950  -0.0000094468
        0.0000178906  -0.0004538561  -0.0005537743   0.0005141762   0.0011995770
        0.0008971924  -0.0002093867  -0.0000687987   0.0001053255  -0.0000897237
       -0.0000099618   0.0000499662   0.0000089584  -0.0000072509  -0.0000159614
       -0.0001919091  -0.0000172406   0.0000680972   0.0001718294  -0.0000226167
       -0.0000713721  -0.0000779785  -0.0000822095  -0.0000019873  -0.0000508012
       -0.0000000800   0.0000170998   0.0000503108   0.0000373663  -0.0000000696
        0.0000081113   0.0000438421   0.0000175175  -0.0000222480  -0.0000333245
       -0.0000063304  -0.0000066434  -0.0000255002  -0.0000066426  -0.0000193645
       -0.0000156589  -0.0000016754   0.0000620105   0.0000454631  -0.0000037375
        0.0001517080  -0.0000894610  -0.0001588838  -0.0002980120  -0.0004066912
       -0.0004833239   0.0001327987  -0.0001635838  -0.0000905882   0.0001152073
        0.0001908518   0.0000955569  -0.0009971383   0.0012198818  -0.0000358678
       -0.0063312208  -0.0049892446   0.0001221477  -0.0703339122   0.0371480598
        0.0044709770  -0.0395155613  -0.0097575038  -0.0041769490  -0.1359578448
       -0.0694337608  -0.0215139022   0.7341554906  -0.0207531989  -0.1075516963
       -0.1234920556   0.0806001580   0.0014973672   0.0157095118  -0.0176097681
       -0.0001884547  -0.0010432361   0.0018115960  -0.0001169689   0.0000123644
        0.0000407221   0.0000105209  -0.0000287516  -0.0000169280  -0.0000006674
       -0.0000067964  -0.0000144863  -0.0000048501  -0.0000252037  -0.0000062309
        0.0000057001  -0.0000187044   0.0000076488   0.0000096655   0.0000064363
        0.0000042551  -0.0000014806  -0.0000103091  -0.0000286927   0.0000535566
        0.0001048636  -0.0000093838  -0.0000005513  -0.0000066645   0.0000298482
       -0.0001646451  -0.0001455437   0.0000078320   0.0000823802  -0.0000228430
       -0.0000150392  -0.0001566712  -0.0001174800   0.0000479149   0.0003369776
        0.0006769848  -0.0012371236   0.0000876505  -0.0016139204   0.0008075367
        0.0001713006  -0.0040890917   0.0021518573   0.0019667384  -0.0013288559
       -0.0075671042  -0.0084760724   0.0027284452  -0.0042485515   0.0033698605
       -0.3682282145   0.0116555071   0.1302196547  -0.0004100998  -0.0000200005
       -0.0002752627   0.0000624169   0.0000533326   0.0004031330
       -0.0010325605   0.0013233244   0.0010970983   0.0001999494  -0.0026005295
       -0.0021269792   0.0004063339  -0.0000233970  -0.0002250363   0.0000674239
       -0.0000507769  -0.0001243933   0.0000538253   0.0000247946  -0.0000018304
        0.0001110148  -0.0000442171  -0.0000417055  -0.0001751129  -0.0001581422
       -0.0000055133   0.0001003894   0.0002080862   0.0000357458   0.0000572691
       -0.0000494183  -0.0000346705  -0.0000305594  -0.0000112371   0.0000043383
        0.0000037836  -0.0000362167  -0.0000185462  -0.0000052168   0.0000041909
        0.0000027999   0.0000110457   0.0000323641   0.0000080693  -0.0000230623
        0.0000053326   0.0000144266  -0.0000401274   0.0000430651   0.0000365319
       -0.0003018307   0.0003531321   0.0003486418   0.0006069715   0.0013531084
        0.0007821810   0.0000111241   0.0001313893   0.0001118768  -0.0001606266
       -0.0003107409  -0.0000173709   0.0008824279  -0.0010892388   0.0000856594
        0.0007318755   0.0033723679  -0.0008508771   0.0435191747  -0.0109217928
       -0.0025262214  -0.0076004507   0.0034916179   0.0021331201  -0.0724264066
       -0.1543601026  -0.0447206975  -0.0207531989   0.5632357040   0.0897358943
        0.0752280483  -0.2314541139   0.0001204297   0.0082537963  -0.0763493763
       -0.0045402053  -0.0002247885  -0.0011702906   0.0001129450   0.0000490359
       -0.0000002806   0.0000320768   0.0000286527   0.0000114413   0.0000037234
        0.0000114978   0.0000100727   0.0000044892   0.0000163178   0.0000063648
        0.0000001164   0.0000128792  -0.0000010690  -0.0000029280  -0.0000047951
        0.0000032183   0.0000051150   0.0001012089   0.0000309941  -0.0000837478
       -0.0001516629   0.0000558212  -0.0000004369   0.0000861303   0.0001029746
        0.0000291030   0.0002365190   0.0000466175  -0.0001018081   0.0000277164
       -0.0001052611   0.0002617572   0.0000844284   0.0000024740  -0.0003979761
       -0.0019459406   0.0010482987  -0.0002816530   0.0004706345   0.0009064819
       -0.0008756150   0.0012761091  -0.0005833460   0.0007026601  -0.0180606104
       -0.0203372457  -0.0167696258  -0.0217786681  -0.0299691249  -0.0016304931
        0.0119142092  -0.0462056974  -0.0200998275   0.0002460917   0.0002134934
        0.0001075405  -0.0000902657  -0.0001851147  -0.0002981817
       -0.0004821459   0.0000309055   0.0003292465   0.0005031460  -0.0001194719
       -0.0004412461  -0.0000815880  -0.0000612176   0.0000334834  -0.0000227485
       -0.0000332015   0.0000132192   0.0000274692   0.0000040894  -0.0000082106
       -0.0001506129  -0.0000301564   0.0000294336   0.0000721145  -0.0000568027
       -0.0000589331  -0.0000183350  -0.0000032254   0.0000221887  -0.0000157143
       -0.0000050442  -0.0000046979   0.0000228749   0.0000178409   0.0000010525
        0.0000039557   0.0000212089   0.0000089639  -0.0000124987  -0.0000192317
       -0.0000027450   0.0000052061  -0.0000119760  -0.0000028413  -0.0000251315
       -0.0000064100   0.0000028883   0.0000167654   0.0000389057   0.0000168110
       -0.0000009429   0.0000404024   0.0000191632  -0.0000494685   0.0002013505
        0.0002024695   0.0000712426  -0.0000707740  -0.0001352920  -0.0000356358
        0.0000924157   0.0001096094  -0.0006850351   0.0006815689  -0.0000177339
        0.0016361584  -0.0003960296   0.0024690694   0.0005896622  -0.0054123334
        0.0097844040   0.0035137627   0.0045779158   0.0022394997  -0.0145987250
       -0.0287565548  -0.0572404355  -0.1075516963   0.0897358943   0.1088603380
        0.0178504187  -0.0247432046  -0.0407684241   0.0031314288  -0.0016221688
        0.0122433023   0.0004400789  -0.0005628840  -0.0001292928   0.0000216890
        0.0000298033  -0.0000011521  -0.0000141046  -0.0000004347   0.0000002599
       -0.0000016914  -0.0000008673  -0.0000039578  -0.0000088313  -0.0000000791
       -0.0000000915  -0.0000067372   0.0000037408   0.0000017151   0.0000006992
        0.0000030008  -0.0000016744  -0.0000183133  -0.0000021433   0.0000574873
        0.0000218811   0.0000002591   0.0000586316  -0.0000694327  -0.0000579935
       -0.0000482889  -0.0000948223  -0.0000228369   0.0000893827  -0.0000873287
        0.0001455064   0.0001411059  -0.0000892327   0.0000315531   0.0002737411
        0.0000153334  -0.0001021128   0.0000083149  -0.0007379218  -0.0009677321
        0.0002302204   0.0005475447  -0.0002970904   0.0001352380  -0.0199632569
       -0.0262847459  -0.0051108533   0.0085057067   0.0065075640   0.0079897473
        0.1074774266  -0.0124215919  -0.0417663764   0.0001285035  -0.0000428971
        0.0001754128   0.0002188832  -0.0000527138   0.0001958468
        0.0006879587   0.0016728740   0.0026010092  -0.0024803754  -0.0045080913
       -0.0033478702   0.0012026417   0.0002470806  -0.0007373629   0.0001958820
       -0.0000601934  -0.0001732632   0.0000013169  -0.0000004588   0.0000813424
        0.0010521242   0.0001553771  -0.0003597818  -0.0009124338   0.0000620640
        0.0003296640   0.0003183979   0.0003977930   0.0000719266   0.0002500872
       -0.0000804073  -0.0001367371  -0.0002138338  -0.0001237049   0.0000267170
       -0.0000003474  -0.0002242818  -0.0000963469   0.0000835288   0.0001376126
        0.0000321505  -0.0000101239   0.0001575621   0.0000785146   0.0001469030
        0.0000535284  -0.0000241321  -0.0001793901  -0.0001116989   0.0000281324
       -0.0009127607   0.0003729313   0.0008591511   0.0009212349   0.0010089489
        0.0018475170  -0.0005618844   0.0007804203   0.0003073665  -0.0004742491
       -0.0004690754  -0.0000135071   0.0025572456  -0.0023667874  -0.0012469316
       -0.0291935690   0.0184019664   0.0012308094  -0.2614564551  -0.0363720399
        0.0082249715  -0.0084939948  -0.0237547733  -0.0010200251   0.0116245242
       -0.0058781361  -0.0020267556  -0.1234920556   0.0752280483   0.0178504187
        0.6171502921   0.1827308089  -0.0088388378  -0.1882308803  -0.2292409351
       -0.0076749516   0.0009259237  -0.0012571110   0.0012157560  -0.0000194859
       -0.0000975573  -0.0000574239   0.0001040004   0.0000646070  -0.0000115021
        0.0000260556   0.0000387493   0.0000088675   0.0000882510   0.0000283731
       -0.0000161362   0.0000780051  -0.0000133621  -0.0000349019  -0.0000117235
       -0.0000091452  -0.0000019837   0.0001444059   0.0001063627  -0.0002440344
       -0.0001501157  -0.0002558047   0.0000899628  -0.0004575845  -0.0003758860
        0.0005626915   0.0006517516  -0.0001262495  -0.0005433081   0.0002644715
        0.0007134827   0.0005888753   0.0008668768  -0.0007090467  -0.0007147790
        0.0012246923  -0.0005166837   0.0000354229   0.0003606423   0.0046692045
       -0.0023287359  -0.0006321744   0.0022582752   0.0010282607  -0.0032440915
       -0.0042681119  -0.0032117093  -0.0031866252  -0.0046886816   0.0001102874
       -0.0171011628   0.0261699903  -0.0029690663   0.0009501823  -0.0000904175
       -0.0000398814  -0.0004620789   0.0001425799  -0.0013398496
        0.0022506182  -0.0013203431  -0.0004087426  -0.0017046956   0.0018386175
        0.0018055391   0.0001001739   0.0000737417  -0.0001694944  -0.0000670209
       -0.0000092257   0.0000899847  -0.0000404263  -0.0000195327   0.0000431526
        0.0004160500   0.0001873338  -0.0001119814  -0.0002239744   0.0002109505
        0.0001574166   0.0000041465  -0.0000708524   0.0000048147   0.0000664621
        0.0000000521  -0.0000415247  -0.0000524697  -0.0000238433   0.0000135936
        0.0000086322  -0.0000608855  -0.0000275041   0.0000425622   0.0000554212
        0.0000092275  -0.0000258070   0.0000429928   0.0000321273   0.0001268105
        0.0000158387  -0.0000425198  -0.0000419844  -0.0000841015  -0.0000220276
       -0.0002649541  -0.0003350274   0.0000042818  -0.0006764357  -0.0018083257
       -0.0002508588  -0.0004671079   0.0002129641  -0.0000101878   0.0001237405
        0.0002676727  -0.0002148346   0.0025206267  -0.0024744906  -0.0007159719
        0.0179345339   0.0058721044  -0.0002377597  -0.0347472215  -0.0853324782
       -0.0015898353  -0.0216424163  -0.0148444320  -0.0006723475  -0.0111446071
       -0.0365816471   0.0032173292   0.0806001580  -0.2314541139  -0.0247432046
        0.1827308089   0.9255107537   0.0319018262  -0.2318960703  -0.5497154647
       -0.0154872916   0.0046486438  -0.0029052829   0.0005135281  -0.0000522235
       -0.0000317236  -0.0000586187   0.0000074835   0.0000155908  -0.0000089798
       -0.0000032743  -0.0000010699  -0.0000037908   0.0000107278   0.0000041805
       -0.0000065965   0.0000163432   0.0000017593  -0.0000127716   0.0000014578
       -0.0000023770  -0.0000097927  -0.0001644384   0.0000052674   0.0000004563
        0.0001575300  -0.0002364878   0.0000698862  -0.0005173733  -0.0005608255
        0.0003225452  -0.0000519917  -0.0001138893  -0.0001240670   0.0000501314
        0.0008856631  -0.0005754729   0.0007303766  -0.0008217137  -0.0006048502
        0.0077281742  -0.0040750660   0.0006749472  -0.0017626248  -0.0035236291
        0.0004113213  -0.0023183767  -0.0036573410  -0.0004732275   0.0022592761
        0.0015482276   0.0022916194  -0.0005062035  -0.0020692337  -0.0016148077
        0.0050127458   0.0055466228   0.0063636574   0.0010736589  -0.0007537746
        0.0007472978  -0.0002501751   0.0005914231  -0.0004354906
        0.0010378149  -0.0001624521  -0.0007147518  -0.0010048070   0.0005947324
        0.0009879170   0.0002032441   0.0000353084   0.0000518072  -0.0000477249
       -0.0000116814  -0.0000172664   0.0000095122   0.0000176192  -0.0000154694
        0.0000290950   0.0000077730   0.0000046844   0.0000408667   0.0000205873
        0.0000017748  -0.0000293692  -0.0000281828  -0.0000214128   0.0000070011
       -0.0000014014   0.0000057912   0.0000046800   0.0000051669  -0.0000040023
        0.0000005975   0.0000028174  -0.0000021309   0.0000002999   0.0000009479
       -0.0000025817  -0.0000026151  -0.0000010458  -0.0000053918   0.0000118716
       -0.0000032066  -0.0000028211   0.0000003167   0.0000049310  -0.0000069857
        0.0000057771  -0.0000099495  -0.0000384553  -0.0001272093  -0.0003497853
       -0.0006068185  -0.0000773782   0.0000820387   0.0002451254   0.0001662846
       -0.0001280335  -0.0002420539   0.0025639919  -0.0022901194  -0.0002708570
        0.0019139263  -0.0008460093  -0.0046439111   0.0111027455   0.0017057904
       -0.0325435260  -0.0009525409  -0.0001712083  -0.0037935818   0.0005996165
       -0.0076362425  -0.0028541225   0.0014973672   0.0001204297  -0.0407684241
       -0.0088388378   0.0319018262   0.1599584059  -0.0080941797  -0.0163893283
       -0.0636162101  -0.0030832782   0.0019527014  -0.0004684816  -0.0000104143
       -0.0000210471   0.0000041755   0.0000058071  -0.0000036762  -0.0000010854
       -0.0000030407  -0.0000048655   0.0000002741  -0.0000043348  -0.0000025820
        0.0000003461  -0.0000026444  -0.0000007211   0.0000017820   0.0000016065
       -0.0000015337   0.0000019680  -0.0000121805  -0.0000057216  -0.0001319723
       -0.0000135494  -0.0000084887  -0.0001012640   0.0001232716   0.0002675599
        0.0000011767   0.0000829724   0.0000810157  -0.0001652040   0.0000160987
       -0.0002824199  -0.0010449017   0.0002347481  -0.0003101003  -0.0007700747
       -0.0002626294  -0.0001554976   0.0013642087   0.0013585226   0.0040362390
       -0.0012684381  -0.0015785702  -0.0042025400  -0.0012909654  -0.0021426588
       -0.0030281622  -0.0015717871   0.0015134251   0.0032318389  -0.0005779103
        0.0049727044  -0.0082639205  -0.0039903527  -0.0006276261   0.0001612885
       -0.0005383015  -0.0005885761   0.0000893110  -0.0005379242
       -0.0006265345  -0.0003002112  -0.0007853440   0.0012224128   0.0013158019
        0.0008999062  -0.0003451947  -0.0002063663   0.0001609915  -0.0000975013
        0.0000169132   0.0000502493  -0.0000164995   0.0000093169  -0.0000161122
       -0.0002838857  -0.0000170444   0.0001202868   0.0002989127  -0.0000929631
       -0.0001367561  -0.0000984972  -0.0000781151  -0.0000100358  -0.0000728626
        0.0000130362   0.0000385728   0.0000817491   0.0000498897  -0.0000098921
       -0.0000013781   0.0000799146   0.0000349815  -0.0000293035  -0.0000515188
       -0.0000121401   0.0000033341  -0.0000610084  -0.0000302757  -0.0000489126
       -0.0000185948   0.0000085836   0.0000568913   0.0000600766   0.0000013908
        0.0001225576  -0.0001042596  -0.0002167189  -0.0006784406  -0.0003754757
       -0.0006710164   0.0002718472  -0.0002874807  -0.0001193062   0.0001688835
        0.0000375365   0.0000848607   0.0000542470  -0.0000603004  -0.0004408969
       -0.0016185336  -0.0062181901  -0.0005152689  -0.0441939971  -0.0552530939
        0.0000215154  -0.0088762810  -0.0002693362   0.0001211783  -0.0005940355
        0.0031713118  -0.0006040550   0.0157095118   0.0082537963   0.0031314288
       -0.1882308803  -0.2318960703  -0.0080941797   0.2272340877   0.2886538106
        0.0073716786   0.0007207023  -0.0001995469   0.0004048931   0.0000197340
        0.0000535023   0.0000390454  -0.0000334273  -0.0000244755   0.0000032356
       -0.0000106967  -0.0000148558  -0.0000021579  -0.0000350317  -0.0000110999
        0.0000079609  -0.0000333210   0.0000052834   0.0000163818   0.0000045096
        0.0000043356   0.0000027668  -0.0000301907  -0.0000377008   0.0000804423
        0.0000618143   0.0000848362  -0.0000464103   0.0001471647   0.0001566506
       -0.0002404009  -0.0001928918   0.0000726731   0.0001598111  -0.0001383215
       -0.0001958524  -0.0001682404  -0.0000975880   0.0001429972   0.0000345930
        0.0000881894  -0.0005082215  -0.0001647679  -0.0001965318  -0.0019251053
        0.0001199809   0.0001188468  -0.0022662425  -0.0000109007  -0.0001523179
        0.0002479793   0.0000903390   0.0002687322   0.0007041420   0.0001485717
        0.0001913427  -0.0026013408  -0.0014261450  -0.0001845027   0.0000123736
        0.0001096476   0.0000720883  -0.0000717071   0.0004577276
       -0.0016713931   0.0007161632  -0.0001550571   0.0016052706  -0.0006154114
       -0.0007024140  -0.0002696787  -0.0000714731   0.0002343236   0.0000246802
        0.0000247949  -0.0000421887   0.0000225214   0.0000201975  -0.0000354853
       -0.0004601587  -0.0001544163   0.0001435419   0.0003171026  -0.0001489583
       -0.0001645492  -0.0000569291  -0.0000147740  -0.0000156013  -0.0000884958
        0.0000228614   0.0000570400   0.0000727161   0.0000334926  -0.0000162886
       -0.0000107352   0.0000848080   0.0000391371  -0.0000412323  -0.0000576670
       -0.0000113158   0.0000216075  -0.0000596126  -0.0000383468  -0.0001147167
       -0.0000162450   0.0000346843   0.0000542285   0.0000609871   0.0000037335
        0.0003792825   0.0001546302  -0.0001633670   0.0003668467   0.0011154000
       -0.0000926531   0.0004198101  -0.0002887962  -0.0000228383   0.0000002951
       -0.0001656012   0.0000447562  -0.0009123406   0.0009971703   0.0003833291
        0.0049380078  -0.0046716550   0.0001495277  -0.0384763764  -0.0264787382
        0.0000826425  -0.0041752083   0.0007919856   0.0000763537   0.0061884039
       -0.0071812667   0.0002054890  -0.0176097681  -0.0763493763  -0.0016221688
       -0.2292409351  -0.5497154647  -0.0163893283   0.2886538106   0.6651027618
        0.0196951137  -0.0014225629   0.0006356555  -0.0005362964   0.0000403802
        0.0000506508   0.0000678033  -0.0000191243  -0.0000197251   0.0000091186
       -0.0000020177  -0.0000031045   0.0000033800  -0.0000216511  -0.0000068317
        0.0000073760  -0.0000247286   0.0000007919   0.0000136859   0.0000002135
        0.0000008586   0.0000048081   0.0000955435  -0.0000366574   0.0000348966
       -0.0000951123   0.0002337623  -0.0000613270   0.0003548776   0.0003675351
       -0.0003332488  -0.0000464885   0.0001391700   0.0001801354  -0.0000792970
       -0.0005933357   0.0003618288  -0.0004615343   0.0005960892   0.0002806275
       -0.0023743207   0.0018298543  -0.0005841331   0.0001555455  -0.0015022798
        0.0001901413   0.0008385604  -0.0017649667   0.0001398491  -0.0013137577
       -0.0008613098  -0.0004922617  -0.0025322761  -0.0023621904  -0.0002447884
       -0.0026607113   0.0001609478  -0.0009002006  -0.0004995217   0.0004409353
       -0.0001565509   0.0001313682  -0.0004416463   0.0003370862
       -0.0004017440   0.0000047480   0.0003364321   0.0003787750  -0.0001373310
       -0.0003956347  -0.0000679773  -0.0000538517  -0.0000044945   0.0000143765
       -0.0000050760   0.0000074637  -0.0000133853  -0.0000009087   0.0000104653
       -0.0000383636   0.0000003447   0.0000028742   0.0000173079  -0.0000352991
       -0.0000294592   0.0000156712   0.0000153993   0.0000167356  -0.0000066655
        0.0000061310  -0.0000014010   0.0000093805  -0.0000003341   0.0000000310
       -0.0000042964   0.0000073400   0.0000071775  -0.0000031146  -0.0000037636
        0.0000009952   0.0000089629  -0.0000091345  -0.0000025813  -0.0000175192
       -0.0000003212   0.0000047939  -0.0000001973   0.0000049610   0.0000089073
       -0.0000175123   0.0000098326   0.0000314000   0.0000088943   0.0001033244
        0.0002952991   0.0000752018  -0.0000447386  -0.0002051930  -0.0001207805
        0.0000141475   0.0001644056  -0.0002200248   0.0000847971  -0.0002549667
        0.0000032742  -0.0002558419  -0.0000820502   0.0001587397   0.0009864815
        0.0110787841   0.0005405883  -0.0003476693   0.0048997367   0.0002368402
       -0.0007868765   0.0040681284  -0.0001884547  -0.0045402053   0.0122433023
       -0.0076749516  -0.0154872916  -0.0636162101   0.0073716786   0.0196951137
        0.0318772377   0.0002309896   0.0000425278  -0.0000537840   0.0000031101
        0.0000113087  -0.0000018570  -0.0000018720  -0.0000000690  -0.0000017561
        0.0000003698   0.0000016993  -0.0000005149  -0.0000002610   0.0000008246
       -0.0000001201  -0.0000022500   0.0000010054  -0.0000009594  -0.0000018632
        0.0000042285  -0.0000015471   0.0000090158   0.0000043149   0.0000709640
       -0.0000013898   0.0000117622   0.0000284945   0.0000156674  -0.0000255801
       -0.0000284795  -0.0000565406  -0.0000120177   0.0000820707  -0.0001215661
       -0.0001132236   0.0006690967  -0.0001189455   0.0000648804   0.0000890179
        0.0004709264  -0.0001515775  -0.0015199183  -0.0005511007  -0.0014203674
        0.0002816191   0.0005057182   0.0013049283   0.0002586679   0.0005729607
        0.0010602456   0.0004808848  -0.0006264477  -0.0011372806   0.0000683676
       -0.0007654935   0.0010487747  -0.0011260118   0.0000843468  -0.0000406919
       -0.0000033409   0.0002899215   0.0001203300   0.0002469267
        0.0001714966   0.0005814507   0.0006919823  -0.0131433749  -0.0156841459
       -0.0058715950   0.0046204474  -0.0020842012   0.0020126090  -0.0006976981
       -0.0007131013  -0.0000108783  -0.0001325275  -0.0000549987  -0.0004136226
       -0.0003561175  -0.0001304480  -0.0001294311   0.0001265514   0.0000467471
       -0.0001000441  -0.0000833820  -0.0000226919  -0.0000015349   0.0001061873
       -0.0000213770  -0.0000080849  -0.0000482805  -0.0000376518   0.0000071347
       -0.0000117334  -0.0000292535  -0.0000148064   0.0000062205   0.0000263202
        0.0000078549   0.0000336706   0.0000246267  -0.0000119412   0.0000135328
        0.0000455269   0.0000167447  -0.0001017960  -0.0000077349   0.0000225067
       -0.0000033318   0.0005471247   0.0004486667  -0.1383788452  -0.0616165014
        0.0397650806  -0.0166510285  -0.0058987865   0.0092857266  -0.0000612890
       -0.0006075267  -0.0018123150   0.0058990333  -0.0009809314  -0.0002047026
       -0.1030039701  -0.0049606876  -0.0490631119  -0.0270704234   0.0093833734
       -0.0115337725   0.0004390990  -0.0003355092   0.0003859700   0.0002136073
       -0.0003056581   0.0000079190  -0.0010432361  -0.0002247885   0.0004400789
        0.0009259237   0.0046486438  -0.0030832782   0.0007207023  -0.0014225629
        0.0002309896   0.4435157590  -0.0302071890  -0.0392904265  -0.0000688162
        0.0000199470   0.0000186994  -0.0000413659   0.0000398047   0.0000221144
        0.0000075060   0.0000124757   0.0000054884   0.0000207450   0.0000057710
       -0.0000030847   0.0000178606  -0.0000074343  -0.0000071198  -0.0000031155
       -0.0000043231   0.0000026247  -0.0008128595   0.0002800415   0.0030286329
        0.0001344298  -0.0007974532  -0.0000604718  -0.0000461997   0.0000010752
        0.0001578396  -0.0001201058  -0.0000829413  -0.0002200085  -0.0001037426
        0.0002487351   0.0027693669   0.0002207944  -0.0001042899   0.0000289693
       -0.0155105697  -0.0040375088  -0.0122339466  -0.0000666468  -0.0000407707
       -0.0000347443  -0.0001289810   0.0000096409  -0.0005024347   0.0000131107
       -0.0000106687  -0.0000535151  -0.0000012165  -0.0000378309   0.0000261194
       -0.0000973624   0.0002367430   0.0002297197  -0.0676392788   0.0795053741
       -0.0099822906  -0.0717793830   0.0348055447   0.0750343228
       -0.0022123498  -0.0037132879   0.0014937232  -0.0234311270  -0.0254539567
        0.0016485257  -0.0004574601   0.0001105825  -0.0042927254  -0.0009650894
       -0.0005114973  -0.0002188778  -0.0000099064  -0.0003710489   0.0002522491
       -0.0004603191  -0.0002845768   0.0001592530   0.0001539279  -0.0001073909
       -0.0000199187  -0.0000379678  -0.0000405997   0.0000319429   0.0000186356
        0.0000321473  -0.0000389222  -0.0000194815  -0.0000258871  -0.0000016913
       -0.0000200230  -0.0000060048   0.0000107543  -0.0000048524   0.0000102519
        0.0000056501   0.0000475293   0.0000083977  -0.0000010506  -0.0000412780
        0.0000218356   0.0000295277  -0.0000416320   0.0000137022   0.0000394921
       -0.0000593186   0.0004442242   0.0003214239  -0.0646705666  -0.1121526106
        0.0148933957   0.0046034098   0.0026565211   0.0018396228  -0.0007204822
        0.0001357142  -0.0004913613  -0.0020201374   0.0011206390  -0.0035995383
       -0.0034063360  -0.0588378907  -0.0031038781   0.0256893249  -0.0030301008
        0.0137115103   0.0004067630   0.0019957324   0.0011627982   0.0001144526
        0.0004677193  -0.0000442292   0.0018115960  -0.0011702906  -0.0005628840
       -0.0012571110  -0.0029052829   0.0019527014  -0.0001995469   0.0006356555
        0.0000425278  -0.0302071890   0.5024550821   0.0381417706  -0.0000810429
        0.0000326469   0.0000456451  -0.0000452106   0.0000005364   0.0000483926
        0.0000041275   0.0000115550  -0.0000001209   0.0000143016   0.0000038123
       -0.0000023772   0.0000111371  -0.0000043838  -0.0000108610  -0.0000041257
       -0.0000007342  -0.0000044876   0.0009875717  -0.0000108555  -0.0025738890
        0.0015447823   0.0010871337  -0.0019124420   0.0000531203  -0.0003089431
        0.0002408792   0.0000465591  -0.0001320947  -0.0000927568   0.0005046514
        0.0003019101  -0.0006331074   0.0000430585  -0.0000309174  -0.0002822474
       -0.0155309502  -0.0037032502  -0.0129231776   0.0000461111  -0.0003393537
        0.0003161383   0.0001935190  -0.0002770871  -0.0005191784  -0.0001190256
        0.0000202366   0.0000134038   0.0000180133  -0.0000408251   0.0000410727
        0.0001594217  -0.0002759231  -0.0003680602   0.0779411389  -0.2240882136
        0.0270126325   0.0316093764  -0.0737430288  -0.0717572505
       -0.0014303639  -0.0027429470  -0.0014024499  -0.0124794153  -0.0032632300
        0.0055416411   0.0005721984  -0.0054016965   0.0009870495  -0.0007759191
       -0.0003347290   0.0003033837  -0.0002031092  -0.0000267515  -0.0002811832
       -0.0004261302  -0.0002469861  -0.0000825748   0.0002603137  -0.0002278117
       -0.0002804161   0.0000251928   0.0000528325   0.0000041889  -0.0000210479
        0.0000209030   0.0000456439   0.0000719908   0.0000521232  -0.0000032398
        0.0000024628   0.0000724588   0.0000275190  -0.0000404333  -0.0000653440
       -0.0000127296   0.0000686197  -0.0000287142  -0.0000393587  -0.0001283374
       -0.0000146877   0.0000410296  -0.0000516329   0.0000874235   0.0000611183
        0.0005006959   0.0002369709   0.0001529292   0.0387776490   0.0124173137
       -0.0828355674   0.0225278982   0.0141191297  -0.0114006741  -0.0016333608
       -0.0004966094   0.0030207421  -0.0166808790  -0.0033321048  -0.0288183137
       -0.0500290328  -0.0073852068  -0.1164602792  -0.0075420940   0.0069124085
        0.0005394691   0.0000420640  -0.0002847385   0.0005057791   0.0000393505
       -0.0000598293   0.0000996733  -0.0001169689   0.0001129450  -0.0001292928
        0.0012157560   0.0005135281  -0.0004684816   0.0004048931  -0.0005362964
       -0.0000537840  -0.0392904265   0.0381417706   0.4987892948  -0.0000259282
        0.0000540255   0.0000292567  -0.0000913732   0.0000020348   0.0000121643
        0.0000029979  -0.0000026486  -0.0000025752  -0.0000139566  -0.0000011313
        0.0000029895  -0.0000072709   0.0000051624   0.0000080363  -0.0000011241
        0.0000094461   0.0000071834   0.0030173362  -0.0008687483  -0.0048998938
       -0.0002093256   0.0005578301   0.0007634450  -0.0000479958   0.0003753270
       -0.0002978866  -0.0002931043  -0.0001470558   0.0002786280   0.0015735370
       -0.0009519143  -0.0057613152  -0.0001677106   0.0001167263  -0.0001433635
        0.0008005758   0.0004611499   0.0023330504  -0.0001555195   0.0000490916
       -0.0003713666  -0.0003067128  -0.0000758802   0.0001591068   0.0000549971
       -0.0000611214  -0.0000327900  -0.0000032992   0.0000090653  -0.0000558957
        0.0000149118  -0.0000101001   0.0001022313  -0.0098644994   0.0275266408
       -0.0471841233   0.0720635306  -0.0753400243  -0.2127979985
       -0.0004357712   0.0000542811  -0.0000319015   0.0008795781  -0.0001018728
       -0.0006128912   0.0028816844  -0.0021654523  -0.0031401585  -0.1557025649
        0.1072676289   0.0946861311  -0.0128728457   0.0153784049   0.0109500935
       -0.0042381222  -0.0000359709   0.0037884469  -0.0000398840   0.0009090492
        0.0005333374   0.0001271828   0.0000373042  -0.0000299915   0.0000285406
        0.0000437739   0.0000077922  -0.0000271246  -0.0000022993   0.0000105618
       -0.0000034529  -0.0000064239  -0.0000020089   0.0000066969   0.0000204316
        0.0000054722  -0.0000496573  -0.0000109028   0.0000087322   0.0000224681
        0.0001242761   0.0000372406  -0.0003315396  -0.0000934769   0.0000421976
        0.0009617871  -0.0045770645   0.0005535402  -0.0001449032   0.0001078422
        0.0001720312   0.0000139369   0.0000044620  -0.0000051269  -0.0000140365
       -0.0000018672  -0.0000050242  -0.0000090407  -0.0000105976   0.0000020119
        0.0000226718  -0.0000117468  -0.0000070983   0.0000315455   0.0000389083
        0.0000249678  -0.0000338143  -0.0000040632  -0.0000265722  -0.0000361738
       -0.0000203438  -0.0000160431   0.0000123644   0.0000490359   0.0000216890
       -0.0000194859  -0.0000522235  -0.0000104143   0.0000197340   0.0000403802
        0.0000031101  -0.0000688162  -0.0000810429  -0.0000259282   0.1687464430
       -0.1171854800  -0.1067237956   0.0003196351   0.0003684219  -0.0002675799
        0.0000013213   0.0000028016   0.0000025365  -0.0000047574  -0.0000038079
        0.0000023335  -0.0000107264  -0.0000024544   0.0000040790   0.0000053973
       -0.0000078092  -0.0000053749  -0.0000274939   0.0000133502   0.0000237880
       -0.0000108072   0.0000000938   0.0000051444   0.0000198774  -0.0000001253
        0.0000079878  -0.0000051821  -0.0000034405   0.0000053138   0.0000037334
       -0.0000049127   0.0000021757  -0.0000073986   0.0000040689   0.0000030906
       -0.0000061542   0.0000050781  -0.0000033776   0.0000245892   0.0000022440
        0.0000134238   0.0000220939  -0.0000780985  -0.0000227075  -0.0000301435
       -0.0000055796   0.0000198531  -0.0000067489   0.0000048410  -0.0000055726
       -0.0000088290   0.0000035961   0.0000012316  -0.0000149535   0.0000028908
        0.0000087044   0.0000091464  -0.0000161085  -0.0000054510
       -0.0004406472   0.0009396783   0.0009273310   0.0011035184  -0.0011675251
       -0.0014202243   0.0163348630  -0.0119686922  -0.0097599624   0.1057302715
       -0.1386103340  -0.0881955150  -0.0039470447   0.0046899267   0.0042697692
       -0.0031806464  -0.0002350571  -0.0014546596   0.0001145425   0.0002954395
       -0.0000892746   0.0000159419  -0.0000109435  -0.0000117923   0.0000530850
        0.0000267930  -0.0000016532  -0.0000049017   0.0000042724   0.0000053657
        0.0000033946   0.0000221147   0.0000090109   0.0000023648  -0.0000170465
       -0.0000105654   0.0000421590  -0.0000061861  -0.0000100558  -0.0000485124
        0.0000140966   0.0000392353  -0.0001759349   0.0001392887   0.0001648446
        0.0015624306  -0.0048894130  -0.0061833463   0.0000517091   0.0006106139
        0.0003047801   0.0000651824  -0.0000099873  -0.0000227836  -0.0000596691
       -0.0000108297   0.0000297358  -0.0000066045  -0.0000159573  -0.0000044735
        0.0000093247  -0.0000245410  -0.0000500674   0.0000712259   0.0000465609
        0.0000519786  -0.0000349719  -0.0000316537  -0.0000524235   0.0000030159
        0.0000084916  -0.0000010475   0.0000407221  -0.0000002806   0.0000298033
       -0.0000975573  -0.0000317236  -0.0000210471   0.0000535023   0.0000506508
        0.0000113087   0.0000199470   0.0000326469   0.0000540255  -0.1171854800
        0.1498914377   0.1007522204  -0.0000366246   0.0001118994   0.0004111949
        0.0000127038   0.0000077441  -0.0000027460   0.0000044290  -0.0000014227
       -0.0000015006   0.0000047222   0.0000028798  -0.0000020988  -0.0000011151
        0.0000110431   0.0000063534   0.0000450784   0.0000408912   0.0001302805
       -0.0000157243   0.0000594793   0.0000468089   0.0000015654  -0.0000030641
       -0.0000278367   0.0000104635   0.0000188009   0.0000457977  -0.0000044175
        0.0000044557   0.0000062324   0.0000044682   0.0000098727   0.0000079855
        0.0000070852   0.0000100515   0.0000141126   0.0000155510   0.0000062436
        0.0000016858  -0.0001176904  -0.0000575709  -0.0000243454  -0.0000174376
        0.0000108695   0.0000109912   0.0000113883   0.0000004086   0.0000067741
        0.0000023650   0.0000072106  -0.0000112230   0.0000147214   0.0000569697
        0.0000057913  -0.0000367625  -0.0000386030   0.0000152246
        0.0000610957   0.0003990004  -0.0001240378  -0.0001966303  -0.0002895257
       -0.0003735157   0.0044776477  -0.0032508519  -0.0065320182   0.0945677672
       -0.0886450991  -0.1052589284   0.0024592021  -0.0030779146  -0.0038102289
        0.0023080870  -0.0025738591   0.0037900954   0.0002460022  -0.0003544646
        0.0001048070  -0.0000314016  -0.0000454947  -0.0000020410  -0.0000169819
        0.0000140090   0.0000046155   0.0000186400  -0.0000009519  -0.0000103717
       -0.0000073240   0.0000173924   0.0000098157  -0.0000113594  -0.0000153781
        0.0000007861   0.0000383659   0.0000093533  -0.0000284567  -0.0000501455
       -0.0000283651  -0.0000267202   0.0000199702   0.0001251156  -0.0000409824
        0.0032211382  -0.0034023587   0.0050007209   0.0000601577   0.0000473989
       -0.0001731916   0.0000464167  -0.0000422029  -0.0000150299  -0.0000221388
       -0.0000241963   0.0000029820  -0.0000143472  -0.0000113233  -0.0000070100
        0.0000325052  -0.0000274392  -0.0000022935   0.0000488391   0.0000582225
        0.0000107783  -0.0000318822  -0.0000351365  -0.0000235759  -0.0000153870
       -0.0000081822   0.0000164701   0.0000105209   0.0000320768  -0.0000011521
       -0.0000574239  -0.0000586187   0.0000041755   0.0000390454   0.0000678033
       -0.0000018570   0.0000186994   0.0000456451   0.0000292567  -0.1067237956
        0.1007522204   0.1078848275  -0.0004560142   0.0002565219  -0.0005368170
        0.0000065125   0.0000038381   0.0000028914   0.0000068422   0.0000020271
       -0.0000013516   0.0000096215  -0.0000020164   0.0000001314  -0.0000030343
        0.0000049873   0.0000038770  -0.0000128938   0.0000302251   0.0000537971
       -0.0000139871   0.0000336105   0.0000054732   0.0000107125  -0.0000024239
       -0.0000125580  -0.0000006976   0.0000125202   0.0000238332  -0.0000042332
       -0.0000007171  -0.0000008272   0.0000016300   0.0000135132   0.0000050487
        0.0000032705   0.0000111953   0.0000055547   0.0000090616  -0.0000086352
       -0.0000352420  -0.0000400957  -0.0000566819   0.0000422958   0.0000004428
       -0.0000002973   0.0000124997  -0.0000097947   0.0000057095  -0.0000118231
        0.0000057536   0.0000026862   0.0000024815   0.0000043214   0.0000243600
       -0.0000046278  -0.0000127013  -0.0000072976   0.0000174430
        0.0001219098   0.0000409811  -0.0000974402   0.0003229790  -0.0008751078
       -0.0004649744  -0.0044092316  -0.0034584832   0.0025247258  -0.0097883402
       -0.0199808015  -0.0056680156  -0.1174329886  -0.1283699281  -0.0227022884
        0.0044058480   0.0072082468   0.0001394555   0.0007025099   0.0004216516
       -0.0001758745  -0.0000137270  -0.0002574207  -0.0001598166  -0.0002730363
        0.0001720184   0.0001793684   0.0000699723   0.0000334627  -0.0000173909
       -0.0000242419   0.0000446754   0.0000283140  -0.0000225550  -0.0000510430
       -0.0000167125   0.0000064555  -0.0000383326  -0.0000234131  -0.0001101684
       -0.0000557960   0.0000151979   0.0000031531  -0.0001670444  -0.0000986484
        0.0006653701   0.0035410949   0.0040681081  -0.0003354505  -0.0002233245
        0.0000662318   0.0000130139   0.0000407376   0.0000718062   0.0000217809
        0.0000043384  -0.0000071492   0.0000005701   0.0000084660   0.0000022584
        0.0000000413  -0.0000365532   0.0000142215  -0.0000542567  -0.0000016464
       -0.0000215192  -0.0000079448   0.0000036065   0.0000222936  -0.0000114612
       -0.0000097518   0.0000016016  -0.0000287516   0.0000286527  -0.0000141046
        0.0001040004   0.0000074835   0.0000058071  -0.0000334273  -0.0000191243
       -0.0000018720  -0.0000413659  -0.0000452106  -0.0000913732   0.0003196351
       -0.0000366246  -0.0004560142   0.1258774337   0.1421176831   0.0228662947
       -0.0000476291  -0.0000228499   0.0000147142   0.0000009729  -0.0000101321
       -0.0000030192  -0.0000043171  -0.0000055785   0.0000006804   0.0000084624
       -0.0000024914  -0.0000033961  -0.0000507803   0.0000096681   0.0000141464
       -0.0000062427  -0.0000031700  -0.0000024968   0.0000069078  -0.0000009803
        0.0000180901  -0.0000018398  -0.0000077579  -0.0000111696  -0.0000055391
        0.0000038413  -0.0000057475   0.0000031096   0.0000009958   0.0000059220
       -0.0000087206  -0.0000004159  -0.0000082575   0.0000054951  -0.0000082823
        0.0000127517   0.0000362575  -0.0000107351  -0.0000139861   0.0000020601
       -0.0000030432   0.0000019866  -0.0000039749   0.0000017447  -0.0000033983
       -0.0000031297  -0.0000017817   0.0000074028  -0.0000081873  -0.0000060233
        0.0000007887   0.0000293692   0.0000200858  -0.0000140895
        0.0000162420  -0.0000092567   0.0000132584  -0.0001566879  -0.0001189647
       -0.0002191403  -0.0001197090  -0.0003584725  -0.0025686638  -0.0008682558
       -0.0024864156  -0.0000292485  -0.1269395574  -0.2420031878  -0.0449905557
       -0.0112203995  -0.0158558422  -0.0011155594  -0.0004581886  -0.0008805570
       -0.0001123200   0.0001229002   0.0005518844   0.0002696426   0.0002785889
       -0.0000660662  -0.0001347037  -0.0000567050   0.0000427965   0.0000496614
       -0.0000346035   0.0000224456   0.0000233277  -0.0000542773  -0.0000311398
        0.0000072003   0.0000768550   0.0000265586  -0.0000138592  -0.0001790302
        0.0001797815   0.0001454151  -0.0001761896   0.0002069608   0.0001807511
       -0.0026387987  -0.0037319308  -0.0038056727   0.0000001760   0.0000864376
        0.0000477000  -0.0000414115  -0.0000468893  -0.0000295479  -0.0000374403
       -0.0000061384   0.0000094400  -0.0000099485   0.0000050605  -0.0000067562
        0.0000055928  -0.0000121312  -0.0000059526  -0.0000332783  -0.0000029990
       -0.0000028570   0.0000058735   0.0000139293   0.0000028084   0.0000021259
       -0.0000011464   0.0000007655  -0.0000169280   0.0000114413  -0.0000004347
        0.0000646070   0.0000155908  -0.0000036762  -0.0000244755  -0.0000197251
       -0.0000000690   0.0000398047   0.0000005364   0.0000020348   0.0003684219
        0.0001118994   0.0002565219   0.1421176831   0.2642432737   0.0518760647
        0.0000341530   0.0000486477  -0.0000001552  -0.0000158586   0.0000122595
        0.0000092517   0.0000009205   0.0000071514   0.0000009076  -0.0000214690
        0.0000287352   0.0000199618  -0.0000045370   0.0000273756   0.0001072917
       -0.0000118580   0.0000153813   0.0000088625   0.0000062206  -0.0000171211
        0.0000065870  -0.0000012626  -0.0000008070   0.0000058212  -0.0000092493
        0.0000012483  -0.0000027184   0.0000034284   0.0000033798   0.0000059898
       -0.0000053812  -0.0000000138  -0.0000003979  -0.0000021334  -0.0000101282
        0.0000060248   0.0000057702  -0.0000116985  -0.0000103343  -0.0000023683
       -0.0000006653   0.0000017348  -0.0000036172   0.0000011823  -0.0000026145
        0.0000006536  -0.0000005855   0.0000018538  -0.0000056797   0.0000012504
       -0.0000028750  -0.0000007183   0.0000066741  -0.0000007665
       -0.0000724030  -0.0000140998   0.0000163750   0.0000858656   0.0001623086
        0.0003975850   0.0035827602  -0.0013248182   0.0037815998   0.0028114123
        0.0071827453   0.0004080883  -0.0222313213  -0.0445021020  -0.0398446227
       -0.0077922749  -0.0080019115  -0.0041927088  -0.0005461917  -0.0004096829
       -0.0002827096  -0.0000182009   0.0003788663  -0.0000031971   0.0002208458
       -0.0000774120  -0.0000929242  -0.0000653513   0.0000173854   0.0000027690
       -0.0000066179   0.0000054778   0.0000011983  -0.0000025088   0.0000004949
        0.0000016426   0.0000330060   0.0000155033  -0.0000150803  -0.0000444504
        0.0000982917   0.0000618926  -0.0001173045   0.0001829383   0.0000692604
        0.0014344852  -0.0062745871   0.0041974153   0.0000494773   0.0001197894
       -0.0000884903   0.0000405862   0.0000484730   0.0000122729  -0.0000058112
       -0.0000006122  -0.0000005944  -0.0000048760  -0.0000070832   0.0000018231
        0.0000009442  -0.0000013470   0.0000010571   0.0000062418   0.0000029621
        0.0000055885   0.0000001068  -0.0000040437  -0.0000059609  -0.0000005279
       -0.0000003641   0.0000035423  -0.0000006674   0.0000037234   0.0000002599
       -0.0000115021  -0.0000089798  -0.0000010854   0.0000032356   0.0000091186
       -0.0000017561   0.0000221144   0.0000483926   0.0000121643  -0.0002675799
        0.0004111949  -0.0005368170   0.0228662947   0.0518760647   0.0360063965
        0.0000397579   0.0000181165   0.0000158085  -0.0000075588   0.0000044919
        0.0000083747  -0.0000004974   0.0000045937   0.0000055301  -0.0000115118
        0.0000163040   0.0000128380   0.0000247751   0.0000137908   0.0000360132
       -0.0000050839   0.0000037473   0.0000010560   0.0000024654  -0.0000019180
       -0.0000030318  -0.0000002659   0.0000024046   0.0000035152  -0.0000006646
       -0.0000005928  -0.0000007857  -0.0000000918   0.0000034348   0.0000009215
       -0.0000021043  -0.0000001903   0.0000002425   0.0000017950  -0.0000002838
       -0.0000021923  -0.0000026450  -0.0000016644   0.0000047814  -0.0000001704
       -0.0000002505  -0.0000004979  -0.0000009317   0.0000008272  -0.0000000120
        0.0000002609  -0.0000004381   0.0000018105   0.0000032906   0.0000074404
       -0.0000033636  -0.0000106059  -0.0000065001   0.0000040077
       -0.0000207933   0.0000167034   0.0000295999   0.0000040159  -0.0000420470
       -0.0000391020   0.0001409278  -0.0000081340  -0.0000536948  -0.0000210212
        0.0000305774   0.0000314580  -0.0000596484  -0.0000342999  -0.0000082948
        0.0000528469  -0.0000604896  -0.0000368459  -0.0001217260  -0.0009663625
       -0.0003695152   0.0019826345   0.0012710358  -0.0010500846  -0.0043939576
       -0.0255661792  -0.0092953434  -0.0469514706  -0.0346747957  -0.0104683442
        0.0027940696   0.0191837549   0.0077656309  -0.0018861192   0.0013540436
        0.0042886659  -0.0005554745   0.0001091792   0.0001749308  -0.0030583093
       -0.0027203871   0.0023494126  -0.0009127733  -0.0004270944   0.0000924012
        0.0000082330   0.0001267991   0.0000504069  -0.0000071784   0.0000302998
        0.0000106696   0.0000124951   0.0000001211  -0.0000040138  -0.0000048661
       -0.0000031466   0.0000053775  -0.0000026163   0.0000008950   0.0000002017
        0.0000068499  -0.0000084624  -0.0000020989  -0.0000147884   0.0000055707
        0.0000024231  -0.0000014123  -0.0000018074  -0.0000010225  -0.0000005352
       -0.0000023022   0.0000012912  -0.0000067964   0.0000114978  -0.0000016914
        0.0000260556  -0.0000032743  -0.0000030407  -0.0000106967  -0.0000020177
        0.0000003698   0.0000075060   0.0000041275   0.0000029979   0.0000013213
        0.0000127038   0.0000065125  -0.0000476291   0.0000341530   0.0000397579
        0.0525589662   0.0399221740   0.0072789825   0.0005270730   0.0011924689
       -0.0006871506   0.0000545932   0.0009876070   0.0004086502  -0.0001204786
        0.0002293485  -0.0005257525   0.0000197838  -0.0000173033   0.0000022924
        0.0000056580   0.0000132797  -0.0000017624  -0.0000030984   0.0000024040
       -0.0000018648   0.0000033106   0.0000009656   0.0000048525  -0.0000047701
       -0.0000003474  -0.0000027510   0.0000014183   0.0000024581   0.0000008865
       -0.0000005975  -0.0000011120   0.0000011246   0.0000007408  -0.0000022992
       -0.0000010489   0.0000024673  -0.0000031539  -0.0000003461  -0.0000000952
       -0.0000003147   0.0000022140  -0.0000010224   0.0000018502  -0.0000017236
       -0.0000013432   0.0000003824   0.0000020174   0.0000010524   0.0000007897
       -0.0000019533  -0.0000028014   0.0000001404   0.0000043181
       -0.0000315469   0.0000110785   0.0000353096   0.0000462708  -0.0000122455
       -0.0000418618   0.0000768506  -0.0000184707  -0.0000387462  -0.0000222652
        0.0000202691   0.0000039881  -0.0000142131  -0.0000168710   0.0000176910
        0.0000864863  -0.0000494653  -0.0000690730  -0.0000520349  -0.0005854948
       -0.0002647329   0.0014689489   0.0008922279   0.0010000421  -0.0048437659
       -0.0156224988  -0.0059435847  -0.0344548816  -0.2663512105  -0.0920438635
       -0.0008126489  -0.0151476974  -0.0067145745   0.0017419951   0.0007653613
       -0.0040516677   0.0000407033   0.0005889213   0.0003387958  -0.0030714098
        0.0004972533  -0.0017661275  -0.0001492977  -0.0000850056   0.0000554094
        0.0000645775   0.0001109208   0.0000290004  -0.0000143897   0.0000140955
        0.0000104863   0.0000134326   0.0000070498  -0.0000033140   0.0000027715
       -0.0000016843   0.0000057849   0.0000003918   0.0000036581  -0.0000012807
        0.0000103476  -0.0000148877  -0.0000009803  -0.0000261028   0.0000031413
        0.0000015768   0.0000027722   0.0000014938   0.0000010323   0.0000023102
       -0.0000014784  -0.0000005113  -0.0000144863   0.0000100727  -0.0000008673
        0.0000387493  -0.0000010699  -0.0000048655  -0.0000148558  -0.0000031045
        0.0000016993   0.0000124757   0.0000115550  -0.0000026486   0.0000028016
        0.0000077441   0.0000038381  -0.0000228499   0.0000486477   0.0000181165
        0.0399221740   0.2954954968   0.1075319724  -0.0001112910   0.0003342216
        0.0014805677  -0.0001568044  -0.0007074874  -0.0002443210   0.0002772239
       -0.0001953014   0.0006538435   0.0000039831  -0.0000166831   0.0000042681
        0.0000042017   0.0000091386  -0.0000026888  -0.0000011610   0.0000009815
       -0.0000010716   0.0000017460   0.0000017698   0.0000051653  -0.0000067294
        0.0000003614  -0.0000035163   0.0000017873   0.0000019231   0.0000016626
       -0.0000016481  -0.0000013226   0.0000007618  -0.0000007296  -0.0000029788
        0.0000019126   0.0000010913  -0.0000034571  -0.0000040700  -0.0000005190
       -0.0000003541   0.0000025928  -0.0000009917   0.0000018675  -0.0000012475
        0.0000023280  -0.0000013782  -0.0000004494   0.0000001905  -0.0000020165
       -0.0000030947  -0.0000019877   0.0000029128   0.0000036413
       -0.0000069576  -0.0000006432  -0.0000066657   0.0000172656   0.0000146498
       -0.0000059665   0.0000013191  -0.0000092529   0.0000086268   0.0000047505
       -0.0000209945   0.0000255233  -0.0000038306   0.0000257583  -0.0000398920
        0.0000402080  -0.0000064248   0.0000115510   0.0000381682   0.0000543361
        0.0000666942  -0.0009651037   0.0010797294  -0.0016998233  -0.0000244432
        0.0014491162   0.0022195725  -0.0103667863  -0.0920004274  -0.0703002188
       -0.0011791992  -0.0138290467  -0.0052175681   0.0044517397  -0.0039170902
        0.0051031556   0.0001571601   0.0003143211  -0.0001143586   0.0021931111
       -0.0018767314   0.0052856978   0.0002269989   0.0001670427  -0.0001100657
        0.0000033130   0.0000056289  -0.0000014798  -0.0000076685  -0.0000052005
       -0.0000047234  -0.0000014853  -0.0000007229   0.0000095880   0.0000026960
       -0.0000010582   0.0000022575  -0.0000007799   0.0000000056  -0.0000004704
        0.0000051036  -0.0000033339   0.0000030467  -0.0000066103   0.0000012466
        0.0000003056   0.0000002515  -0.0000014828   0.0000012072  -0.0000001422
       -0.0000017809   0.0000016174  -0.0000048501   0.0000044892  -0.0000039578
        0.0000088675  -0.0000037908   0.0000002741  -0.0000021579   0.0000033800
       -0.0000005149   0.0000054884  -0.0000001209  -0.0000025752   0.0000025365
       -0.0000027460   0.0000028914   0.0000147142  -0.0000001552   0.0000158085
        0.0072789825   0.1075319724   0.0684257982  -0.0012717224   0.0010151546
       -0.0019866100  -0.0001003938  -0.0006551976  -0.0002842898  -0.0005048408
        0.0006690148  -0.0014027445  -0.0000035343  -0.0000025893   0.0000034501
        0.0000002738   0.0000015799  -0.0000019640  -0.0000018017   0.0000019786
        0.0000002673  -0.0000001796  -0.0000010328  -0.0000033501  -0.0000019451
        0.0000004572  -0.0000021269   0.0000008746   0.0000015922  -0.0000000427
       -0.0000009638  -0.0000003043  -0.0000009742  -0.0000002028  -0.0000006892
        0.0000009339   0.0000006024  -0.0000010952  -0.0000000043   0.0000006862
       -0.0000002677   0.0000005305  -0.0000007205   0.0000013767   0.0000001870
        0.0000011431  -0.0000005268   0.0000009712  -0.0000007600  -0.0000007405
       -0.0000000939   0.0000008249   0.0000006161   0.0000005248
       -0.0000861035  -0.0000069709   0.0000389516   0.0001495393   0.0000825494
       -0.0000244829  -0.0001045941  -0.0000255929   0.0000396440  -0.0000286089
       -0.0000205034   0.0000103453   0.0000134494  -0.0000310944  -0.0000239162
       -0.0001457574  -0.0000922527  -0.0000381452  -0.0001223932   0.0001149697
       -0.0000594399  -0.0009371454  -0.0008357004   0.0001619808  -0.0016627871
        0.0018565137   0.0044700255  -0.0237617515  -0.0089051546   0.0046142127
       -0.2481674604  -0.1024969183   0.0306218260  -0.0061621011  -0.0044613383
        0.0004370512   0.0012513387  -0.0017890932   0.0010592768   0.0006085466
        0.0004998585   0.0000391315   0.0002405943   0.0003307325  -0.0002999769
        0.0000498078   0.0000734915   0.0000020053  -0.0000395568  -0.0000318235
       -0.0000126300   0.0000026935   0.0000120071   0.0000055237   0.0000042948
       -0.0000031059   0.0000058931  -0.0000030005   0.0000081433  -0.0000008803
        0.0000193636  -0.0000211339   0.0000071863  -0.0000554230  -0.0000003186
       -0.0000036493   0.0000040484   0.0000069262   0.0000059908   0.0000036826
       -0.0000025823   0.0000025829  -0.0000252037   0.0000163178  -0.0000088313
        0.0000882510   0.0000107278  -0.0000043348  -0.0000350317  -0.0000216511
       -0.0000002610   0.0000207450   0.0000143016  -0.0000139566  -0.0000047574
        0.0000044290   0.0000068422   0.0000009729  -0.0000158586  -0.0000075588
        0.0005270730  -0.0001112910  -0.0012717224   0.2779803780   0.1149072373
       -0.0392733955   0.0006403513   0.0010497646  -0.0005521567  -0.0002757151
       -0.0001000029   0.0000558366   0.0000043121  -0.0000054466   0.0000129098
        0.0000049879   0.0000019385  -0.0000026411   0.0000014947   0.0000018163
        0.0000011767   0.0000021355   0.0000009183  -0.0000018958  -0.0000107125
        0.0000004162  -0.0000075127   0.0000032347  -0.0000005966   0.0000030472
       -0.0000022334  -0.0000030822   0.0000001387   0.0000008541  -0.0000044603
        0.0000030186   0.0000068965  -0.0000054695  -0.0000062103   0.0000002030
       -0.0000006338   0.0000023639  -0.0000012198   0.0000027026  -0.0000020003
        0.0000006072  -0.0000008333   0.0000041458  -0.0000002528  -0.0000093411
        0.0000000980   0.0000019528   0.0000064885   0.0000043932
       -0.0000183529   0.0000028560   0.0000129780   0.0000252153   0.0000126309
       -0.0000128254  -0.0000268260   0.0000056094   0.0000030882  -0.0000172170
        0.0000049891   0.0000113617   0.0000163904  -0.0000134998  -0.0000138788
       -0.0000167913   0.0000064684   0.0000740676   0.0003218826  -0.0001290839
        0.0000178985   0.0004924848   0.0005279344  -0.0001907733   0.0012665237
        0.0005156070  -0.0040380428   0.0118017886   0.0056744425  -0.0018173538
       -0.1026027488  -0.0921556677   0.0106682212  -0.0250862338  -0.0142900849
        0.0022874370  -0.0016599545  -0.0040135387  -0.0040747032   0.0007027010
       -0.0002704395  -0.0004155480   0.0002152209  -0.0001908408   0.0002845544
        0.0000927447   0.0000406265  -0.0000088998  -0.0000129404  -0.0000033169
       -0.0000000082   0.0000068453   0.0000023053  -0.0000013963   0.0000010997
        0.0000014199  -0.0000001271  -0.0000010863   0.0000014002  -0.0000014235
        0.0000069670  -0.0000070470   0.0000006011  -0.0000194975  -0.0000003679
        0.0000017053   0.0000029512   0.0000053578  -0.0000006315   0.0000016159
       -0.0000007100  -0.0000020390  -0.0000062309   0.0000063648  -0.0000000791
        0.0000283731   0.0000041805  -0.0000025820  -0.0000110999  -0.0000068317
        0.0000008246   0.0000057710   0.0000038123  -0.0000011313  -0.0000038079
       -0.0000014227   0.0000020271  -0.0000101321   0.0000122595   0.0000044919
        0.0011924689   0.0003342216   0.0010151546   0.1149072373   0.1044660219
       -0.0051247666  -0.0003832714   0.0001733493   0.0012027269  -0.0012133448
       -0.0007123967   0.0001122789   0.0000001100  -0.0000080892   0.0000020982
        0.0000021816   0.0000051398  -0.0000013125  -0.0000005906  -0.0000020346
       -0.0000005163   0.0000008848   0.0000009043   0.0000032707  -0.0000013444
       -0.0000000287  -0.0000007203   0.0000010519   0.0000010189   0.0000012598
       -0.0000002280  -0.0000002099   0.0000005447  -0.0000005152  -0.0000012744
        0.0000020587   0.0000009554  -0.0000010625  -0.0000006259  -0.0000004154
        0.0000002742   0.0000008320  -0.0000008973  -0.0000005507  -0.0000002334
        0.0000011808  -0.0000015682   0.0000005578  -0.0000001388  -0.0000015860
       -0.0000007386  -0.0000009807   0.0000024582   0.0000003177
        0.0000171891   0.0000059286  -0.0000113612  -0.0000337524  -0.0000367345
        0.0000085648   0.0000670008  -0.0000064040  -0.0000087590  -0.0000101050
        0.0000019394   0.0000041751   0.0000022783   0.0000130744   0.0000029291
        0.0000074888   0.0001005222  -0.0000951208  -0.0000038728   0.0000304071
       -0.0004110160   0.0007629745   0.0003297236   0.0004387065   0.0042216707
       -0.0042923293   0.0051340893   0.0138663852   0.0055842097  -0.0021422218
        0.0305784207   0.0106241819  -0.0402238836  -0.0087719156  -0.0050743551
        0.0015016655   0.0010957008  -0.0040045151   0.0042655085   0.0001440981
       -0.0003493883  -0.0001058306  -0.0003397207   0.0002781436  -0.0007599022
       -0.0000198829   0.0000057516  -0.0000026263   0.0000086783   0.0000171390
        0.0000059575   0.0000005937  -0.0000042131   0.0000055561  -0.0000008284
       -0.0000004384   0.0000001909   0.0000000430  -0.0000027857   0.0000008036
       -0.0000029992   0.0000050301  -0.0000005032   0.0000099410   0.0000014811
        0.0000029399  -0.0000010441  -0.0000037390  -0.0000009193  -0.0000018918
       -0.0000015638   0.0000009255   0.0000057001   0.0000001164  -0.0000000915
       -0.0000161362  -0.0000065965   0.0000003461   0.0000079609   0.0000073760
       -0.0000001201  -0.0000030847  -0.0000023772   0.0000029895   0.0000023335
       -0.0000015006  -0.0000013516  -0.0000030192   0.0000092517   0.0000083747
       -0.0006871506   0.0014805677  -0.0019866100  -0.0392733955  -0.0051247666
        0.0358218577  -0.0011872717   0.0006958539  -0.0014856192  -0.0004390910
       -0.0002866866   0.0000379720   0.0000009051  -0.0000009370  -0.0000042212
       -0.0000008131   0.0000016698  -0.0000006258  -0.0000018001   0.0000005170
       -0.0000009485   0.0000002033  -0.0000007956  -0.0000000407   0.0000020579
       -0.0000002675   0.0000008924  -0.0000003282   0.0000008405  -0.0000005975
       -0.0000000902   0.0000007133  -0.0000000896   0.0000005722   0.0000013879
       -0.0000016126  -0.0000020148   0.0000015417   0.0000027077  -0.0000000457
        0.0000008132  -0.0000008244  -0.0000001984   0.0000001892  -0.0000005178
       -0.0000000603   0.0000003654  -0.0000008124  -0.0000001916   0.0000031663
       -0.0000002610  -0.0000014921  -0.0000015084  -0.0000006646
       -0.0000685470  -0.0000086763   0.0000311168   0.0001069442   0.0000596753
       -0.0000245327  -0.0000335679  -0.0000336631  -0.0000041499  -0.0000160058
        0.0000203020   0.0000341320  -0.0000204313  -0.0000230473  -0.0000155173
       -0.0000763078   0.0000045710  -0.0000195742  -0.0001159506  -0.0001478655
       -0.0001281777  -0.0000147345   0.0001094977  -0.0003609179   0.0001764055
       -0.0006546058  -0.0002423107   0.0013590443  -0.0013058793   0.0012516076
        0.0017788922  -0.0004052159  -0.0005258931  -0.1872312765   0.0893636151
        0.0945771251  -0.0236924370   0.0112545658   0.0135896902  -0.0035303171
       -0.0036475621   0.0024768619  -0.0006074895   0.0007139460   0.0006863476
        0.0000759922   0.0000994126   0.0000219326  -0.0000399939  -0.0000220653
       -0.0000107460   0.0000087313   0.0000153701   0.0000033889  -0.0000025923
        0.0000004535   0.0000065001  -0.0000062424   0.0000070869  -0.0000024541
        0.0000134281  -0.0000136764   0.0000073607  -0.0000486953  -0.0000033856
       -0.0000034271   0.0000052052   0.0000098791   0.0000047149   0.0000036948
       -0.0000012723   0.0000021536  -0.0000187044   0.0000128792  -0.0000067372
        0.0000780051   0.0000163432  -0.0000026444  -0.0000333210  -0.0000247286
       -0.0000022500   0.0000178606   0.0000111371  -0.0000072709  -0.0000107264
        0.0000047222   0.0000096215  -0.0000043171   0.0000009205  -0.0000004974
        0.0000545932  -0.0001568044  -0.0001003938   0.0006403513  -0.0003832714
       -0.0011872717   0.2107987447  -0.0958562791  -0.1093760899   0.0004341918
        0.0010047116  -0.0006998858   0.0000151945  -0.0000134899   0.0000141720
        0.0000046073   0.0000058222   0.0000002886   0.0000015554  -0.0000033090
        0.0000003428   0.0000020754   0.0000021496  -0.0000003559  -0.0000091607
        0.0000003497  -0.0000055363   0.0000019761  -0.0000024771   0.0000042695
       -0.0000035234  -0.0000030112   0.0000010382   0.0000015255  -0.0000031415
        0.0000020398   0.0000065056  -0.0000031027  -0.0000040445   0.0000003111
        0.0000003965   0.0000006656  -0.0000009449   0.0000014613  -0.0000022318
        0.0000000965   0.0000000087   0.0000043883  -0.0000002969  -0.0000086295
        0.0000005163  -0.0000003481   0.0000058824   0.0000026354
        0.0000109428   0.0000087631   0.0000051611  -0.0000391244  -0.0000474170
       -0.0000054118   0.0000767671  -0.0000003953  -0.0000274195  -0.0000068229
        0.0000228832  -0.0000083750  -0.0000315313   0.0000080097   0.0000306749
        0.0000374717   0.0000011668   0.0000536418  -0.0002551911  -0.0001751351
        0.0001437505   0.0002222783   0.0000003061   0.0004403545  -0.0008089825
       -0.0002192357   0.0000498753  -0.0015292886  -0.0041332881  -0.0042003030
        0.0201958174  -0.0148138081  -0.0141524861   0.0894678572  -0.0986926053
       -0.0609208803  -0.0093969945   0.0055157087   0.0056171027  -0.0032329353
        0.0007477276  -0.0020609293  -0.0005507259   0.0002979486   0.0001309145
       -0.0000297479   0.0000239869   0.0000075559   0.0000092185   0.0000217395
        0.0000109112   0.0000059590  -0.0000038499  -0.0000074027  -0.0000065820
        0.0000003523  -0.0000022200  -0.0000014276  -0.0000044791  -0.0000004223
       -0.0000050441   0.0000055495  -0.0000051493   0.0000081946  -0.0000000896
        0.0000050775  -0.0000014553  -0.0000001490  -0.0000059959  -0.0000018947
       -0.0000003502  -0.0000034014   0.0000076488  -0.0000010690   0.0000037408
       -0.0000133621   0.0000017593  -0.0000007211   0.0000052834   0.0000007919
        0.0000010054  -0.0000074343  -0.0000043838   0.0000051624  -0.0000024544
        0.0000028798  -0.0000020164  -0.0000055785   0.0000071514   0.0000045937
        0.0009876070  -0.0007074874  -0.0006551976   0.0010497646   0.0001733493
        0.0006958539  -0.0958562791   0.1115924044   0.0733312899  -0.0003089675
        0.0003666648   0.0015136661   0.0000106595  -0.0000023568  -0.0000035857
       -0.0000010328   0.0000050204   0.0000012670  -0.0000002966  -0.0000022588
       -0.0000011883   0.0000004604   0.0000007562   0.0000050512   0.0000039245
       -0.0000011622   0.0000031582  -0.0000014247   0.0000017622  -0.0000002350
        0.0000000644   0.0000005380   0.0000005517  -0.0000001932   0.0000009007
       -0.0000001872  -0.0000002622   0.0000019149   0.0000033322  -0.0000002291
        0.0000006978   0.0000004631  -0.0000002386  -0.0000010837   0.0000005076
       -0.0000014099  -0.0000009406  -0.0000005024  -0.0000002114   0.0000029354
       -0.0000002860  -0.0000027964  -0.0000021239  -0.0000003473
        0.0000396587   0.0000038182  -0.0000184147  -0.0000644031  -0.0000315588
        0.0000007328   0.0000406884   0.0000158978  -0.0000201622   0.0000198060
       -0.0000108908   0.0000201151  -0.0000225757   0.0000266407  -0.0000055721
       -0.0000046397   0.0000599757  -0.0001159526  -0.0001802868   0.0001084471
       -0.0001825438  -0.0003088923   0.0004851011  -0.0008376294  -0.0003095467
       -0.0000076034   0.0004244933   0.0011565354  -0.0042777996   0.0041989645
        0.0086519001  -0.0068298244  -0.0053218553   0.0946042948  -0.0608662054
       -0.0942672947   0.0044194432  -0.0017353085  -0.0019407333   0.0026654568
       -0.0019181234   0.0061681536   0.0001219564  -0.0003229250   0.0002591964
       -0.0000290481  -0.0000399116   0.0000303408   0.0000146460   0.0000166070
        0.0000032702  -0.0000030606  -0.0000093303   0.0000024649  -0.0000021290
       -0.0000014430  -0.0000025104   0.0000005428  -0.0000044567   0.0000022891
       -0.0000056153   0.0000081939  -0.0000022914   0.0000210864   0.0000041606
        0.0000005739  -0.0000037459  -0.0000080222   0.0000021707  -0.0000031552
       -0.0000017229   0.0000025602   0.0000096655  -0.0000029280   0.0000017151
       -0.0000349019  -0.0000127716   0.0000017820   0.0000163818   0.0000136859
       -0.0000009594  -0.0000071198  -0.0000108610   0.0000080363   0.0000040790
       -0.0000020988   0.0000001314   0.0000006804   0.0000009076   0.0000055301
        0.0004086502  -0.0002443210  -0.0002842898  -0.0005521567   0.0012027269
       -0.0014856192  -0.1093760899   0.0733312899   0.0952284423  -0.0012861556
        0.0010441449  -0.0018623324  -0.0000002754   0.0000031687  -0.0000036991
       -0.0000012828   0.0000002807   0.0000003117  -0.0000022534   0.0000029135
       -0.0000008859  -0.0000005453  -0.0000015595  -0.0000006262   0.0000039391
       -0.0000001738   0.0000015866  -0.0000006700   0.0000017803  -0.0000014704
        0.0000014546   0.0000018648  -0.0000006413   0.0000010949   0.0000026823
       -0.0000042916  -0.0000028153   0.0000020774   0.0000031218   0.0000000071
        0.0000004900  -0.0000012045   0.0000000439   0.0000004188  -0.0000008034
       -0.0000003486   0.0000002979  -0.0000019983  -0.0000004661   0.0000055758
       -0.0000001465   0.0000001676  -0.0000033078  -0.0000020546
        0.0000111286  -0.0000051876  -0.0000098474   0.0000019315  -0.0000003060
       -0.0000015448   0.0000026933  -0.0000037052   0.0000018084   0.0000240392
       -0.0000173173  -0.0000169680  -0.0000168454   0.0000222772   0.0000143894
        0.0001200556  -0.0000515938  -0.0000469939   0.0002186778   0.0004639481
        0.0002031815  -0.0011529322   0.0011945447   0.0008514241  -0.0015546517
        0.0000966951   0.0031717507  -0.0005338678   0.0002868698   0.0002570814
       -0.0035856217  -0.0034321918   0.0026839887  -0.0047231371  -0.0244259827
       -0.0089848985  -0.0472646864  -0.0362705771  -0.0110599323   0.0023803724
        0.0206229819   0.0086140420   0.0009443355   0.0008651708  -0.0006499773
       -0.0000622934  -0.0000223398   0.0000102447   0.0000091206  -0.0000017607
       -0.0000015154  -0.0000068241   0.0000020744   0.0000058362  -0.0000010622
        0.0000012094   0.0000013930   0.0000011759  -0.0000010851   0.0000006713
       -0.0000065271   0.0000068044   0.0000000367   0.0000080156  -0.0000013917
       -0.0000016881  -0.0000012388  -0.0000027503   0.0000003388   0.0000004051
        0.0000004902   0.0000002140   0.0000064363  -0.0000047951   0.0000006992
       -0.0000117235   0.0000014578   0.0000016065   0.0000045096   0.0000002135
       -0.0000018632  -0.0000031155  -0.0000041257  -0.0000011241   0.0000053973
       -0.0000011151  -0.0000030343   0.0000084624  -0.0000214690  -0.0000115118
       -0.0001204786   0.0002772239  -0.0005048408  -0.0002757151  -0.0012133448
       -0.0004390910   0.0004341918  -0.0003089675  -0.0012861556   0.0551464426
        0.0419512917   0.0072041023  -0.0000011209   0.0000119173   0.0000038447
       -0.0000084888  -0.0000097582   0.0000063884   0.0000040882  -0.0000015523
        0.0000003617  -0.0000048860   0.0000002269  -0.0000083807   0.0000030417
        0.0000002249  -0.0000005494  -0.0000026732  -0.0000033748   0.0000001087
        0.0000007051  -0.0000009893  -0.0000005828  -0.0000001685   0.0000017737
       -0.0000017708  -0.0000004066   0.0000019966   0.0000002488   0.0000011185
       -0.0000002339  -0.0000014108   0.0000010138  -0.0000004304   0.0000001181
       -0.0000005353  -0.0000002120  -0.0000004082  -0.0000009595  -0.0000014262
        0.0000017020   0.0000026013  -0.0000014088  -0.0000014921
        0.0000041195   0.0000286072   0.0000352474  -0.0000938452  -0.0001228256
       -0.0000462151   0.0002076062  -0.0000303391  -0.0001006102  -0.0000477582
        0.0000534164   0.0000275814  -0.0000566749   0.0000131176   0.0000342552
       -0.0000790219   0.0001221062   0.0000584575  -0.0006274520  -0.0007437098
       -0.0002018241   0.0008689872  -0.0004126675  -0.0003753151   0.0011430498
        0.0011886415  -0.0030876201   0.0001830115   0.0006219693   0.0002909664
       -0.0038353626   0.0009451490  -0.0018680072  -0.0043816417  -0.0149897223
       -0.0053665872  -0.0361763437  -0.2637900276  -0.0897260282  -0.0001442773
       -0.0162634019  -0.0075482024  -0.0000163756   0.0002883178   0.0009996495
       -0.0000656851   0.0000828412   0.0000615556   0.0000205879   0.0000617305
        0.0000335838   0.0000245344  -0.0000076916  -0.0000187124  -0.0000096886
       -0.0000069439  -0.0000008792  -0.0000006760  -0.0000058896  -0.0000001837
       -0.0000006754  -0.0000004280  -0.0000130977   0.0000071598   0.0000043142
        0.0000090961  -0.0000027327  -0.0000051821  -0.0000080048  -0.0000039925
       -0.0000011230  -0.0000031653   0.0000042551   0.0000032183   0.0000030008
       -0.0000091452  -0.0000023770  -0.0000015337   0.0000043356   0.0000008586
        0.0000042285  -0.0000043231  -0.0000007342   0.0000094461  -0.0000078092
        0.0000110431   0.0000049873  -0.0000024914   0.0000287352   0.0000163040
        0.0002293485  -0.0001953014   0.0006690148  -0.0001000029  -0.0007123967
       -0.0002866866   0.0010047116   0.0003666648   0.0010441449   0.0419512917
        0.2934441950   0.1053336209   0.0000259567  -0.0000033631  -0.0000081368
       -0.0000021574   0.0000120590   0.0000001592  -0.0000022362   0.0000054875
       -0.0000034050   0.0000027873   0.0000018517   0.0000121842  -0.0000008218
       -0.0000026394   0.0000022651  -0.0000019100   0.0000042343  -0.0000014135
       -0.0000008995   0.0000001513   0.0000007683   0.0000019788   0.0000019085
       -0.0000001519   0.0000010628   0.0000019124   0.0000058569  -0.0000005650
        0.0000017555   0.0000047145  -0.0000002150   0.0000017335   0.0000004136
       -0.0000034398  -0.0000002083  -0.0000003141  -0.0000001251   0.0000068549
       -0.0000012758  -0.0000064394  -0.0000059028   0.0000058681
       -0.0000003238   0.0000118398   0.0000061195  -0.0000395222  -0.0000489760
       -0.0000088625   0.0000958240  -0.0000144416  -0.0000411369  -0.0000285167
        0.0000274049   0.0000211392  -0.0000249424   0.0000040995   0.0000008648
       -0.0000570887   0.0000390991   0.0001009019  -0.0002879054  -0.0006045256
        0.0000431729   0.0007006256  -0.0004796701  -0.0007363437   0.0036448607
       -0.0027315291   0.0046928784   0.0002037081   0.0002586877  -0.0001344189
        0.0025101169  -0.0020213079   0.0064279791  -0.0000630142   0.0017783321
        0.0013870748  -0.0110148107  -0.0896658124  -0.0690193990  -0.0006313205
       -0.0149790700  -0.0056236241  -0.0010443820   0.0007047436  -0.0012797193
       -0.0000081529   0.0000528243   0.0000193079   0.0000004642   0.0000285880
        0.0000056405   0.0000120969  -0.0000078289   0.0000013227  -0.0000067717
       -0.0000042331   0.0000032513  -0.0000027246  -0.0000021822   0.0000000571
        0.0000044783  -0.0000016704  -0.0000009441   0.0000004089   0.0000055437
       -0.0000024872  -0.0000018278  -0.0000054927   0.0000051440  -0.0000022569
       -0.0000018535   0.0000035342  -0.0000014806   0.0000051150  -0.0000016744
       -0.0000019837  -0.0000097927   0.0000019680   0.0000027668   0.0000048081
       -0.0000015471   0.0000026247  -0.0000044876   0.0000071834  -0.0000053749
        0.0000063534   0.0000038770  -0.0000033961   0.0000199618   0.0000128380
       -0.0005257525   0.0006538435  -0.0014027445   0.0000558366   0.0001122789
        0.0000379720  -0.0006998858   0.0015136661  -0.0018623324   0.0072041023
        0.1053336209   0.0673353752   0.0000170095  -0.0000023513  -0.0000002674
        0.0000036053   0.0000080784  -0.0000004072  -0.0000042748   0.0000058120
       -0.0000024988   0.0000016192  -0.0000012603   0.0000034147  -0.0000040288
       -0.0000007159  -0.0000011167   0.0000008708   0.0000023378   0.0000009943
        0.0000001021   0.0000010880  -0.0000004776   0.0000026551   0.0000017317
       -0.0000037121   0.0000002854   0.0000003544   0.0000021299  -0.0000003344
        0.0000010798   0.0000006343  -0.0000008053   0.0000022481  -0.0000021413
       -0.0000009987   0.0000003943  -0.0000000963  -0.0000000176   0.0000056146
       -0.0000003364  -0.0000021682  -0.0000023482   0.0000015127
        0.0004691146  -0.0004432317  -0.0009702516   0.0002715201   0.0006590988
        0.0007523842   0.0006839455   0.0000705337  -0.0007753098   0.0000336716
        0.0005264406   0.0002540821  -0.0002385377   0.0000456030   0.0001955575
       -0.0011739683  -0.0013213411  -0.0001565131  -0.0000173849  -0.0003482974
       -0.0001110050  -0.0000111030   0.0000495357   0.0000079638   0.0000997471
        0.0000653922  -0.0000185301  -0.0000079118   0.0000235832   0.0000113945
        0.0000177712   0.0000229667   0.0000040187  -0.0000038382  -0.0000422239
       -0.0000212598   0.0001282748   0.0000241998  -0.0000331092  -0.0000851998
        0.0000307544   0.0000438045  -0.0003439350   0.0000648512   0.0001855290
       -0.0020025798  -0.0031749524  -0.0037864365  -0.0146885914  -0.0084727830
        0.0083678591  -0.1970162025  -0.1094171478   0.0409460237  -0.0200678262
       -0.0124468923  -0.0007900095  -0.0027656260   0.0006344649  -0.0036892228
        0.0004911192   0.0001827981  -0.0000316240   0.0000670176   0.0000167164
       -0.0000241571  -0.0000512856  -0.0001056636   0.0000477240  -0.0000048743
       -0.0000148808  -0.0000096914  -0.0000103091   0.0001012089  -0.0000183133
        0.0001444059  -0.0001644384  -0.0000121805  -0.0000301907   0.0000955435
        0.0000090158  -0.0008128595   0.0009875717   0.0030173362  -0.0000274939
        0.0000450784  -0.0000128938  -0.0000507803  -0.0000045370   0.0000247751
        0.0000197838   0.0000039831  -0.0000035343   0.0000043121   0.0000001100
        0.0000009051   0.0000151945   0.0000106595  -0.0000002754  -0.0000011209
        0.0000259567   0.0000170095   0.2317991894   0.1306854883  -0.0432157601
        0.0055285789   0.0023838362  -0.0010015892   0.0001864842  -0.0000536006
        0.0004859442   0.0006207754  -0.0001006462   0.0002416577  -0.0008780349
       -0.0006262406   0.0002367005   0.0000660395   0.0002461796  -0.0000270120
        0.0002232227   0.0001390402  -0.0000783123  -0.0000730256   0.0000165745
       -0.0000691068  -0.0000324147  -0.0000419493   0.0000563246   0.0000239063
       -0.0000067775   0.0000004053  -0.0000015093   0.0000102400  -0.0000146070
        0.0000108226   0.0000047944   0.0000169480   0.0001178501   0.0002679591
       -0.0001082290  -0.0006261433  -0.0006555593   0.0000555705
       -0.0000281224  -0.0001414503  -0.0000619567   0.0007587282   0.0013985739
        0.0002847948   0.0008842367  -0.0012175916  -0.0020221964   0.0002838728
        0.0002421681  -0.0000710494  -0.0002007353   0.0001170349   0.0001175120
       -0.0010455549  -0.0007251777  -0.0004241542  -0.0002201503   0.0005007190
        0.0003481125  -0.0002338593  -0.0003719188  -0.0000319307   0.0000337512
       -0.0000687398  -0.0000709772  -0.0000770008  -0.0000510287   0.0000063912
        0.0000223884  -0.0000764851  -0.0000397629   0.0000659469   0.0000807299
        0.0000110267  -0.0001307313  -0.0000051362   0.0000481499   0.0002505107
       -0.0000200069  -0.0001028459   0.0000798483   0.0000952955  -0.0000062275
       -0.0032666178  -0.0025250864  -0.0025769769   0.0051623014   0.0041709534
       -0.0007614580  -0.1121211911  -0.1245836662   0.0287535503   0.0013986247
        0.0019223637  -0.0008055271  -0.0000562468   0.0005901651  -0.0000001997
        0.0001245996  -0.0000503449   0.0000349636  -0.0000915528  -0.0000299363
        0.0000017880   0.0000351245  -0.0000264579  -0.0000094318   0.0000299693
       -0.0000022879  -0.0000074869  -0.0000286927   0.0000309941  -0.0000021433
        0.0001063627   0.0000052674  -0.0000057216  -0.0000377008  -0.0000366574
        0.0000043149   0.0002800415  -0.0000108555  -0.0008687483   0.0000133502
        0.0000408912   0.0000302251   0.0000096681   0.0000273756   0.0000137908
       -0.0000173033  -0.0000166831  -0.0000025893  -0.0000054466  -0.0000080892
       -0.0000009370  -0.0000134899  -0.0000023568   0.0000031687   0.0000119173
       -0.0000033631  -0.0000023513   0.1306854883   0.1419845199  -0.0273243472
       -0.0236496843  -0.0228312138   0.0061341124   0.0006161305   0.0004236955
        0.0001138461  -0.0001022914  -0.0000231131  -0.0003465018   0.0000077788
        0.0001639139   0.0000494925   0.0001429643   0.0003002591   0.0000670004
        0.0001111714   0.0000381297  -0.0000471774  -0.0000149703   0.0000346197
        0.0000010302  -0.0000128185   0.0000214775   0.0000008007  -0.0000027649
        0.0000077815   0.0000067956  -0.0000034570   0.0000115339   0.0000002018
       -0.0000041215   0.0000048544   0.0000028574   0.0000169210   0.0002994744
       -0.0001578496   0.0002328074   0.0003148553  -0.0002833775
       -0.0008108697   0.0001672236   0.0006671928   0.0014517329   0.0013315505
        0.0007371719   0.0014511184  -0.0020964402  -0.0021079120   0.0003685014
        0.0004400592  -0.0000320695  -0.0000949914   0.0007369955   0.0003185007
       -0.0016395665  -0.0013140429  -0.0000710536   0.0000047127   0.0002175177
        0.0001767491  -0.0000334750  -0.0001249397  -0.0000663252   0.0001448962
       -0.0000043526  -0.0000342861  -0.0000607136  -0.0000306490   0.0000040639
        0.0000157501  -0.0000513644  -0.0000302944   0.0000328677   0.0000368102
        0.0000051308  -0.0000022256   0.0000409926   0.0000027926   0.0001397844
        0.0000369053  -0.0000272070  -0.0002311807   0.0000377451   0.0000127791
       -0.0032177866  -0.0020571221  -0.0012708844   0.0250967110   0.0155985484
       -0.0109824836   0.0363297629   0.0246026578  -0.0473256422  -0.0178497882
       -0.0111167797   0.0016659583  -0.0035549708   0.0004694159  -0.0026679978
       -0.0001251592   0.0000577987  -0.0002396084   0.0000685178  -0.0000258714
        0.0002098824   0.0000585948   0.0000289575  -0.0000534888  -0.0000011733
        0.0000192916  -0.0000189036   0.0000535566  -0.0000837478   0.0000574873
       -0.0002440344   0.0000004563  -0.0001319723   0.0000804423   0.0000348966
        0.0000709640   0.0030286329  -0.0025738890  -0.0048998938   0.0000237880
        0.0001302805   0.0000537971   0.0000141464   0.0001072917   0.0000360132
        0.0000022924   0.0000042681   0.0000034501   0.0000129098   0.0000020982
       -0.0000042212   0.0000141720  -0.0000035857  -0.0000036991   0.0000038447
       -0.0000081368  -0.0000002674  -0.0432157601  -0.0273243472   0.0649544225
        0.0027176979   0.0031494778   0.0008060635   0.0002155540  -0.0002821692
        0.0005135441  -0.0003833795  -0.0003339220   0.0001854242  -0.0009944477
       -0.0006566446   0.0000900019   0.0000644537   0.0001547506  -0.0001214235
       -0.0000603599  -0.0000164300  -0.0000308769  -0.0000119456  -0.0000136687
        0.0000145933  -0.0000076594   0.0000793409  -0.0000106786  -0.0000034169
        0.0000056649  -0.0000010303   0.0000041628  -0.0000116090   0.0000146286
       -0.0000049391   0.0000019602  -0.0000252778  -0.0003286021  -0.0004023492
        0.0001786142   0.0014778413   0.0010391056  -0.0006217280
       -0.0001290261   0.0007343130   0.0015543465  -0.0020450442  -0.0000774005
       -0.0007633695   0.0002111449   0.0000557412   0.0000013506  -0.0001942119
       -0.0001238836   0.0000378281   0.0000694381  -0.0001209192  -0.0000289931
        0.0001455426   0.0000893526   0.0000304353  -0.0000274588  -0.0001035718
       -0.0000304980   0.0000627670   0.0001236383   0.0000217526   0.0000019767
        0.0000207705   0.0000159849  -0.0000008698  -0.0000010944  -0.0000000696
       -0.0000103734   0.0000013821   0.0000041780  -0.0000041154  -0.0000014501
        0.0000010407   0.0000198150   0.0000047113  -0.0000089132  -0.0000598906
        0.0000065207   0.0000275224   0.0000120035  -0.0000692769  -0.0000461284
       -0.0002916119   0.0000182119  -0.0003485234  -0.0032691312   0.0145234583
        0.0082958044  -0.0588420589   0.0531074912  -0.0058760403  -0.0083127713
        0.0212532165  -0.0062343633   0.0006490889   0.0012384144   0.0002178198
       -0.0005227929   0.0002980155   0.0001152190   0.0002202069  -0.0001645796
        0.0000066817  -0.0000147399   0.0001368458  -0.0000055175   0.0000149461
       -0.0000039113   0.0000044511   0.0001048636  -0.0001516629   0.0000218811
       -0.0001501157   0.0001575300  -0.0000135494   0.0000618143  -0.0000951123
       -0.0000013898   0.0001344298   0.0015447823  -0.0002093256  -0.0000108072
       -0.0000157243  -0.0000139871  -0.0000062427  -0.0000118580  -0.0000050839
        0.0000056580   0.0000042017   0.0000002738   0.0000049879   0.0000021816
       -0.0000008131   0.0000046073  -0.0000010328  -0.0000012828  -0.0000084888
       -0.0000021574   0.0000036053   0.0055285789  -0.0236496843   0.0027176979
        0.0688768049  -0.0683367876   0.0034192864  -0.0028723358   0.0010854069
       -0.0035789185   0.0004129629  -0.0000449813   0.0004172700   0.0003047534
       -0.0001409783   0.0001091777  -0.0002876143  -0.0006327260  -0.0003387528
       -0.0000655355  -0.0000450702   0.0000248952   0.0000110235  -0.0000826267
        0.0000237478   0.0000275557  -0.0000416064   0.0000052049   0.0000050472
       -0.0000153445  -0.0000086830   0.0000177365  -0.0000244853  -0.0000002929
        0.0000027503  -0.0000113660  -0.0000094965  -0.0000682283  -0.0003950285
        0.0006335652   0.0002829609  -0.0000418656  -0.0001870286
       -0.0001554446  -0.0004045196  -0.0017217148   0.0036261060  -0.0001963185
        0.0013690500   0.0002263303   0.0000823816   0.0000109101  -0.0000110268
        0.0001136127   0.0000878089   0.0001351872   0.0001209211   0.0000340341
       -0.0002637502  -0.0001809241   0.0000899134   0.0001659678  -0.0004125912
       -0.0002243116   0.0001544395   0.0002467678   0.0000350046   0.0000185437
        0.0000586464   0.0000272831   0.0000580611   0.0000469692  -0.0000060605
       -0.0000064137   0.0000635996   0.0000297380  -0.0000388252  -0.0000666127
       -0.0000155331   0.0001192884  -0.0000120653  -0.0000506318  -0.0001666246
        0.0000237504   0.0000699460  -0.0001627344  -0.0000008735   0.0000656472
       -0.0002863451   0.0003105494  -0.0002212913   0.0053100798  -0.0148400170
       -0.0139212831   0.0535796849  -0.2430343169   0.0207266519   0.0043956025
       -0.0075149418   0.0042844697  -0.0007166251   0.0009842364  -0.0005818842
        0.0004337846  -0.0003883887  -0.0000564167   0.0000924125   0.0001503075
        0.0000633214  -0.0000135299  -0.0001466937   0.0000355348  -0.0000454949
        0.0000116956  -0.0000096903  -0.0000093838   0.0000558212   0.0000002591
       -0.0002558047  -0.0002364878  -0.0000084887   0.0000848362   0.0002337623
        0.0000117622  -0.0007974532   0.0010871337   0.0005578301   0.0000000938
        0.0000594793   0.0000336105  -0.0000031700   0.0000153813   0.0000037473
        0.0000132797   0.0000091386   0.0000015799   0.0000019385   0.0000051398
        0.0000016698   0.0000058222   0.0000050204   0.0000002807  -0.0000097582
        0.0000120590   0.0000080784   0.0023838362  -0.0228312138   0.0031494778
       -0.0683367876   0.2851293586  -0.0151299549   0.0009406761   0.0005354374
        0.0013531807  -0.0002028917   0.0001681994   0.0000821350  -0.0003252579
       -0.0000385113  -0.0000603504   0.0002321890   0.0003877206  -0.0000349334
       -0.0000858095  -0.0000143209  -0.0000239029  -0.0000033063   0.0000675756
       -0.0000783554  -0.0000790024   0.0000552546   0.0000252058   0.0000084596
       -0.0000000028  -0.0000057401  -0.0000084237   0.0000068323   0.0000006806
       -0.0000007184   0.0000073086  -0.0000022033   0.0003788523   0.0002500533
       -0.0002447429  -0.0003808901   0.0000146858   0.0002386782
       -0.0003283545  -0.0012693349  -0.0027392779   0.0047699507  -0.0009458331
       -0.0000779126   0.0000769556   0.0000521981  -0.0000670940   0.0001096122
        0.0001258036   0.0000221299  -0.0000271450   0.0000842531   0.0000474376
       -0.0002066247  -0.0001986931  -0.0000119520   0.0000121167   0.0000329392
        0.0000098123  -0.0000212802  -0.0000677545  -0.0000105734  -0.0000048956
        0.0000019294   0.0000008600   0.0000005195   0.0000006838   0.0000012736
        0.0000041946  -0.0000000339  -0.0000011570  -0.0000015195  -0.0000052437
       -0.0000014092  -0.0000009160   0.0000108188   0.0000020276   0.0000068525
       -0.0000109579  -0.0000065842  -0.0000044527   0.0000616292   0.0000071772
        0.0002039795   0.0001990244   0.0000875293   0.0100925188  -0.0303381062
       -0.0090574355  -0.0042029755   0.0202754501  -0.0400749595  -0.0091036933
        0.0211853718  -0.0043206117   0.0008218525   0.0003780919   0.0005387346
       -0.0001661679   0.0000892323  -0.0002133786  -0.0000475339  -0.0000473281
        0.0000685891   0.0000109694   0.0000557838  -0.0001118075   0.0000132063
       -0.0000094030   0.0000027703  -0.0000005513  -0.0000004369   0.0000586316
        0.0000899628   0.0000698862  -0.0001012640  -0.0000464103  -0.0000613270
        0.0000284945  -0.0000604718  -0.0019124420   0.0007634450   0.0000051444
        0.0000468089   0.0000054732  -0.0000024968   0.0000088625   0.0000010560
       -0.0000017624  -0.0000026888  -0.0000019640  -0.0000026411  -0.0000013125
       -0.0000006258   0.0000002886   0.0000012670   0.0000003117   0.0000063884
        0.0000001592  -0.0000004072  -0.0010015892   0.0061341124   0.0008060635
        0.0034192864  -0.0151299549   0.0573878283  -0.0039159660   0.0009194026
       -0.0032768838   0.0000270538   0.0004181849   0.0001720256   0.0002777910
       -0.0000238955  -0.0000269607  -0.0002028670  -0.0004164439   0.0000952961
       -0.0000288254   0.0000067007  -0.0000588589   0.0000484993  -0.0000851694
        0.0000283512  -0.0000899521   0.0000308575  -0.0000135210  -0.0000289705
        0.0000089090   0.0000278925   0.0000051821  -0.0000078432   0.0000040864
       -0.0000074780   0.0000034669  -0.0000111493  -0.0000172056   0.0004166133
       -0.0002027029  -0.0004795789  -0.0000842382   0.0002211936
       -0.0000953832  -0.0000158812  -0.0000348185   0.0000590105   0.0001630098
       -0.0000326923  -0.0000444331  -0.0000364606  -0.0000037805   0.0000211898
       -0.0000890153  -0.0000226938   0.0000076188  -0.0000009744  -0.0000133090
       -0.0000719349   0.0000502405  -0.0000308273  -0.0000208821   0.0000924398
        0.0000394467  -0.0000095870  -0.0000821864  -0.0000037579  -0.0000108395
        0.0000104166  -0.0000073914  -0.0000079037  -0.0000129740  -0.0000002285
       -0.0000002077  -0.0000104392  -0.0000027839   0.0000069767   0.0000094305
        0.0000024171  -0.0000063022   0.0000044125   0.0000103580   0.0000163971
       -0.0000107382  -0.0000150283   0.0000357468   0.0000220907   0.0000108565
       -0.0000405127  -0.0000847330   0.0000662489   0.0010455306  -0.0004486729
        0.0014073245  -0.0094312324   0.0213522654  -0.0046909197  -0.0606229858
        0.0640200532  -0.0018461485   0.0044745946  -0.0238709013   0.0009600621
        0.0007135685  -0.0001417228  -0.0000671728   0.0001616939   0.0000741564
       -0.0003490683  -0.0007601303  -0.0001835124   0.0010457330  -0.0000691688
        0.0000749398  -0.0000618818  -0.0000066645   0.0000861303  -0.0000694327
       -0.0004575845  -0.0005173733   0.0001232716   0.0001471647   0.0003548776
        0.0000156674  -0.0000461997   0.0000531203  -0.0000479958   0.0000198774
        0.0000015654   0.0000107125   0.0000069078   0.0000062206   0.0000024654
       -0.0000030984  -0.0000011610  -0.0000018017   0.0000014947  -0.0000005906
       -0.0000018001   0.0000015554  -0.0000002966  -0.0000022534   0.0000040882
       -0.0000022362  -0.0000042748   0.0001864842   0.0006161305   0.0002155540
       -0.0028723358   0.0009406761  -0.0039159660   0.0746489974  -0.0736663437
        0.0044007250  -0.0039005216   0.0143502532   0.0016733479   0.0008164406
       -0.0003540253   0.0000919819  -0.0033102007  -0.0041645032   0.0011040219
       -0.0000223407   0.0001609712  -0.0000828818  -0.0006588228   0.0012145064
        0.0002969248   0.0001924971   0.0000793854  -0.0001490854   0.0000863691
       -0.0000028098  -0.0000438030   0.0000034310   0.0000491115  -0.0000135807
        0.0000212843  -0.0000053547  -0.0000045606  -0.0001594730  -0.0000609896
        0.0000092537  -0.0000501740  -0.0000225081   0.0000335653
       -0.0000960100   0.0000215906  -0.0000902723   0.0003449406  -0.0001812974
        0.0003852271  -0.0000038667   0.0001057119  -0.0000150130   0.0000009100
        0.0000002373   0.0000010867  -0.0000807817  -0.0000435142   0.0000265413
        0.0000394773   0.0000009147   0.0000426715   0.0000342487  -0.0000661314
       -0.0000252407   0.0000239623   0.0000427034  -0.0000049952  -0.0000182514
        0.0000083255   0.0000194503   0.0000040557  -0.0000066888  -0.0000063738
       -0.0000136892   0.0000145850   0.0000103662   0.0000032403  -0.0000026028
       -0.0000019481   0.0000035571  -0.0000193743  -0.0000151588  -0.0000459209
       -0.0000016622   0.0000161980   0.0000315929  -0.0000006013  -0.0000188039
        0.0000242220   0.0000331797  -0.0000817826  -0.0009833140   0.0010642995
       -0.0006303241   0.0046815154  -0.0063126240   0.0027888503   0.0640886602
       -0.2566493928   0.0095331289   0.0011829401  -0.0226903631   0.0011493055
        0.0006302189   0.0000961486   0.0000768201  -0.0003675535   0.0001789399
       -0.0002767541   0.0005977491  -0.0003746559  -0.0003492846   0.0000231414
        0.0000553554   0.0000283990   0.0000298482   0.0001029746  -0.0000579935
       -0.0003758860  -0.0005608255   0.0002675599   0.0001566506   0.0003675351
       -0.0000255801   0.0000010752  -0.0003089431   0.0003753270  -0.0000001253
       -0.0000030641  -0.0000024239  -0.0000009803  -0.0000171211  -0.0000019180
        0.0000024040   0.0000009815   0.0000019786   0.0000018163  -0.0000020346
        0.0000005170  -0.0000033090  -0.0000022588   0.0000029135  -0.0000015523
        0.0000054875   0.0000058120  -0.0000536006   0.0004236955  -0.0002821692
        0.0010854069   0.0005354374   0.0009194026  -0.0736663437   0.2978834508
       -0.0113754253   0.0053425227  -0.0122885137  -0.0025347217   0.0003259551
        0.0004690407  -0.0002156970  -0.0038594084  -0.0025924032   0.0011270717
        0.0002036780   0.0002169215  -0.0001813842   0.0006101777   0.0003486857
       -0.0004027492  -0.0000048940   0.0001258031   0.0000716915   0.0000451982
       -0.0000302645  -0.0000405964   0.0000555263  -0.0000021249  -0.0000041717
        0.0000396591  -0.0000167655  -0.0000192287  -0.0000453208   0.0001172947
       -0.0001521468   0.0000064578  -0.0000460722  -0.0000381617
        0.0001938424  -0.0000211805   0.0002152805  -0.0006604753  -0.0000584009
       -0.0004013570  -0.0000929944   0.0000368891   0.0001566380   0.0000217307
       -0.0000754450  -0.0000191943   0.0000415474   0.0000108364  -0.0000273761
        0.0001279737   0.0001225704  -0.0000297048  -0.0000469725   0.0001098805
        0.0000701286  -0.0000125505  -0.0000387450  -0.0000158940   0.0000080689
       -0.0000023732  -0.0000041114  -0.0000167656  -0.0000105485   0.0000003248
        0.0000037454  -0.0000169548  -0.0000091440   0.0000121913   0.0000172357
        0.0000029435  -0.0000199987   0.0000033405   0.0000096327   0.0000460609
        0.0000023325  -0.0000139981   0.0000136282  -0.0000348765  -0.0000195459
       -0.0000371878  -0.0001018583   0.0000110335   0.0003781614   0.0006553590
        0.0018267477  -0.0099380073   0.0217493691  -0.0041721465  -0.0010729263
        0.0088988914  -0.0452158841  -0.0011467482   0.0059831095   0.0003395660
       -0.0004686820   0.0005314137   0.0002739333  -0.0000686920  -0.0000795299
        0.0001860494   0.0003039501   0.0001332339  -0.0004730176   0.0000341787
       -0.0000885275   0.0000601349  -0.0001646451   0.0000291030  -0.0000482889
        0.0005626915   0.0003225452   0.0000011767  -0.0002404009  -0.0003332488
       -0.0000284795   0.0001578396   0.0002408792  -0.0002978866   0.0000079878
       -0.0000278367  -0.0000125580   0.0000180901   0.0000065870  -0.0000030318
       -0.0000018648  -0.0000010716   0.0000002673   0.0000011767  -0.0000005163
       -0.0000009485   0.0000003428  -0.0000011883  -0.0000008859   0.0000003617
       -0.0000034050  -0.0000024988   0.0004859442   0.0001138461   0.0005135441
       -0.0035789185   0.0013531807  -0.0032768838   0.0044007250  -0.0113754253
        0.0504884188   0.0097935211  -0.0274658670  -0.0010183043  -0.0002494229
       -0.0005773893   0.0001903205   0.0006672938   0.0010353102   0.0006105115
       -0.0000654210  -0.0000840199  -0.0000205524   0.0008129382  -0.0007420404
        0.0005093339  -0.0000025587  -0.0000955494  -0.0004336959  -0.0000618901
        0.0000140441   0.0000001663  -0.0000454950   0.0000081195   0.0000308981
       -0.0000274771  -0.0000095883   0.0000286155  -0.0000339933  -0.0001509929
        0.0000557975  -0.0000399036   0.0000185024  -0.0000360747
        0.0005397187  -0.0004836928  -0.0002464173  -0.0002056701   0.0007296987
       -0.0003832525   0.0000671179   0.0000590250   0.0000496613  -0.0000070603
        0.0000261187   0.0000262280  -0.0000249518  -0.0000040441   0.0000018695
       -0.0000266489  -0.0000385010  -0.0000076841   0.0000215550  -0.0000473975
       -0.0000350128   0.0000279070   0.0000373024   0.0000071385  -0.0000096301
        0.0000114451   0.0000061890   0.0000068004   0.0000017665  -0.0000015751
       -0.0000055435   0.0000068394   0.0000046485  -0.0000079703  -0.0000051084
        0.0000003305   0.0000166131   0.0000003008  -0.0000028083  -0.0000449833
       -0.0000022077   0.0000135973   0.0000157167  -0.0000226112   0.0000063473
        0.0000771688   0.0000286346  -0.0000189081  -0.0017758972  -0.0007157824
       -0.0050623370   0.0061305793  -0.0043763283  -0.0160289750  -0.0801120313
        0.0278549847   0.0844195715  -0.0138669203   0.0032099843   0.0228723785
       -0.0033367400  -0.0040748850   0.0004181475  -0.0004494103   0.0003072945
       -0.0000778251  -0.0000781569   0.0000491279  -0.0000300149  -0.0000561252
       -0.0000370254   0.0000517251  -0.0001455437   0.0002365190  -0.0000948223
        0.0006517516  -0.0000519917   0.0000829724  -0.0001928918  -0.0000464885
       -0.0000565406  -0.0001201058   0.0000465591  -0.0002931043  -0.0000051821
        0.0000104635  -0.0000006976  -0.0000018398  -0.0000012626  -0.0000002659
        0.0000033106   0.0000017460  -0.0000001796   0.0000021355   0.0000008848
        0.0000002033   0.0000020754   0.0000004604  -0.0000005453  -0.0000048860
        0.0000027873   0.0000016192   0.0006207754  -0.0001022914  -0.0003833795
        0.0004129629  -0.0002028917   0.0000270538  -0.0039005216   0.0053425227
        0.0097935211   0.0955632797  -0.0283552860  -0.0963939232  -0.0000332024
        0.0003372160   0.0001503723   0.0008694905   0.0003930115  -0.0000002478
       -0.0004428390  -0.0000358064   0.0012377300  -0.0000232467   0.0000079486
        0.0001385835  -0.0000465655  -0.0000262444  -0.0000823344  -0.0000035007
        0.0000075244   0.0000114849  -0.0000030439   0.0000121339  -0.0000065184
        0.0000156052  -0.0000051906   0.0000488762  -0.0000788336  -0.0000063545
       -0.0000157799  -0.0000346218  -0.0000809081  -0.0001471003
       -0.0000577021   0.0000587389  -0.0000442765   0.0001467370   0.0002645719
        0.0004222446  -0.0000085066   0.0000176161  -0.0000590773  -0.0000094938
        0.0000196404   0.0000127151  -0.0000120654  -0.0000134981   0.0000070559
       -0.0000784047  -0.0000410991   0.0000057304   0.0000215818  -0.0000356443
       -0.0000378540   0.0000061181  -0.0000066469   0.0000106286  -0.0000128128
        0.0000093619  -0.0000013518   0.0000063120   0.0000015865  -0.0000000752
       -0.0000018042   0.0000065991   0.0000051719  -0.0000047972  -0.0000070803
        0.0000000835   0.0000129608   0.0000012592   0.0000013908  -0.0000317650
       -0.0000037183   0.0000051676   0.0000018370   0.0000187435   0.0000232969
        0.0000747858  -0.0000297450  -0.0000248130  -0.0000282182   0.0006570033
       -0.0002190553  -0.0009051418   0.0009389637   0.0022895503   0.0274408333
       -0.0612632251  -0.0547206160  -0.0090909086   0.0031474516   0.0150329186
       -0.0027907314  -0.0017307235   0.0008863270  -0.0002769671   0.0001710110
        0.0001525766   0.0001296158  -0.0003208534   0.0000773193   0.0000860236
        0.0000275843  -0.0000898778   0.0000078320   0.0000466175  -0.0000228369
       -0.0001262495  -0.0001138893   0.0000810157   0.0000726731   0.0001391700
       -0.0000120177  -0.0000829413  -0.0001320947  -0.0001470558  -0.0000034405
        0.0000188009   0.0000125202  -0.0000077579  -0.0000008070   0.0000024046
        0.0000009656   0.0000017698  -0.0000010328   0.0000009183   0.0000009043
       -0.0000007956   0.0000021496   0.0000007562  -0.0000015595   0.0000002269
        0.0000018517  -0.0000012603  -0.0001006462  -0.0000231131  -0.0003339220
       -0.0000449813   0.0001681994   0.0004181849   0.0143502532  -0.0122885137
       -0.0274658670  -0.0283552860   0.0692628073   0.0623436039   0.0003312886
        0.0001867807   0.0000213700  -0.0003641707   0.0006147324   0.0008751732
       -0.0002661276  -0.0000279730   0.0007019415  -0.0000706768   0.0001766869
       -0.0002888283   0.0000074057   0.0000531770   0.0001284938   0.0000395201
       -0.0000106209  -0.0000070709  -0.0000018659   0.0000153586  -0.0000166170
        0.0000181518   0.0000018805  -0.0000123356  -0.0000234390   0.0000251035
        0.0000084981  -0.0000012886  -0.0000054825  -0.0000171867
        0.0003703559  -0.0006433121  -0.0002124701   0.0003140963   0.0017427733
       -0.0002736326   0.0000116045  -0.0001657801   0.0000027385  -0.0000258699
        0.0000446907   0.0000559475  -0.0000001780   0.0000461110  -0.0000007764
       -0.0002738344  -0.0001362582   0.0000020407   0.0001213947  -0.0002387203
       -0.0001605602   0.0000762268   0.0001074379   0.0000394670  -0.0000074912
        0.0000388493   0.0000045948   0.0000442027   0.0000301964  -0.0000035278
       -0.0000022926   0.0000465535   0.0000236943  -0.0000282034  -0.0000455482
       -0.0000089416   0.0000750127  -0.0000227889  -0.0000265598  -0.0001134652
       -0.0000025108   0.0000404557  -0.0000682807   0.0000336418   0.0000669744
        0.0000964517   0.0001042982   0.0000708109  -0.0039026555  -0.0010408880
       -0.0064284046   0.0068002558  -0.0061533820  -0.0224535676   0.0834846520
       -0.0540932799  -0.2192473064   0.0061781274  -0.0002357930  -0.0070660190
        0.0015169205   0.0014304680   0.0005652738   0.0003116709  -0.0000842727
        0.0002024904   0.0000299497  -0.0000047026  -0.0000680282  -0.0000321430
        0.0000334584  -0.0000125051   0.0000823802  -0.0001018081   0.0000893827
       -0.0005433081  -0.0001240670  -0.0001652040   0.0001598111   0.0001801354
        0.0000820707  -0.0002200085  -0.0000927568   0.0002786280   0.0000053138
        0.0000457977   0.0000238332  -0.0000111696   0.0000058212   0.0000035152
        0.0000048525   0.0000051653  -0.0000033501  -0.0000018958   0.0000032707
       -0.0000000407  -0.0000003559   0.0000050512  -0.0000006262  -0.0000083807
        0.0000121842   0.0000034147   0.0002416577  -0.0003465018   0.0001854242
        0.0004172700   0.0000821350   0.0001720256   0.0016733479  -0.0025347217
       -0.0010183043  -0.0963939232   0.0623436039   0.2549792583  -0.0000051119
       -0.0001283046   0.0003450362  -0.0002790495   0.0000536589   0.0001590167
        0.0000030264  -0.0000769647  -0.0004069010   0.0000843803  -0.0000396320
       -0.0001058447  -0.0000641920   0.0000754294   0.0000242845  -0.0000168511
        0.0000037634   0.0000099053   0.0000064394  -0.0000155611   0.0000116938
       -0.0000171051   0.0000040543  -0.0000350054  -0.0000061665  -0.0001108940
        0.0000153900  -0.0000874690  -0.0000401003   0.0002402086
        0.0001824138  -0.0001076624  -0.0001812946  -0.0000117437   0.0005252389
        0.0003103553  -0.0001401887   0.0000200736   0.0000806589  -0.0000291328
       -0.0000031281   0.0000275021   0.0000108417  -0.0000253377  -0.0000140025
        0.0000400189   0.0000403013  -0.0000088794   0.0000101104   0.0000045681
       -0.0000056743  -0.0000335993  -0.0000171841   0.0000091024  -0.0000194380
       -0.0000185969  -0.0000024531   0.0000122952   0.0000147461   0.0000030740
        0.0000070822   0.0000061983   0.0000006642  -0.0000072969  -0.0000101533
       -0.0000011751  -0.0000205787  -0.0000061665   0.0000062585   0.0000127045
       -0.0000107160  -0.0000131369   0.0000509215   0.0000254021  -0.0000062772
       -0.0000211093  -0.0001284161  -0.0001313763   0.0001640079  -0.0002166353
        0.0001659163  -0.0046973832  -0.0034665825   0.0012950582  -0.0215289819
        0.0012680904  -0.0158426185  -0.1640886917   0.0296081248  -0.1152069552
        0.0064427010  -0.0010905830   0.0053562314   0.0009078439  -0.0002569681
        0.0007795981   0.0000314001   0.0001117274  -0.0001313053  -0.0000257849
        0.0000210428   0.0000266442  -0.0000228430   0.0000277164  -0.0000873287
        0.0002644715   0.0000501314   0.0000160987  -0.0001383215  -0.0000792970
       -0.0001215661  -0.0001037426   0.0005046514   0.0015735370   0.0000037334
       -0.0000044175  -0.0000042332  -0.0000055391  -0.0000092493  -0.0000006646
       -0.0000047701  -0.0000067294  -0.0000019451  -0.0000107125  -0.0000013444
        0.0000020579  -0.0000091607   0.0000039245   0.0000039391   0.0000030417
       -0.0000008218  -0.0000040288  -0.0008780349   0.0000077788  -0.0009944477
        0.0003047534  -0.0003252579   0.0002777910   0.0008164406   0.0003259551
       -0.0002494229  -0.0000332024   0.0003312886  -0.0000051119   0.1909979159
       -0.0321661008   0.1310271537  -0.0086903283   0.0052941587  -0.0085135575
        0.0001191077   0.0000931518   0.0000047558   0.0000045174  -0.0001928459
       -0.0000125425  -0.0000623601  -0.0000320712   0.0000074273  -0.0000332024
       -0.0000129812   0.0000107403  -0.0000131899  -0.0000140210  -0.0000010743
       -0.0000201611  -0.0000195480   0.0000298407  -0.0000288257  -0.0000746589
        0.0001108923   0.0002920008   0.0000132039   0.0004157746
        0.0000915551   0.0000124991   0.0000176422  -0.0000996352  -0.0000690089
        0.0000363438  -0.0000314965   0.0000745931   0.0000251734   0.0000040230
        0.0000023650   0.0000028496  -0.0000018795  -0.0000045850   0.0000001814
        0.0000270655   0.0000155008  -0.0000048931  -0.0000010798   0.0000181729
        0.0000069297   0.0000005897  -0.0000019218  -0.0000005541  -0.0000083423
       -0.0000006113   0.0000039667   0.0000001168  -0.0000022618  -0.0000008368
       -0.0000018008  -0.0000023822  -0.0000003815  -0.0000000022   0.0000033785
        0.0000019192  -0.0000075508   0.0000003669   0.0000017757  -0.0000000992
       -0.0000026137  -0.0000023305   0.0000202004  -0.0000132450  -0.0000142667
       -0.0000050055  -0.0000708101  -0.0000641701   0.0001690349   0.0000047166
        0.0001986437  -0.0033454305  -0.0014787399   0.0006800041  -0.0147802900
        0.0018311245  -0.0112438848   0.0296760389  -0.0509384232   0.0271510334
       -0.0021643961   0.0010841044  -0.0042354312  -0.0008939371   0.0003993975
       -0.0001778515   0.0000376136   0.0000176240  -0.0002833146   0.0000230326
       -0.0000734575  -0.0000446534  -0.0000150392  -0.0001052611   0.0001455064
        0.0007134827   0.0008856631  -0.0002824199  -0.0001958524  -0.0005933357
       -0.0001132236   0.0002487351   0.0003019101  -0.0009519143  -0.0000049127
        0.0000044557  -0.0000007171   0.0000038413   0.0000012483  -0.0000005928
       -0.0000003474   0.0000003614   0.0000004572   0.0000004162  -0.0000000287
       -0.0000002675   0.0000003497  -0.0000011622  -0.0000001738   0.0000002249
       -0.0000026394  -0.0000007159  -0.0006262406   0.0001639139  -0.0006566446
       -0.0001409783  -0.0000385113  -0.0000238955  -0.0003540253   0.0004690407
       -0.0005773893   0.0003372160   0.0001867807  -0.0001283046  -0.0321661008
        0.0572975013  -0.0307219297   0.0239778557  -0.0091496367   0.0211411670
        0.0000671158  -0.0001101576   0.0002749835  -0.0001271432  -0.0002062082
        0.0000025233  -0.0000369480  -0.0000217421   0.0001051043  -0.0000466379
        0.0000131004   0.0000547288  -0.0000050309  -0.0000273968  -0.0000039036
       -0.0000261683   0.0000216237  -0.0000003447  -0.0001352941   0.0000353717
       -0.0001887459  -0.0001768434   0.0000693259  -0.0001271823
        0.0000873110  -0.0002531427  -0.0000222837   0.0001354549   0.0005387424
        0.0001729445  -0.0000974165  -0.0000176395   0.0000177678  -0.0000096691
        0.0000077034   0.0000261328   0.0000056074   0.0000107978  -0.0000027048
       -0.0000574035  -0.0000089623   0.0000030094   0.0000396142  -0.0000246048
       -0.0000253135  -0.0000116219  -0.0000083673   0.0000081388  -0.0000076203
        0.0000009621  -0.0000018136   0.0000175729   0.0000150737   0.0000005024
        0.0000049856   0.0000130880   0.0000044982  -0.0000085056  -0.0000123839
       -0.0000027108   0.0000055034  -0.0000067492  -0.0000023393  -0.0000022767
       -0.0000026200  -0.0000014495  -0.0000066016   0.0000127037   0.0000103928
        0.0000226014  -0.0000255995  -0.0000109588   0.0003892945  -0.0001687400
        0.0004576515   0.0004232376   0.0002237748   0.0006909818   0.0015996466
       -0.0006825390   0.0027859521  -0.1149740627   0.0264853089  -0.1484774843
       -0.0183012523   0.0036834583  -0.0261700033  -0.0013068351   0.0003677540
        0.0026824043   0.0000014879  -0.0002048096  -0.0004581546  -0.0000936169
       -0.0000522768  -0.0000927580  -0.0001566712   0.0002617572   0.0001411059
        0.0005888753  -0.0005754729  -0.0010449017  -0.0001682404   0.0003618288
        0.0006690967   0.0027693669  -0.0006331074  -0.0057613152   0.0000021757
        0.0000062324  -0.0000008272  -0.0000057475  -0.0000027184  -0.0000007857
       -0.0000027510  -0.0000035163  -0.0000021269  -0.0000075127  -0.0000007203
        0.0000008924  -0.0000055363   0.0000031582   0.0000015866  -0.0000005494
        0.0000022651  -0.0000011167   0.0002367005   0.0000494925   0.0000900019
        0.0001091777  -0.0000603504  -0.0000269607   0.0000919819  -0.0002156970
        0.0001903205   0.0001503723   0.0000213700   0.0003450362   0.1310271537
       -0.0307219297   0.1738944431  -0.0011031755   0.0013765034   0.0007566949
       -0.0002295052   0.0001854068  -0.0001648680  -0.0000595695  -0.0000795061
        0.0000707582  -0.0000067186   0.0001510678   0.0000586773  -0.0000341318
        0.0000659442   0.0000753979  -0.0000058115   0.0000073148   0.0000245252
       -0.0000629491   0.0000654672   0.0000025911   0.0000971486  -0.0001398031
        0.0001080957  -0.0010795176  -0.0000159195  -0.0010187237
        0.0000136133   0.0000711988   0.0001350811  -0.0001540075  -0.0002596547
       -0.0000929988   0.0000478428   0.0000414754  -0.0000221224  -0.0000162871
       -0.0000007918   0.0000025533   0.0000019542   0.0000012676   0.0000046960
        0.0000457124   0.0000155648   0.0000041870  -0.0000090979  -0.0000036745
        0.0000031829   0.0000137354   0.0000250452   0.0000013158   0.0000047630
        0.0000013335   0.0000020065  -0.0000033276  -0.0000024042  -0.0000000809
       -0.0000029490  -0.0000046749  -0.0000013755   0.0000003250   0.0000045068
        0.0000018242   0.0000016826   0.0000027853  -0.0000006376  -0.0000060150
        0.0000038616   0.0000040707  -0.0000045744  -0.0000267889  -0.0000105150
       -0.0000089677  -0.0000150420  -0.0000046062  -0.0002200868   0.0002400638
        0.0001524599   0.0008947927  -0.0010947749   0.0003611850   0.0038261494
       -0.0241971362  -0.0005672148  -0.0625328098   0.0648959563   0.0024228781
       -0.0041400772   0.0097141499   0.0032227161  -0.0019450663   0.0016449436
        0.0029199775  -0.0001910915  -0.0000464174   0.0002376308  -0.0000276433
        0.0000309738  -0.0000564253  -0.0001174800   0.0000844284  -0.0000892327
        0.0008668768   0.0007303766   0.0002347481  -0.0000975880  -0.0004615343
       -0.0001189455   0.0002207944   0.0000430585  -0.0001677106  -0.0000073986
        0.0000044682   0.0000016300   0.0000031096   0.0000034284  -0.0000000918
        0.0000014183   0.0000017873   0.0000008746   0.0000032347   0.0000010519
       -0.0000003282   0.0000019761  -0.0000014247  -0.0000006700  -0.0000026732
       -0.0000019100   0.0000008708   0.0000660395   0.0001429643   0.0000644537
       -0.0002876143   0.0002321890  -0.0002028670  -0.0033102007  -0.0038594084
        0.0006672938   0.0008694905  -0.0003641707  -0.0002790495  -0.0086903283
        0.0239778557  -0.0011031755   0.0753082175  -0.0723861833  -0.0082573947
       -0.0002372385   0.0010997637   0.0006259445  -0.0001443294  -0.0001771625
       -0.0000160688  -0.0000428677  -0.0000296824   0.0000153624  -0.0000207355
        0.0000012901   0.0000250540  -0.0000168928  -0.0000118849  -0.0000085502
        0.0000073769   0.0000120342   0.0000015724   0.0001252885  -0.0000272348
       -0.0000873992  -0.0000870452  -0.0000558670  -0.0000261088
       -0.0002063007   0.0002174801   0.0001429100   0.0001429968  -0.0002081201
       -0.0001238500   0.0000109418   0.0000165657   0.0000190079   0.0000023317
        0.0000142292  -0.0000040448   0.0000323239   0.0000185785  -0.0000072708
       -0.0000213664   0.0000032171   0.0000295253   0.0000399298  -0.0000566498
       -0.0000349939   0.0000150566   0.0000461712   0.0000037264   0.0000080671
        0.0000084522   0.0000057537   0.0000109088   0.0000075620  -0.0000031618
       -0.0000019885   0.0000151510   0.0000064963  -0.0000043749  -0.0000090136
       -0.0000028580   0.0000167566  -0.0000115623  -0.0000128199  -0.0000204150
        0.0000093558   0.0000098629  -0.0000360336  -0.0000116686   0.0000077545
       -0.0000034902   0.0000227396  -0.0000055956  -0.0001112449  -0.0001578940
       -0.0001763552   0.0008789232   0.0004473357   0.0001534209   0.0008096342
       -0.0249765202   0.0007069678   0.0650435972  -0.2531231564  -0.0151878756
        0.0039514149  -0.0074265783  -0.0021124405   0.0016717319   0.0001228980
       -0.0017462589   0.0000020167  -0.0000071444  -0.0000136192   0.0000035818
        0.0000759853   0.0000353168   0.0000479149   0.0000024740   0.0000315531
       -0.0007090467  -0.0008217137  -0.0003101003   0.0001429972   0.0005960892
        0.0000648804  -0.0001042899  -0.0000309174   0.0001167263   0.0000040689
        0.0000098727   0.0000135132   0.0000009958   0.0000033798   0.0000034348
        0.0000024581   0.0000019231   0.0000015922  -0.0000005966   0.0000010189
        0.0000008405  -0.0000024771   0.0000017622   0.0000017803  -0.0000033748
        0.0000042343   0.0000023378   0.0002461796   0.0003002591   0.0001547506
       -0.0006327260   0.0003877206  -0.0004164439  -0.0041645032  -0.0025924032
        0.0010353102   0.0003930115   0.0006147324   0.0000536589   0.0052941587
       -0.0091496367   0.0013765034  -0.0723861833   0.2940002446   0.0158022871
       -0.0002937532   0.0009352199   0.0005978442   0.0000680879   0.0002444423
       -0.0001295245   0.0000503299   0.0000421028   0.0000816205   0.0000208880
       -0.0000064969  -0.0000316907  -0.0000307462   0.0000300515   0.0000028635
       -0.0000212662  -0.0000032403   0.0000314015  -0.0001418284   0.0002766756
       -0.0003099049  -0.0000152974   0.0001147915   0.0001351674
       -0.0001867916   0.0001575135   0.0002305081   0.0000568938  -0.0004118968
       -0.0004417659   0.0000860112   0.0000130803  -0.0000151481   0.0000051071
       -0.0000116627  -0.0000157645   0.0000182345   0.0000150701  -0.0000006118
       -0.0000052873  -0.0000216140  -0.0000120146  -0.0000210242  -0.0000074274
        0.0000046874   0.0000055496   0.0000142217   0.0000039743   0.0000140182
       -0.0000034978  -0.0000062728  -0.0000063049  -0.0000013111   0.0000013753
        0.0000024858  -0.0000072561  -0.0000045656  -0.0000003628   0.0000006553
       -0.0000003547   0.0000045463   0.0000098479   0.0000015284   0.0000025289
        0.0000004335   0.0000009118  -0.0000181359   0.0000081343   0.0000070869
       -0.0000375991   0.0000442574   0.0000480862   0.0001305891   0.0002770624
       -0.0001234467   0.0000765932  -0.0007288621   0.0003216199  -0.0003398550
        0.0054992074   0.0005297732   0.0019641786  -0.0152976361  -0.0439577106
        0.0100488123  -0.0239666947  -0.0052337134   0.0037931187  -0.0025126671
       -0.0041231450   0.0003999174  -0.0000358556  -0.0004984450   0.0001555499
       -0.0001227633   0.0000051199   0.0003369776  -0.0003979761   0.0002737411
       -0.0007147790  -0.0006048502  -0.0007700747   0.0000345930   0.0002806275
        0.0000890179   0.0000289693  -0.0002822474  -0.0001433635   0.0000030906
        0.0000079855   0.0000050487   0.0000059220   0.0000059898   0.0000009215
        0.0000008865   0.0000016626  -0.0000000427   0.0000030472   0.0000012598
       -0.0000005975   0.0000042695  -0.0000002350  -0.0000014704   0.0000001087
       -0.0000014135   0.0000009943  -0.0000270120   0.0000670004  -0.0001214235
       -0.0003387528  -0.0000349334   0.0000952961   0.0011040219   0.0011270717
        0.0006105115  -0.0000002478   0.0008751732   0.0001590167  -0.0085135575
        0.0211411670   0.0007566949  -0.0082573947   0.0158022871   0.0520934700
        0.0003226904  -0.0012727394   0.0005829362   0.0000704442   0.0000674235
       -0.0000204143   0.0000232679   0.0000047194   0.0000570516   0.0000017558
       -0.0000041454  -0.0000073986  -0.0000018820   0.0000008883   0.0000067558
       -0.0000318101  -0.0000113369   0.0000122940  -0.0001875157   0.0001083252
       -0.0004651639  -0.0000158667   0.0002079572   0.0000644858
        0.0000364744   0.0003437105   0.0001485179  -0.0009789315  -0.0002951853
        0.0001021919   0.0000490980  -0.0002175847   0.0000390357  -0.0000597680
       -0.0000317147   0.0000191902  -0.0000217003  -0.0000370365  -0.0000220299
        0.0000317693   0.0000208453  -0.0000055797  -0.0000000771   0.0000137724
        0.0000032148  -0.0000069893  -0.0000042696  -0.0000030809  -0.0000097427
        0.0000002389   0.0000062547  -0.0000021626  -0.0000027419  -0.0000020195
       -0.0000047431  -0.0000001495   0.0000008504  -0.0000003434   0.0000041099
        0.0000014298  -0.0000082866  -0.0000026358   0.0000007001   0.0000015237
        0.0000039204   0.0000015672   0.0000192286  -0.0000117436  -0.0000151090
        0.0001134529  -0.0000224491  -0.0000407354  -0.0030526036  -0.0012877393
       -0.0035742748   0.0001719370   0.0000889151  -0.0000678042  -0.0002588842
        0.0000192067   0.0026833884  -0.0079980203  -0.0082504184   0.0073467759
       -0.1118707690  -0.1014768448   0.0262935616   0.0069838685   0.0150402914
       -0.0026940811  -0.0023401946   0.0020466130  -0.0002226365   0.0003331496
        0.0011004830   0.0001027073   0.0006769848  -0.0019459406   0.0000153334
        0.0012246923   0.0077281742  -0.0002626294   0.0000881894  -0.0023743207
        0.0004709264  -0.0155105697  -0.0155309502   0.0008005758  -0.0000061542
        0.0000070852   0.0000032705  -0.0000087206  -0.0000053812  -0.0000021043
       -0.0000005975  -0.0000016481  -0.0000009638  -0.0000022334  -0.0000002280
       -0.0000000902  -0.0000035234   0.0000000644   0.0000014546   0.0000007051
       -0.0000008995   0.0000001021   0.0002232227   0.0001111714  -0.0000603599
       -0.0000655355  -0.0000858095  -0.0000288254  -0.0000223407   0.0002036780
       -0.0000654210  -0.0004428390  -0.0002661276   0.0000030264   0.0001191077
        0.0000671158  -0.0002295052  -0.0002372385  -0.0002937532   0.0003226904
        0.1337749945   0.1064270606  -0.0312826428   0.0000828270   0.0002005032
       -0.0000343190  -0.0000777950  -0.0001771052  -0.0000120216  -0.0001005377
       -0.0000840881  -0.0000878033  -0.0002312483  -0.0000898089   0.0000383550
       -0.0000235348  -0.0000472043   0.0000203737  -0.0006009711  -0.0007426539
        0.0003027047   0.0000158300  -0.0001405269  -0.0000141623
       -0.0001559287   0.0002568318   0.0000030689   0.0000724641  -0.0001272303
       -0.0001370167   0.0000776336  -0.0000341557   0.0000320992  -0.0000002415
        0.0000096238  -0.0000014579   0.0000048422   0.0000063519  -0.0000061695
        0.0000066994   0.0000047940   0.0000031738   0.0000055073  -0.0000249073
       -0.0000131336   0.0000006006   0.0000179040   0.0000024538   0.0000036260
       -0.0000025160  -0.0000002580   0.0000058201   0.0000056725  -0.0000013055
        0.0000001361   0.0000037759   0.0000010672  -0.0000030845  -0.0000036997
       -0.0000003981   0.0000031356  -0.0000025851  -0.0000023582  -0.0000008168
        0.0000021529   0.0000007993  -0.0000111254   0.0000042177   0.0000051337
       -0.0000183811   0.0000156327   0.0000108574  -0.0004776534   0.0006634903
       -0.0008888260   0.0000070839   0.0000765561   0.0000014520   0.0001477104
        0.0008275751   0.0001596856  -0.0011527088  -0.0001462766   0.0005097991
       -0.1000401840  -0.1756305802   0.0372518330  -0.0047733181  -0.0383499295
        0.0025682330   0.0034046662  -0.0031184143   0.0018374141  -0.0001347603
       -0.0014950410   0.0000251453  -0.0012371236   0.0010482987  -0.0001021128
       -0.0005166837  -0.0040750660  -0.0001554976  -0.0005082215   0.0018298543
       -0.0001515775  -0.0040375088  -0.0037032502   0.0004611499   0.0000050781
        0.0000100515   0.0000111953  -0.0000004159  -0.0000000138  -0.0000001903
       -0.0000011120  -0.0000013226  -0.0000003043  -0.0000030822  -0.0000002099
        0.0000007133  -0.0000030112   0.0000005380   0.0000018648  -0.0000009893
        0.0000001513   0.0000010880   0.0001390402   0.0000381297  -0.0000164300
       -0.0000450702  -0.0000143209   0.0000067007   0.0001609712   0.0002169215
       -0.0000840199  -0.0000358064  -0.0000279730  -0.0000769647   0.0000931518
       -0.0001101576   0.0001854068   0.0010997637   0.0009352199  -0.0012727394
        0.1064270606   0.2197580524  -0.0407736820  -0.0001559989  -0.0003258501
       -0.0001385037   0.0002352717   0.0005895881   0.0002484373   0.0000833972
        0.0000524272   0.0000903071   0.0002701772  -0.0000268906  -0.0001054675
       -0.0001002889   0.0001658462   0.0000829731   0.0012373870   0.0009716102
        0.0005836672  -0.0000777089  -0.0002908775  -0.0001573057
        0.0000899343   0.0001353171  -0.0000533658  -0.0008016092   0.0001477398
        0.0003634510   0.0000376872  -0.0003560736   0.0000173985  -0.0000561563
       -0.0000112107   0.0000283785  -0.0000289791  -0.0000100674  -0.0000142257
       -0.0000655434  -0.0000599697  -0.0000189809   0.0000118268  -0.0000302046
       -0.0000247315   0.0000045526   0.0000117124   0.0000083528  -0.0000089543
       -0.0000003152   0.0000012044   0.0000050078   0.0000033813   0.0000003640
       -0.0000003411   0.0000049949   0.0000025157  -0.0000072300  -0.0000071418
       -0.0000003757   0.0000040149   0.0000017928   0.0000011942  -0.0000192747
       -0.0000055042   0.0000053737   0.0000109606   0.0000122113   0.0000046466
        0.0001060014   0.0000409660   0.0000009084  -0.0034138650  -0.0015045192
       -0.0025664873  -0.0002525044  -0.0001049821  -0.0000376276   0.0019118847
       -0.0006789381  -0.0050388769   0.0191279983   0.0190515931  -0.0114989101
        0.0261042417   0.0375110514  -0.0500398993  -0.0003926755  -0.0000490137
        0.0018008367   0.0000427576  -0.0004467698   0.0009109141   0.0000583459
        0.0000576429   0.0000508020   0.0000876505  -0.0002816530   0.0000083149
        0.0000354229   0.0006749472   0.0013642087  -0.0001647679  -0.0005841331
       -0.0015199183  -0.0122339466  -0.0129231776   0.0023330504  -0.0000033776
        0.0000141126   0.0000055547  -0.0000082575  -0.0000003979   0.0000002425
        0.0000011246   0.0000007618  -0.0000009742   0.0000001387   0.0000005447
       -0.0000000896   0.0000010382   0.0000005517  -0.0000006413  -0.0000005828
        0.0000007683  -0.0000004776  -0.0000783123  -0.0000471774  -0.0000308769
        0.0000248952  -0.0000239029  -0.0000588589  -0.0000828818  -0.0001813842
       -0.0000205524   0.0012377300   0.0007019415  -0.0004069010   0.0000047558
        0.0002749835  -0.0001648680   0.0006259445   0.0005978442   0.0005829362
       -0.0312826428  -0.0407736820   0.0632688465  -0.0000413417  -0.0003259990
       -0.0000082344  -0.0000327472   0.0000956100  -0.0000224639  -0.0000329574
       -0.0000258694  -0.0000161988   0.0000051299  -0.0000224732  -0.0000054657
        0.0000175042  -0.0000168002   0.0000103836  -0.0003826205  -0.0006535439
        0.0008107030  -0.0001649792  -0.0002155650  -0.0000305793
       -0.0003538426   0.0001671321  -0.0000912713   0.0001385775  -0.0003249356
       -0.0004118906   0.0000338074  -0.0000367865   0.0000672846   0.0000053053
       -0.0000482210  -0.0000163036  -0.0000126623   0.0000141457   0.0000036523
       -0.0000589435  -0.0000081732  -0.0000044664   0.0000048230   0.0000000395
        0.0000001145   0.0000113686  -0.0000026869  -0.0000035317  -0.0000019843
        0.0000033386   0.0000012840   0.0000011703  -0.0000022521  -0.0000013408
       -0.0000015213  -0.0000001961   0.0000008408  -0.0000027129  -0.0000011637
        0.0000012128   0.0000058090   0.0000024306  -0.0000000119  -0.0000105055
       -0.0000009096   0.0000022583   0.0000016491   0.0000008941   0.0000017021
       -0.0000263163   0.0000272889   0.0000441248   0.0001539637   0.0002968334
       -0.0000742699  -0.0000016400  -0.0000554200   0.0000605378  -0.0005503626
        0.0007957944   0.0000603877   0.0002583598   0.0000301248  -0.0000670786
       -0.0003475106   0.0000443286   0.0006631878  -0.0024604987  -0.0101898551
        0.0054599138  -0.0673339858  -0.0209489175   0.0620598681  -0.0121652141
       -0.0029995504   0.0243769239  -0.0016139204   0.0004706345  -0.0007379218
        0.0003606423  -0.0017626248   0.0013585226  -0.0001965318   0.0001555455
       -0.0005511007  -0.0000666468   0.0000461111  -0.0001555195   0.0000245892
        0.0000155510   0.0000090616   0.0000054951  -0.0000021334   0.0000017950
        0.0000007408  -0.0000007296  -0.0000002028   0.0000008541  -0.0000005152
        0.0000005722   0.0000015255  -0.0000001932   0.0000010949  -0.0000001685
        0.0000019788   0.0000026551  -0.0000730256  -0.0000149703  -0.0000119456
        0.0000110235  -0.0000033063   0.0000484993  -0.0006588228   0.0006101777
        0.0008129382  -0.0000232467  -0.0000706768   0.0000843803   0.0000045174
       -0.0001271432  -0.0000595695  -0.0001443294   0.0000680879   0.0000704442
        0.0000828270  -0.0001559989  -0.0000413417   0.0821240651   0.0288084088
       -0.0787172316   0.0064130013   0.0047942946  -0.0172682938  -0.0043613443
        0.0015248649   0.0015838160   0.0010207872  -0.0005938437   0.0009138031
       -0.0001137112  -0.0004543547   0.0003863942  -0.0000351913   0.0000418490
        0.0000800060  -0.0000502631  -0.0001142967   0.0000560159
       -0.0000763640   0.0000254679  -0.0002063198   0.0003447513   0.0001296915
        0.0003128294  -0.0000263984   0.0000309395   0.0000074255  -0.0000178838
        0.0000135465   0.0000143360  -0.0000251254  -0.0000198817   0.0000081761
       -0.0000160707   0.0000026162   0.0000166677   0.0000117708  -0.0000024229
       -0.0000004633  -0.0000080722  -0.0000114285  -0.0000043864  -0.0000154990
       -0.0000016681   0.0000057801   0.0000082764   0.0000050554  -0.0000013043
       -0.0000000837   0.0000050181   0.0000019679  -0.0000033114  -0.0000033326
       -0.0000003224  -0.0000055827  -0.0000036548  -0.0000008609  -0.0000002546
       -0.0000037850  -0.0000024729   0.0000191192   0.0000034256  -0.0000085306
        0.0000317532  -0.0000318979  -0.0000573761  -0.0001173590   0.0001184797
       -0.0001912408   0.0001805408   0.0000323590   0.0000814175   0.0002663549
       -0.0007236539  -0.0000460863  -0.0001444295   0.0002791892  -0.0001432924
       -0.0011495808   0.0000462938   0.0022485813  -0.0206790042  -0.0280197582
        0.0231082418  -0.0226008514  -0.0542132498   0.0579081786   0.0059916256
        0.0022794409  -0.0094799475   0.0008075367   0.0009064819  -0.0009677321
        0.0046692045  -0.0035236291   0.0040362390  -0.0019251053  -0.0015022798
       -0.0014203674  -0.0000407707  -0.0003393537   0.0000490916   0.0000022440
        0.0000062436  -0.0000086352  -0.0000082823  -0.0000101282  -0.0000002838
       -0.0000022992  -0.0000029788  -0.0000006892  -0.0000044603  -0.0000012744
        0.0000013879  -0.0000031415   0.0000009007   0.0000026823   0.0000017737
        0.0000019085   0.0000017317   0.0000165745   0.0000346197  -0.0000136687
       -0.0000826267   0.0000675756  -0.0000851694   0.0012145064   0.0003486857
       -0.0007420404   0.0000079486   0.0001766869  -0.0000396320  -0.0001928459
       -0.0002062082  -0.0000795061  -0.0001771625   0.0002444423   0.0000674235
        0.0002005032  -0.0003258501  -0.0003259990   0.0288084088   0.0803804753
       -0.0699331378   0.0011507398   0.0033317232  -0.0017234690   0.0025597368
       -0.0005546591  -0.0010575311   0.0008202978   0.0008933590  -0.0012156401
        0.0003538942   0.0001098202  -0.0000609605  -0.0000576526   0.0000954414
        0.0000186816  -0.0000873432  -0.0000687924  -0.0000737741
       -0.0004661543  -0.0000497116   0.0000178473  -0.0001384522   0.0000497233
       -0.0008949515   0.0000056540  -0.0001800722   0.0001951260  -0.0000069119
       -0.0000759605   0.0000348627  -0.0000201041   0.0000281661   0.0000102290
       -0.0000177152   0.0000130467  -0.0000463943  -0.0000072938  -0.0000085439
       -0.0000115687   0.0000268962   0.0000026052   0.0000129889   0.0000104470
        0.0000065039  -0.0000068427   0.0000035860  -0.0000028991   0.0000004003
       -0.0000022088  -0.0000046583   0.0000000507  -0.0000002333   0.0000042602
        0.0000021176   0.0000126791   0.0000025111  -0.0000014618  -0.0000036893
       -0.0000032135  -0.0000017370  -0.0000091065   0.0000070734   0.0000098937
       -0.0001108044   0.0000227297   0.0000900576   0.0002399952   0.0000472835
        0.0003715518  -0.0002811021   0.0002490640  -0.0001453640   0.0004729547
       -0.0001318128  -0.0002132639  -0.0002019844   0.0002878315   0.0002324611
        0.0007055613  -0.0004349222  -0.0003194301   0.0036383109   0.0116147171
        0.0069095508   0.0637001404   0.0534506041  -0.2135153738   0.0054247419
       -0.0000611717  -0.0072904466   0.0001713006  -0.0008756150   0.0002302204
       -0.0023287359   0.0004113213  -0.0012684381   0.0001199809   0.0001901413
        0.0002816191  -0.0000347443   0.0003161383  -0.0003713666   0.0000134238
        0.0000016858  -0.0000352420   0.0000127517   0.0000060248  -0.0000021923
       -0.0000010489   0.0000019126   0.0000009339   0.0000030186   0.0000020587
       -0.0000016126   0.0000020398  -0.0000001872  -0.0000042916  -0.0000017708
       -0.0000001519  -0.0000037121  -0.0000691068   0.0000010302   0.0000145933
        0.0000237478  -0.0000783554   0.0000283512   0.0002969248  -0.0004027492
        0.0005093339   0.0001385835  -0.0002888283  -0.0001058447  -0.0000125425
        0.0000025233   0.0000707582  -0.0000160688  -0.0001295245  -0.0000204143
       -0.0000343190  -0.0001385037  -0.0000082344  -0.0787172316  -0.0699331378
        0.2414844497   0.0062578825   0.0069935369  -0.0279303923   0.0021105387
       -0.0007991836   0.0002030239  -0.0007555665   0.0000003997   0.0015585000
       -0.0002658316   0.0001044686  -0.0002775630   0.0000318779  -0.0000856247
        0.0000608835   0.0000796900  -0.0001325342   0.0001463341
        0.0006876404  -0.0012983250  -0.0019467350  -0.0066511365   0.0028675174
        0.0019165484   0.0004514621   0.0003503431  -0.0001539911  -0.0000260822
       -0.0002246732  -0.0001387670   0.0000932226  -0.0000069372  -0.0000465515
        0.0000703276   0.0000033797  -0.0000298729  -0.0000154668   0.0000775908
        0.0000426659  -0.0000184968  -0.0000235372  -0.0000112513   0.0000343996
       -0.0000111791  -0.0000144107  -0.0000309078  -0.0000181663   0.0000023732
        0.0000039661  -0.0000222535  -0.0000121197   0.0000104963   0.0000148063
        0.0000019079  -0.0000069549   0.0000148441   0.0000070371   0.0000217411
        0.0000106845  -0.0000033549  -0.0000084118  -0.0000141456  -0.0000049817
       -0.0000019356   0.0002096270   0.0001293897  -0.0003720919  -0.0000105190
       -0.0002723695  -0.0002072021   0.0000992188   0.0001790809   0.0000238986
       -0.0000209795  -0.0000318386  -0.0000653417   0.0000140614   0.0000148373
        0.0007127084  -0.0003008961  -0.0001001743  -0.0056663201  -0.0082594027
       -0.0040906963  -0.1393342951  -0.0257295018  -0.1106761978  -0.0197453211
       -0.0013939779  -0.0157854005  -0.0040890917   0.0012761091   0.0005475447
       -0.0006321744  -0.0023183767  -0.0015785702   0.0001188468   0.0008385604
        0.0005057182  -0.0001289810   0.0001935190  -0.0003067128   0.0000220939
       -0.0001176904  -0.0000400957   0.0000362575   0.0000057702  -0.0000026450
        0.0000024673   0.0000010913   0.0000006024   0.0000068965   0.0000009554
       -0.0000020148   0.0000065056  -0.0000002622  -0.0000028153  -0.0000004066
        0.0000010628   0.0000002854  -0.0000324147  -0.0000128185  -0.0000076594
        0.0000275557  -0.0000790024  -0.0000899521   0.0001924971  -0.0000048940
       -0.0000025587  -0.0000465655   0.0000074057  -0.0000641920  -0.0000623601
       -0.0000369480  -0.0000067186  -0.0000428677   0.0000503299   0.0000232679
       -0.0000777950   0.0002352717  -0.0000327472   0.0064130013   0.0011507398
        0.0062578825   0.1700413550   0.0324148367   0.1268586948   0.0007199570
       -0.0005042584  -0.0007628472  -0.0024865089   0.0009496403   0.0002181958
       -0.0002531132  -0.0005129568  -0.0006582293  -0.0000491370  -0.0000877547
        0.0001465570   0.0003540836   0.0002220908   0.0000238817
       -0.0009470633  -0.0006548077   0.0002049893   0.0024736402   0.0008874577
       -0.0000558811  -0.0002130239  -0.0001527785   0.0001426865  -0.0000917328
        0.0000825500   0.0001440630  -0.0000826635  -0.0000464495   0.0000139803
       -0.0000407557  -0.0000634678  -0.0000281583   0.0000033508  -0.0000243402
       -0.0000098909  -0.0000019988  -0.0000127979  -0.0000005941  -0.0000219793
        0.0000008981   0.0000067144   0.0000159962   0.0000121465  -0.0000003009
        0.0000033530   0.0000101092   0.0000034850  -0.0000057709  -0.0000101886
       -0.0000022064  -0.0000025461  -0.0000047411  -0.0000010620  -0.0000054317
       -0.0000123411  -0.0000036952   0.0000265635   0.0000112979  -0.0000049093
        0.0000740381  -0.0000818983  -0.0000916689   0.0005847465   0.0000080520
       -0.0006349669   0.0002746320  -0.0001960915  -0.0001384193   0.0000114969
       -0.0000368593   0.0000699674   0.0002037118  -0.0002505011  -0.0000582648
       -0.0011217186   0.0010256104  -0.0012137283  -0.0270744702  -0.0185599917
       -0.0195749561  -0.0239492104  -0.0438897125  -0.0264821722   0.0089688688
        0.0024527078   0.0073409659   0.0021518573  -0.0005833460  -0.0002970904
        0.0022582752  -0.0036573410  -0.0042025400  -0.0022662425  -0.0017649667
        0.0013049283   0.0000096409  -0.0002770871  -0.0000758802  -0.0000780985
       -0.0000575709  -0.0000566819  -0.0000107351  -0.0000116985  -0.0000016644
       -0.0000031539  -0.0000034571  -0.0000010952  -0.0000054695  -0.0000010625
        0.0000015417  -0.0000031027   0.0000019149   0.0000020774   0.0000019966
        0.0000019124   0.0000003544  -0.0000419493   0.0000214775   0.0000793409
       -0.0000416064   0.0000552546   0.0000308575   0.0000793854   0.0001258031
       -0.0000955494  -0.0000262444   0.0000531770   0.0000754294  -0.0000320712
       -0.0000217421   0.0001510678  -0.0000296824   0.0000421028   0.0000047194
       -0.0001771052   0.0005895881   0.0000956100   0.0047942946   0.0033317232
        0.0069935369   0.0324148367   0.0620162799   0.0347704929   0.0004298547
        0.0010405730   0.0005242044   0.0013099399  -0.0008001680  -0.0001250075
        0.0003867289   0.0002147858   0.0003220180  -0.0002872999   0.0002095272
        0.0000613994   0.0000839180  -0.0010195419   0.0008119532
        0.0014530426  -0.0007032453  -0.0013027218  -0.0031734535   0.0015751939
        0.0032055132   0.0008964787   0.0004703841  -0.0005543164  -0.0001768477
       -0.0001327270  -0.0001158031   0.0001040275  -0.0000569465  -0.0000429824
       -0.0000620324  -0.0000275459   0.0000667339   0.0000756126  -0.0000537659
       -0.0000482107  -0.0000377948   0.0000063035   0.0000078875   0.0000092562
       -0.0000217688  -0.0000091247   0.0000027198   0.0000109729   0.0000030591
        0.0000037931   0.0000060327   0.0000013500  -0.0000081496  -0.0000099198
       -0.0000018049   0.0000009580  -0.0000036962  -0.0000032233  -0.0000175470
        0.0000003224   0.0000074170   0.0000164928   0.0000406544   0.0000113139
        0.0000246112   0.0001552227   0.0000346568   0.0001799064  -0.0004884131
       -0.0013570295   0.0002429702  -0.0002959478  -0.0000084297   0.0001549802
       -0.0001337923   0.0000368726  -0.0002625697  -0.0000530340  -0.0001637404
        0.0006319340  -0.0003975031   0.0002671281  -0.0037687869  -0.0071108292
        0.0029418458  -0.1130652501  -0.0270335926  -0.1717005556   0.0022916469
        0.0004938644   0.0034330933   0.0019667384   0.0007026601   0.0001352380
        0.0010282607  -0.0004732275  -0.0012909654  -0.0000109007   0.0001398491
        0.0002586679  -0.0005024347  -0.0005191784   0.0001591068  -0.0000227075
       -0.0000243454   0.0000422958  -0.0000139861  -0.0000103343   0.0000047814
       -0.0000003461  -0.0000040700  -0.0000000043  -0.0000062103  -0.0000006259
        0.0000027077  -0.0000040445   0.0000033322   0.0000031218   0.0000002488
        0.0000058569   0.0000021299   0.0000563246   0.0000008007  -0.0000106786
        0.0000052049   0.0000252058  -0.0000135210  -0.0001490854   0.0000716915
       -0.0004336959  -0.0000823344   0.0001284938   0.0000242845   0.0000074273
        0.0001051043   0.0000586773   0.0000153624   0.0000816205   0.0000570516
       -0.0000120216   0.0002484373  -0.0000224639  -0.0172682938  -0.0017234690
       -0.0279303923   0.1268586948   0.0347704929   0.1921116826   0.0018888907
       -0.0003222854   0.0015924838   0.0003795464  -0.0003092405   0.0002652517
        0.0002961233   0.0002343430   0.0000725609   0.0001036250  -0.0000087113
        0.0000989915  -0.0000500807   0.0006413759   0.0001037595
        0.0001696784  -0.0000956061  -0.0001567265  -0.0000344607   0.0001364207
        0.0002601257   0.0000192430   0.0000181875  -0.0000166432  -0.0000164527
        0.0000299151   0.0000159958  -0.0000004618  -0.0000124359  -0.0000036475
        0.0000363095  -0.0000048112  -0.0000059549  -0.0000028363   0.0000116651
        0.0000088082  -0.0000020079  -0.0000073033  -0.0000077893  -0.0000039513
        0.0000009287   0.0000043221  -0.0000009381  -0.0000022137  -0.0000014559
       -0.0000011874  -0.0000007405  -0.0000003160   0.0000004445   0.0000013426
        0.0000001317  -0.0000043964   0.0000014219   0.0000007751   0.0000022934
       -0.0000018357  -0.0000015241   0.0000097257  -0.0000042330  -0.0000069863
        0.0000634141  -0.0000164562  -0.0000393878  -0.0000186702  -0.0000495685
       -0.0001536098   0.0000171029  -0.0000060192   0.0000140113  -0.0000501505
       -0.0000379456   0.0000375430  -0.0000563713   0.0000791392   0.0000097816
        0.0000448666   0.0004219125   0.0007036502  -0.0005487699   0.0016275251
        0.0000512137  -0.0068658264   0.0068439398   0.0238418174  -0.0406476979
        0.0068245059   0.0142434753  -0.0013288559  -0.0180606104  -0.0199632569
       -0.0032440915   0.0022592761  -0.0021426588  -0.0001523179  -0.0013137577
        0.0005729607   0.0000131107  -0.0001190256   0.0000549971  -0.0000301435
       -0.0000174376   0.0000004428   0.0000020601  -0.0000023683  -0.0000001704
       -0.0000000952  -0.0000005190   0.0000006862   0.0000002030  -0.0000004154
       -0.0000000457   0.0000003111  -0.0000002291   0.0000000071   0.0000011185
       -0.0000005650  -0.0000003344   0.0000239063  -0.0000027649  -0.0000034169
        0.0000050472   0.0000084596  -0.0000289705   0.0000863691   0.0000451982
       -0.0000618901  -0.0000035007   0.0000395201  -0.0000168511  -0.0000332024
       -0.0000466379  -0.0000341318  -0.0000207355   0.0000208880   0.0000017558
       -0.0001005377   0.0000833972  -0.0000329574  -0.0043613443   0.0025597368
        0.0021105387   0.0007199570   0.0004298547   0.0018888907   0.0530637048
       -0.0017305312  -0.0137457109   0.0025364710   0.0000698205  -0.0063236185
        0.0007294874   0.0000025103  -0.0010861159   0.0000247956  -0.0000205486
        0.0000080534  -0.0000406167   0.0000390142   0.0000041872
       -0.0002371796   0.0000357988   0.0001586938   0.0001289750  -0.0001592917
       -0.0002427605   0.0000070651  -0.0000142178  -0.0000075925  -0.0000096333
       -0.0000021181   0.0000054407   0.0000016956  -0.0000042546  -0.0000018444
       -0.0000083160  -0.0000076866  -0.0000036880  -0.0000128923  -0.0000169424
       -0.0000039756   0.0000050507   0.0000126814   0.0000053157   0.0000019954
       -0.0000049977  -0.0000035306   0.0000007706   0.0000022624   0.0000012423
        0.0000012992  -0.0000015261  -0.0000007930  -0.0000026699  -0.0000022955
        0.0000002635   0.0000008686   0.0000026733   0.0000015844  -0.0000012465
       -0.0000018329   0.0000003312  -0.0000005501   0.0000065437   0.0000038295
       -0.0000320933   0.0000189069   0.0000256199   0.0000426612   0.0001168700
        0.0001090130   0.0000083345  -0.0000046575  -0.0000043806   0.0000187469
        0.0000048000  -0.0000033070   0.0000586988  -0.0000571260  -0.0000034648
       -0.0001213772  -0.0000189056  -0.0004276426   0.0012163501  -0.0005503370
        0.0009623299   0.0035152615  -0.0017772374  -0.0117771385   0.0076181830
       -0.0562494354  -0.0496905578  -0.0075671042  -0.0203372457  -0.0262847459
       -0.0042681119   0.0015482276  -0.0030281622   0.0002479793  -0.0008613098
        0.0010602456  -0.0000106687   0.0000202366  -0.0000611214  -0.0000055796
        0.0000108695  -0.0000002973  -0.0000030432  -0.0000006653  -0.0000002505
       -0.0000003147  -0.0000003541  -0.0000002677  -0.0000006338   0.0000002742
        0.0000008132   0.0000003965   0.0000006978   0.0000004900  -0.0000002339
        0.0000017555   0.0000010798  -0.0000067775   0.0000077815   0.0000056649
       -0.0000153445  -0.0000000028   0.0000089090  -0.0000028098  -0.0000302645
        0.0000140441   0.0000075244  -0.0000106209   0.0000037634  -0.0000129812
        0.0000131004   0.0000659442   0.0000012901  -0.0000064969  -0.0000041454
       -0.0000840881   0.0000524272  -0.0000258694   0.0015248649  -0.0005546591
       -0.0007991836  -0.0005042584   0.0010405730  -0.0003222854  -0.0017305312
        0.0728864028   0.0667790178  -0.0006466895   0.0045421454   0.0238843277
        0.0008326716   0.0003665550  -0.0004333976  -0.0000298034   0.0000309991
        0.0000050299   0.0000742489  -0.0000481007   0.0000274085
       -0.0002475378   0.0002087298   0.0002406617   0.0001479527  -0.0003944404
       -0.0003756349   0.0000148696   0.0000022582  -0.0000409574   0.0000274904
       -0.0000201266  -0.0000308466  -0.0000000815   0.0000005169   0.0000039763
       -0.0000239441   0.0000045964   0.0000115275  -0.0000011186  -0.0000138184
       -0.0000101898   0.0000172256   0.0000132117   0.0000050873  -0.0000004704
        0.0000048645   0.0000001736  -0.0000031775  -0.0000056487  -0.0000002511
       -0.0000038512   0.0000026319   0.0000031794   0.0000031109   0.0000021216
       -0.0000002054   0.0000036041  -0.0000051142  -0.0000026430  -0.0000144400
        0.0000037597   0.0000061146  -0.0000042961  -0.0000019153   0.0000033210
       -0.0000464001   0.0000367057   0.0000496302   0.0000735399   0.0001956320
        0.0001495424   0.0000251727  -0.0000107603  -0.0000256585  -0.0000128689
        0.0000304621  -0.0000028275   0.0000355085  -0.0000788838  -0.0000148403
       -0.0002375440   0.0003514538  -0.0004789724   0.0010471056   0.0000588846
        0.0003810113   0.0043050225  -0.0023657198  -0.0069738372   0.0179755044
       -0.0483911701  -0.2416357466  -0.0084760724  -0.0167696258  -0.0051108533
       -0.0032117093   0.0022916194  -0.0015717871   0.0000903390  -0.0004922617
        0.0004808848  -0.0000535151   0.0000134038  -0.0000327900   0.0000198531
        0.0000109912   0.0000124997   0.0000019866   0.0000017348  -0.0000004979
        0.0000022140   0.0000025928   0.0000005305   0.0000023639   0.0000008320
       -0.0000008244   0.0000006656   0.0000004631  -0.0000012045  -0.0000014108
        0.0000047145   0.0000006343   0.0000004053   0.0000067956  -0.0000010303
       -0.0000086830  -0.0000057401   0.0000278925  -0.0000438030  -0.0000405964
        0.0000001663   0.0000114849  -0.0000070709   0.0000099053   0.0000107403
        0.0000547288   0.0000753979   0.0000250540  -0.0000316907  -0.0000073986
       -0.0000878033   0.0000903071  -0.0000161988   0.0015838160  -0.0010575311
        0.0002030239  -0.0007628472   0.0005242044   0.0015924838  -0.0137457109
        0.0667790178   0.2791181836   0.0011805303  -0.0007584482  -0.0268810718
        0.0003443829  -0.0002405567   0.0007866236  -0.0000046029   0.0000282284
       -0.0000006257   0.0000419451  -0.0000343433   0.0000544412
       -0.0001114081  -0.0000554156  -0.0000451563   0.0001473307   0.0001264835
        0.0000338028  -0.0000454840   0.0000039211   0.0000347468  -0.0000127226
        0.0000027934   0.0000250648  -0.0000117050  -0.0000117735   0.0000033504
       -0.0000268277  -0.0000030841   0.0000017451   0.0000151807   0.0000108917
       -0.0000015585  -0.0000048005  -0.0000215060  -0.0000013502  -0.0000132739
        0.0000053816   0.0000046207   0.0000033957  -0.0000010604  -0.0000007217
       -0.0000022120   0.0000028731   0.0000027391  -0.0000024846  -0.0000019592
        0.0000006830  -0.0000017688  -0.0000014716   0.0000010412  -0.0000036048
       -0.0000028885  -0.0000008886   0.0000151910  -0.0000008574  -0.0000053515
        0.0000632533  -0.0000278371  -0.0000403930  -0.0000094123   0.0000105691
       -0.0000851312   0.0000264910  -0.0000293511   0.0000013540   0.0000086358
        0.0000194765   0.0000175643  -0.0000016708  -0.0000219389  -0.0000010114
        0.0003682836   0.0009569256  -0.0003475855  -0.0037873735   0.0022273359
        0.0004054402  -0.0078183599   0.0203095886  -0.0128490200  -0.0474461724
        0.0364048433  -0.0262448060   0.0027284452  -0.0217786681   0.0085057067
       -0.0031866252  -0.0005062035   0.0015134251   0.0002687322  -0.0025322761
       -0.0006264477  -0.0000012165   0.0000180133  -0.0000032992  -0.0000067489
        0.0000113883  -0.0000097947  -0.0000039749  -0.0000036172  -0.0000009317
       -0.0000010224  -0.0000009917  -0.0000007205  -0.0000012198  -0.0000008973
       -0.0000001984  -0.0000009449  -0.0000002386   0.0000000439   0.0000010138
       -0.0000002150  -0.0000008053  -0.0000015093  -0.0000034570   0.0000041628
        0.0000177365  -0.0000084237   0.0000051821   0.0000034310   0.0000555263
       -0.0000454950  -0.0000030439  -0.0000018659   0.0000064394  -0.0000131899
       -0.0000050309  -0.0000058115  -0.0000168928  -0.0000307462  -0.0000018820
       -0.0002312483   0.0002701772   0.0000051299   0.0010207872   0.0008202978
       -0.0007555665  -0.0024865089   0.0013099399   0.0003795464   0.0025364710
       -0.0006466895   0.0011805303   0.0579685066  -0.0359891250   0.0281114195
        0.0000600967  -0.0008198885   0.0007215707  -0.0000149320  -0.0000198639
        0.0000280653   0.0000153766  -0.0000390847   0.0000805521
        0.0000780914   0.0000937065   0.0000229728  -0.0001116928  -0.0002167258
       -0.0000393832   0.0000272053   0.0000371929  -0.0000265684   0.0000176084
       -0.0000000096  -0.0000234659   0.0000044570  -0.0000031370  -0.0000033330
        0.0000057674   0.0000013813   0.0000065518  -0.0000104765   0.0000067641
        0.0000089496   0.0000050131   0.0000053492  -0.0000053809   0.0000028485
        0.0000035601   0.0000031347  -0.0000083856  -0.0000074338  -0.0000005267
       -0.0000027388  -0.0000012293   0.0000003516   0.0000050455   0.0000037799
       -0.0000002396  -0.0000007081  -0.0000015154  -0.0000012047  -0.0000027165
        0.0000044272   0.0000038385  -0.0000063307  -0.0000101053  -0.0000030048
       -0.0000032882   0.0000219525   0.0000141824   0.0000472824   0.0000932864
        0.0000438781   0.0000052823   0.0000177735   0.0000226517  -0.0000108383
       -0.0000354909  -0.0000046016   0.0000076452   0.0000124768   0.0000154729
       -0.0003536480  -0.0000909155   0.0002527653   0.0015582413  -0.0006493142
       -0.0004250318   0.0052688379  -0.0094181776   0.0068575417   0.0368957095
       -0.1709635964   0.1045196793  -0.0042485515  -0.0299691249   0.0065075640
       -0.0046886816  -0.0020692337   0.0032318389   0.0007041420  -0.0023621904
       -0.0011372806  -0.0000378309  -0.0000408251   0.0000090653   0.0000048410
        0.0000004086   0.0000057095   0.0000017447   0.0000011823   0.0000008272
        0.0000018502   0.0000018675   0.0000013767   0.0000027026  -0.0000005507
        0.0000001892   0.0000014613  -0.0000010837   0.0000004188  -0.0000004304
        0.0000017335   0.0000022481   0.0000102400   0.0000115339  -0.0000116090
       -0.0000244853   0.0000068323  -0.0000078432   0.0000491115  -0.0000021249
        0.0000081195   0.0000121339   0.0000153586  -0.0000155611  -0.0000140210
       -0.0000273968   0.0000073148  -0.0000118849   0.0000300515   0.0000008883
       -0.0000898089  -0.0000268906  -0.0000224732  -0.0005938437   0.0008933590
        0.0000003997   0.0009496403  -0.0008001680  -0.0003092405   0.0000698205
        0.0045421454  -0.0007584482  -0.0359891250   0.2120653817  -0.1196295456
        0.0005150419  -0.0011994711   0.0009455969  -0.0000099551   0.0000270192
       -0.0000141748  -0.0000323235  -0.0000018134  -0.0000546105
       -0.0000793224  -0.0000994724   0.0000151130   0.0001249933   0.0001469748
       -0.0000111652  -0.0000495034  -0.0000181411   0.0000394918  -0.0000099186
       -0.0000006125   0.0000253992  -0.0000132670  -0.0000063429   0.0000046929
        0.0000062788   0.0000198685  -0.0000002567   0.0000085885   0.0000060696
       -0.0000014852  -0.0000028234  -0.0000117491   0.0000005492  -0.0000033901
        0.0000034357   0.0000010078   0.0000034684   0.0000011651  -0.0000006533
       -0.0000011198   0.0000022901   0.0000014964   0.0000016145   0.0000020368
       -0.0000001989  -0.0000015230  -0.0000031201  -0.0000010141   0.0000030131
        0.0000009455  -0.0000024612   0.0000028508  -0.0000045963  -0.0000030345
       -0.0000106164  -0.0000434361  -0.0000180241  -0.0000331215  -0.0000428698
        0.0000310820  -0.0000070262  -0.0000038475  -0.0000313549   0.0000125979
        0.0000237180  -0.0000048369   0.0000169178   0.0000008065  -0.0000096988
        0.0000233133  -0.0003767619  -0.0001162834   0.0004995599  -0.0016300832
       -0.0000388082   0.0012102184  -0.0029058775   0.0028206767  -0.0283432889
        0.1056121619  -0.1288222779   0.0033698605  -0.0016304931   0.0079897473
        0.0001102874  -0.0016148077  -0.0005779103   0.0001485717  -0.0002447884
        0.0000683676   0.0000261194   0.0000410727  -0.0000558957  -0.0000055726
        0.0000067741  -0.0000118231  -0.0000033983  -0.0000026145  -0.0000000120
       -0.0000017236  -0.0000012475   0.0000001870  -0.0000020003  -0.0000002334
       -0.0000005178  -0.0000022318   0.0000005076  -0.0000008034   0.0000001181
        0.0000004136  -0.0000021413  -0.0000146070   0.0000002018   0.0000146286
       -0.0000002929   0.0000006806   0.0000040864  -0.0000135807  -0.0000041717
        0.0000308981  -0.0000065184  -0.0000166170   0.0000116938  -0.0000010743
       -0.0000039036   0.0000245252  -0.0000085502   0.0000028635   0.0000067558
        0.0000383550  -0.0001054675  -0.0000054657   0.0009138031  -0.0012156401
        0.0015585000   0.0002181958  -0.0001250075   0.0002652517  -0.0063236185
        0.0238843277  -0.0268810718   0.0281114195  -0.1196295456   0.1434980705
        0.0000495814   0.0000198102   0.0001531584  -0.0000214252  -0.0000016488
        0.0000060652   0.0000597878  -0.0000330276   0.0000257499
        0.0000048561   0.0000175043  -0.0000424755   0.0000211040  -0.0000037271
        0.0000512063  -0.0000302462   0.0000218541  -0.0000010310   0.0000030634
        0.0000174317   0.0000047028  -0.0000010455  -0.0000071778  -0.0000020793
       -0.0000095473  -0.0000139445   0.0000009712  -0.0000040864   0.0000128070
        0.0000070563   0.0000000873  -0.0000044208  -0.0000042555  -0.0000090173
        0.0000045914   0.0000055726  -0.0000027599  -0.0000051591  -0.0000024770
       -0.0000062519  -0.0000020924   0.0000012159  -0.0000025113   0.0000042886
        0.0000030896  -0.0000029876   0.0000025345   0.0000020640  -0.0000022765
        0.0000002739   0.0000010359   0.0000081173  -0.0000091682  -0.0000075586
        0.0000782190  -0.0000038944  -0.0000289740   0.0000162295  -0.0000068652
       -0.0000230209   0.0000091497   0.0000012192   0.0000013248   0.0000093097
       -0.0000361369  -0.0000004729   0.0000381065   0.0000009126   0.0000100925
       -0.0006901985  -0.0000453820  -0.0001830924  -0.0005756438   0.0016988316
        0.0002981206  -0.0028870710  -0.0016307554  -0.0001934770  -0.0146286652
        0.0017813930   0.0045772198  -0.3682282145   0.0119142092   0.1074774266
       -0.0171011628   0.0050127458   0.0049727044   0.0001913427  -0.0026607113
       -0.0007654935  -0.0000973624   0.0001594217   0.0000149118  -0.0000088290
        0.0000023650   0.0000057536  -0.0000031297   0.0000006536   0.0000002609
       -0.0000013432   0.0000023280   0.0000011431   0.0000006072   0.0000011808
       -0.0000000603   0.0000000965  -0.0000014099  -0.0000003486  -0.0000005353
       -0.0000034398  -0.0000009987   0.0000108226  -0.0000041215  -0.0000049391
        0.0000027503  -0.0000007184  -0.0000074780   0.0000212843   0.0000396591
       -0.0000274771   0.0000156052   0.0000181518  -0.0000171051  -0.0000201611
       -0.0000261683  -0.0000629491   0.0000073769  -0.0000212662  -0.0000318101
       -0.0000235348  -0.0001002889   0.0000175042  -0.0001137112   0.0003538942
       -0.0002658316  -0.0002531132   0.0003867289   0.0002961233   0.0007294874
        0.0008326716   0.0003443829   0.0000600967   0.0005150419   0.0000495814
        0.4035328765  -0.0182076583  -0.1164827934  -0.0000278932   0.0000014975
       -0.0000269675  -0.0000292901  -0.0000096850   0.0000397020
       -0.0000933020   0.0000511359   0.0000245272   0.0000552132  -0.0000869781
       -0.0000850572  -0.0000041987   0.0000024535  -0.0000025582  -0.0000022410
        0.0000019891  -0.0000007658   0.0000064349   0.0000008420  -0.0000009443
       -0.0000099892  -0.0000031748   0.0000031467  -0.0000005515   0.0000003895
       -0.0000003460   0.0000005296  -0.0000020967   0.0000003430  -0.0000020435
       -0.0000007210   0.0000002818   0.0000011940   0.0000006513   0.0000006361
        0.0000010848  -0.0000002423   0.0000003248  -0.0000015465  -0.0000023420
        0.0000004638  -0.0000007246   0.0000005147   0.0000012854  -0.0000005659
       -0.0000011364  -0.0000000156   0.0000011049  -0.0000018069  -0.0000006335
        0.0000089153   0.0000033624  -0.0000005688   0.0000082112   0.0000332966
        0.0000169993   0.0000053866   0.0000020740   0.0000047330  -0.0000067393
       -0.0000043107   0.0000228196   0.0000801890  -0.0001097072  -0.0000081763
        0.0013608360   0.0004003543   0.0002118401   0.0055884683  -0.0060757923
       -0.0005609819  -0.0035125609  -0.0032819663  -0.0010235891  -0.0189303428
        0.0021818437   0.0079641472   0.0116555071  -0.0462056974  -0.0124215919
        0.0261699903   0.0055466228  -0.0082639205  -0.0026013408   0.0001609478
        0.0010487747   0.0002367430  -0.0002759231  -0.0000101001   0.0000035961
        0.0000072106   0.0000026862  -0.0000017817  -0.0000005855  -0.0000004381
        0.0000003824  -0.0000013782  -0.0000005268  -0.0000008333  -0.0000015682
        0.0000003654   0.0000000087  -0.0000009406   0.0000002979  -0.0000002120
       -0.0000002083   0.0000003943   0.0000047944   0.0000048544   0.0000019602
       -0.0000113660   0.0000073086   0.0000034669  -0.0000053547  -0.0000167655
       -0.0000095883  -0.0000051906   0.0000018805   0.0000040543  -0.0000195480
        0.0000216237   0.0000654672   0.0000120342  -0.0000032403  -0.0000113369
       -0.0000472043   0.0001658462  -0.0000168002  -0.0004543547   0.0001098202
        0.0001044686  -0.0005129568   0.0002147858   0.0002343430   0.0000025103
        0.0003665550  -0.0002405567  -0.0008198885  -0.0011994711   0.0000198102
       -0.0182076583   0.0480160825   0.0128983579   0.0000586361  -0.0000063065
        0.0000584312  -0.0000092751  -0.0000200857  -0.0000359300
        0.0001026764   0.0000962115  -0.0000149013  -0.0001745068  -0.0001933713
       -0.0000631046   0.0000993839   0.0000090844  -0.0000475288  -0.0000052143
        0.0000023531  -0.0000094373   0.0000089094   0.0000053593   0.0000012331
        0.0000724840   0.0000006770  -0.0000207762  -0.0000545729   0.0000027377
        0.0000236100   0.0000126969   0.0000231403  -0.0000018141   0.0000195927
       -0.0000090161  -0.0000080451  -0.0000126694  -0.0000043979   0.0000013836
        0.0000031623  -0.0000123980  -0.0000077930   0.0000064354   0.0000073278
       -0.0000006995  -0.0000052799   0.0000095119   0.0000037750   0.0000083610
        0.0000016388  -0.0000024876  -0.0000095883  -0.0000012709   0.0000014269
       -0.0000622860   0.0000275799   0.0000419966   0.0000773070   0.0000460776
       -0.0000155348  -0.0000417117   0.0000442663   0.0000813434  -0.0000076173
       -0.0000049281  -0.0000232262  -0.0000992548   0.0001954278   0.0000352315
       -0.0004617175   0.0003868701   0.0014846136   0.0005053234  -0.0000770742
        0.0016012330  -0.0024019779  -0.0006672976   0.0010057863  -0.0066900569
        0.0013946599  -0.0031520609   0.1302196547  -0.0200998275  -0.0417663764
       -0.0029690663   0.0063636574  -0.0039903527  -0.0014261450  -0.0009002006
       -0.0011260118   0.0002297197  -0.0003680602   0.0001022313   0.0000012316
       -0.0000112230   0.0000024815   0.0000074028   0.0000018538   0.0000018105
        0.0000020174  -0.0000004494   0.0000009712   0.0000041458   0.0000005578
       -0.0000008124   0.0000043883  -0.0000005024  -0.0000019983  -0.0000004082
       -0.0000003141  -0.0000000963   0.0000169480   0.0000028574  -0.0000252778
       -0.0000094965  -0.0000022033  -0.0000111493  -0.0000045606  -0.0000192287
        0.0000286155   0.0000488762  -0.0000123356  -0.0000350054   0.0000298407
       -0.0000003447   0.0000025911   0.0000015724   0.0000314015   0.0000122940
        0.0000203737   0.0000829731   0.0000103836   0.0003863942  -0.0000609605
       -0.0002775630  -0.0006582293   0.0003220180   0.0000725609  -0.0010861159
       -0.0004333976   0.0007866236   0.0007215707   0.0009455969   0.0001531584
       -0.1164827934   0.0128983579   0.0451891090   0.0001298629  -0.0000077303
        0.0000623322  -0.0000770624  -0.0000156654  -0.0001047431
        0.0008182780   0.0006591447   0.0001079357  -0.0015104502  -0.0014633615
        0.0033853953  -0.0009004775  -0.0000472660  -0.0010531458  -0.0000643394
        0.0000936188   0.0000169037  -0.0000401692  -0.0000474103   0.0001088946
       -0.0000531300  -0.0000929671   0.0000463312   0.0000269514  -0.0000429760
       -0.0000012487   0.0000229164   0.0000099539   0.0000013337  -0.0000279499
        0.0000166044   0.0000092786   0.0000136375   0.0000025189  -0.0000043513
       -0.0000074555   0.0000103809   0.0000089552  -0.0000084771  -0.0000064330
        0.0000005990   0.0000067694  -0.0000016765  -0.0000031815  -0.0000335306
       -0.0000071355   0.0000102007   0.0000194400  -0.0000075915  -0.0000137573
        0.0001461066  -0.0000244965  -0.0001381796   0.0014897002  -0.0287997889
        0.0049458877   0.0009913738  -0.0020284690  -0.0003017092  -0.0001075211
        0.0002903134   0.0000034971   0.0001291674   0.0001117681   0.0001780392
       -0.0113132978   0.0172250725  -0.0058153584  -0.0048851262   0.0013303891
       -0.0034307883  -0.0002309628  -0.0003532679  -0.0003020054  -0.0000513578
       -0.0000883667   0.0000226298  -0.0004100998   0.0002460917   0.0001285035
        0.0009501823   0.0010736589  -0.0006276261  -0.0001845027  -0.0004995217
        0.0000843468  -0.0676392788   0.0779411389  -0.0098644994  -0.0000149535
        0.0000147214   0.0000043214  -0.0000081873  -0.0000056797   0.0000032906
        0.0000010524   0.0000001905  -0.0000007600  -0.0000002528  -0.0000001388
       -0.0000001916  -0.0000002969  -0.0000002114  -0.0000004661  -0.0000009595
       -0.0000001251  -0.0000000176   0.0001178501   0.0000169210  -0.0003286021
       -0.0000682283   0.0003788523  -0.0000172056  -0.0001594730  -0.0000453208
       -0.0000339933  -0.0000788336  -0.0000234390  -0.0000061665  -0.0000288257
       -0.0001352941   0.0000971486   0.0001252885  -0.0001418284  -0.0001875157
       -0.0006009711   0.0012373870  -0.0003826205  -0.0000351913  -0.0000576526
        0.0000318779  -0.0000491370  -0.0002872999   0.0001036250   0.0000247956
       -0.0000298034  -0.0000046029  -0.0000149320  -0.0000099551  -0.0000214252
       -0.0000278932   0.0000586361   0.0001298629   0.0876354241  -0.0784553730
        0.0134843640  -0.0039626720   0.0119854870  -0.0003738038
        0.0001881974   0.0006836006  -0.0005033740  -0.0001465095  -0.0017903662
        0.0049632960  -0.0007916312  -0.0002576499  -0.0007659084  -0.0000107679
        0.0001800994  -0.0000004139  -0.0000188077   0.0000499230   0.0001336756
       -0.0002573494  -0.0001940158   0.0000849512   0.0001627989  -0.0001898648
       -0.0001203126   0.0000396816   0.0000520193   0.0000051342  -0.0000306165
        0.0000327259   0.0000243339   0.0000556991   0.0000333133  -0.0000097517
       -0.0000065049   0.0000544111   0.0000265843  -0.0000264806  -0.0000423460
       -0.0000089529   0.0000485613  -0.0000287632  -0.0000319461  -0.0000896150
       -0.0000123453   0.0000261484  -0.0000267678   0.0000544744   0.0000320325
        0.0001247677   0.0001370221  -0.0001007647  -0.0112784662  -0.0315608640
        0.0034221907   0.0007844273   0.0001728975  -0.0004763657  -0.0000034873
       -0.0002763144   0.0002058407  -0.0002336337   0.0001145099  -0.0001032463
        0.0037678677  -0.0035320696   0.0010690624   0.0009824463   0.0007336803
        0.0005506425  -0.0000327622   0.0000148123   0.0001173903  -0.0000686781
        0.0000841407   0.0000092625  -0.0000200005   0.0002134934  -0.0000428971
       -0.0000904175  -0.0007537746   0.0001612885   0.0000123736   0.0004409353
       -0.0000406919   0.0795053741  -0.2240882136   0.0275266408   0.0000028908
        0.0000569697   0.0000243600  -0.0000060233   0.0000012504   0.0000074404
        0.0000007897  -0.0000020165  -0.0000007405  -0.0000093411  -0.0000015860
        0.0000031663  -0.0000086295   0.0000029354   0.0000055758  -0.0000014262
        0.0000068549   0.0000056146   0.0002679591   0.0002994744  -0.0004023492
       -0.0003950285   0.0002500533   0.0004166133  -0.0000609896   0.0001172947
       -0.0001509929  -0.0000063545   0.0000251035  -0.0001108940  -0.0000746589
        0.0000353717  -0.0001398031  -0.0000272348   0.0002766756   0.0001083252
       -0.0007426539   0.0009716102  -0.0006535439   0.0000418490   0.0000954414
       -0.0000856247  -0.0000877547   0.0002095272  -0.0000087113  -0.0000205486
        0.0000309991   0.0000282284  -0.0000198639   0.0000270192  -0.0000016488
        0.0000014975  -0.0000063065  -0.0000077303  -0.0784553730   0.2710808139
       -0.0346803803   0.0070611955  -0.0138029569  -0.0005107541
       -0.0014418507  -0.0007295541  -0.0002859915   0.0013050888   0.0001589451
       -0.0015458553   0.0003393592  -0.0000484043   0.0005468536   0.0000134959
       -0.0000384280   0.0000038939   0.0000024829  -0.0000092368  -0.0000324893
        0.0001210509   0.0000899224  -0.0000299796  -0.0000753832   0.0000841061
        0.0000440265  -0.0000237939  -0.0000289467  -0.0000106952   0.0000106962
       -0.0000147280  -0.0000017728  -0.0000174356  -0.0000100962   0.0000021565
        0.0000016551  -0.0000196312  -0.0000108127   0.0000091614   0.0000162620
        0.0000029473  -0.0000212993   0.0000123118   0.0000106401   0.0000455682
        0.0000019487  -0.0000136244   0.0000053949  -0.0000095752  -0.0000114960
       -0.0000748510  -0.0000881787  -0.0000340470   0.0015184323   0.0117478311
        0.0003546296  -0.0004922244   0.0015935587   0.0003745093   0.0000718821
        0.0000313162  -0.0001656298  -0.0001611706   0.0001745664  -0.0000498314
       -0.0118535252   0.0182726161  -0.0045683895  -0.0040254585   0.0003091043
       -0.0021015697  -0.0002199811  -0.0003493815  -0.0001915709  -0.0000735130
       -0.0000213769   0.0000189706  -0.0002752627   0.0001075405   0.0001754128
       -0.0000398814   0.0007472978  -0.0005383015   0.0001096476  -0.0001565509
       -0.0000033409  -0.0099822906   0.0270126325  -0.0471841233   0.0000087044
        0.0000057913  -0.0000046278   0.0000007887  -0.0000028750  -0.0000033636
       -0.0000019533  -0.0000030947  -0.0000000939   0.0000000980  -0.0000007386
       -0.0000002610   0.0000005163  -0.0000002860  -0.0000001465   0.0000017020
       -0.0000012758  -0.0000003364  -0.0001082290  -0.0001578496   0.0001786142
        0.0006335652  -0.0002447429  -0.0002027029   0.0000092537  -0.0001521468
        0.0000557975  -0.0000157799   0.0000084981   0.0000153900   0.0001108923
       -0.0001887459   0.0001080957  -0.0000873992  -0.0003099049  -0.0004651639
        0.0003027047   0.0005836672   0.0008107030   0.0000800060   0.0000186816
        0.0000608835   0.0001465570   0.0000613994   0.0000989915   0.0000080534
        0.0000050299  -0.0000006257   0.0000280653  -0.0000141748   0.0000060652
       -0.0000269675   0.0000584312   0.0000623322   0.0134843640  -0.0346803803
        0.0515868765   0.0106490637  -0.0238211548   0.0029390529
        0.0003919317   0.0001815639  -0.0015944151  -0.0016305547   0.0002191710
        0.0029656061   0.0002604679   0.0007181177   0.0002295834   0.0001466624
        0.0000057539  -0.0000896408   0.0000814146   0.0000059130  -0.0000168611
        0.0002567086   0.0001305115   0.0000005384  -0.0000478390   0.0001363323
        0.0000803470  -0.0000285916  -0.0000470680  -0.0000237930  -0.0000001432
       -0.0000053922   0.0000035049  -0.0000230305  -0.0000198839  -0.0000018494
       -0.0000029364  -0.0000226052  -0.0000094220   0.0000153395   0.0000243620
        0.0000057688  -0.0000322011   0.0000049683   0.0000127418   0.0000456041
        0.0000026076  -0.0000152953   0.0000383078  -0.0000377833  -0.0000352694
        0.0001062761  -0.0000907527  -0.0001455702  -0.0155382147   0.0046297496
        0.0239039284  -0.0040789183  -0.0035292346   0.0014121138   0.0000168113
        0.0000355360  -0.0000435997  -0.0025954229   0.0000682715  -0.0028658470
        0.0058383541  -0.0064623114  -0.0179280631   0.0012687441  -0.0003414391
        0.0005258022  -0.0000260289   0.0003428672  -0.0002728794  -0.0000745838
        0.0000744843  -0.0001274097   0.0000624169  -0.0000902657   0.0002188832
       -0.0004620789  -0.0002501751  -0.0005885761   0.0000720883   0.0001313682
        0.0002899215  -0.0717793830   0.0316093764   0.0720635306   0.0000091464
       -0.0000367625  -0.0000127013   0.0000293692  -0.0000007183  -0.0000106059
       -0.0000028014  -0.0000019877   0.0000008249   0.0000019528  -0.0000009807
       -0.0000014921  -0.0000003481  -0.0000027964   0.0000001676   0.0000026013
       -0.0000064394  -0.0000021682  -0.0006261433   0.0002328074   0.0014778413
        0.0002829609  -0.0003808901  -0.0004795789  -0.0000501740   0.0000064578
       -0.0000399036  -0.0000346218  -0.0000012886  -0.0000874690   0.0002920008
       -0.0001768434  -0.0010795176  -0.0000870452  -0.0000152974  -0.0000158667
        0.0000158300  -0.0000777089  -0.0001649792  -0.0000502631  -0.0000873432
        0.0000796900   0.0003540836   0.0000839180  -0.0000500807  -0.0000406167
        0.0000742489   0.0000419451   0.0000153766  -0.0000323235   0.0000597878
       -0.0000292901  -0.0000092751  -0.0000770624  -0.0039626720   0.0070611955
        0.0106490637   0.0915994538  -0.0340520156  -0.0882416736
        0.0008053340  -0.0020464830  -0.0020137942  -0.0032141957   0.0017869382
        0.0038595460   0.0009334195   0.0006108983  -0.0001946620   0.0000223298
       -0.0000497448  -0.0000462582   0.0000614927  -0.0000042435  -0.0000184010
        0.0002274034   0.0000594528  -0.0000503019  -0.0000615594   0.0000824707
        0.0000657990  -0.0000149650  -0.0000030277   0.0000033632   0.0000202714
       -0.0000147156  -0.0000163473  -0.0000224854  -0.0000138046   0.0000028477
        0.0000026320  -0.0000279630  -0.0000130266   0.0000090814   0.0000199792
        0.0000062102  -0.0000202643   0.0000144898   0.0000139142   0.0000399890
        0.0000036791  -0.0000139089   0.0000114813  -0.0000366734  -0.0000203213
        0.0001407281   0.0000070118  -0.0000358212  -0.0079047806   0.0049177908
        0.0148180646  -0.0029921796  -0.0019359160   0.0000039949   0.0002384570
        0.0000173397  -0.0001509121  -0.0002227063   0.0003013438   0.0001368174
       -0.0004886517   0.0004675361  -0.0019621174   0.0000082614   0.0002557844
        0.0006247785   0.0003336331   0.0002368682   0.0002827652   0.0000949651
        0.0000053204  -0.0000227950   0.0000533326  -0.0001851147  -0.0000527138
        0.0001425799   0.0005914231   0.0000893110  -0.0000717071  -0.0004416463
        0.0001203300   0.0348055447  -0.0737430288  -0.0753400243  -0.0000161085
       -0.0000386030  -0.0000072976   0.0000200858   0.0000066741  -0.0000065001
        0.0000001404   0.0000029128   0.0000006161   0.0000064885   0.0000024582
       -0.0000015084   0.0000058824  -0.0000021239  -0.0000033078  -0.0000014088
       -0.0000059028  -0.0000023482  -0.0006555593   0.0003148553   0.0010391056
       -0.0000418656   0.0000146858  -0.0000842382  -0.0000225081  -0.0000460722
        0.0000185024  -0.0000809081  -0.0000054825  -0.0000401003   0.0000132039
        0.0000693259  -0.0000159195  -0.0000558670   0.0001147915   0.0002079572
       -0.0001405269  -0.0002908775  -0.0002155650  -0.0001142967  -0.0000687924
       -0.0001325342   0.0002220908  -0.0010195419   0.0006413759   0.0000390142
       -0.0000481007  -0.0000343433  -0.0000390847  -0.0000018134  -0.0000330276
       -0.0000096850  -0.0000200857  -0.0000156654   0.0119854870  -0.0138029569
       -0.0238211548  -0.0340520156   0.0839486842   0.0824296170
       -0.0013675554  -0.0010181731  -0.0008423712   0.0000949522  -0.0002308561
        0.0009760673   0.0002482434  -0.0003060124  -0.0003185483  -0.0000901197
       -0.0000467631   0.0000147069  -0.0000868289  -0.0000294386   0.0000191113
       -0.0001384555  -0.0001031512   0.0000080926   0.0000354322  -0.0000454117
       -0.0000283702   0.0000141770   0.0000099264   0.0000017113  -0.0000063504
        0.0000130725   0.0000057809   0.0000010400  -0.0000051704  -0.0000018300
       -0.0000072831   0.0000101352   0.0000074014  -0.0000020669  -0.0000048053
       -0.0000016743   0.0000156544  -0.0000058966  -0.0000084743  -0.0000359063
        0.0000008087   0.0000145504  -0.0000032284   0.0000052069   0.0000069916
        0.0000670740   0.0000926709   0.0000464296   0.0110104554  -0.0011601575
       -0.0130182939   0.0022980441   0.0014457609  -0.0005632924  -0.0000249000
        0.0000231921   0.0005324003  -0.0035304591  -0.0005906552  -0.0027566705
        0.0034995718  -0.0083313673  -0.0227683616   0.0017596156  -0.0001876076
        0.0019042704  -0.0000406150   0.0001447855  -0.0004594599   0.0000244888
        0.0001052640  -0.0000094468   0.0004031330  -0.0002981817   0.0001958468
       -0.0013398496  -0.0004354906  -0.0005379242   0.0004577276   0.0003370862
        0.0002469267   0.0750343228  -0.0717572505  -0.2127979985  -0.0000054510
        0.0000152246   0.0000174430  -0.0000140895  -0.0000007665   0.0000040077
        0.0000043181   0.0000036413   0.0000005248   0.0000043932   0.0000003177
       -0.0000006646   0.0000026354  -0.0000003473  -0.0000020546  -0.0000014921
        0.0000058681   0.0000015127   0.0000555705  -0.0002833775  -0.0006217280
       -0.0001870286   0.0002386782   0.0002211936   0.0000335653  -0.0000381617
       -0.0000360747  -0.0001471003  -0.0000171867   0.0002402086   0.0004157746
       -0.0001271823  -0.0010187237  -0.0000261088   0.0001351674   0.0000644858
       -0.0000141623  -0.0001573057  -0.0000305793   0.0000560159  -0.0000737741
        0.0001463341   0.0000238817   0.0008119532   0.0001037595   0.0000041872
        0.0000274085   0.0000544412   0.0000805521  -0.0000546105   0.0000257499
        0.0000397020  -0.0000359300  -0.0001047431  -0.0003738038  -0.0005107541
        0.0029390529  -0.0882416736   0.0824296170   0.2481282826
