smiles,pxr,null,sp_med
Brc1c(NC2=NCCN2)ccc2nccnc12,,,0.1794035484493075
Brc1ccc(-c2n[nH]cc2CN2CCN(C3CCOCC3)CC2)cc1,,,0.0403449254309826
Brc1ccc(-c2noc(-c3ccnn3C3CCCC3)n2)o1,,,0.6511537151815948
Brc1ccc(C2(CNC(c3cccnc3)c3ncc[nH]3)CCOCC2)cc1,4.51,4.43,0.9594859067912078
Brc1ccc(Cc2nc(N3CCNCC3)no2)c2ccccc12,,,0.471455763498293
Brc1ccc2[nH]c(-c3noc([C@@H]4C[C@H]5CC[C@@H]4O5)n3)cc2c1,,,0.2558256914896692
Brc1cccc(C2CCN(c3ncnc4nc[nH]c34)C2)c1,,,-0.0959237789664046
Brc1cccc2c1CCC2NCc1noc2c1COCC2,5.06,3.81,1.2961493967926863
Brc1cccc2c1OCCC2Nc1ncnc2[nH]ncc12,,,0.2037955630377912
Brc1ccccc1C1CCCN1c1ncnc2[nH]ncc12,5.66,,1.0642820154700876
Brc1cnc(C2CCCN2c2ncnc3[nH]ncc23)nc1,,,0.3421608748974619
Brc1cnc(C2CCCN2c2ncnc3c2CCC3)nc1,,,0.3671551742067872
Brc1cncc(-c2cn(Cc3ncc(C4CC4)o3)nn2)c1,,,0.4482628019624494
Brc1cnn2ccnc(NCC3(N4CCOCC4)CCCOC3)c12,,,0.2098525398807448
C#CC(C)(C)N,2.01,,
C#CC(C)(C)N1CCN(S(=O)(=O)N2CC3CCC2C3)CC1,4.93,3.04,1.2358120476372212
C#CC(C)(C)NC(=O)c1cc(Cl)cc(Cl)c1,3.92,,
C#CC1(O)CCN(C(=O)NCCc2c(C)[nH]c3ccccc23)CC1,,,0.30821527876497695
C#CCC(Cc1ccccc1)Nc1ccc2nccnc2n1,4.87,5.37,0.911925559922628
C#CCCC(=O)Nc1nc(-c2ccc(NS(C)(=O)=O)cc2)cs1,,,-0.0677852347248558
C#CCCN1CCCN(c2ncc(S(N)(=O)=O)cn2)CC1,,,0.13054502376685376
C#CCN(C(=O)c1cnc(Nc2ccc(F)c(F)c2)c(Cl)c1)C1CCN(C)CC1,,,0.5846578557327342
C#CCN(C)Cc1ccccc1,2.59,2.08,-0.0010937875600199529
C#CCN(C)[C@H](C)Cc1ccccc1,2.63,2.97,-0.13615871662169005
C#CCN(Cc1ccccc1)C(=O)C(C)NC(=O)c1cccc(Cl)c1Cl,5.39,4.01,1.5352294675525262
C#CCNC(=O)CSc1nnc(Nc2ccc(C(C)C)cc2)s1,,,0.5474133836483421
C#CCNS(=O)(=O)c1cccc(-c2nc(-c3ccc4[nH]ccc4c3)no2)c1,5.13,2.97,1.1133166748535461
C#CCN[C@@H]1CCc2ccccc21,,,0.0014270781017934504
C#C[C@]1(O)CC[C@H]2[C@@H]3CCC4=CC(=O)CC[C@@H]4[C@H]3CC[C@@]21CC,3.73,1.86,0.916124599558763
C#C[C@]1(O)CC[C@H]2[C@@H]3CCc4cc(O)ccc4[C@H]3CC[C@@]21C,5.14,2.74,1.1395123006876915
C#C[C@]1(O)CC[C@H]2[C@@H]3CCc4cc(OC)ccc4[C@H]3CC[C@@]21C,,,0.3725390123005402
C#Cc1ccc(-c2nnc([C@H]3CCO[C@@H]3c3ccccc3)[nH]2)nc1,,,0.25399494578550197
C#Cc1ccc(C2CCCN2C(=O)c2cnccc2C)cc1,,,0.713241023980805
C#Cc1cccc(Nc2ncnc3cc(OCCOC)c(OCCOC)cc23)c1,3.81,3.07,0.9475464717463303
C#Cc1ccnc(N(CC)C(=O)c2cccc(OCCOC)c2)c1,4.82,2.11,0.8057811422140715
C(=C\c1ccccc1)/CN1CCN(C(c2ccccc2)c2ccccc2)CC1,,,0.4779050687786615
C/C=C/CCCN(Cc1cn[nH]c1)c1cc(C(N)=O)nc(C2CC2)n1,5.01,5.43,1.7261351956647155
C/C=C/C[C@@H](C)[C@@H](O)[C@H]1C(=O)N[C@@H](CC)C(=O)N(C)CC(=O)N(C)[C@@H](CC(C)C)C(=O)N[C@@H](C(C)C)C(=O)N(C)[C@@H](CC(C)C)C(=O)N[C@@H](C)C(=O)N[C@H](C)C(=O)N(C)[C@@H](CC(C)C)C(=O)N(C)[C@@H](CC(C)C)C(=O)N(C)[C@@H](C(C)C)C(=O)N1C,3.27,1.81,0.0342040084560759
C/C=C/c1ccc(OC)cc1,1.87,2.01,0.001914598328270442
C1=C(CCNc2ncnc3c2cnn3-c2ncccn2)CCOC1,,,0.01123165159396345
C1=C([C@@]23CCCN(Cc4ccccn4)[C@H]2CCOC3)CCOC1,3.76,,
C1=C(c2c[nH]c3ncccc23)CCN(Cc2cn(Cc3ccccc3)nc2-c2cccnc2)C1,4.55,5.54,0.9766211476467777
C1=CC2(CCCN(c3ccc4nccnc4n3)C2)Oc2ccccc21,,,0.6643956584466401
C1=C[C@@H](CNc2ncnc3c2cnn3-c2ccccc2)[C@H]2CO[C@@H]1C2,,,0.3981793533191479
C1CCC2(CC1)NCCO2,1.98,,
C1CCCNCC1,2.49,,
C1CCCNCCC1,1.97,,
C1CCN(C2CCNCC2)C1,1.89,,
C1CNCCN1,,,0.0096684432527361
C1COCCN1,3.18,,
C1N2CN3CN1CN(C2)C3,,,-0.0571001085639759
C=C(C)C1OCCC1CNC(=O)C1CCCCN1C(=O)c1cccs1,5.03,2.31,0.8111264185899987
C=C(C)C1OCCC1CNC(=O)CCn1c(C)c(C)sc1=O,,,0.06448600839404614
C=C(C)C1OCCC1CNC(=O)N1CCC(c2c[nH]c3ccccc23)CC1,,,0.655120076428624
C=C(C)C1OCCC1CNC(=O)N1CCCC1c1nc2cc(C)ccc2[nH]1,4.22,2.31,0.7509903672944822
C=C(C)C1OCCC1CNC(=O)NC1CS(=O)(=O)c2ccccc21,,,0.2514044892396487
C=C(C)CCN(CC(=O)NC)C(=O)c1ccc(NC(C)=O)c(F)c1,,,0.03822338953162315
C=C(C)CN(C)c1ccc(Br)c(S(=O)(=O)N2CCOCC2CC2CCOC2)n1,5.98,2.85,1.1717917351032232
C=C(C)CN(Cc1ccccc1)C(=O)C(=O)Nc1ccc2c(c1)C(=O)NCC2,4.81,4.22,1.1370485518664868
C=C(C)CN1CCC(NC(=O)C2CCCN(C(=O)C(C)(C)C)C2)CC1,,,0.1985588976923866
C=C(C)Cn1c(-c2cnccn2)nnc1N1CCC(C)(COC)CC1,,,0.29179225432565736
C=C(C)Cn1c(C(O)C2CC2)nnc1N1CCC2(CCCCO2)CC1,,,0.6290752772242593
C=C(CC)C(=O)c1ccc(OCC(=O)O)c(Cl)c1Cl,,,0.05762789091587735
C=C1CC(C)(C(=O)N[C@H]2CCCCC[C@H]2NC(=O)C2(C)CC(=C)C2)C1,5.16,3.19,1.235794366067147
C=C1CC1C(=O)N(C)CCN(C)C(=O)c1cc2ccccc2c(OC)n1,5.11,,1.5212412748258899
C=C1CCC(CNc2nc(C)ccc2S(=O)(=O)N2C3CCCC2CC(=O)NC3)CC1,5.53,2.02,1.3536949703617176
C=C1CCN(C(=O)NCc2cc(OC)ccc2OC(F)F)CC1,4.69,3.72,1.841694056915661
C=C1CCN(C(=O)NCc2ccc(S(=O)(=O)NC3CC3)cc2)CC1,,,0.49334575283440085
C=C1CCN(C(=O)Nc2nnc(SCc3ccccc3)s2)C1,5.34,2.2,1.128562145527236
C=C1COc2c(C(=O)NCc3n[nH]c4ccc(Cl)cc34)cnn2C1,,,0.28762758324957
C=CC(=O)N(C)C(C)c1ccccc1N1CCCS1(=O)=O,4.5,,
C=CC(=O)N(C)CC(=O)N1CCC(=Cc2ccc(F)c(F)c2)CC1,3.48,,
C=CC(=O)N(C)CC(=O)N1CCC2(CC1)Cc1cc(OC)ccc1C2=O,2.64,,
C=CC(=O)N(C)CC(=O)N1CCCC(NC(=O)c2cc3ccccc3o2)C1,3.43,,
C=CC(=O)N(C)CC(=O)N1CCN(Cc2cc3c(s2)CCCC3)CC1,1.62,,
C=CC(=O)N(C)CC(=O)N1CCN(Cc2noc(-c3cccs3)n2)CC1,2.88,,
C=CC(=O)N(C)CC(=O)N1CCN(c2cccc(Br)c2)CC1,3.59,,
C=CC(=O)N(C)CC(=O)N1CCOC(c2ccc(Cl)s2)C1,4.11,,
C=CC(=O)N(C)CC(=O)N1CC[C@@H](Oc2cccc(Cl)c2)C1,3.53,,
C=CC(=O)N(C)CC(=O)N1CC[C@H](c2ccccc2)[C@H](CO)C1,3.37,,
C=CC(=O)N(C)CC(=O)NC(C)(CC)c1nc2c(c(=O)[nH]1)CCCC2,3.47,,
C=CC(=O)N(C)CC(=O)NC(C)c1ccc(-c2nn[nH]n2)cc1,2.75,,
C=CC(=O)N(C)CC(=O)NCC(c1ccc(OC(C)C)cc1)N(C)C,2.37,,
C=CC(=O)N(C)CC(=O)NCCN1C(=O)NC2(CCCC2)C1=O,2.25,,
C=CC(=O)N(C)CC(=O)NCc1ccc(CN2CCS(=O)(=O)CC2)cc1,1.65,,
C=CC(=O)N(C)CC(=O)N[C@H]1CCN(C(C)C)[C@@H]1c1ccc(Cl)c(F)c1,4.2,,
C=CC(=O)N(C)CC(=O)N[C@H]1CC[C@H](c2nc3ccccc3o2)CC1,2.23,,
C=CC(=O)N(C)CC(=O)Nc1cc(N2CCC3(CCC3)C2)c(Cl)cn1,4.87,,
C=CC(=O)N(C)CC(=O)Nc1ccc(N2CCCCC2)cc1C(N)=O,3.01,,
C=CC(=O)N(C)CC(=O)Nc1cccc(Cl)c1OC(C)C,4.18,,
C=CC(=O)N(C)CC(=O)Nc1ccccc1N1CC2CCC1C2,5.01,2.16,
C=CC(=O)N(C)CC(=O)Nc1nn(-c2ncccc2F)cc1C,3.14,,
C=CC(=O)N(C)CC(=O)Nc1nnc(C(C)(C)c2ccccc2)s1,5.09,3.1,
C=CC(=O)N(C)c1ccc(C(=O)N(C)Cc2csc(C(C)OC)n2)cc1,3.99,,
C=CC(=O)N(C)c1ccc(C(=O)N(C)c2nnc(C)s2)cc1,2.66,,
C=CC(=O)N(C)c1ccc(C(=O)N(Cc2ccccc2)CC(C)(C)O)cc1,3.96,,
C=CC(=O)N(C)c1ccc(C(=O)N2CCN(c3cccc(F)c3F)CC2)cc1,3.26,,
C=CC(=O)N(C)c1ccc(C(=O)N[C@@H]2CCCN(S(=O)(=O)C3CC3)C2)cc1,3.04,,
C=CC(=O)N(C)c1ccc(C(=O)Nc2ccc3c(c2)ncn3-c2ccccc2)cc1,3.91,,
C=CC(=O)N(C)c1ccc(C(=O)Nc2nc3cc(C(N)=O)ccc3[nH]2)cc1,2.44,,
C=CC(=O)N(CC)CC(=O)N(CC(=O)NC)CC(C)N1C[C@@H](C)O[C@@H](C)C1,2.81,,
C=CC(=O)N(CC)CC(=O)N1CCCC1c1nc(-c2ccccc2Cl)c[nH]1,4.56,,
C=CC(=O)N(CC)CC(=O)N1CCCN(S(=O)(=O)c2ccc(Cl)s2)CC1,4.67,,
C=CC(=O)N(CC)CC(=O)N1CCN(C2CCCOC2)CC1,2.54,,
C=CC(=O)N(CC)CC(=O)N1CCN(c2cc(N3CCOCC3)ncn2)CC1,2.45,,
C=CC(=O)N(CC)CC(=O)NC(C)(C)c1cn(C(C)C)nn1,3.09,,
C=CC(=O)N(CC)CC(=O)NCC(C)(C)C1(O)CCCOC1,2.94,,
C=CC(=O)N(CC)CC(=O)Nc1ccc(C)c(Oc2ccnc(C(=O)NC)c2)c1,4.84,,
C=CC(=O)N(CC)CC(=O)Nc1ccc(N2CCCC2=O)c(Cl)c1,4.67,,
C=CC(=O)N(CC)CC(=O)Nc1ccc(OC)c(C(=O)c2ccccc2)c1,4.53,,
C=CC(=O)N(CC1=CCCCC1)Cc1cc(-c2ccc(Cl)cc2)on1,4.22,,
C=CC(=O)N(CCCN1CCOCC1)C1CCS(=O)(=O)C1,2.86,,
C=CC(=O)N(CCc1c(C)noc1C)Cc1cc(Cl)cs1,4.62,,
C=CC(=O)N(CCc1cn(C)nn1)CC1CCC(C)(C)CC1,4.37,,
C=CC(=O)N(Cc1cc(Br)ccc1F)C1CCC2(CC1)OCCO2,5.28,5.18,
C=CC(=O)N(Cc1cc(C(N)=O)cs1)C[C@H]1CCO[C@@H]1c1cnn(C)c1,2.55,,
C=CC(=O)N(Cc1cc(CC)no1)Cc1sncc1Br,3.81,,
C=CC(=O)N(Cc1cc(OC)c(OC)c(OC)c1)CC(C)S(C)=O,3.35,,
C=CC(=O)N(Cc1cc2c(cc1OC)CC(C)O2)Cc1ccsc1C,5.81,,
C=CC(=O)N(Cc1ccc(CS(C)(=O)=O)cc1)Cc1cnn(C)c1,2.77,,
C=CC(=O)N(Cc1ccccc1OCC)CC1(O)CCCC1,5.09,3.83,
C=CC(=O)N(Cc1ccn(C)n1)C1CCN(C(=O)c2ccccc2F)CC1,3.58,,
C=CC(=O)N(Cc1ccn(C)n1)c1ccc(C(=O)N2CCC(O)CC2)cc1,3.36,,
C=CC(=O)N(Cc1ccnn1CC1CCC1)c1cccc(CO)c1,4.81,,
C=CC(=O)N(Cc1cnc(C(C)(C)C)nc1)c1ccc(NC(=O)CC)cc1,4.07,,
C=CC(=O)N(Cc1cnn(C)c1C)CC1(c2cccc(F)c2)CCOCC1,4.6,,
C=CC(=O)N(Cc1cnn(CC)c1)Cc1ccc(C2CC2C)o1,4.27,,
C=CC(=O)N(Cc1nc2c(s1)CC(C)CC2)[C@@H](CC)CO,5.05,2.26,
C=CC(=O)N(Cc1oc(CC)nc1C)Cc1sc2ccccc2c1C,3.88,,
C=CC(=O)N(c1ccc(C2CCOC2)cc1)C(C(=O)NC(C)(C)C)c1cccnc1,4.33,,
C=CC(=O)N1CC(C(=O)N(C)CCNS(=O)(=O)c2ccccc2[N+](=O)[O-])C1,3.27,,
C=CC(=O)N1CC(C(=O)N(CCCC)Cc2nc3ccccc3c(=O)[nH]2)C1,3.63,,
C=CC(=O)N1CC(C(=O)N2CCN(S(=O)(=O)c3ccc(C(N)=O)o3)CC2)C1,1.8,,
C=CC(=O)N1CC(C(=O)NC(CC)CC)Oc2ccccc21,3.72,,
C=CC(=O)N1CC(C(=O)NCC(C)(O)Cn2cc(Br)cn2)C1,2.35,,
C=CC(=O)N1CC(C(=O)N[C@H]2COC[C@H]2Oc2cnn(-c3ccccc3)c2)C1,3.25,,
C=CC(=O)N1CC(C(=O)Nc2cnn(-c3cccc(Cl)c3)c2C(C)C)C1,3.58,,
C=CC(=O)N1CC(CC(=O)N(CCO)Cc2cnn(Cc3ccccc3)c2)C1,1.73,,
C=CC(=O)N1CC(CC(=O)NC(C)COc2ccc(C)cc2)C1,2.82,,
C=CC(=O)N1CC(CC(=O)NCCCNS(=O)(=O)c2ccccc2Cl)C1,4.1,,
C=CC(=O)N1CC(CC(=O)Nc2ccc(=O)n(Cc3cccc(Cl)c3)c2)C1,3.27,,
C=CC(=O)N1CC2(CCC(CNC(=O)C(C)Oc3ccc(C)cc3C)O2)C1,4.52,,
C=CC(=O)N1CC=C(c2c(OC)cc(OC)cc2OC)CC1,3.9,,
C=CC(=O)N1CCC(C(=O)N(Cc2cccnc2)Cc2ccccc2C)CC1,3.77,,
C=CC(=O)N1CCC(C(=O)N2CCC(NC(=O)c3cc(C)oc3C)CC2)CC1,2.5,,
C=CC(=O)N1CCC(C(=O)N2CCC(n3c(=O)[nH]c4ccccc43)CC2)CC1,2.43,,
C=CC(=O)N1CCC(C(=O)N2CCC(n3cc(C(=O)OC)nn3)C2)CC1,1.85,,
C=CC(=O)N1CCC(C(=O)N2CCC=C(c3cnn(C)c3)C2)CC1,1.91,,
C=CC(=O)N1CCC(C(=O)N2CCCC(C)CC2)(c2ccccc2)CC1,5.82,1.85,
C=CC(=O)N1CCC(C(=O)N2CCCC2Cn2cnc3ccccc32)CC1,3.35,,
C=CC(=O)N1CCC(C(=O)N2CCCc3sc(Br)cc3C2)CC1,5.25,2.29,
C=CC(=O)N1CCC(C(=O)N2CCc3c(ncn3-c3ccccc3)C2)CC1,2.92,,
C=CC(=O)N1CCC(C(=O)NC(C)c2ccc3c(c2)NC(=O)CO3)CC1,2.94,,
C=CC(=O)N1CCC(C(=O)NC(C)c2n[nH]c(CC)n2)(c2ccccc2)CC1,4.24,,
C=CC(=O)N1CCC(C(=O)NC(CCO)c2cccs2)CC1,1.76,,
C=CC(=O)N1CCC(C(=O)NC2CCN(S(=O)(=O)CCC)CC2)CC1,1.88,,
C=CC(=O)N1CCC(C(=O)NC2COc3c(F)cc(F)cc3C2)CC1,4.09,,
C=CC(=O)N1CCC(C(=O)NCC(C)(O)C2CCCC2)CC1,2.28,,
C=CC(=O)N1CCC(C(=O)NCCC(=O)N2CCN(c3ccccc3)CC2)CC1,2.98,,
C=CC(=O)N1CCC(C(=O)NCc2cc(Cl)c3c(c2)OCCO3)CC1,2.82,,
C=CC(=O)N1CCC(C(=O)NCc2cc3c(cc2OC)OCO3)C1,2.79,,
C=CC(=O)N1CCC(C(=O)NCc2nnc(CC)s2)CC1,2.28,,
C=CC(=O)N1CCC(C(=O)NCc2nnc3ccc(N(C)C)nn23)CC1,2.28,,
C=CC(=O)N1CCC(C(=O)Nc2c(-c3ccccc3)nc3ccccn23)CC1,3.07,,
C=CC(=O)N1CCC(C(=O)Nc2cc(-c3ccc(Cl)s3)[nH]n2)CC1,2.25,,
C=CC(=O)N1CCC(C(=O)Nc2cc(C)n(-c3ccccc3)n2)CC1,2.86,,
C=CC(=O)N1CCC(C(=O)Nc2ccc3c(ccn3CCC)c2)CC1,2.57,,
C=CC(=O)N1CCC(C(=O)Nc2cccc(-c3nnnn3CC)c2)C1,2.45,,
C=CC(=O)N1CCC(C(=O)Nc2cnn(-c3cnc4ccccc4n3)c2)CC1,4.83,,
C=CC(=O)N1CCC(C(=O)Nc2cnn(C(C)C3CC3)c2)CC1,3.33,,
C=CC(=O)N1CCC(C(=O)Nc2nc3c(o2)CCCC3)CC1,2.97,,
C=CC(=O)N1CCC(CC(=O)N2CCC(N(C)C)CC2)CC1,2.48,,
C=CC(=O)N1CCCC(C(=O)N(C)C2CCN(c3cc(C)nc(C)n3)CC2)C1,1.66,,
C=CC(=O)N1CCCC(C(=O)N2CCCC(c3ocnc3C(=O)OC)C2)C1,2.7,,
C=CC(=O)N1CCCC(C(=O)N2CCN(c3nc(Br)n[nH]3)CC2)C1,2.57,,
C=CC(=O)N1CCCC(C(=O)N2CCN(c3snc(C)c3C#N)CC2)C1,1.94,,
C=CC(=O)N1CCCC(C(=O)N=S(C)(=O)c2cccc(Cl)c2)C1,4.45,,
C=CC(=O)N1CCCC(C(=O)NCc2cc(=O)nc(SC)[nH]2)C1,1.77,,
C=CC(=O)N1CCCC(C(=O)N[C@H](C)c2coc3c(F)cccc23)C1,4.65,,
C=CC(=O)N1CCCC(C(=O)N[C@H]2CCC(=O)N[C@@H]2C2CC2)C1,1.7,,
C=CC(=O)N1CCCC(C(=O)Nc2ccc3c(n2)NC(=O)CO3)C1,2.23,,
C=CC(=O)N1CCCC1C(=O)NCc1noc2c1CC(C)CC2,4.04,,
C=CC(=O)N1CCC[C@@H](C(=O)NCCc2cnc3c(Cl)cnn3c2)C1,3.15,,
C=CC(=O)N1CCC[C@@H](n2nc(-c3ccc(Oc4ccccc4)cc3)c3c(N)ncnc32)C1,,,0.6394469221630277
C=CC(=O)N1CCN(C(=O)C2CCCN(c3nc(C)cs3)C2)[C@@H](C)C1,3.43,,
C=CC(=O)N1CCN(C(=O)CC(O)c2ccc(Cl)c(Cl)c2)[C@@H](C)C1,3.99,,
C=CC(=O)N1CCN(C(=O)COc2ccc(Cl)cc2Cl)CC1,4.07,,
C=CC(=O)N1CCN(C(=O)c2cc(S(=O)(=O)NC)oc2C)[C@@H](C)C1,2.51,,
C=CC(=O)N1CCN(C(=O)c2ccc(Cn3cc(Cl)cn3)cc2)[C@@H](C)C1,1.89,,
C=CC(=O)N1CCN(C(=O)c2ccc(N3CCCNS3(=O)=O)cc2)[C@@H](C)C1,1.96,,
C=CC(=O)N1CCN(C(=O)c2csc(N=S(C)(=O)N(C)C)n2)[C@@H](C)C1,3.66,,
C=CC(=O)N1CCN(C(=O)c2nc(N3CCOCC3)ncc2Cl)[C@@H](C)C1,2.96,,
C=CC(=O)N1CCN(Cc2csc(C(C)(C)C)n2)CC1,4.28,,
C=CC(=O)N1CCS(=O)(=NS(=O)(=O)c2ccc(C)cc2)CC1,3.71,,
C=CC(=O)N1Cc2ccccc2CC1CNC(=O)C1=NOC(c2ccccc2)C1,4.63,,
C=CC(=O)NC(C)(C)CC(C)(NCCc1cnn(C)c1C)c1nnnn1C1CCCC1,4.64,,
C=CC(=O)NC(C)C1CCN(C(=O)CC2COc3ccccc3O2)CC1,4.63,,
C=CC(=O)NC(C)C1CN(C(=O)c2cccc(Cl)c2Cl)CCO1,4.22,,
C=CC(=O)NC(C)c1nc(-c2ccc(Cl)cc2)c(C)s1,4.66,,
C=CC(=O)NC(CNC(=O)c1nnc2ccccc2n1)c1ccc(C(C)C)cc1,5.37,,
C=CC(=O)NC(Cc1ccccc1)c1nc(-c2ccncc2)no1,3.95,,
C=CC(=O)NC(c1cccc(S(C)(=O)=O)c1)c1ccc(C)cc1C,4.33,,
C=CC(=O)NC1(CNC(=O)C(C)(C)c2c(C)noc2C)CCCCCC1,4.7,,
C=CC(=O)NC1(CNC(=O)[C@H]2CCCC[C@H]2c2ccccc2)CCOCC1,4.64,,
C=CC(=O)NC1CCCOC1C1CCN(C(=O)CCCc2sccc2C)CC1,5.01,1.99,
C=CC(=O)NC1CCN(Cc2ccc(OC)cc2OC)C1=O,3.33,,
C=CC(=O)NCC(=O)N1CCC2(CC1)OCCc1cc(Cl)sc12,3.5,,
C=CC(=O)NCC(=O)NCC1(c2cccc(Cl)c2F)CCCC1,4.88,,
C=CC(=O)NCC(=O)N[C@@H]1CC(C)(C)Oc2ccc(F)cc21,3.76,,
C=CC(=O)NCC(NC(=O)C1CC=Cc2ccccc21)c1ccc2ccccc2c1,5.21,4.65,
C=CC(=O)NCC(NC(=O)c1ccc2c(c1)CNC2=O)c1ccc2ccccc2c1,3.95,,
C=CC(=O)NCC1(NC(=O)c2cccc(CNC(C)=O)c2)CCCCC1,3.33,,
C=CC(=O)NCC1CCCCC1NC(=O)Cc1csc(C(C)(C)C)n1,5.22,2.69,
C=CC(=O)NCCC(=O)N1CCC(C(=O)Nc2cccc(C#N)c2)CC1,2.14,,
C=CC(=O)NCCC(=O)N1CCC(O)(c2scnc2Br)CC1,2.81,,
C=CC(=O)NCCC(=O)N1CCCC(c2nc3c(s2)CCC3)C1,4.11,,
C=CC(=O)NCCC(=O)N1CCCC1(C)Cc1ccc(Cl)c(Cl)c1,6.37,1.78,
C=CC(=O)NCCC(=O)N1CCN(C(=O)c2ccsc2)CC1,2.55,,
C=CC(=O)NCCC(=O)N1CCN(S(=O)(=O)c2csc(C)n2)CC1,2.6,,
C=CC(=O)NCCC(=O)N1CCN(c2c(C#N)cnc3ccccc23)CC1,3.83,,
C=CC(=O)NCCC(=O)N1CCN(c2cc(Cl)c(Cl)c(Cl)c2)CC1,4.08,,
C=CC(=O)NCCC(=O)N1CCc2c(ccc(Br)c2F)C1,4.26,,
C=CC(=O)NCCC(=O)N1C[C@@H](c2ccc(F)cc2)O[C@@H](C)C1,3.44,,
C=CC(=O)NCCC(=O)N1C[C@H](CO)[C@@H](c2cnn(C)c2)C1,1.67,,
C=CC(=O)NCCC(=O)N[C@H]1CC[C@@H](S(C)(=O)=O)CC1,2.36,,
C=CC(=O)NCCNC(=O)[C@@H]1CCCN1C1=NS(=O)(=O)c2ccccc21,2.73,,
C=CC(=O)NCCc1ccc(OCC(=O)Nc2ccc(C)cc2)cc1,4.35,,
C=CC(=O)NCCc1ccc2ccn(S(=O)(=O)c3ccc(C)cc3)c2c1,4.89,,
C=CC(=O)NCCc1noc(COc2ccc(Cl)cc2)n1,4.45,,
C=CC(=O)NC[C@H]1CN(C(=O)Cc2cccc3ccccc23)C[C@@H]1OCC,4.5,,
C=CC(=O)NC[C@]1(c2ccccc2)C[C@@H](NC(=O)c2cnc(C3CCCO3)s2)C1,3.49,,
C=CC(=O)NC[C@]1(c2ccccc2)C[C@@H](NC(=O)c2nc3nc(C)cc(C)n3n2)C1,1.88,,
C=CC(=O)NCc1c(Cl)cccc1N(C)Cc1cccnc1,5.25,2.74,
C=CC(=O)NCc1ccc(-c2nc(-c3ccc(CN(C)C)cc3)no2)cc1,3.91,,
C=CC(=O)NCc1ccc(C(=O)N(C2CC2)C2CC(=O)NC2=O)cc1,1.7,,
C=CC(=O)NCc1ccc(C(=O)N(c2cc(C)ccc2C)C2CCOCC2)cc1,4.29,,
C=CC(=O)NCc1ccc(C(=O)N2CCN(C3=NCCS3)CC2)cc1,3.36,,
C=CC(=O)NCc1ccc(C(=O)N2COC[C@@]3(COC[C@@H]4CCCN43)C2)cc1,3.05,,
C=CC(=O)NCc1ccc(C(=O)N2C[C@H](CO)[C@@H](c3ccsc3)C2)cc1,2.68,,
C=CC(=O)NCc1ccc(C(=O)NCC2(C)COc3ccccc3O2)cc1,4.1,,
C=CC(=O)NCc1ccc(C(=O)NCC2CCCC23CCOCC3)cc1,3.69,,
C=CC(=O)NCc1ccc(C(=O)NCCc2cnc3ccccc3c2)cc1,3.41,,
C=CC(=O)NCc1ccc(C(=O)Nc2ccc(F)cc2N2CCOCC2)cc1,3.44,,
C=CC(=O)NCc1ccc(C(=O)Nc2ncc(C3(O)CCC3)s2)cc1,1.71,,
C=CC(=O)NCc1ccc(NC(=O)CCN(C)Cc2ccccc2)cc1,3.49,,
C=CC(=O)NCc1ccc(S(=O)(=O)N2CCCCC2)s1,3.99,,
C=CC(=O)NCc1ccccc1-c1ccc(CN2CCCC2=O)cc1,4.56,,
C=CC(=O)NCc1ccccc1C(=O)N1CCN(S(=O)(=O)Cc2ccon2)CC1,3.66,,
C=CC(=O)NCc1ccccc1C(=O)NC1(c2noc(C)n2)CCCCC1,4.31,,
C=CC(=O)NCc1ccccc1C(=O)NCc1cc(C2CC2)nn1C,3.27,,
C=CC(=O)NCc1ccccc1CC(=O)N1CCC(C(=O)NCc2ccc(OC)cc2)CC1,4.06,,
C=CC(=O)NCc1ccccc1CC(=O)NCCc1nnc2c(=O)[nH]ccn12,1.68,,
C=CC(=O)N[C@@H](Cc1ccccc1)C(=O)NCc1ccccn1,3.99,,
C=CC(=O)N[C@@H]1CCCN(C(=O)Cn2cc(C3CCOC3)cn2)C1,2.37,,
C=CC(=O)N[C@@H]1CN(C(=O)Cn2nnc(C3CC3)n2)C[C@H]1CC(C)(C)C,4.25,,
C=CC(=O)N[C@H]1CN(C(=O)Cc2noc3ccc(F)cc23)C[C@@H]1C1CC1,3.52,,
C=CC(=O)Nc1cc(F)cc(NC2CCN(S(C)(=O)=O)CC2)c1,3.85,,
C=CC(=O)Nc1cc(NC(=O)C23CCN(C2)S(=O)(=O)C3)ccc1F,3.04,,
C=CC(=O)Nc1cc(NC(=O)Cc2c[nH]c3cc(F)ccc23)ccc1F,4.01,,
C=CC(=O)Nc1cc(NC(=O)Cc2ccc(O)c(OC)c2)ccc1F,3.92,,
C=CC(=O)Nc1cc(NC(=O)c2cc3c([nH]c2=O)CCC(C)(C)C3)ccc1F,2.58,,
C=CC(=O)Nc1cc(NC(=O)c2nc(C3CC3)oc2C)ccc1F,4.35,,
C=CC(=O)Nc1ccc(C(=O)N(C)C2CCCc3nc(C)sc32)cc1,3.33,,
C=CC(=O)Nc1ccc(C(=O)N(C)CC2(C)CCCO2)cc1,3.52,,
C=CC(=O)Nc1ccc(C(=O)N2CCOC(c3ccc(F)c(Br)c3)C2)cc1,4.38,,
C=CC(=O)Nc1ccc(C(=O)N2CCS(=O)CC2c2cnn(C)c2)cc1,2.02,,
C=CC(=O)Nc1ccc(C(=O)N=c2sccn2Cc2ccccc2)cc1,4.19,,
C=CC(=O)Nc1ccc(C(=O)NC(c2ncccn2)C2CC2)cc1,3.25,,
C=CC(=O)Nc1ccc(C(=O)NCC2(C3=CCOCC3)CCC2)cc1,3.81,,
C=CC(=O)Nc1ccc(C(=O)NCCCn2ccc(=O)[nH]c2=O)cc1,1.75,,
C=CC(=O)Nc1ccc(C(=O)NCCOC2(C)CCOCC2)cc1,3.87,,
C=CC(=O)Nc1ccc(C(=O)NCc2cc(C)ccc2[N+](=O)[O-])cc1,4.63,,
C=CC(=O)Nc1ccc(C(=O)Nc2cc(Cl)c3c(c2)OCCCO3)cc1,4.34,,
C=CC(=O)Nc1ccc(C)c(NC(=O)CN2CCCCC2)c1,3.87,,
C=CC(=O)Nc1ccc(CC(=O)N2CC3(CCOCC3)CC2C)cc1,4.45,,
C=CC(=O)Nc1ccc(CC(=O)N2CCn3c(n[nH]c(=O)c3=O)C2)cc1,2.2,,
C=CC(=O)Nc1ccc(CCC(=O)N2CCS(=O)C(C)(C)CC2)cc1,3.67,,
C=CC(=O)Nc1ccc(CCC(=O)NCC(C)c2nc(C)cs2)cc1,4.13,,
C=CC(=O)Nc1ccc(F)c(NC(=O)CCN2CCOCC2)c1,3.4,,
C=CC(=O)Nc1ccc(F)c(S(=O)(=O)NC(C)(C)C)c1,4.34,,
C=CC(=O)Nc1ccc(N2CCC(O)CC2)cc1OCCC,4.28,,
C=CC(=O)Nc1ccc(NC(=O)C(C)n2nc(C)cc2C)c(Cl)c1,4.16,,
C=CC(=O)Nc1ccc(O)c(C(=O)N(C)C(C)C(=O)NC(C)(C)C)c1,4.21,,
C=CC(=O)Nc1ccc(O)c(C(=O)Nc2cc3sc(=O)n(C)c3cc2C)c1,3.87,,
C=CC(=O)Nc1ccc(S(=O)(=O)N2CCCC2CO)cc1,3.59,,
C=CC(=O)Nc1cccc(C(=O)N(C)C[C@H]2CCCN(C)[C@@H]2c2ccnn2C)c1,3.5,,
C=CC(=O)Nc1cccc(C(=O)N2CCC3=NS(=O)(=O)NC=C3C2)c1,1.7,,
C=CC(=O)Nc1cccc(C(=O)N2CCS(=N)(=O)c3ccccc32)c1,3.98,,
C=CC(=O)Nc1cccc(C(=O)NCC2(CC)OCCc3ccccc32)c1,5.26,2.08,
C=CC(=O)Nc1cccc(C(=O)Nc2ccc(N3CCc4sccc4C3)cc2)c1,1.72,,
C=CC(=O)Nc1cccc(C(=O)Nc2ccc(O[C@@H]3CCCC[C@H]3O)cc2)c1,3.76,,
C=CC(=O)Nc1cccc(CC(=O)N2CCC(O)(c3ccc(F)c(F)c3)CC2)c1,4.26,,
C=CC(=O)Nc1cccc(CC(=O)NC2CCSc3c(F)cccc32)c1,3.98,,
C=CC(=O)Nc1cccc(CC(=O)NCc2cn(C)nc2-c2cccc(F)c2)c1,4.17,,
C=CC(=O)Nc1cccc(CC(=O)NCc2nnc(S)n2CC)c1,2.61,,
C=CC(=O)Nc1cccc(CS(=O)(=O)C2CCCCC2)c1,4.53,,
C=CC(=O)Nc1ccccc1CC(=O)N1CCCC1C(=O)N(C)C,4.08,,
C=CC(=O)Nc1ccccc1N1CCN(C(=O)OCC(C)C)CC1,5.28,3.69,
C=CC(=O)Nc1cccnc1Oc1ccc(Cl)cc1Cl,4.1,,
C=CC(=O)Nc1cnn(C(C)c2nnc3n2CCCCC3)c1,3.62,,
C=CC(COC)NC(=O)N1CCC(c2cncn2C)CC1,,,0.022482439453625
C=CC(N)CCC(=O)O,,,-0.064734361087373
C=CCC(NC(=O)c1ccc(Cl)c(-c2cn(C3CCCN(CC)C3=O)nn2)c1)C(=O)O,,,-0.0079287184920665
C=CCC1(C(=O)NC2CCN(C(=O)OC(C)(C)C)CC2CO)CCCCC1,6.32,2.42,1.6338224828203134
C=CCC1(C(=O)OCC)CCN(C(=O)c2nn[nH]c2C2CC2)C1,4.49,4.45,0.7875820050291154
C=CCC1(NC(=O)c2nn[nH]c2-c2ccccc2)CCOCC1,4.74,,1.5435191790804184
C=CCC1(O)CN(S(=O)(=O)c2cnn(C3CCCC3)c2)C1,,,0.6661809957360522
C=CCCCCCCCCC(=O)O,,,-0.1228759148996105
C=CCCc1ccc(S(=O)(=O)Nc2ccc3oc(=O)cc(O)c3c2)cc1,,,0.09289278761023684
C=CCN(C)c1ccc(S(N)(=O)=O)cc1C(=O)N[C@H](C)C(=O)O,,,0.01491057506087385
C=CCN(Cc1ccc(OC)cc1)C(=O)Nc1nc(C(F)(F)F)ns1,4.2,1.9,0.8713820389677582
C=CCN1CCC(NC2CC3(C2)CC3NC(=O)OC(C)(C)C)CC1,,,0.1637486100589792
C=CCN1CCC(n2cnc3c(sc4ncccc43)c2=O)C1=O,,,0.07326500172267544
C=CCNC(=O)C1CCCN(C(=O)Nc2ccc(NC(=O)Nc3ccc(C)c(C)c3)cc2)C1,3.19,,
C=CCNc1c(C(=O)N2CC3CC3C2)nnc2ccccc12,4.92,2.33,0.8649768399506126
C=CCOc1cccc2[nH]c(C(=O)NCc3ncn(C(C)C)n3)cc12,4.82,2.32,1.0242794777070234
C=CCOc1ccccc1CNC(=O)c1cnn(-c2ccc(=O)[nH]n2)c1C,,,0.44293127533889376
C=CCSc1ccccc1NC(=O)C(=O)N1CCN(C(=O)c2ccc(F)cc2)CC1,,,0.30743948727507914
C=CC[C@@H]1C=C(C)C[C@H](C)C[C@H](OC)[C@H]2O[C@@](O)(C(=O)C(=O)N3CCCC[C@H]3C(=O)O[C@H](C(C)=C[C@@H]3CC[C@@H](O)[C@H](OC)C3)[C@H](C)[C@@H](O)CC1=O)[C@H](C)C[C@@H]2OC,,,0.8756683088545274
C=CCc1ccc(O)c(OC)c1,,,0.3631227690480112
C=CCc1ccc(OCCOc2ccc(C=O)cc2)c(OC)c1,3.97,,
C=CCn1c(C(O)CC(C)C)nnc1N1CCN(CCc2cccs2)CC1,,,0.24525079034152414
C=CCn1c(SCC(=O)NCc2ccco2)nc2scc(-c3ccc(C)cc3)c2c1=O,5.03,,2.00200035125869
C=CCn1c(SCCC2COC2)nnc1-c1ccccc1,,,0.6247093997068878
C=CCn1cccc1C(=O)NCc1c(C)nn(-c2ccccc2)c1C,5.38,3.13,1.1094871799972037
C=C[C@@H]1OCC[C@H]1CNC(=O)N1CCOC(CS(C)(=O)=O)C1,,,-0.01645326300761115
C=C[C@@H]1OCC[C@H]1NC(=O)NCCc1c[nH]c2ccc(C)cc12,,,0.56523873221877
C=C[C@@H]1OCC[C@H]1NC(=O)c1cnn(CC(C)C)c1C(F)F,4.75,2.46,1.280104351432356
C=C[C@@H]1OCC[C@H]1NC(=O)c1oc2ccc(Br)cc2c1C,,,0.4198355476882456
C=C[C@H](CO)NC(=O)c1cc2cc(C(C)(C)C)ccc2[nH]1,5.06,1.9,1.0219878856508355
C=C[C@H]1CN2CC[C@H]1C[C@@H]2[C@@H](O)c1ccnc2ccc(OC)cc12,,,0.49449718831160905
C=C[C@H]1CN2CC[C@H]1C[C@H]2[C@H](O)c1ccnc2ccc(OC)cc12,,,0.4592542377347323
CC#CCCN1CCC(Cc2nc(-c3ccc(F)cn3)no2)CC1,,,0.19728009163360932
CC#CCOc1cccc2c1C(=O)N(C1CCC(=O)NC1=O)C2=O,4.06,3.0,0.6605747447693664
CC#CCn1c(N2CCC[C@@H](N)C2)nc2c1c(=O)n(Cc1nc(C)c3ccccc3n1)c(=O)n2C,,,0.42289935116088917
CC#C[C@]1(O)CC[C@H]2[C@@H]3CCC4=CC(=O)CCC4=C3[C@@H](c3ccc(N(C)C)cc3)C[C@@]21C,4.88,2.17,1.484921923713273
CC(=O)C(=O)O,,,0.14324050559556506
CC(=O)CC(c1ccccc1)c1c(O)c2ccccc2oc1=O,,,0.4474690009454103
CC(=O)CCCCn1c(=O)c2c(ncn2C)n(C)c1=O,,,-0.09586534269079536
CC(=O)N(C)Cc1cn(Cc2cc(-c3ccco3)on2)nn1,,,0.2408922739882281
CC(=O)N(C)c1ccc(NC(=O)C(C)Oc2cccnc2)cn1,3.35,1.89,
CC(=O)N(C)c1ccc(NC(=O)C(C)c2cnn(C)c2)cn1,,,-0.044238873185775
CC(=O)N(C)c1ccc(NC(=O)N2CCOCCC2C)cn1,,,-0.1018644854598898
CC(=O)N(C)c1ccc(NC(=O)Nc2cnn(C3CCCC3)c2)cn1,,,0.23910338983221452
CC(=O)N(C)c1cccc(NC(=O)C2(C(=O)O)CCC2)c1,,,-0.09227356624590885
CC(=O)N(C)c1cccc(NC(=O)C2CN(C(=O)C3CCCCC3)C2)c1,,,0.048979667754377246
CC(=O)N(C)c1ccccc1NC(=O)c1cccc2cccnc12,4.82,1.83,1.0038221561904823
CC(=O)N(CC(=O)O)C1CCCN(C(=O)C(c2ccccc2)n2cccn2)CC1,,,-0.04811523496345679
CC(=O)N(CCc1noc(C2CCC2)n1)C1CCN(C(=O)CCCc2ccccc2)C1,5.16,1.86,
CC(=O)N(CCc1noc(C2CCC2)n1)C1CCN(C(=O)CN2CCCCCC2)C1,3.21,,
CC(=O)N(Cc1ccc(Nc2ncnc3c2ncn3C)cc1)C1CC1,,,0.0830487632147056
CC(=O)N(c1ccc(NC(=O)N2CCN(c3nccnc3C)CC2)cc1)C1CC1,,,-0.018669708970985698
CC(=O)N(c1nnc(SCCOc2ccc(Cl)cc2)s1)C1CC1,4.76,2.5,0.836842341490704
CC(=O)N1C=Cc2ccccc2C1CC(=O)NCC(C)C(=O)O,,,0.23086887793752445
CC(=O)N1CC(C(=O)N2CCc3cc(Cl)cc(Cl)c3C2C)Oc2ccccc21,5.975,,1.1539072450527874
CC(=O)N1CC(Nc2cccc(-c3nnnn3C3CC3)c2)C1,,,0.42396486237251285
CC(=O)N1CC(OCC(=O)N2CCC(c3ccnn3C)CC2)C1,,,0.3041256075863981
CC(=O)N1CC(OCC(=O)N2CCN(c3ccccc3)C(C)C2)C1,,,0.17349177170536786
CC(=O)N1CC2(C1)C(C(=O)N(Cc1ccccn1)CC(C)C)CCS2(=O)=O,,,0.36758416254006965
CC(=O)N1CC2(CCN(C(=O)c3ccc4nc(C)sc4c3)CC2)[C@H]2COC[C@H]21,,,0.1231317753030067
CC(=O)N1CCC(C(=O)Nc2nc(-c3ccccc3F)cs2)CC1,,,-0.1708309405240904
CC(=O)N1CCC(C)(C(=O)NCCc2cnc3ccccc3c2)C1,,,0.260261872403484
CC(=O)N1CCC(C)(C(=O)Nc2cccc(Oc3ccccc3)n2)C1,,,0.0986137393423399
CC(=O)N1CCC(CNC(=O)c2c(C)c3ccccc3oc2=O)CC1,,,0.18154584949421404
CC(=O)N1CCC(CNC(=O)c2ccc(C(F)F)cc2F)C1,,,-0.12663430137621587
CC(=O)N1CCC(CNC[C@H](O)c2ccc(Cl)c(Cl)c2)CC1,,,-0.0176895480106863
CC(=O)N1CCC(NC(=O)CCc2ccn(C)n2)c2ccccc21,,,0.23753046999163854
CC(=O)N1CCC(NC(=O)COc2ccc(C(F)(F)F)cc2C)CC1,,,0.06262331326581555
CC(=O)N1CCC(NC(=O)NC2CCN(c3ccccc3C(F)(F)F)C2)CC1,,,0.3320469645856312
CC(=O)N1CCC(NC(=O)NCc2cccc(-c3cccnc3)c2)CC1,,,0.1254341786032766
CC(=O)N1CCC(NC(=O)c2ncccc2O)c2ccccc21,,,0.34684148791862524
CC(=O)N1CCC(NS(=O)(=O)c2c(C)sc3ccc(Cl)cc23)C1,4.77,3.82,0.9965991253085542
CC(=O)N1CCC(c2nc(C3(C(F)(F)F)CCCCC3)no2)CC1,,,0.6057267490820673
CC(=O)N1CCCC(C(=O)Nc2cc(C(F)(F)F)n(C)n2)C1,,,0.6136902931188405
CC(=O)N1CCCC(C(=O)Nc2cccc3c2ccn3CC(=O)O)C1,,,0.1723202783257141
CC(=O)N1CCCC(c2nc(-c3cccc(N4CCCC4=O)c3)cs2)C1,5.29,1.79,1.1147353939327003
CC(=O)N1CCCC(c2noc(-c3ccc4nnc(C)n4c3)n2)C1,,,0.07544483642798075
CC(=O)N1CCCC1c1noc(-c2cc(O)nc3ccccc23)n1,,,0.1056006446192242
CC(=O)N1CCCC1c1noc(Cn2ncc3cc(C)cnc32)n1,,,0.26660326604519696
CC(=O)N1CCCCC(NC(=O)c2cccc(C(N)=O)c2)C1,,,0.02495298316537635
CC(=O)N1CCCCC1C(=O)Nc1ccc(-c2cccc(C)c2)cn1,,,0.5826480563798704
CC(=O)N1CCCCCC1C1CCN(C(=O)c2cccc(-n3cncn3)c2)CC1,5.56,1.86,1.1101834733570923
CC(=O)N1CCCCCC1C1CCN(c2cc(O)nc(C)n2)CC1,5.12,3.08,1.0271650299144715
CC(=O)N1CCCN(C(=O)NCc2cnccc2C(C)(C)C)CC1,4.57,2.23,0.6019377203073276
CC(=O)N1CCCN(Cc2nc(-c3ccc(F)c(C)c3)no2)c2ccccc21,5.62,1.86,0.9348552445078537
CC(=O)N1CCCN(S(=O)(=O)c2cnn(CC(F)F)c2)CC1,,,0.1323929995015038
CC(=O)N1CCCN(c2ccc(F)cc2NC(=O)NCCC(C)(C)O)CC1,5.58,2.61,1.2394001802676047
CC(=O)N1CCCN(c2ccc3ccc(Cl)c(C)c3n2)CC1,5.2,1.78,0.9916223827634074
CC(=O)N1CCC[C@@H]1C(=O)NC(C)C1CCN(C(=O)c2snc3ccccc23)C1,,,0.2514531901004321
CC(=O)N1CCCc2ccc(NC(=O)C(NC(=O)CC(C)C)C(C)C)cc21,5.89,2.31,1.5462179672035294
CC(=O)N1CCN(C(=O)CCNC(=O)NC2CC3CC3C2)CC1,,,0.126279793496925
CC(=O)N1CCN(C(=O)CCNC(=O)c2cccc(C3=CCOCC3)c2)CC1,,,0.3169986282527701
CC(=O)N1CCN(C(=O)CN2CCC(N(C)c3ccccc3)CC2)CC1,,,-0.052201466689970354
CC(=O)N1CCN(C(=O)CN2CCCC(COc3ccccc3Cl)C2)CC1,,,0.44450127459543937
CC(=O)N1CCN(C(=O)CS(=O)(=O)c2ccc3c(c2)OCCO3)CC1,,,-0.031404719874944254
CC(=O)N1CCN(C(=O)c2cc(-c3cccn3C)n[nH]2)CC1,,,0.2764564638639248
CC(=O)N1CCN(c2ccc(NC(=O)[C@H]3[C@@H]4CNC[C@@H]43)cc2)CC1,,,0.04253287903343695
CC(=O)N1CCN(c2ccc(OC[C@H]3CO[C@](Cn4ccnc4)(c4ccc(Cl)cc4Cl)O3)cc2)CC1,,,0.44008644065036306
CC(=O)N1CCN(c2cccc(NC(=O)c3cc(F)ccc3O)c2)CC1,,,0.3425639486995325
CC(=O)N1CCN(c2nnc(-c3nn(C)c4ccccc34)[nH]2)CC1,,,-0.0565579727181168
CC(=O)N1CCN(c2nnc(C3CC3)n2CC2CCCO2)CC12CCCCC2,,,0.2080692500083682
CC(=O)N1CCOC(C(=O)N2CCC(C)(N3CCCCC3)CC2)C1,,,0.1701862566080817
CC(=O)N1CCOC2(CCS(=O)(=NC(=O)C(C)c3ccc(F)cc3)CC2)C1,,,0.28764387833228455
CC(=O)N1CCOC2CN(C(=O)NCCc3c[nH]c4cccc(C)c34)CC21,,,0.1367247681541671
CC(=O)N1CC[C@@H](NC(=O)NC(C)c2cc(F)ccc2N(C)C)C1,,,0.6686024707455711
CC(=O)N1CC[C@@H](NC(=O)c2cnc(-c3cccnc3)nc2)[C@H](O)C1,2.4,,
CC(=O)N1CCc2cc(C(=O)N(C)Cc3cnn(C)c3C)ccc21,,,0.04259221465801135
CC(=O)N1CCc2cc(C(=O)Nc3cccc(-c4nnc(C)n4C)c3)ccc21,,,-0.04977078997950945
CC(=O)N1CCc2cc(N3CC(C(=O)NCc4ccc(F)cc4F)CC3=O)ccc21,1.63,,
CC(=O)N1CCc2ccc(S(=O)(=O)N3CCN(C(=O)CO)CC3)cc21,,,-0.0392895140111889
CC(=O)N1CCc2ccc(S(=O)(=O)NCC(=O)O)cc2CC1,,,0.24452195092217555
CC(=O)N1CCc2ccccc2C1CC(=O)N1CCC(=O)Nc2ccncc21,,,0.1733635615647569
CC(=O)N1CCc2ccccc2C1CC(=O)NC1CCN(c2cc(C)nc(C)n2)CC1,,,0.1796431854239527
CC(=O)N1CCc2sc(S(=O)(=O)Nc3conc3C)cc2C1,,,0.0014917648960993
CC(=O)N1CS(=O)(=O)CC1C(=O)Nc1ccc(Cl)cc1C,3.35,1.91,1.2048455776227642
CC(=O)N1C[C@@H](O)C[C@@H]1C(=O)N1CCCC1c1ccc(F)cc1C,,,0.02172454627850975
CC(=O)N1C[C@@H](O)C[C@@H]1C(=O)NC1COc2ccc(F)cc2C1,,,0.0887127827770868
CC(=O)N1C[C@@H](O)C[C@@H]1C(=O)Nc1ccccc1CCC(F)(F)F,,,0.2898125856542092
CC(=O)N1C[C@@H]2C[C@H]1CN2C(=O)C(OCC1CCCC1)c1ccccc1,,,0.5186847630540978
CC(=O)N1C[C@H](O)C[C@@H]1C(=O)NCc1c(C)nn(Cc2ccccc2)c1C,,,-0.0786625759571557
CC(=O)N1C[C@H](O)C[C@@H]1C(=O)Nc1cnn(CC(C)C)c1C1CC1,,,0.138770558879659
CC(=O)N1C[C@H]2CC[C@@H](C1)N2C(=O)c1ccccc1-c1cn[nH]c1,,,-0.0395549160467501
CC(=O)N1C[C@H]2OC(=O)N(C3CCN(Cc4ccc(C)o4)CC3)[C@H]2C1,,,-0.0680608951949522
CC(=O)N1Cc2ccccc2CC1C(=O)NCc1ccc(-c2ccc3c(c2)CCO3)cc1,,,0.652870289610221
CC(=O)N1Cc2ccccc2C[C@H]1C(=O)N(C)CCC(C)O,,,0.0320868999674408
CC(=O)N1c2ccccc2C[C@H]1C(=O)N(C)Cc1ccoc1C,,,0.7419957745871664
CC(=O)N1c2ccccc2C[C@H]1C(=O)N1CC(C)(C)C1c1nccn1C,4.99,1.98,0.8522318357454202
CC(=O)N1c2ccccc2C[C@H]1C(=O)NCc1ccnc(N2CCOCC2)c1,,,-0.0118181747649032
CC(=O)N1c2ccccc2C[C@H]1C(=O)Nc1ccc2oc(=O)ccc2c1,,,0.1330614917750636
CC(=O)N1c2ccccc2C[C@H]1c1nc(Cc2cc(C)on2)no1,5.15,3.82,0.9406457451886295
CC(=O)N=c1sc(S(N)(=O)=O)nn1C,,,0.032486877201263004
CC(=O)NC(C)(C)c1noc(-c2cc(Cl)cc3c2OCC3)n1,4.83,3.72,1.1976158915027613
CC(=O)NC(C)(C)c1noc(-c2ccc3c(c2)[nH]c(=O)n3C2CCCC2)n1,,,0.22413707942130148
CC(=O)NC(C)(C)c1noc(C(C)N2CCc3ccccc3C2)n1,,,0.4891558929876312
CC(=O)NC(C)(C)c1noc(C2Cc3ccc(F)cc3C(=O)O2)n1,,,0.1631285002986902
CC(=O)NC(C)c1nc(C(C)Oc2ccc(Br)cc2Cl)no1,4.7,3.2,0.7505564444013718
CC(=O)NC(Cc1nc(-c2ccc(F)c(F)c2)no1)c1c(F)cccc1F,5.06,2.76,0.880743888717525
CC(=O)NC1(c2noc(-c3cnc4cc(C)nn4c3C)n2)CCCCC1,,,0.492182988077001
CC(=O)NC1(c2noc(C3(C#N)CCSCC3)n2)CCCCC1,4.68,3.16,0.9908253543293752
CC(=O)NC1CCCN(C(=O)NC(c2ccc(F)cc2)c2cnn(C)c2)C1,,,0.5342895310455482
CC(=O)NC1CCN(C(=O)NCCc2nc3c(s2)CCCC3)C1,,,-0.0310782267444293
CC(=O)NC1CCN(C(=O)c2ccc(-c3ccc(C)nn3)cc2)C1,,,-0.11651469164581404
CC(=O)NC1CCN(S(=O)(=O)C2CC2c2ccccc2)C1,,,0.1489175967440146
CC(=O)NC1CCN(c2ncnc(N3CCC(NC(C)=O)C3)c2C)C1,,,0.1774110094995037
CC(=O)NC1Cc2ccccc2N(Cc2c[nH]nc2-c2ccc(C)o2)C1,5.29,2.04,1.2995065616866368
CC(=O)NCC(=O)N[C@H]1C[C@H](c2ccc(C(F)(F)F)cc2)C1,,,0.5889760974891239
CC(=O)NCC1CCCN(C(=O)c2cc(C)ccc2-n2cnnc2)C1,,,0.09112594815225045
CC(=O)NCC1CCn2ncc(C(=O)NC3CCCc4sccc43)c2C1,,,0.41133692036141234
CC(=O)NCC1CN(C(=O)C2CCCCN2C(=O)c2ccco2)CCO1,,,0.1512988528027453
CC(=O)NCC1CN(Cc2c3c(nn2C)CCC3)CCO1,,,0.2979902320355828
CC(=O)NCC1CN(c2ccc(-c3c(F)cccc3F)nn2)CCO1,,,0.3734226120638654
CC(=O)NCCC1CCCCN1S(=O)(=O)Cc1ccc(Cl)cc1,4.36,,
CC(=O)NCCCCCC(=O)O,,,0.06977341106717011
CC(=O)NCCCNc1ccnc(CCc2ccccc2)n1,,,0.225444173399729
CC(=O)NCCCS(=O)(=O)O,,,0.15377539076822186
CC(=O)NCCN(C)C(=O)C1(Cc2ccc(O)cc2)CC1,,,-0.058003897623473646
CC(=O)NCCNC(=O)CCC(=O)N1CCCCC1c1ccc(F)cc1F,,,0.49627190621268136
CC(=O)NCCc1cc(-c2csc(Nc3ccc(F)cc3)n2)ccc1F,,,0.5395371825327
CC(=O)NCCc1ccc(S(=O)(=O)Nc2ccc(-c3cccc(O)c3)cc2)cc1,,,0.6526369610596933
CC(=O)NC[C@@H]1CN(C(=O)Cc2cc(F)c(F)cc2F)C[C@H]1c1cncn1C,,,0.4252699803256381
CC(=O)NC[C@@]1(F)CC[C@H](CNC(=O)c2ccc(-c3ccccn3)o2)C1,,,0.14230757305731856
CC(=O)NC[C@H]1CN(CC(=O)N2CCc3ccccc3C2)C[C@@H]1c1cncn1C,,,0.1777126342395001
CC(=O)NC[C@H]1CN(c2ccc(N3CCOCC3)c(F)c2)C(=O)O1,,,-0.07340103537246195
CC(=O)NCc1ccc(-c2csc(C3CCCN(C(C)=O)C3)n2)s1,4.84,1.84,0.8265679916141686
CC(=O)NCc1ccc(C(=O)N2CCn3c(Cc4cccc(F)c4F)nnc3C2)cc1,,,-0.024604417205737056
CC(=O)NCc1ccc(C(=O)NC(c2nc3ccccc3[nH]2)C2CCCCC2)o1,4.82,3.76,0.6357944862772168
CC(=O)NO,,,-0.14057324323777404
CC(=O)NS(=O)(=O)c1ccc(N)cc1,,,-0.0617824482664885
CC(=O)N[C@@H](C)C(=O)Nc1cccc(-n2cccn2)c1,3.9,,
CC(=O)N[C@@H](CC(C)C)C(=O)O,,,0.1934147207084914
CC(=O)N[C@@H](CCC(N)=O)C(=O)O,,,-0.10765740921917676
CC(=O)N[C@@H](CS)C(=O)O,,,-0.03483173769185485
CC(=O)N[C@@H](Cc1ccc(O)cc1)C(=O)NC12C=CC(CC1)C2,,,0.10821077008600541
CC(=O)N[C@@H](Cc1ccc(O)cc1)C(=O)O,2.27,2.93,-0.23804558122642155
CC(=O)N[C@@H]1CC[C@H](Cc2nnc(NC3CCc4ccccc4C3)o2)C1,,,0.5879151037215862
CC(=O)N[C@H](CC1CCC1)C(=O)N1CCn2nc(C3CC3)cc2C1,,,0.27078751267634804
CC(=O)N[C@H](CC1CCC1)C(=O)n1nc(N)c2cc(F)ccc21,,,0.5134013295840348
CC(=O)Nc1c(C)ccc(NC(=O)c2cnc(-c3ccccn3)nc2)c1C,,,0.0540344116033678
CC(=O)Nc1c(I)c(C(=O)O)c(I)c(N(C)C(C)=O)c1I,,,-0.1236675941049781
CC(=O)Nc1c(I)c(NC(C)=O)c(I)c(C(=O)O)c1I,1.98,1.97,-0.16491955711908152
CC(=O)Nc1c[nH]nc1C1CCCN(C(=O)C2CC(=O)N(C)c3ccccc32)C1,,,0.1488340675169105
CC(=O)Nc1c[nH]nc1C1CCCN(C(=O)c2cncc(N3CCOCC3)c2)C1,,,0.12952139894346945
CC(=O)Nc1cc(-c2cn([C@@H]3c4ccccc4CC[C@H]3O)nn2)ccn1,,,0.1674754034269525
CC(=O)Nc1cc(C(=O)NC2CCCC(F)(F)C2)ccc1C,,,0.010648684946719202
CC(=O)Nc1cc(C(=O)Nc2cnn(CCN(C)C)c2)ccc1C,,,0.19334137152239964
CC(=O)Nc1cc(C)c(S(=O)(=O)NCCC(=O)O)cc1Br,,,-0.014283196137373149
CC(=O)Nc1cc(NC(=O)N2CCC2c2ccc(F)cc2)ccc1C,,,0.47640270223283
CC(=O)Nc1cc(NC(C)=O)cc(C(=O)NC2CCN(c3ccccc3F)C2)c1,,,0.3486720390478791
CC(=O)Nc1cc(S(=O)(=O)NC2CCC(C(N)=O)CC2)ccc1C,,,0.2832687435685155
CC(=O)Nc1cc(S(=O)(=O)NC2CCN(C(=O)CC(C)C)CC2)ccc1F,,,0.7951606802485692
CC(=O)Nc1ccc(-c2ccc(S(=O)(=O)N3CC(OC(=O)NC(C)C)C3)cc2)cc1,5.1,1.92,0.7934268818072572
CC(=O)Nc1ccc(-c2ccc(S(=O)(=O)NCCNC(=O)C3CC3)cc2)cc1,,,0.14850706406829345
CC(=O)Nc1ccc(-c2ccc(S(=O)(=O)NCc3cc4n(n3)CCCO4)cc2)cc1,5.77,,1.4269785567277407
CC(=O)Nc1ccc(-c2ccc(S(=O)(=O)NCc3ncn(C)n3)cc2)cc1,,,0.05016631988725645
CC(=O)Nc1ccc(C(=O)N2CCN(C(=O)c3ccc(F)cc3)CC2)s1,,,0.0059398073427140985
CC(=O)Nc1ccc(C(=O)Nc2ccc(NC(N)=O)cc2)cc1,,,0.1396176751310081
CC(=O)Nc1ccc(C(=O)Nc2ccc3[nH]c(=O)[nH]c3c2)cc1,,,0.0886640653718932
CC(=O)Nc1ccc(C(=O)O)cc1,2.69,,
CC(=O)Nc1ccc(C(F)(F)F)cc1NC(=O)[C@@H]1C[C@H]1C(=O)O,,,-0.0207594184810602
CC(=O)Nc1ccc(C)c(C(=O)NCc2cccc(C(=O)N3CCOCC3)c2)c1,,,0.02924939638410415
CC(=O)Nc1ccc(CC(=O)N2CCCC(c3noc(C4CC4)n3)C2)cc1,,,-0.0209885173744898
CC(=O)Nc1ccc(CC(=O)O)cc1,,,0.08690751390813055
CC(=O)Nc1ccc(CCNC(=O)C2CCC(=O)NC2)cc1,,,0.3939040406767408
CC(=O)Nc1ccc(CCNC(=O)c2cccc(NC(=O)c3ccc(Br)o3)c2)cc1,4.62,5.38,2.024751721803675
CC(=O)Nc1ccc(Cl)c(C(=O)N2CCN(C(C)CC(=O)O)CC2)c1,,,-0.017038396669667052
CC(=O)Nc1ccc(Cl)c(C(=O)NCc2ccc3[nH]c(=O)[nH]c3c2)c1,,,0.14108752964252236
CC(=O)Nc1ccc(NC(=O)C2CC(=O)N(c3ccc4oc(C)nc4c3)C2)cc1,1.75,,
CC(=O)Nc1ccc(NC(=O)C2CCCCC2C(=O)O)cc1,,,0.0760671314787257
CC(=O)Nc1ccc(NC(=O)c2cc(N3CCOCC3)ccn2)cc1Cl,,,0.137941189625654
CC(=O)Nc1ccc(NCc2ccc(-c3c(F)cccc3F)o2)cc1,4.76,1.88,0.7102904497183722
CC(=O)Nc1ccc(NS(=O)(=O)c2ccc(Cl)c3ccccc23)cc1,5.19,,1.431883592938981
CC(=O)Nc1ccc(O)cc1,,,0.229554835753498
CC(=O)Nc1ccc2nc(CNCCNc3ccncc3C)ccc2c1,2.67,,
CC(=O)Nc1ccc2nc(NC(=O)[C@H]3OCCO[C@H]3C)sc2c1,,,0.2520673778384461
CC(=O)Nc1cccc(-c2ccc3c(c2)OCCCC3O)c1,,,0.1948626986482437
CC(=O)Nc1cccc(-c2nc(-c3ccc(O)cc3O)cs2)c1,5.23,,2.001267365507674
CC(=O)Nc1cccc(C(=O)N2CCC3(CNC(=O)C3)C2)c1C,,,0.2405367281481855
CC(=O)Nc1cccc(C(=O)NCc2nnc(C(C)C)n2C)c1,,,-0.12855080314288184
CC(=O)Nc1cccc(C(C)NC(=O)CC2CCC(=O)NC2)c1,,,-0.1348190217507448
CC(=O)Nc1cccc(CC(=O)Nc2cccc3[nH]c(=O)oc23)c1,,,-0.01969348625950155
CC(=O)Nc1cccc(NC(=O)N2CCC(C3CCOCC3)CC2)c1,,,0.0029247100013709004
CC(=O)Nc1cccc(NC2CCN(c3ccc(C)cc3)C2=O)c1,,,0.28494478209461205
CC(=O)Nc1cccc(OCCNC2[C@H]3CCC[C@H]3C2(C)C)c1,4.73,1.85,0.7164718346114418
CC(=O)Nc1cccc2c1CCCN2C(=O)Cc1ccc(F)c(F)c1,,,0.3956697837704748
CC(=O)Nc1cccc2c1CCCN2C(=O)c1cncc(-c2ccccn2)c1,,,-0.034300591828142754
CC(=O)Nc1cccc2c1CCN(C(=O)C(C)n1cnc3c(N)ncnc31)C2,,,-0.06916505511400775
CC(=O)Nc1cccc2c1CCN(C(=O)C1CCCN(CC(F)(F)F)C1)C2,,,0.39455700180217923
CC(=O)Nc1cccc2c1CCN(C(=O)CN=c1nc(C)[nH]c3sc(-c4ccccc4)cc13)C2,,,0.4568052097619024
CC(=O)Nc1cccc2c1CCN(C(=O)c1cn(C)nc1-c1ccco1)C2,,,0.1597518927937236
CC(=O)Nc1ccccc1CC(=O)N1CCc2ncc(C)cc21,,,0.09210424553945
CC(=O)Nc1nc(C(=O)N2CC(C)(C)c3ccc(F)cc32)cs1,4.91,5.04,1.1529781223714153
CC(=O)Nc1nc(C(=O)N2CCC(c3ncc(C)s3)CC2)cs1,,,0.3596842360598499
CC(=O)Nc1nc(Cn2cc(CN3CCOC[C@H]3C)nn2)cs1,,,0.0679606998847831
CC(=O)Nc1nc2cnc(NC3(C4CCCO4)CCC3)nc2s1,,,0.5462996998411058
CC(=O)Nc1ncc(S(=O)(=O)Nc2ccc(C(=O)O)cc2)s1,,,0.21580799805038725
CC(=O)Nc1nnc(S(N)(=O)=O)s1,,,-0.04985454975667639
CC(=O)OC(C)(C)C(=O)NCc1nn(C)c(=O)c2ccccc12,,,0.4203171484826446
CC(=O)OCC(=O)[C@@]1(O)CC[C@H]2[C@@H]3CCC4=CC(=O)CC[C@]4(C)[C@H]3C(=O)C[C@@]21C,,,-0.0270774519285545
CC(=O)OCC(=O)[C@@]1(O)CC[C@H]2[C@@H]3CCC4=CC(=O)CC[C@]4(C)[C@H]3[C@@H](O)C[C@@]21C,,,0.3639460205705434
CC(=O)OCC(=O)[C@@]1(O)[C@H](C)C[C@H]2[C@@H]3CCC4=CC(=O)C=C[C@]4(C)[C@@]3(F)[C@@H](O)C[C@@]21C,,,0.7493555496063367
CC(=O)OCC(CCn1cnc2cnc(N)nc21)COC(C)=O,,,0.07451400735892315
CC(=O)OCC(COC(C)=O)OC(C)=O,,,-0.1511533610537423
CC(=O)OCC1=C(C(=O)O)N2C(=O)[C@@H](NC(=O)Cc3cccs3)[C@H]2SC1,,,-0.12243274110879215
CC(=O)OCC[N+](C)(C)C,,,0.06288627492572785
CC(=O)O[C@@]12CO[C@@H]1C[C@H](O)[C@@]1(C)C(=O)[C@H](O)C3=C(C)[C@@H](OC(=O)[C@H](O)[C@@H](NC(=O)OC(C)(C)C)c4ccccc4)C[C@@](O)([C@@H](OC(=O)c4ccccc4)[C@H]21)C3(C)C,2.45,3.09,-0.3447820940799677
CC(=O)O[C@H]1C(=O)[C@@]2(C)[C@H]([C@H](OC(=O)c3ccccc3)[C@]3(O)C[C@H](OC(=O)[C@H](O)[C@@H](NC(=O)c4ccccc4)c4ccccc4)C(C)=C1C3(C)C)[C@]1(OC(C)=O)CO[C@@H]1C[C@@H]2O,,,0.0393086092654157
CC(=O)O[C@H]1CC[C@@]2(C)C(=CC[C@@H]3[C@@H]2CC[C@]2(C)C(c4cccnc4)=CC[C@@H]32)C1,3.96,1.99,1.2287623509460481
CC(=O)O[C@H]1C[C@@H]2CC[C@@H]3[C@H](CC[C@@]4(C)[C@H]3C[C@H]([N+]3(C)CCCCC3)[C@@H]4OC(C)=O)[C@@]2(C)C[C@@H]1N1CCCCC1,,,0.4564137776633734
CC(=O)O[C@]1(C(C)=O)CC[C@H]2[C@@H]3CCC4=CC(=O)CCC4=C3[C@@H](c3ccc(N(C)C)cc3)C[C@@]21C,5.08,2.21,1.2237231501547319
CC(=O)Oc1c(C)c(C)c2c(c1C)CC[C@@](C)(CCC[C@H](C)CCC[C@H](C)CCCC(C)C)O2,,,-0.015760623909899005
CC(=O)Oc1ccc(C2(c3ccc(OC(C)=O)cc3)C(=O)Nc3ccccc32)cc1,4.61,4.4,1.8359819667695865
CC(=O)Oc1cccc(O)c1,,,0.1337829526626214
CC(=O)Oc1ccccc1C(=O)Nc1ncc([N+](=O)[O-])s1,2.42,,0.5243429967654488
CC(=O)Oc1ccccc1C(=O)O,2.61,,-0.11030583434386915
CC(=O)S[C@@H]1CC2=CC(=O)CC[C@]2(C)[C@H]2CC[C@@]3(C)[C@@H](CC[C@@]34CCC(=O)O4)[C@H]12,,,0.15857386789998895
CC(=O)[C@@]1(O)CC[C@H]2[C@@H]3C[C@H](C)C4=CC(=O)CC[C@]4(C)[C@H]3CC[C@@]21C,4.18,1.92,0.6929964513092981
CC(=O)[C@H]1CC[C@H]2[C@@H]3CC=C4C[C@@H](O)CC[C@]4(C)[C@H]3CC[C@]12C,,,1.4682543390807634
CC(=O)[C@H]1CC[C@H]2[C@@H]3CCC4=CC(=O)CC[C@]4(C)[C@H]3CC[C@]12C,4.0,2.17,0.7422149283072367
CC(=O)c1c(C)[nH]c(C(=O)N2CCc3ccccc3C2)c1C,3.58,,
CC(=O)c1c(C)[nH]c(C(=O)O)c1C,2.14,,
CC(=O)c1c(C)c2cnc(Nc3ccc(N4CCNCC4)cn3)nc2n(C2CCCC2)c1=O,,,-0.09085585066118979
CC(=O)c1c(C)nn(CC(=O)NCc2nc(-c3ccncc3)n[nH]2)c1C,2.32,,
CC(=O)c1cc(C(=O)N[C@@H]2CCOC[C@H]2Oc2ccc(C(=O)O)cc2)[nH]n1,2.32,,
CC(=O)c1cc(CN2CCC3(CC2)CN(CC(C)c2ccccc2)C(=O)O3)cs1,3.43,,
CC(=O)c1ccc(-c2cccc(C(=O)N[C@@H]3CS(=O)(=O)C[C@H]3O)c2)nc1,2.5,,
CC(=O)c1ccc(S(=O)(=O)NC(=O)NC2CCCCC2)cc1,,,0.2699221316661484
CC(=O)c1ccc2c(c1)N(CCCN1CCC(CCO)CC1)c1ccccc1S2,,,0.21191535397305175
CC(C#N)CNS(=O)(=O)c1ccc(-n2ncc(Cl)c(Cl)c2=O)cc1,,,0.7994722367023849
CC(C(=O)N(C)Cc1cccc(-c2nn[nH]n2)c1)c1cccc(O)c1,,,0.0746440037710841
CC(C(=O)N1CCC(O)(CN2CCCCC2)CC1)C1CC1,,,0.1367890918714154
CC(C(=O)N1CCC2(CC1)OCc1ccccc12)n1cnc2c(N)ncnc21,,,0.4811147874117096
CC(C(=O)N1CCC2(CCC2)S(=O)(=O)CC1)c1cnn(C)c1,,,0.18970937390684994
CC(C(=O)N1CCCC(c2nncn2C)C1)N1CCC(Cc2ccccc2)CC1,,,0.6013839175752766
CC(C(=O)N1CCCC1)N1CCN(c2ncc3c(n2)CCOC3)CC1,,,0.1769195022157346
CC(C(=O)N1CCCC1Cc1ccccc1)n1cncn1,,,0.7617205487166765
CC(C(=O)N1CCCCC1Cc1nn[nH]n1)C1CCOCC1,,,-0.0235601084131519
CC(C(=O)N1CCCN(C(N)=O)CC1)N1CCC(Cc2ccccc2)CC1,,,0.5855659439418471
CC(C(=O)N1CCN(C(=O)c2ccc(=O)[nH]c2)CC1)N(C)CC(F)(F)F,,,0.10160779861496899
CC(C(=O)N1CCN(C(=O)c2ccc(F)cc2)CC1)n1ccc(C2CC2)n1,,,0.5494171898647958
CC(C(=O)N1CCNC(=O)CC1)c1n[nH]c(=O)c2ccccc12,2.2,,
CC(C(=O)N1CCOCC1c1nc2ccccc2s1)c1cccnc1,5.04,2.73,0.9882158795588872
CC(C(=O)NC(C(F)F)C1CCCCC1)N1CCSCC1,,,0.7440092438114424
CC(C(=O)NC(C)(C)C(=O)Nc1ccccc1)c1ccccc1F,4.73,,2.5694199700638234
CC(C(=O)NC(Cc1csc2ccccc12)C(=O)O)c1ccccc1,4.35,3.59,1.0228959025943416
CC(C(=O)NC(N)=O)N1CCCC(Nc2ccccc2)C1,4.86,1.89,1.133403290679218
CC(C(=O)NC1C=CS(=O)(=O)C1)c1cc2ccccc2nc1O,,,0.0254257321150556
CC(C(=O)NC1CCCCC1)S(=O)(=O)Cc1ccc(C#N)cc1,,,0.3142733731129092
CC(C(=O)NC1CCN(CC(F)(F)F)CC1)c1cccnc1,,,0.5373096189458821
CC(C(=O)NCC(F)(F)F)N1CCC(Cc2ccccc2)C1,,,0.3736191161479499
CC(C(=O)NCC1(C2(O)CCC2)CCC1)c1cnccn1,,,0.38641925702248525
CC(C(=O)NCC1=NS(=O)(=O)c2ccccc2N1)C1CC1,,,0.2468635448043536
CC(C(=O)NCC1CC(=O)N(Cc2ccccc2)C1)c1cn(C)c2ccccc12,5.11,2.99,2.230380398470625
CC(C(=O)NCC1CCCC12NC(=O)NC2=O)c1ccc(Cl)s1,,,1.609343511846361
CC(C(=O)NCCc1cn(C)c2ncccc12)c1cccc(O)c1,,,0.5582384273997152
CC(C(=O)NCc1ccc(-n2ccnc2)nc1)C(C)(C)C,,,0.0479893206400284
CC(C(=O)NCc1ccc(C(=O)O)cc1)N1CCc2c(F)cc(F)cc2C1,,,0.16577083808116286
CC(C(=O)NCc1ccc(CC(=O)O)cc1)n1cccn1,,,-0.010729992497539503
CC(C(=O)NCc1ccc2ccoc2c1)c1ccc(Br)cc1,4.2,5.18,1.4945390626303978
CC(C(=O)NCc1ccccc1)N1CCC(N2CCCC2=O)CC1,,,0.046114228924879194
CC(C(=O)NS(=O)(=O)C1CCc2ccccc21)n1ccc(C(F)(F)F)n1,4.26,2.73,1.4420395743803065
CC(C(=O)NS(=O)(=O)c1ccc2c(c1)C(=O)OC2(C)C)C1=CCCC1,4.27,3.91,1.021148270574494
CC(C(=O)Nc1cc(Cl)ccc1Cl)N(C)CC1CCCC1O,5.18,4.85,1.3787739674903707
CC(C(=O)Nc1ccc(Cc2ccncc2)cc1)n1cccn1,,,0.213314085263704
CC(C(=O)Nc1ccc(N2CCNCC2)cn1)N1CCc2ccccc2C1,,,0.1845264900159406
CC(C(=O)Nc1ccc2c(c1)C=CCCC2)n1cnc2c(N)ncnc21,,,0.23155079800451916
CC(C(=O)Nc1ccc2c(c1)OCO2)N1CC(C)(C)OC2(CCOC2)C1,4.24,1.95,1.4010594378872736
CC(C(=O)Nc1cccc(-c2ccn[nH]2)c1)c1ccccc1,4.78,5.25,1.1503793747806883
CC(C(=O)Nc1cccc(-c2nnnn2C)c1)n1nnc(-c2ccccc2)n1,,,0.3124151476795858
CC(C(=O)Nc1cccc(F)c1)N1CCN(C(C(=O)O)C2CC2)CC1,,,0.17165071067773013
CC(C(=O)Nc1ccn(-c2ccc(Cl)cc2C#N)n1)n1cncn1,,,0.20862745006018854
CC(C(=O)Nc1cnccc1-n1cccn1)c1cccc(Cl)c1,,,0.7593819143293742
CC(C(=O)Nc1cnn(-c2ccc(Cl)cc2)c1)N1CCN(C)CC1,,,0.3407730954642347
CC(C(=O)Nc1ncc(Cc2c(F)cccc2F)s1)n1cnc(C#N)n1,,,0.3880056253382044
CC(C(=O)Nc1nccs1)N1CCCN(C(=O)c2ccccc2)CC1,4.87,2.06,0.6728334729117917
CC(C(=O)O)C(=O)Nc1cnn(-c2ccc(Cl)cc2)c1C(C)C,,,0.23348265205656515
CC(C(=O)O)C1CCN(C(=O)c2cc3c(ncn3C)s2)CC1,,,-0.0785930496831942
CC(C(=O)O)N(C)C(=O)c1ccc(S(=O)(=O)NCC2CCCO2)cc1,,,0.1393359295289735
CC(C(=O)O)c1ccc(-c2ccccc2)c(F)c1,,,0.6433437916125746
CC(C(=O)O)c1ccc(C(=O)c2cccs2)cc1,,,0.030431732377138303
CC(C(=O)O)c1ccc2c(c1)[nH]c1ccc(Cl)cc12,,,0.1273167149442097
CC(C(=O)O)c1cccc(C(=O)c2ccccc2)c1,3.67,,0.20750766118210134
CC(C(=O)O)c1cccc(NC(=O)C2CCN(c3cnccn3)CC2)c1,,,-0.0135779634555056
CC(C(=O)O)c1cccc(NC(=O)Cc2ccc3c(c2)OCCO3)c1,,,0.0450586191278096
CC(C(=O)O)c1cccc(Oc2ccccc2)c1,,,0.349641822257219
CC(C(C)S(C)(=O)=O)N(C)C(=O)C1CCN(c2ccc(F)cc2)C1=O,,,0.4116101586983808
CC(C)(C#N)CC(=O)N1CCC(NC(=O)NC2CCCCC2)CC1,,,0.0161668045372231
CC(C)(C#N)CC(=O)N1CCCCC1CNC(=O)c1ccccc1,,,0.3974604602787831
CC(C)(C#N)c1cc(Cn2cncn2)cc(C(C)(C)C#N)c1,,,0.5917686948615616
CC(C)(C(=O)N1CC(CO)C(CCO)C1)c1cccc(Cl)c1,,,0.41932481366357477
CC(C)(C(=O)N1CCC(C(=O)Nc2ccc3c(c2)OCO3)CC1)c1cccc2ccccc12,5.84,1.83,0.8111128015265474
CC(C)(C(=O)N1CCC(COc2ccccc2)C1)c1cccnc1,5.04,2.14,0.9521197541691127
CC(C)(C(=O)N1CCC(c2cc(O)[nH]n2)C1)c1ccccc1,,,0.5874451053752932
CC(C)(C(=O)N1CCCC(C(=O)O)C1)c1cccc(C(F)(F)F)n1,,,0.1389275024649706
CC(C)(C(=O)N1CCCC(CO)(Cc2ccccc2)C1)n1cccn1,5.27,2.91,1.091827797977189
CC(C)(C(=O)N1CCCc2occc2C1)c1ccc(Cl)cc1,5.58,1.85,1.128095356260408
CC(C)(C(=O)N1CCCc2occc2C1)c1ccc(F)c(Cl)c1,5.27,2.01,1.257782005322307
CC(C)(C(=O)N1CCN(c2cc(C3CC3)n[nH]2)CC1)c1ccc(F)cc1,5.09,1.97,1.3732648355868777
CC(C)(C(=O)N1C[C@@H]2CS(=O)(=O)C[C@@H]2C1)N1CCOCC1,2.62,2.02,-0.3291389894076867
CC(C)(C(=O)NCCN(C(=O)CC1CCC2CC12)C1CC1)S(C)(=O)=O,4.67,3.14,0.8397654206060983
CC(C)(C(=O)NCCc1nccc(C(F)(F)F)n1)c1ccccc1,5.23,2.55,1.2974905337775042
CC(C)(C(=O)NC[C@]12CCC[C@H]1OCC2)c1ccc2c(c1)OCO2,,,0.6885455775823358
CC(C)(C(=O)Nc1cc(C2CCOCC2)[nH]n1)c1cccc(Cl)c1F,5.23,2.17,1.2447394379793237
CC(C)(C(=O)Nc1cnn(CC(=O)N2CCOCC2)c1)C1CCC(O)CC1,,,-0.02140870247516895
CC(C)(C(=O)Nc1ncnn1-c1ncccn1)S(=O)(=O)C1CC1,,,0.0854777853302702
CC(C)(C(=O)O)C(=O)N1CCC(C(=O)Nc2ccc(Br)cn2)CC1,,,0.1234991520717808
CC(C)(C(=O)O)C(=O)NCc1cccc(NC(=O)C2CCCO2)c1,,,0.0710308147215464
CC(C)(C(=O)O)C1CCCN(C(=O)c2cccc(C3CC3)c2)C1,,,0.2963931633153942
CC(C)(C(=O)O)c1ccc(C(O)CCCN2CCC(C(O)(c3ccccc3)c3ccccc3)CC2)cc1,,,0.16369602612604944
CC(C)(C(N)=O)C(=O)NC[C@H]1CC[C@@H](NC(=O)CCn2cccc2)C1,,,0.004145419250938949
CC(C)(C)C(=O)NC1CCC(C(=O)N2CCC(CCO)C2)CC1,,,-0.0026837311788519003
CC(C)(C)C(=O)NCC1CCCN(C(=O)c2csnn2)C1,,,0.0861588537543338
CC(C)(C)C(=O)NCCCC(=O)O,,,0.01267299807424485
CC(C)(C)C(=O)NCc1ccc(C(=O)N2C3COCC2C3)cc1,,,0.1200334355197321
CC(C)(C)C(=O)NCc1ccc(C(=O)N2CCC(O)(C(F)F)CC2)cc1,,,0.22243737746292175
CC(C)(C)C(=O)OCOP(=O)(COCCn1cnc2c(N)ncnc21)OCOC(=O)C(C)(C)C,3.27,3.16,-0.7716619873435256
CC(C)(C)C(C(=O)NC1CC1(C)C)n1cc(CCCO)nn1,,,0.2175264156145007
CC(C)(C)C(C(=O)O)C(=O)Nc1ccc(Oc2cnccn2)cc1,,,0.5920022708222887
CC(C)(C)C(CN1CCc2ccccc2C1)NC(=O)CNCC1CC1,,,0.49846577594590225
CC(C)(C)C(NC(=O)c1ccc(-c2ccccc2)cc1)c1nc(-c2nnc[nH]2)no1,5.64,4.86,1.2927375364979032
CC(C)(C)C(O)CNC(=O)NCc1ccnc(OC(F)F)c1,,,0.9975428190879196
CC(C)(C)C(O)Cc1cn(-c2ccc3c(c2)OCO3)nn1,,,0.3185722056053492
CC(C)(C)C1(CNC(=O)c2cccc(Br)c2Cl)CCNC1,5.015000000000001,1.85,1.2817086025854438
CC(C)(C)C1(NC(=O)NCc2nc(C(F)F)no2)CCC1,5.22,2.55,0.9638980520539449
CC(C)(C)C1CCN(C(=O)c2ccc(-c3cn[nH]c3)cc2)CCO1,,,0.6386246662439528
CC(C)(C)C1CN(C(=O)c2ccc(C(N)=O)nc2)c2ccccc21,4.95,3.09,0.9963916813697151
CC(C)(C)C1CN(c2cc(CO)cc(C(F)(F)F)n2)CCO1,5.48,1.84,1.1585271638175594
CC(C)(C)CC(=O)N1CCCC1C(=O)N1CCCN(CC(F)(F)F)CC1,,,0.6118814487539872
CC(C)(C)CC(=O)N1[C@@H]2CC[C@H]1[C@H](CNC(=O)Cc1sc(O)nc1O)C2,,,0.4109014642588472
CC(C)(C)CC(C)(C)c1ccc(OCCOCC[N+](C)(C)Cc2ccccc2)cc1,3.26,2.11,-0.15236303232451248
CC(C)(C)CCCC(=O)NC1(CNC(=O)[C@H]2C[C@@H]2C(F)F)CC1,,,0.5455232450542676
CC(C)(C)CCN1CCN(C(=O)c2nnc3ccccc3n2)CC1,,,0.4401726197212444
CC(C)(C)CCNC(=O)N1C[C@H]2CCC[C@@]2(c2nnc(C3CC3)o2)C1,4.56,2.4,1.3538296411327946
CC(C)(C)CNC(=O)Cn1cc(-c2ccc(C(F)(F)F)cn2)nn1,,,0.36417969162274527
CC(C)(C)Cc1cc(NC(=O)C2CCCc3sc(N)nc32)n[nH]1,5.29,3.2,1.419960975506211
CC(C)(C)Cc1ccccc1C(=O)NCc1nnc2c(=O)[nH]ccn12,,,0.0610440523680098
CC(C)(C)Cc1nc(-c2ccc(-c3nc(-c4ccc5[nH]c(=O)[nH]c5c4)no3)cc2)no1,,,0.02202879573226555
CC(C)(C)Cc1ncc(-c2nc(-c3cccc(C(N)=O)c3)no2)s1,,,0.3625599288721582
CC(C)(C)Cc1ncc(C(=O)Nc2cc3n(n2)CCCC3)s1,,,0.0710779486008074
CC(C)(C)Cc1nnc2n1CCN(C(=O)OC(C)(C)C)C2,,,0.6007704613453327
CC(C)(C)N(C(=O)c1cnco1)C(C(=O)NCc1cccnc1)c1ccncc1,,,-0.02022049238918665
CC(C)(C)N1CCC(CNC(=O)c2cccc(C(=O)O)c2)C1,,,0.0524866147249875
CC(C)(C)N1CCC(NC[C@H](O)c2ccc(Cl)cc2)C1=O,5.04,2.09,1.090062474905448
CC(C)(C)NC(=O)C1CCCN1C(=O)Cc1n[nH]c(=O)c2ccccc12,,,0.18078328847339414
CC(C)(C)NC(=O)CN1CCC(CNC(=O)C2CC=CC2)CC1,,,0.0313478357479644
CC(C)(C)NC(=O)[C@@H]1CN(Cc2cccnc2)CCN1C[C@@H](O)C[C@@H](Cc1ccccc1)C(=O)N[C@H]1c2ccccc2C[C@H]1O,,,0.34681740051870247
CC(C)(C)NC(=O)[C@H]1CC[C@H]2[C@@H]3CC[C@H]4NC(=O)C=C[C@]4(C)[C@H]3CC[C@]12C,,,0.11236409534880315
CC(C)(C)NCC(O)COc1cc(Cl)ccc1Cl,,,0.45207358177858714
CC(C)(C)NCC(O)COc1cccc2c1C[C@H](O)[C@H](O)C2,,,0.11374844253579725
CC(C)(C)NCC(O)c1cc(O)cc(O)c1,,,-0.052339029982673646
CC(C)(C)NC[C@H](O)c1ccc(O)c(CO)c1,,,0.02240446479164075
CC(C)(C)NS(=O)(=O)C1(CNc2cc(Br)ccc2C#N)CCC1,5.949999999999999,2.13,1.0002117250646065
CC(C)(C)NS(=O)(=O)NC(=O)C(C)(C)c1cccc(C#N)c1,4.77,4.0,0.8593188368084188
CC(C)(C)NS(=O)(=O)c1ccc(Cl)c(C(=O)NCCc2nc3ccccc3s2)c1,5.74,,0.8891661524619678
CC(C)(C)NS(=O)(=O)c1cccc(NC(=O)c2cc(=O)c3cc(O)ccc3o2)c1,5.08,1.91,0.9147919783032197
CC(C)(C)Nc1cccc(-c2nc(CCc3cnccn3)n(C3CCC3)n2)n1,5.32,1.97,0.7783542186466039
CC(C)(C)OC(=O)C(C)(C)NCc1ccc2c(c1)NC(=O)CO2,4.94,2.61,1.1690443364584662
CC(C)(C)OC(=O)C1CCN(c2cc(=O)[nH]c3cnccc23)CC1,,,0.1884395772294182
CC(C)(C)OC(=O)N1C2CCC1CC(CC(=O)NC(CO)c1ccc(F)cc1)C2,4.98,1.85,1.0442483547280903
CC(C)(C)OC(=O)N1C2CCC1CC(CNc1ccc(C#N)nn1)C2,4.81,1.92,0.8575053836307469
CC(C)(C)OC(=O)N1CC(O)(C2(C(=O)N3CC[C@H](F)C3)CCC2)C1,4.88,1.88,0.8879106260378995
CC(C)(C)OC(=O)N1CC(n2nccc2NC(=O)c2ccncc2F)C1,,,0.28337805450562614
CC(C)(C)OC(=O)N1CC2(CCCC2)CCC1CN1CCCN(C(N)=O)CC1,4.61,2.71,0.8007507436999147
CC(C)(C)OC(=O)N1CC2(CCNCC2)c2ccccc21,,,0.002291781347726
CC(C)(C)OC(=O)N1CCC(c2csc(-c3ccc4c(c3)NC(=O)CNC4=O)n2)CC1,,,0.3808741949925704
CC(C)(C)OC(=O)N1CCC(n2cc(C(=O)Nc3cccc4ccc(O)cc34)nn2)CC1,,,0.1784610152196731
CC(C)(C)OC(=O)N1CCC12CN(C(=O)c1n[nH]c3ccccc3c1=O)C2,5.17,2.3,1.2987743586599168
CC(C)(C)OC(=O)N1CCCC(Nc2ccn3ncc(Br)c3n2)C1,,,0.2995549322845933
CC(C)(C)OC(=O)N1CCCC(c2ccccc2)C1C(=O)NCC(N)=O,,,0.4778855848843879
CC(C)(C)OC(=O)N1CCCC(c2nnc3n2CCOC3)C1,,,0.1391964952786974
CC(C)(C)OC(=O)N1CCC[C@H](CNCc2noc3c2CCCC3)C1,,,0.7346116422798097
CC(C)(C)OC(=O)N1CCN(C(=O)c2ccccc2)CC1,,,0.5726960830100867
CC(C)(C)OC(=O)N1CCN(CCn2cc(-c3ccccn3)nn2)CC1,,,-0.1047711094567774
CC(C)(C)OC(=O)N1CCN(c2cnc(C(=O)N[C@H]3CCc4c(F)cccc43)cn2)CC1,,,-0.1463085089930674
CC(C)(C)OC(=O)N1CCn2c(nnc2-c2ccc[nH]2)CC1(C)C,,,0.39699988770623273
CC(C)(C)OC(=O)N1CCn2ncc(-c3cccc4[nH]c(=O)[nH]c34)c2C1,,,0.7199282820811281
CC(C)(C)OC(=O)N1C[C@@H]2CCCN(C(=O)Nc3ccncc3)[C@@H]2C1,,,0.42894567065240585
CC(C)(C)OC(=O)N1C[C@H](O)C[C@H]1c1n[nH]c(-c2ccccc2)n1,,,0.1594024532898196
CC(C)(C)OC(=O)NC(c1nc(Cc2cccnc2)no1)C1CCC1,5.21,1.9,1.487610624011265
CC(C)(C)OC(=O)NC1(C(=O)NC2CCCSC2)CC1(F)F,4.93,3.9,1.0239680425485023
CC(C)(C)OC(=O)NC1(CCNC2C(=O)NCC2(C)C)CCC1,4.65,1.94,0.9896953216097912
CC(C)(C)OC(=O)NC1CCCC2CN(C(=O)C3(Cc4ccccc4)CC3)CC21,5.8,,1.8123850231647465
CC(C)(C)OC(=O)NC1CCc2ncc(NC(=O)NCC(C)(O)c3ccc(F)cc3F)cc2C1,,,0.7452187964672312
CC(C)(C)OC(=O)NC1c2ccccc2CC12CCNCC2,,,0.22317518034166933
CC(C)(C)OC(=O)NCCC(=O)NC1Cc2cnccc2NC1=O,,,0.14328764986766804
CC(C)(C)OC(=O)NCc1cc(-c2nc(-c3cnc4cnccn34)no2)ccn1,4.42,4.14,0.8134095978433806
CC(C)(C)OC(=O)N[C@H]1CCCC[C@@H]1NC1CCN(C2CCCCC2)C1=O,5.27,,1.2821473044515512
CC(C)(C)OC(=O)c1ccc(-c2cn(CC3(O)CCC3)nn2)s1,,,0.43219256867012235
CC(C)(C)OC(=O)c1cnc(N2CCC(C(=O)N3CCCC3)CC2)cn1,,,0.280420420979493
CC(C)(C)OCC1CCCN(C(=O)COCc2ccncc2)C1,,,0.3270812807774913
CC(C)(C)OCCS(=O)(=O)NC(=O)c1coc(C2CCCC2)n1,,,0.3252733451108798
CC(C)(C)OCc1cccc(NC(=O)c2cnn3ncccc23)c1,5.39,1.82,0.9682547847732674
CC(C)(C)OCc1ccccc1C(=O)NCc1n[nH]c2c1COCC2,,,0.43695490788787367
CC(C)(C)O[C@H]1C[C@H](n2cc(C(C)(O)Cc3ccccc3)nn2)C1,5.06,2.94,1.500703891948243
CC(C)(C)S(=O)(=O)CC(=O)N1CCC(Cc2cccc(F)c2)CC1,,,0.4549104760142492
CC(C)(C)[C@@H](O)CC(=O)NCc1cnn(-c2ccccc2)c1,,,0.17898614826257744
CC(C)(C)[C@@H]1C[C@H](CO)CN(S(=O)(=O)c2cnc(N)nc2)C1,,,0.7669916989656855
CC(C)(C)[C@@H]1OCC[C@H]1c1noc(C2OCCc3ccccc32)n1,5.6,1.83,1.1459051822359891
CC(C)(C)[C@H](NC(=O)c1cc(N2CCCCC2)ccn1)C(N)=O,5.365,2.07,1.384313355055184
CC(C)(C)c1cc(C(=O)N2CCC(O)(C(F)F)CC2)no1,4.38,1.93,0.6958483307366096
CC(C)(C)c1cc(C(C)(C)C)c(NC(=O)c2c[nH]c3ccccc3c2=O)cc1O,,,0.4019660699231576
CC(C)(C)c1cc(CNC(=O)C2CCC(=O)NC(=O)N2)[nH]n1,3.09,,
CC(C)(C)c1cc(Cn2cc(CN3Cc4ccccc4C3)nn2)no1,,,0.7565211578375133
CC(C)(C)c1cc(NC(=O)NC2(C(N)=O)CC2)n(C(C)(C)C)n1,,,0.10418154541489115
CC(C)(C)c1cc2c(N3CCC(N4CCNC4=O)CC3)nccn2n1,,,0.3543006890550685
CC(C)(C)c1cc2c(Nc3cnn(C4CCC(=O)NC4)c3)nccn2n1,,,0.2004294104305422
CC(C)(C)c1cc2n(n1)CCN(C(=O)c1nccc3ccccc13)C2,5.35,,1.933966149879832
CC(C)(C)c1cc2n(n1)CCN(Cc1ncn(-c3ccccc3)n1)C2,,,0.48392362070041495
CC(C)(C)c1ccc(C(=O)N2CSCC2C(=O)Nc2ccncc2)cc1,,,0.24929916196121535
CC(C)(C)c1ccc(C(=O)NC(Cc2c[nH]c3ccccc23)C(=O)O)nc1,,,0.17896783483725154
CC(C)(C)c1ccc(C(=O)NCCC(=O)O)cc1,2.65,,
CC(C)(C)c1ccc(C(=O)NCc2ccc(Cl)cc2)cc1,5.19,1.96,
CC(C)(C)c1ccc(C(=O)O)cc1,2.86,,
CC(C)(C)c1ccc(C(O)CNC(=O)CCc2cncc3ccccc23)cc1,,,0.5547744876265982
CC(C)(C)c1ccc(CCCC(=O)N2CCC(c3nnc4cnccn34)CC2)cc1,,,0.5051311664468171
CC(C)(C)c1ccc(CN)cc1,1.88,,
CC(C)(C)c1ccc(CN2CCN(C(c3ccccc3)c3ccc(Cl)cc3)CC2)cc1,,,0.6900451524131653
CC(C)(C)c1ccc(Cl)cc1NC(=O)c1ccn(C2CCOCC2)n1,5.1,2.27,1.077523311142718
CC(C)(C)c1ccc(O)c(NC(=O)c2cccc(Cn3cncn3)c2)c1,4.79,2.94,0.92278800541248
CC(C)(C)c1ccc(OCC(O)CN2CCOCC2)cc1,,,0.5075970118146033
CC(C)(C)c1ccc(OCc2ccc(C(=O)O)o2)cc1,3.27,,
CC(C)(C)c1ccc(S(=O)(=O)N2CC(O)Cc3ccccc32)s1,5.87,1.86,1.133109611527023
CC(C)(C)c1ccc(S(=O)(=O)NCCCN2CCCCCC2=O)s1,5.945,2.88,1.0026669401534503
CC(C)(C)c1cccc(NC(=O)CN2C(=O)NC(C)(c3ccc(F)cc3)C2=O)n1,5.78,4.52,1.116913088363266
CC(C)(C)c1ccccc1C(=O)N1CCC(Cn2ccnn2)CC1,5.35,1.87,1.4932237124601246
CC(C)(C)c1cn(CCS(=O)(=O)Nc2ccccc2)nn1,5.08,2.07,1.1564252555798646
CC(C)(C)c1cn2nc(Oc3ccc(C(N)=O)cc3F)sc2n1,,,0.28988499026934483
CC(C)(C)c1cnc(CCC(=O)N2C[C@@H]3CS(=O)(=O)C[C@@H]3C2)o1,,,0.1603184253231798
CC(C)(C)c1cnc(NC(=O)N2CCC(c3ccncc3)CC2)s1,,,0.3048371517298158
CC(C)(C)c1cnnn1-c1ccc(C=Cc2ccc(C=O)cc2)cc1,3.91,,
CC(C)(C)c1coc(CNC(=O)N[C@H]2C[C@@H]2c2ccc(F)cc2F)n1,5.16,4.85,1.5506880547302786
CC(C)(C)c1csc(C2CN(C(=O)c3cccc(C(=O)O)c3)CCO2)n1,5.0,2.3,0.6077354071139066
CC(C)(C)c1nc(-c2cccc(C(N)=O)c2)c2c(N)nccn12,,,0.001414880544429
CC(C)(C)c1nc(-c2nc3cccc(F)c3c(=O)[nH]2)co1,4.98,,0.9809473039560064
CC(C)(C)c1nc(C(=O)N2CCC(Cn3cncn3)CC2)cs1,,,0.4274497243544248
CC(C)(C)c1nc(C(=O)Nc2ccc3[nH]c(N4CCOCC4)nc3c2)co1,,,0.4729486284549659
CC(C)(C)c1nc(C(C)(C)NC(=O)c2ccc(Oc3ccccc3)nc2)no1,,,0.7664342837510087
CC(C)(C)c1nc(CC(=O)NC2c3ccccc3CC2O)cs1,5.37,2.68,1.1240010582381812
CC(C)(C)c1nc(CCNC(=O)C(c2cccc(F)c2)N2CCOCC2)cs1,5.19,1.88,1.3165636574381807
CC(C)(C)c1nc(CCNS(=O)(=O)Cc2noc3c2CCCCC3)no1,5.99,1.82,1.52676641583232
CC(C)(C)c1nc2cc(NCC(C)(O)C(F)F)ccc2o1,,,0.7007961358813752
CC(C)(C)c1ncc(C(=O)NCC(C)(O)c2ccc(F)cc2F)cn1,5.57,2.43,1.0881126127098448
CC(C)(C)c1ncc(S(=O)(=O)NCCN2CCCS2(=O)=O)o1,,,0.23412113105393206
CC(C)(C)c1ncc2c(n1)CCN(CC1(CC(=O)O)CC1)C2,,,0.21772722307636
CC(C)(C)c1nn(CC(=O)N2CCCC2c2ccccc2)c(=O)o1,5.28,,2.36450904327672
CC(C)(C)c1noc(COc2cccc3c2NC(=O)CO3)n1,,,0.6666232092920776
CC(C)(C)c1nocc1CNS(=O)(=O)c1cc(C(F)(F)F)ccc1Br,,,0.23306284936435753
CC(C)(C)c1nocc1CNS(=O)(=O)c1cc2[nH]c(=O)[nH]c2cc1Br,,,0.13935323141942169
CC(C)(C)c1nocc1CNS(=O)(=O)c1cc2c(cc1Br)NC(=O)CO2,,,-0.023394125923165
CC(C)(C)c1nsc(NC(=O)N2CCN(c3ncccc3F)CC2)n1,,,0.639851741008681
CC(C)(C)c1ocnc1CN1CCCCC1C1CCCCC1O,4.89,2.56,1.1177009450228483
CC(C)(C)n1cc(C#N)c(NS(=O)(=O)c2ccc3c(c2)CCO3)n1,4.93,4.06,1.2463443714709688
CC(C)(C)n1cc(C#N)cc1NC(=O)N1CCC(C(C)(O)C(F)(F)F)CC1,,,0.45591631071265715
CC(C)(C)n1cc(C(=O)N2CCOc3cc(Cl)c(Cl)cc32)nn1,4.4,4.81,1.059954396170754
CC(C)(C)n1cc(C(=O)Nc2[nH]nc(C3CC3)c2C#N)cn1,,,0.22060435107361304
CC(C)(C)n1cc(C(=O)Nc2cccc3c2C(=O)NC3)nn1,4.36,4.64,0.7483027677580887
CC(C)(C)n1cc(CN2CCC(C(=O)N3CCc4ccccc43)CC2)cn1,,,0.1206862076334709
CC(C)(C)n1cc(Cn2cc(C3CCS(=O)(=O)C3)nn2)cn1,,,0.0741966354482294
CC(C)(C)n1cc(Cn2cc(Cc3ccccc3)nn2)cn1,4.78,3.03,0.999923669023512
CC(C)(C)n1cc(NS(=O)(=O)c2cccc(Cl)c2Cl)cn1,6.045,1.96,1.2228345908419118
CC(C)(C)n1ccc(C(=O)N2CCN(CCCCO)CC2)c1,3.66,,
CC(C)(C)n1nc(C(=O)Nc2nc3ccc(S(C)(=O)=O)cc3s2)cc1C1CC1,,,0.2207104764638859
CC(C)(C)n1ncc2c(=O)[nH]c(NC(CF)c3ccc(F)cc3)nc21,,,0.7280917041685679
CC(C)(C)n1ncc2c(N3CCCC(n4ccnn4)CC3)ncnc21,,,0.5461489032848779
CC(C)(C)n1ncc2c(NCCc3cnc(C4CC4)nc3)ncnc21,,,0.5895409479456433
CC(C)(C)n1nnc(CC(=O)N[C@H]2CCC[C@H]2C(=O)O)n1,,,0.1104008097018914
CC(C)(C)n1nnc(CNc2ccc(-c3cn[nH]c3)cc2)n1,,,0.6835239701633644
CC(C)(C)n1nnnc1CNC1(c2ccc(Cl)cc2)CCCCC1,5.49,1.82,1.2959531883266902
CC(C)(C)n1nnnc1SCc1c[nH]c(=O)c2ccccc12,,,0.46889971786196877
CC(C)(CC#N)CS(=O)(=O)N1Cc2ccccc2C2(CC2)C1,5.31,2.29,1.3291822221995557
CC(C)(CC(=O)OCC1=Nc2ccccc2S(=O)(=O)N1)Cc1ccc(Cl)cc1,5.3,1.94,0.9800098193327758
CC(C)(CC1CCCN(c2nc3c(cc2C#N)COCC3)C1)C(N)=O,,,0.18402196218832875
CC(C)(CCNC(=O)OC(C)(C)C)NC(=O)c1c[nH]c2ncncc12,,,0.1133710030204731
CC(C)(CF)NC(=O)c1cc(-c2c(F)cccc2F)no1,,,-0.0360391868369435
CC(C)(CN1CCC(Oc2ncccc2F)CC1)N1CCOCC1,,,0.25834553964013884
CC(C)(CNC(=O)CCCOc1cccc(Cl)c1Cl)c1cccnc1,4.84,1.99,0.9598402056537556
CC(C)(CNC(=O)N1CCC[C@H]1C(F)F)C(=O)N1CCCC1,,,0.5634503279271489
CC(C)(CNC(=O)N1CCOCC1)c1ccc2c(c1)OCCO2,,,0.9574731132317692
CC(C)(CNC(=O)N1C[C@H]2COCC[C@@]2(C(N)=O)C1)c1cccnc1,,,0.02555048842598015
CC(C)(CNC(=O)NC1CC(=O)N(C2CC2)C1)c1ccc2c(c1)OCCO2,,,0.5497481443752198
CC(C)(CNC(=O)NC1CCCNC1=O)c1ccccc1Br,4.41,3.77,0.7044857424978556
CC(C)(CNC(=O)N[C@H]1C[C@@H]1c1ccco1)C1CCOCC1,,,0.3441427292312622
CC(C)(CNC(=O)[C@H]1C[C@]1(C(=O)O)c1ccccc1)c1cccnc1,,,0.0451215925383915
CC(C)(CNC(=O)c1cc(Cl)ccc1F)c1coc(-c2ccccc2)n1,4.46,2.94,0.8579462179729642
CC(C)(CNC(=O)c1cc[nH]c(=O)c1)Sc1ccc(Br)cc1,,,0.4611888864424301
CC(C)(CNC(=O)c1ccc(S(=O)(=O)Nc2ccccc2)cc1)c1ccncc1,5.83,4.02,1.1594090156623351
CC(C)(CNC(=O)c1ccc2c(c1)C(=O)NCCO2)n1cccn1,,,0.006496492947093702
CC(C)(CNC(=O)c1ccnc2ccncc12)N1CCc2ccccc2C1,,,0.3408950035314313
CC(C)(CNC(=O)c1cnc2cc[nH]c2c1)C1CCOCC1,4.42,1.97,1.065595159274766
CC(C)(CNS(N)(=O)=O)NC(=O)c1ccc(-n2ccnn2)cc1,,,0.1875133254103662
CC(C)(CNc1cncc(-n2cncn2)n1)c1ccncc1,,,0.5217943691731195
CC(C)(CNc1nccc2nccnc12)c1ccncc1,,,0.3549131676740819
CC(C)(CO)Cc1cn(CCCOc2cccc3ccccc23)nn1,,,0.48471188474454574
CC(C)(CO)[C@@H](O)C(=O)NCCC(=O)NCCSSCCNC(=O)CCNC(=O)[C@H](O)C(C)(C)CO,,,0.2184535045865565
CC(C)(CO)[C@@H](O)C(=O)NCCC(=O)O,,,-0.06167989404912505
CC(C)(CO)[C@@H](O)C(=O)NCCCO,,,0.07144285390355204
CC(C)(COCc1ccccc1)C(=O)N1CC(CO)C(CCO)C1,,,0.1946211872940431
CC(C)(CS(C)(=O)=O)NC(=O)c1cc2ccc(C(F)(F)F)cc2[nH]c1=O,4.71,3.91,0.7192776864012833
CC(C)(Cc1ccc(O)cc1)C(=O)N1CCC(NS(C)(=O)=O)C1,,,0.4483320669251844
CC(C)(Cc1ccc(O)cc1)C(=O)N1CCC(O)(C(F)F)CC1,,,0.3875060032892569
CC(C)(Cc1ccc(O)cc1)C(=O)NCc1noc2ccc(F)cc12,4.81,,1.5412436993321807
CC(C)(Cc1ccccc1)C(NCCc1cnccn1)c1nnnn1-c1ccc2c(c1)OCO2,5.41,2.84,1.0055202293660988
CC(C)(NC(=O)C1CCN(c2ccc3nnnn3n2)CC1)c1cccs1,4.75,2.43,0.8199624298226629
CC(C)(NC(=O)C1CCc2cncn2C1)C(O)C(F)(F)F,,,0.1125088176214721
CC(C)(NC(=O)CC1CC(=O)NC1=O)c1cccc(C(F)(F)F)c1,,,0.3701317436911231
CC(C)(NC(=O)CC1CCC(F)(F)CC1)c1nc2ccccc2s1,5.07,3.41,1.1037744140595773
CC(C)(NC(=O)Nc1c2c(nn1-c1ccccc1)CCC2)c1nccs1,5.06,4.67,1.2955807896583111
CC(C)(NC(=O)c1cc(-c2ccc3c(c2)OCO3)n[nH]1)c1cccs1,5.02,1.86,0.8090037363155469
CC(C)(NC(=O)c1ccc2c(c1O)CCCC2)c1nnn[nH]1,4.16,3.02,1.00142061684574
CC(C)(NC(=O)c1ccnc2[nH]ccc12)c1ccc(C(F)(F)F)cc1,,,0.5927269969484869
CC(C)(NC(=O)c1cnc2cccnn12)C(O)C(F)(F)F,,,-0.09699195543377814
CC(C)(NC(N)=O)c1cn(Cc2nc(-c3c(F)cccc3F)cs2)nn1,,,0.23552229516717235
CC(C)(NCCc1nc2cc(Br)ccc2o1)c1ccncc1,,,0.5798324020856709
CC(C)(NCc1ccnc2[nH]ccc12)C(O)c1ccc(Br)cc1,,,0.4634281113749657
CC(C)(NS(C)(=O)=O)c1cn(-c2cc(Cl)cc(Cl)c2)nn1,4.84,,1.9396605558405704
CC(C)(NS(C)(=O)=O)c1cn(CCc2ccc(F)c(F)c2)nn1,,,0.4152692499669586
CC(C)(NS(C)(=O)=O)c1noc(C2CC23CCOc2ccccc23)n1,,,0.7871083755603507
CC(C)(O)C(=O)Nc1ccc([N+](=O)[O-])c(C(F)(F)F)c1,3.0,,
CC(C)(O)C(=O)O,1.95,,
CC(C)(O)C(C)(C)NC(=O)Cn1ncc(=O)c2ccccc21,,,0.20861750198574114
CC(C)(O)C(C)(C)NC(=O)c1cnc(-c2ccncc2)s1,,,0.3386872189564304
CC(C)(O)C(Cl)(Cl)Cl,,,-0.09350779078799405
CC(C)(O)C1CN(C(=O)NC2CCN(C(=O)CCc3ccccc3)C2)C1,,,-0.1139109882863922
CC(C)(O)CC(CC(=O)N1CCc2ccccc21)C(=O)O,,,0.3430544077415424
CC(C)(O)CCc1cccc(C(=O)N2CCN(S(N)(=O)=O)CC2)c1,3.25,,
CC(C)(O)CN1CCN(C(=O)Cn2ccc(=O)c3ccccc32)CC1,,,0.06574437055767045
CC(C)(O)CN1CCN(C(=O)NCC2CCN(c3ccncc3)CC2)CC1,,,-0.0028279918003244
CC(C)(O)CNc1nc(Nc2ccnc(C(F)(F)F)c2)nc(-c2cccc(C(F)(F)F)n2)n1,4.98,4.94,1.8039958119415838
CC(C)(O)COc1ccc(NC(=O)C2CC(C(=O)O)C2)cc1,,,0.3314419383472996
CC(C)(O)Cc1cn(Cc2cn3c(C(=O)O)cccc3n2)nn1,,,-0.40182777223268806
CC(C)(O)c1cc(-c2cn(Cc3ccc4cn[nH]c4c3)nn2)ccn1,,,-0.0357666607087227
CC(C)(O)c1ccc(-c2cnc(C3CCOCC3)o2)cc1,,,0.4546241061874315
CC(C)(O)c1ccc(CNC(=O)Nc2cnn(CCN3CCOCC3)c2)cc1,,,0.1717023160019138
CC(C)(O)c1ccc(CNC(=O)c2ccc3c(c2)CCS3(=O)=O)cc1,,,-0.22386124466387347
CC(C)(O)c1ccc(CNc2nnc(-c3cccc(Cl)c3)o2)cc1,,,0.5369080123622472
CC(C)(O)c1ccccc1CC[C@@H](SCC1(CC(=O)O)CC1)c1cccc(/C=C/c2ccc3ccc(Cl)cc3n2)c1,,,0.24771126218773692
CC(C)(O)c1nnc2n1CCN(C(=O)c1ccccc1NCCO)C2,,,-0.08910572914643874
CC(C)(Oc1ccc(CCNC(=O)c2ccc(Cl)cc2)cc1)C(=O)O,,,0.10566835972662955
CC(C)(Oc1ccc(Cl)cc1)C(=O)O,,,0.030242538919578447
CC(C)(Oc1ccc(Cl)cc1)C(=O)OCc1cc(=O)oc2cc(O)ccc12,4.95,3.16,1.2326553432931269
CC(C)(Oc1ccc(Cl)cc1)c1nc(-c2ncccn2)no1,,,0.5460459003327819
CC(C)(Oc1cccc(-c2nn[nH]n2)c1)C(=O)NCCC1(C(F)(F)F)N=N1,,,0.10998239705770949
CC(C)(S)[C@@H](N)C(=O)O,,,0.2654492711688453
CC(C)(Sc1cc(C(C)(C)C)c(O)c(C(C)(C)C)c1)Sc1cc(C(C)(C)C)c(O)c(C(C)(C)C)c1,,,0.30342143991886283
CC(C)(c1cc(C(F)(F)F)ccn1)c1nc(-c2cnccn2)no1,,,0.5494510212959232
CC(C)(c1ccncc1)c1noc(-c2ccnc3ccncc23)n1,,,0.22360882598463916
CC(C)(c1noc(C2(c3ccccc3)CC2)n1)S(C)(=O)=O,,,0.5313314169399219
CC(C)=CCC/C(C)=C/CO,,,0.2011891485131878
CC(C)=CCCC(C)CC(=O)Nc1ccccc1C1CNC(=O)C1,5.16,3.01,1.1037094259749158
CC(C)C(=O)N(C)CC(=O)N1CC2(CCOCC2)C1c1cnn(C(C)C)c1,,,0.34268356164420477
CC(C)C(=O)N(CCCN1CCCC1)C1CCCN(C(=O)COc2ccc(F)cc2)C1,3.87,,
CC(C)C(=O)N1CC(F)(CNC(C)c2cc3n(n2)CCCC3)C1,,,0.1825715356642768
CC(C)C(=O)N1CCC(c2nc(C3CC(C)(C)OC3(C)C)no2)CC1,,,-0.11177757596013944
CC(C)C(=O)N1CCCC1C(=O)Nc1cc2c(cc1F)NC(=O)CC2,,,0.049303937309037996
CC(C)C(=O)N1CCCN(c2ccnc(Cc3ccc(F)cc3)n2)CC1,5.68,1.82,1.2150192076003465
CC(C)C(=O)NC(Cc1c[nH]c2ccccc12)C(=O)Nc1cccc(Oc2ccc(C#N)cc2)c1,5.42,2.12,1.3061573607403698
CC(C)C(=O)NC1CCCN(C(=O)C2(Cc3cccc(Br)c3)CCNC2)C1,,,0.41591042170511205
CC(C)C(=O)Nc1ccc([N+](=O)[O-])c(C(F)(F)F)c1,4.18,2.06,1.070080005111258
CC(C)C(=O)Nc1cccc(C(=O)NCc2noc(-c3ccco3)n2)c1,3.9,,
CC(C)C(=O)Nc1nc(CC(=O)N2CCCN(C)c3cc(F)ccc32)cs1,5.7,,1.3871219919287967
CC(C)C(=O)Nc1nc(CC(=O)N2CC[C@H](O)[C@@H]2c2ccc(Cl)cc2)cs1,,,0.40558585583170015
CC(C)C(=O)Nc1nc(CC(=O)Nc2cccc(-c3nnnn3C)c2)cs1,,,0.24448145209720884
CC(C)C(=O)O,1.85,,
CC(C)C(=O)c1c(C(C)C)nn2ccccc12,,,0.7052503597514729
CC(C)C(C(=O)N1CCCN(c2cccnn2)CC1)c1cccnc1,,,0.5627161222920634
CC(C)C(C(=O)N1CCc2cnc(N)nc2C1)c1cccc(Cl)c1,,,0.7175928139905572
CC(C)C(C(=O)NCc1cccc(C(=O)N(C)C)c1)N1CCCCC1,,,0.4809205636260541
CC(C)C(C)(C)C(=O)N1CC2(CN(C(=O)c3cnc(C4CC4)s3)CCO2)C1,,,0.44241177970478057
CC(C)C(C)(NCc1cn(C(C)(C)C)nn1)c1ccc(Br)cc1,5.62,1.84,1.7009506337783846
CC(C)C(C)(O)CNC(=O)NC1CCCN(Cc2ccccc2)C1=O,,,0.3267765817619177
CC(C)C(CNC(=O)C1(O)CCCC1)NC(=O)c1ccc(F)cc1,,,0.43004376941332506
CC(C)C(CNC(=O)Cn1nnn(C2CCC2)c1=O)c1ccccc1,4.95,1.91,1.2378343873295956
CC(C)C(CNC(=O)N1CCN(C(=O)C(C)(C)C)CC1)Cc1ccccc1,5.57,1.86,0.9620047537003419
CC(C)C(CNc1cnn(CC(N)=O)c(=O)c1Cl)Nc1ccccc1,,,0.3493096664968327
CC(C)C(Cc1ccc(F)cc1)N(C)C(=O)Cc1ncccc1F,5.21,3.34,1.292906755471951
CC(C)C(Cc1ccccc1)NCc1cc(O)n2ncc(C#N)c2n1,,,0.5415761277632776
CC(C)C(NC(=O)C1CC12CCc1ccccc12)c1nc(C2CC2)no1,5.33,5.64,1.5926909933893723
CC(C)C(NC(=O)CN1CC(O)CC1CO)c1ccc2c(c1)OCCO2,,,0.29739811112113235
CC(C)C(NC(=O)CN1Cc2cccnc2N2C[C@H](O)C[C@H]2C1)c1ccc2c(c1)OCCO2,5.09,3.07,0.9978247300204103
CC(C)C(NC(=O)COc1ccccc1)C(=O)Nc1ccc(-c2ccoc2)cc1,,,0.5558540276494565
CC(C)C(NC(=O)NC1CCc2ncnn2C1)c1ccccc1Cl,,,0.43730206919797837
CC(C)C(NC(=O)Nc1ccc2c(n1)OCCO2)c1cnn(C)c1,,,0.41637075394251866
CC(C)C(NC(=O)c1cc(C(F)F)n(C)n1)c1nnc2ccccn12,4.32,,1.3894117163279018
CC(C)C(NC(=O)c1ccc(-c2ccccc2Cl)o1)c1ncnn1C,4.87,,
CC(C)C(NC(=O)c1ccc(-c2cn[nH]c2)cn1)c1cnn(C)c1,,,0.23966623380804325
CC(C)C(NC(=O)c1ccc(-n2ccnc2)nn1)c1cnn(C)c1,,,-0.1113796643829119
CC(C)C(NC(=O)c1ccc2[nH]c(CO)nc2c1)c1cnn(C)c1,,,0.1022933809339822
CC(C)C(NC(=O)c1cccc(S(N)(=O)=O)c1)c1nc2ccccc2[nH]1,,,0.48620708323773315
CC(C)C(NS(=O)(=O)C1CCOC1)c1ccc(F)cc1F,4.97,2.05,0.7881085649329284
CC(C)C(O)CN1CCN(C(=O)COc2ccc(Br)cc2)CC1,,,0.1971690187839672
CC(C)C(O)Cc1ccccc1-c1ccc2c(c1)C(=O)NCCO2,4.94,,2.0294105120363617
CC(C)C1(C(=O)N2CCN(c3ccc4nncn4n3)CC2)COC1,,,0.015654797386531447
CC(C)C1(C(=O)N2CCn3c(nnc3-c3ccccc3)C2)COC1,,,0.2258610951538062
CC(C)C1(C(=O)O)CC1C(=O)NC(C)(C)Cc1ccc(C#N)cc1,4.41,2.28,1.5808527836293411
CC(C)C1(C(=O)O)CC1C(=O)Nc1ccc(-c2nccs2)cc1,,,0.03483269374152175
CC(C)C1(C)NC(=O)N(c2ccc(F)c(C(=O)O)c2)C1=O,,,0.1295799215885321
CC(C)C1(O)CCC(NCc2ccccc2N2CCN(C)CC2)CC1,,,-0.0573283238352066
CC(C)C1(c2ccccc2)CN(C(=O)C2CCN(S(N)(=O)=O)CC2)C1,,,0.48412880883469567
CC(C)C1CCC(CNCc2nnc(C3CCOCC3)[nH]2)CC1,,,0.1647886592132544
CC(C)C1CCc2ccccc2C1NC(=O)CS(=O)(=O)C(C)(C)C,5.58,1.85,1.3089778536069114
CC(C)C1CCc2ccccc2N1C(=O)Cn1ncc(=O)c2ccccc21,6.845,4.09,1.566971060389839
CC(C)C1CCc2ccccc2N1C(=O)c1csc(-c2cnn(C)c2)n1,5.56,1.8,1.0656082185202513
CC(C)C1CN(C(=O)NCCn2cccn2)c2ccccc21,,,0.7283236371554843
CC(C)C1CN(C(=O)c2ccc(C#N)s2)c2ccccc2N1,5.52,,1.1118667443655306
CC(C)C1COCCN(C(=O)c2n[nH]c3c(=O)n(C)cnc23)C1,,,0.08771217160637
CC(C)C1c2ccccc2CCN1C(=O)Nc1ccnn1C1CCC1,,,0.9863516659220628
CC(C)C1c2ccccc2CCN1c1cncc(C#N)n1,5.95,2.9,1.2521056966121638
CC(C)C1c2ccccc2CCN1c1ncc(C#N)cc1F,5.02,1.93,1.5175093174185388
CC(C)CC(=O)N1CCN(Cc2cccc(F)c2)CC1,3.11,,
CC(C)CC(=O)Nc1ccc(NCc2cccc3nnn(C)c23)cc1,5.2,2.37,0.8911000303174477
CC(C)CC(=O)O,2.9,,
CC(C)CC(CC(=O)O)C(=O)Nc1ccc2ncccc2c1,,,-0.019637746760224298
CC(C)CC(CNC(=O)C(C)N1CCSCC1)NC(=O)c1ccc([N+](=O)[O-])s1,5.22,2.7,1.079540863205549
CC(C)CC(Cc1ccccc1)Nc1ccc(P(C)(C)=O)cn1,5.48,2.42,0.9763739329283403
CC(C)CC(NC(=O)C1(c2cccnc2)CCCCC1)c1nnn[nH]1,,,0.9421073189896088
CC(C)CC(NC(=O)c1ccc(Cl)cc1)C(=O)NCC1COC(C)(C)CO1,,,0.5273834521225576
CC(C)CC(c1nc(Cc2cncn2C)no1)N1CCCCC1=O,,,0.5062985134091869
CC(C)CC1(CO)CCCN1C(=O)NCC(C)(C)c1cccs1,5.62,3.67,1.4599970326840253
CC(C)CC1(c2nc(-c3ccccc3F)no2)CCNC1=O,5.51,3.09,1.5349662492486953
CC(C)CC1C(=O)NCCCN1C(=O)c1c(Br)cnn1C,,,0.570472275785228
CC(C)CC1C(=O)NCCN1S(=O)(=O)c1c(Cl)ccc(F)c1F,4.89,4.46,0.9598972675918671
CC(C)CC1C(=O)NCCN1S(=O)(=O)c1c[nH]c2ncccc12,,,0.2322500149116216
CC(C)CC1CN(C)CCN1C(=O)CN1CCOCC1=O,,,0.4327420766225091
CC(C)CC1CN(C)CCN1C(=O)c1ccnc2[nH]cnc12,,,0.35317453022062834
CC(C)CC1COCCN1C(=O)Nc1ccc(C2CC2)nn1,,,0.3293267337201536
CC(C)CC1COCCN1C(=O)Nc1cn(C)nc1C(F)(F)F,,,0.4434298839894881
CC(C)CCC(=O)N1CC[C@H]2CN(C(=O)C3CN(S(N)(=O)=O)C3)C[C@H]21,,,0.3183756661805448
CC(C)CCC(C)N1CCCC(n2c(=O)[nH]c3cccnc32)C1,,,0.33715195879126514
CC(C)CCC[C@@H](C)[C@H]1CC[C@H]2[C@@H]3CC=C4C[C@@H](O)CC[C@]4(C)[C@H]3CC[C@]12C,,,0.9060637422279968
CC(C)CCN,1.82,,
CC(C)CCN(Cc1ccc(Cl)c(Cl)c1)C(=O)c1csc(-c2nnc[nH]2)n1,5.6,,1.0107367622478562
CC(C)CCOC1CCN(C(=O)c2cnc(N(C)C)cn2)CC1,,,0.1328317990437138
CC(C)CCOc1ccc(S(=O)(=O)N2CC(=O)Nc3ccccc32)cc1,5.36,,1.8797001763918162
CC(C)CCc1ccc(NC(=O)N2Cc3cn[nH]c3CC(C)(C)C2)nc1,,,0.4126747810652164
CC(C)CCc1ccc(NCc2csc(-c3cnn(C)c3)n2)nc1,,,0.2581330506197671
CC(C)CCn1ccc(NC(=O)NCC2CCC3(CCCC3)O2)n1,5.71,2.02,1.063454656024021
CC(C)CCn1ncc(NC(=O)N2CC(=O)N(C3CC3)C2)c1C(C)C,,,0.6134373376520685
CC(C)CN(CC(N)=O)C(=O)CCCc1ccc2ccccc2c1,,,0.39031746380347565
CC(C)CN(CC(O)c1ccc(F)cc1)C(=O)NCC1CC(=O)Nc2ccccc21,5.04,2.24,0.8812955584974994
CC(C)CN(C[C@@H](O)[C@H](Cc1ccccc1)NC(=O)O[C@H]1CCOC1)S(=O)(=O)c1ccc(N)cc1,4.81,3.87,2.520828978015893
CC(C)CN(C[C@@H](O)[C@H](Cc1ccccc1)NC(=O)O[C@H]1CO[C@H]2OCC[C@H]21)S(=O)(=O)c1ccc(N)cc1,4.49,3.1,2.2772139497953185
CC(C)CN(Cc1cccc(F)c1)C(=O)CCc1cncnc1,4.73,2.89,0.9629000280852575
CC(C)CN(Cc1ccccn1)C(=O)c1cnc2[nH][nH]c(=O)c2c1,,,-0.03612094170956255
CC(C)CN(Cc1cnn(C)c1)C(=O)c1ccc(-n2cccn2)nc1,,,0.5143515887128404
CC(C)CN(Cc1cnn(C)c1)C(=O)c1cccc(-c2ccsc2)c1,5.11,1.84,
CC(C)CN(Cc1cnnn1C1CCCNC1)CC1CCN(C)CC1,,,0.257302363661815
CC(C)CN(Cc1ncc[nH]1)c1ncnc2c1COCC2,,,0.36114262447734424
CC(C)CN(Cc1nnn[nH]1)C(=O)c1ccc(-n2ccnn2)cc1,,,0.050728304032581696
CC(C)CN1CC(C(=O)N2CCN3CCOCC3(CO)C2)CC1=O,,,0.1136519538500037
CC(C)CN1CC(CNC(=O)CCCc2c[nH]c3ccccc23)OCC1=O,5.04,2.06,
CC(C)CN1CC(CNC(=O)c2nccc3ccccc23)OCC1=O,5.06,3.23,
CC(C)CN1CCOC(CNC(=O)N2CCN(c3ccccn3)CC2)C1,,,0.10036097311732854
CC(C)CN1CCOC(CNC(=O)NC(C)C2CCC(F)(F)CC2)C1,,,0.5431287439605673
CC(C)CN1N=C(C(=O)N[C@H](C)c2ccc(C(F)(F)F)cc2)CCC1=O,,,0.5901377584214653
CC(C)CNC(=O)CN1CCOC2(CCS(=O)(=Nc3ccccc3)CC2)C1,,,0.48748537896514993
CC(C)CNC(=O)N1CCCC(C(=O)N(C)Cc2cc[nH]n2)C1,,,0.1393202484482086
CC(C)CNC(=O)N1CCCC(c2nc(-c3cccs3)no2)C1,,,0.5321257373862383
CC(C)COC1CCN(C(=O)NCc2ncnn2C(C)(C)C)C1,,,0.3857822658945097
CC(C)COc1ccc(C(C)(C)NC(=O)C2CCC(O)CC2)cc1,,,0.38191439203517774
CC(C)COc1ccc(C2(C(=O)N3CCc4[nH]ncc4C3)CCC2)cc1,,,0.5863053979970918
CC(C)COc1ccc(C2(c3noc(Cn4cnnn4)n3)CCCC2)cc1,,,0.5753659602208149
CC(C)COc1cccc(Cn2cc(CN3CCOC[C@H]3C)nn2)c1,,,0.7252680381010663
CC(C)COc1ccccc1NC(=O)c1ccc(C(N)=O)s1,5.18,1.87,0.8720059469380701
CC(C)COc1ncccc1C(=O)N1CCC(F)(F)CC1C,,,0.5990250526079133
CC(C)C[C@@H](NC(=O)Cc1nc(-c2ccc(F)cc2)cs1)C(=O)O,,,0.3763500041426941
CC(C)C[C@@H](NC(=O)[C@@H](Cc1ccccc1)NC(=O)[C@H](N)Cc1ccccc1)C(=O)N[C@H](CCCCN)C(=O)N1CCC(N)(C(=O)O)CC1,,,0.13883774974213708
CC(C)C[C@@H](NC(=O)c1cccc(-c2ncc[nH]2)c1)C(N)=O,3.32,,
CC(C)C[C@@H](NS(=O)(=O)c1ccc(C(F)(F)F)s1)C(=O)O,,,0.005112429457600362
CC(C)C[C@H](NC(=O)[C@@H](O)[C@H](N)Cc1ccccc1)C(=O)O,1.83,1.82,-0.4327164611224584
CC(C)C[C@H](NC(=O)[C@H](Cc1ccccc1)NC(=O)c1cnccn1)B(O)O,5.13,5.03,3.957244600009281
CC(C)C[C@H](NC(=O)c1cc2cc(Cl)ccn2n1)C(=O)N1CCOCC1,,,0.4927346474341121
CC(C)C[C@H](NC(=O)c1ccncc1OC(C)C)C(=O)O,,,0.11212784939317005
CC(C)C[C@H](NC(=O)c1cnc2n1CCC2)C(=O)Nc1ccccc1,,,0.3675464837423053
CC(C)C[C@H]1C[C@@H]1c1nc(-c2ccc(N3CCCNC3=O)cc2)no1,,,0.2668933932505353
CC(C)Cc1c[nH]c(C(=O)N2CC(N(C)C(=O)C3(NC(N)=O)CC3)C2)c1,,,0.1408918128645649
CC(C)Cc1cc(C(=O)N2C[C@H]3CC=CC[C@H]3C2)on1,4.64,,
CC(C)Cc1cc(C(=O)N[C@@H](Cc2ccc(O)cc2)C(N)=O)nc(=O)[nH]1,2.37,,
CC(C)Cc1cc(CNS(=O)(=O)c2cc(C(N)=O)cs2)on1,4.01,,
CC(C)Cc1ccc(-c2nc(-c3cc4c([nH]c3=O)CCNC4)no2)cc1,,,-0.0318724067339354
CC(C)Cc1ccc(-c2nc(C3CCC(=O)NC3)no2)s1,,,0.11294917381180015
CC(C)Cc1ccc(-c2noc(C3Cc4ccccc43)n2)c(=O)[nH]1,,,0.6834174160032023
CC(C)Cc1ccc(C(C)C(=O)NCCO)cc1,,,0.44121216457655327
CC(C)Cc1ccc(C(C)C(=O)O)cc1,,,0.08898048101144165
CC(C)Cc1ccc(C(C)C(=O)OCc2ccccn2)cc1,3.68,2.22,0.7892763635508869
CC(C)Cc1ccc(CS(=O)(=O)CC(=O)Nc2ccccc2OC(F)F)cc1,,,0.7885386634407782
CC(C)Cc1ccc([C@H](C)C(=O)O)cc1,,,-0.136677596948991
CC(C)Cc1ccccc1CNC(=O)Nc1ccc(C(=O)N(C)C)cc1,,,0.733204197302649
CC(C)Cc1nc(C(=O)N2CC(O)CC2c2ccccc2)cs1,4.44,3.94,0.9723414736802634
CC(C)Cc1nc(CN(C)S(=O)(=O)C2CCS(=O)(=O)C2)no1,4.19,,
CC(C)Cc1nc(CNC(=O)c2ccncc2F)no1,3.29,,
CC(C)Cc1ncc(C(=O)N2CCC(=O)N(C)c3ccccc32)s1,5.33,1.95,0.957568974027834
CC(C)Cc1ncc(C(=O)N[C@@H]2c3ccccc3C[C@@H]2O)s1,4.86,2.18,0.9320185009652298
CC(C)Cn1c(-c2cccnc2)nnc1N1CCN(C(C)C)CC1,,,0.23213344190058474
CC(C)Cn1c(CC(C)(O)c2ccccc2)nnc1N1CCSCC1,5.19,2.98,1.2250132015684487
CC(C)Cn1cc(C(=O)N2CCCC2c2ccc3c(c2)OCO3)cn1,4.95,1.89,1.0345551781294087
CC(C)Cn1cc(C(=O)NCC2CCCC(C)(C)O2)cn1,4.78,1.94,0.9133484934890242
CC(C)Cn1cc(C(=O)N[C@]23CCCC[C@H]2NC(=O)C3)cn1,,,0.2835641185620962
CC(C)Cn1cc(NC(=O)N2CC[C@H](Oc3ccccc3)C2)cn1,4.15,3.16,0.7494049347438134
CC(C)Cn1cccc(-c2nc(-c3coc(C4CCC4)n3)no2)c1=O,5.2,2.01,1.0796017993846077
CC(C)Cn1cccc(C(=O)N2CC(=O)Nc3ccccc3C2)c1=O,,,0.5947967446673162
CC(C)Cn1cccc(C(=O)Nc2nc3c(s2)CN(C)CC3)c1=O,,,0.2505035726857014
CC(C)Cn1cccc(C(=O)Nc2nnc(-c3ccccn3)s2)c1=O,,,0.36037684347939575
CC(C)Cn1ccnc1NC(=O)c1cc2cccn2cn1,4.21,2.9,0.8951373892368794
CC(C)Cn1cnc(S(=O)(=O)N2CC(=O)Nc3ccccc32)c1,4.64,3.49,0.7961606259171694
CC(C)Cn1cncc1CNC(=O)c1cncc(F)c1,3.16,,
CC(C)Cn1ncc2cc(C(=O)NCC[C@H]3CCCC[C@H]3O)cnc21,4.79,1.95,1.3041639188933452
CC(C)Cn1nccc1C(=O)Nc1ccccc1-c1nnnn1C,,,0.6729065469569162
CC(C)N(C(=O)c1cc(CN(C)C)on1)c1cnc2ccccc2c1,,,0.3240079696723626
CC(C)N(C(=O)c1ccnn1C(C)C)c1ccc(Br)cn1,5.1,1.9,1.149809480761127
CC(C)N(C(=O)c1n[nH]c2ccccc2c1=O)c1ccc(Cl)cc1,4.78,4.24,1.8476665324696464
CC(C)N(C(=O)c1nn(-c2ccc(F)cc2)ccc1=O)c1cccc(F)c1,4.72,2.0,0.9272709799982409
CC(C)N(C)C(=O)C1CCN(C(=O)c2ccnc3ccncc23)CC1,,,0.0604345392785281
CC(C)N(C)C(=O)C1CCN(c2ccc(OCC(F)(F)F)nn2)CC1,,,0.4742241242310618
CC(C)N(C)CCNc1ccc(F)cc1S(=O)(=O)N[C@@H](C)CO,,,0.1056021241062631
CC(C)N(C)Cc1nc(-c2ccc3c(n2)CCCC3)no1,,,0.7090756803357654
CC(C)N(C)S(=O)(=O)c1cccc(C(=O)NCC2(c3ccccn3)CCC2)c1,5.67,2.3,1.4810073600683138
CC(C)N(C)c1ccccc1NS(=O)(=O)c1cnn(C2CCC2)c1,6.494999999999999,2.4,1.6068410864127938
CC(C)N(CCC(C(N)=O)(c1ccccc1)c1ccccn1)C(C)C,,,0.11797709668180535
CC(C)N(CCCCOCC(=O)NS(C)(=O)=O)c1cnc(-c2ccccc2)c(-c2ccccc2)n1,4.87,4.0,1.155880279926007
CC(C)N(CCN)C(C)C,2.73,,
CC(C)N(CCNC(=O)CN1CCCC1=O)C(C)C,2.45,,-0.007031830826805099
CC(C)N(CCO)CC1CCN(C(=O)OC2CCCC2)CC1,,,0.40980756630894544
CC(C)N(Cc1nc2ccccc2c(=O)[nH]1)C(=O)Cc1cccc(C(F)(F)F)c1,5.72,5.44,2.101765847101533
CC(C)N1C(=O)CC[C@H]1C(=O)Nc1nccnc1C1CC1,,,0.0806912698801735
CC(C)N1CCC(C(=O)NCCCc2nc(=O)[nH][nH]2)CC1,,,0.0181069413512328
CC(C)N1CCC(NC(=O)CN2CCC(Cc3nc4ccccc4[nH]3)CC2)CC1,,,0.31109148210620124
CC(C)N1CCC(NC(=O)Cn2cc(CCN3CCCCC3)nn2)CC1,,,0.0462802662640358
CC(C)N1CCC(NS(=O)(=O)CC2OCCC2(C)C)C1=O,4.8,2.43,1.0811092261746922
CC(C)N1CCC(NS(=O)(=O)c2cnc3cccnn23)C1=O,,,0.1987464790296409
CC(C)N1CCC(n2cc(COc3ccccc3Cl)nn2)C1=O,5.03,3.76,1.053895735316401
CC(C)N1CCCC(N2CCN(C(=O)c3ccc4c(c3)OCCN4)CC2)C1=O,,,0.4965519336411446
CC(C)N1CCCN(c2nccc(Oc3ccccc3)n2)CC1,,,0.6801697988271744
CC(C)N1CCN(C(=O)NC2CCCN(c3cc(N4CCOCC4)ncn3)C2)CC1=O,,,-0.014700021642129302
CC(C)N1CCN(C(=O)c2ncccc2C(F)(F)F)CC1=O,,,0.1423048711229004
CC(C)N1CCN(C2CCN(C(=O)C3(O)CCC3)CC2)CC1,,,0.0314429603672932
CC(C)N1CCN(C2CCN(C(=O)Cc3cccc4cnccc34)C2)CC1,,,0.14450286000996848
CC(C)N1CCN(C2CCN(C(=O)c3c(F)cccc3-n3cccn3)C2)CC1,,,0.23387492040522123
CC(C)N1CCN(C2CCN(C(=O)c3ccn(-c4ccc(F)cc4)n3)CC2)CC1,,,0.0890247497040654
CC(C)N1CCN(c2ccc(C(=O)N[C@H]3CCc4nc(N)sc4C3)cc2)CC1,,,0.23175462488466048
CC(C)N1CCN(c2ccc(OC[C@H]3CO[C@](Cn4cncn4)(c4ccc(Cl)cc4Cl)O3)cc2)CC1,4.16,3.08,0.7466742875425757
CC(C)N1CCOC(CC(=O)N(C)CCN2CCCC2)C1,2.5,,
CC(C)N1CCc2onc(C(=O)Nc3ccc4nncn4c3)c2C1,,,0.2590731267356135
CC(C)N=C(N)N=C(N)Nc1ccc(Cl)cc1,,,0.15297116956222312
CC(C)N=c1cc2n(-c3ccc(Cl)cc3)c3ccccc3nc-2cc1Nc1ccc(Cl)cc1,,,0.16972567385904408
CC(C)NC(=O)C1(NC(=O)c2ccnc(OCCO)c2)CC1,,,-0.048053315608978756
CC(C)NC(=O)CNC(=O)N1CCC(c2ccccn2)CC1,,,0.1317722079750213
CC(C)NC(=O)CNc1ccc2nnc(-c3ccccn3)n2n1,,,0.1521966051428534
CC(C)NC(=O)N1CCC[C@H]1C(=O)NC1CCN(c2ccccn2)CC1,,,0.35631213319479527
CC(C)NC(=O)NC1CCN(C(=O)c2ccc3c(c2)N(C)CC3)CC1,,,0.1284131919810835
CC(C)NC(=O)NCCN(C1CCOCC1)C1CCN(S(C)(=O)=O)CC1,3.16,,
CC(C)NC(=O)Nc1ccc(NC(=O)c2cnn(-c3ccccc3)c2C(F)(F)F)cc1,,,0.30222937944091943
CC(C)NC(=O)Nc1cccc(C(=O)NC(c2ccccc2)c2nnc[nH]2)c1,,,0.2685597753595279
CC(C)NC(=O)c1ccc(-c2nc(-c3cnc(C4CC4)nc3N)no2)cc1,,,0.5892621413196777
CC(C)NC(=O)c1ccc(C(=O)N2CCN(c3cncc(F)c3)CC2)cc1,,,-0.13562708470014284
CC(C)NC(=O)c1ccc(C(=O)Nc2ccn(-c3ccncc3)n2)cc1,,,0.45746457553782865
CC(C)NC(=O)c1ccc(Cl)c(NC(=O)c2cc3ncccn3n2)c1,,,0.20562565755124235
CC(C)NCC(O)COc1ccc(CC(N)=O)cc1,,,-0.014956967389641446
CC(C)NCC(O)COc1cccc2ccccc12,,,0.25600019109595007
CC(C)NCC(O)c1cc(O)cc(O)c1,,,0.08007167472127476
CC(C)NCC(O)c1ccc(O)c(O)c1,,,0.0722306533394312
CC(C)NCC(O)c1ccc([N+](=O)[O-])cc1,,,0.0533879897308525
CC(C)NCC(O)c1ccccc1Cl,3.33,1.98,0.7167389598516409
CC(C)NS(=O)(=O)Cc1ccc(CNC2CCC23CCC3)cc1,,,0.39639620740272813
CC(C)NS(=O)(=O)N1CCN(CC(O)CC2CCCC2)CC1,,,0.2600236337894912
CC(C)Nc1ccc(C(=O)N2CCC(n3cccn3)C2)cn1,,,0.2811659479621757
CC(C)Nc1ccc(C(=O)N2CCC3(C2)OCCCO3)cc1,,,0.1725023965089238
CC(C)Nc1ccc(C(=O)N2CCCC(c3n[nH]c(=O)o3)C2)cn1,,,0.3340876648274563
CC(C)Nc1ccc(C(=O)N2CCc3[nH]c4ccccc4c3C2)cn1,,,0.5327659646931642
CC(C)Nc1ccc(C(=O)Nc2cccc3c2cnn3C)cn1,,,0.46637561998802496
CC(C)Nc1cccc(-c2cn(CCn3cccn3)nn2)c1,4.83,2.0,1.2096559598223153
CC(C)Nc1cccnc1N1CCN(C(=O)c2cc3cc(NS(C)(=O)=O)ccc3[nH]2)CC1,,,0.4706881226413838
CC(C)Nc1ncc(C(=O)NC2CCSC2)cn1,3.73,,
CC(C)Nc1ncc(C(=O)N[C@@H](Cc2ccccc2)C(N)=O)cn1,4.13,,
CC(C)OC(=O)C(C)(C)Oc1ccc(C(=O)c2ccc(Cl)cc2)cc1,4.92,2.05,1.1842024340650064
CC(C)OC(=O)CCC/C=C\C[C@@H]1[C@@H](/C=C/C(F)(F)COc2ccccc2)[C@H](O)C[C@@H]1O,4.92,1.98,1.8385084719876892
CC(C)OC(=O)[C@H](C)N[P@](=O)(CO[C@H](C)Cn1cnc2c(N)ncnc21)Oc1ccccc1,,,-0.0660269864203058
CC(C)OC(=O)[C@H](C)N[P@](=O)(OC[C@H]1O[C@@H](n2ccc(=O)[nH]c2=O)[C@](C)(F)[C@@H]1O)Oc1ccccc1,4.48,2.25,1.0187612543146474
CC(C)OC1CCCN(C(=O)c2ccc(-c3nn[nH]n3)s2)C1,,,0.1465153559558471
CC(C)OCc1ccc(C(=O)Nc2ccc3c(c2)C(=O)NCC3)cc1,,,0.1081777284188392
CC(C)Oc1cc(-c2noc(-c3cc4cc(F)ccc4nc3O)n2)ccn1,,,0.02593712001624435
CC(C)Oc1cc(NC(=O)NCc2noc3c2COCC3)ccn1,4.84,3.03,1.3694290861706049
CC(C)Oc1ccc(-c2cn(C3CCc4cccnc43)nn2)cn1,5.14,4.24,1.954458228177256
CC(C)Oc1ccc(C(=O)NC(C)(C2CC2)C(F)(F)F)cn1,5.24,1.81,0.9244777352628294
CC(C)Oc1ccc(C(=O)Nc2cccc(-c3nnc[nH]3)c2)cn1,,,0.4559659195770219
CC(C)Oc1ccc(C(C)NC(=O)c2cnnn2C)cc1,,,0.21399083348681266
CC(C)Oc1ccc(Cc2nc(Cn3ccnn3)no2)cc1,,,0.5195668762083577
CC(C)Oc1ccc(N(C)C(=O)c2cc3n(n2)CCNS3(=O)=O)cc1,,,0.1587014068410777
CC(C)Oc1ccc(NC(=O)c2ccc3[nH]c(=O)n(C)c3c2)c(F)c1,,,0.0570341930489666
CC(C)Oc1ccc(NC(=O)c2cccn3c(=O)[nH]nc23)c(Cl)c1,,,-0.2614100513150339
CC(C)Oc1ccc(S(=O)(=O)N(C)C)cc1NS(=O)(=O)CCC(C)(C)C,5.59,3.77,1.8339776372031515
CC(C)Oc1ccc(S(=O)(=O)N(C)c2ccccc2C(=O)O)cn1,,,0.045232596943212855
CC(C)Oc1ccc(S(=O)(=O)Nc2ccc3c(c2)CN(C2CCC(=O)NC2=O)C3=O)cc1,,,0.4198225443919727
CC(C)Oc1ccc(S(=O)(=O)Nc2cn(C)nc2C(F)F)cn1,4.57,5.32,1.2353022133261304
CC(C)Oc1ccc(S(C)(=O)=O)cc1C(=O)NCCN1CCN(c2ncccn2)CC1,,,0.0985172420266793
CC(C)Oc1ccc2c(NCc3ccc4[nH]c(=O)[nH]c4c3)ccnc2c1,,,0.1942792474320125
CC(C)Oc1cccc(C(=O)N(C)Cc2ccc(C(=O)O)cc2)n1,,,0.363895702918264
CC(C)Oc1cccc(C(=O)N2CCOC3(CCSC3)CC2)n1,,,0.4838129361130537
CC(C)Oc1cccc(C(=O)Nc2c[nH]nc2-c2ccccn2)n1,,,0.07780992175382656
CC(C)Oc1cccc(CN(C)C(=O)c2ccnc(N3CCOCC3)n2)c1,,,0.7476946794492989
CC(C)Oc1ccccc1-c1nc(-c2cnccn2)no1,4.3,3.18,0.9224041519505051
CC(C)Oc1ccccc1CC(=O)NC1CCN(Cc2ccccc2)C1=O,5.19,3.18,1.06577707278386
CC(C)Oc1cncc(-c2cccc3c2CN(C2CCC(=O)NC2=O)C3=O)c1,,,0.08724477706525224
CC(C)Oc1cncc(C(=O)N2CC(C)OCC2c2ccccc2)c1,4.83,4.49,1.156906848885001
CC(C)Oc1cncc(C(=O)N2CCCC(c3ncc[nH]3)C2)c1,,,0.1609099446263331
CC(C)S(=O)(=O)N1CCC(NC(=O)c2cn(-c3ccccc3)cn2)CC1,,,0.0762560939552561
CC(C)S(=O)(=O)N1CCC(NC(=O)c2nn(C)c3c2CCCC3)CC1,,,0.0473900314197304
CC(C)S(=O)(=O)N1CCC(Nc2nc3c(cnn3C)c(=O)[nH]2)CC1,,,0.13879453217591814
CC(C)S(=O)(=O)c1ccccc1C(=O)N1CC2(CCC2)c2ccccc21,5.54,3.99,1.6032965470445992
CC(C)S(=O)(=O)c1ccccc1C(=O)Nc1ccc(-c2nc(-c3ccccc3)n[nH]2)cc1,,,0.7209376828798508
CC(C)SCCNC(=O)Nc1cccc2c1CN(C)C2=O,,,0.2513835628899523
CC(C)[C@@H](CCNC(=O)[C@H]1C[C@@H]1C(F)F)NC(=O)c1ccc2[nH]c(=O)oc2c1,,,0.2780563774247336
CC(C)[C@@H]1CC[C@@H](C)C[C@]1(O)CNS(=O)(=O)CCn1cccn1,4.78,,1.7013283809654285
CC(C)[C@@H]1CN(C(=O)c2ncn[nH]2)C[C@H]1NS(=O)(=O)N(C)C,3.24,,
CC(C)[C@H](C(=O)Nc1ccncc1F)N1Cc2ccccc2C1=O,5.15,3.1,0.8175828010325551
CC(C)[C@H](N)C(=O)O,,,-0.15550628591694374
CC(C)[C@H](N)C(=O)OCCOCn1cnc2c(=O)[nH]c(N)nc21,,,0.19758229132378083
CC(C)[C@H](NC(=O)c1cnc2c(c1)NC(=O)CN2)C(=O)OCC1CC1,,,0.183719723093256
CC(C)[C@H](NS(=O)(=O)c1csc(-c2ccccc2)n1)C(=O)O,,,0.3399785863867329
CC(C)[C@H]1CC[C@H](C(=O)N[C@H](Cc2ccccc2)C(=O)O)CC1,,,0.43521675353262673
CC(C)[C@H]1OCCC[C@H]1C(=O)NS(=O)(=O)c1cnccn1,,,0.0565082001197349
CC(C)c1[nH]ccc1C(=O)NC1(c2ccccc2)COC1,,,0.515531649287107
CC(C)c1[nH]ccc1C(=O)NC1COc2c1ccc(Cl)c2Cl,5.67,1.86,1.6413359370593934
CC(C)c1c(C(=O)N[C@@H]2C=C[C@H](CO)C2)cnn1-c1ccccc1Cl,5.82,,0.8939902610239194
CC(C)c1c(C(=O)Nc2ccccc2)c(-c2ccccc2)c(-c2ccc(F)cc2)n1CC[C@@H](O)C[C@@H](O)CC(=O)O,4.86,3.02,1.328502608862267
CC(C)c1c(NC(=O)N2CCS(=O)(=O)C3(CCCCC3)C2)cnn1-c1ccccc1,,,0.45332656140210004
CC(C)c1cc(C(=O)N2CCCC2c2cccnc2)n(C)n1,,,0.25069093593239666
CC(C)c1cc(C(=O)NC(C)c2nnnn2-c2ccccc2)c2cnn(C(C)C)c2n1,5.63,3.09,1.0980405571948295
CC(C)c1cc(C(=O)NCC2(C(=O)O)CCOCC2)n[nH]1,,,0.23410374357306746
CC(C)c1cc(C(=O)NCCc2nnc(N)s2)nc(N)n1,3.28,,
CC(C)c1cc(C(=O)NCc2cccc(N3CCOCC3)n2)on1,4.63,1.98,0.7131700557255156
CC(C)c1cc(C(=O)Nc2ccc(NC(=O)C3CC3)nc2)n(C)n1,,,0.2970847286511392
CC(C)c1cc(C(F)(F)F)c(NC[C@]2(CO)COC[C@@H](C)N2)nn1,,,0.4373681720209416
CC(C)c1cc(C2CCCN(C(=O)C(=O)Nc3cccnc3)C2)[nH]n1,,,0.3481030799978923
CC(C)c1cc(C2CCCN(C(=O)c3nncc4ccccc34)C2)[nH]n1,,,0.3641609385369101
CC(C)c1cc(CN(C)C(=O)NCc2nc(-c3ncccn3)no2)on1,3.43,,
CC(C)c1cc(CNC(=O)CC2C=CCC2)on1,4.16,,
CC(C)c1cc(CNC(=O)c2cnc3c(c2)c(=O)[nH]c(=O)n3C2CC2)on1,,,0.11258324897660955
CC(C)c1cc(NC(=O)NCCN2C(=O)CCC2=O)no1,,,0.2639675796012582
CC(C)c1cc(NCc2nnc(C(C)C)n2C)nc(C(C)C)n1,4.53,3.91,0.7697179523244322
CC(C)c1ccc(-c2noc(CNC(=O)NCc3ccco3)n2)cc1,4.79,4.96,1.4150694214364745
CC(C)c1ccc(-n2cc(O)c(C(=O)N3CCC=C(F)C3)n2)cc1,4.53,4.78,1.2718282404436354
CC(C)c1ccc(C(=O)N2CCN(c3ccc(C#N)cc3F)CC2)cn1,,,0.30231927780502
CC(C)c1ccc(C(=O)N2CCOc3ccccc3C2C)c(=O)[nH]1,,,0.5668007602704592
CC(C)c1ccc(C(=O)NCc2ccnc(-n3ccnc3)c2)cn1,,,0.0064584244004203
CC(C)c1ccc(C(CCO)Nc2ccn3ncc(Br)c3n2)cc1,,,0.39890545499853564
CC(C)c1ccc(CC2CCN(Cc3nnnn3C)C2)cc1,,,0.23783683896771413
CC(C)c1ccc(CN(C)C(=O)C(C)(C)c2nn[nH]n2)cc1,,,0.29351851392043726
CC(C)c1ccc(CNC(=O)NCC2CC3(CC3)S(=O)(=O)N2)cc1,4.31,1.94,0.7373667756492788
CC(C)c1ccc(Cl)c(S(=O)(=O)N2CCC(C)(O)CC2)c1,5.74,1.85,1.933401433041633
CC(C)c1ccc(NC(=O)NCCc2ncnn2C)cc1,3.98,,
CC(C)c1ccc(OC2CCN(C(=O)c3ccnc(NC(=O)C4CC4)c3)CC2)cc1,,,0.0692660829463919
CC(C)c1ccc(OCC(=O)N2CCCN(C(=O)C3CC3)CC2)cc1,5.81,1.83,1.382089899776707
CC(C)c1ccc(OCC(=O)NCCc2ccnc(N)c2)cc1,,,0.24160810630853008
CC(C)c1ccc(OCC(=O)Nc2ccc(OC3COC3)cc2)cc1,,,0.24557587419753296
CC(C)c1ccc(OCc2ccc(C(=O)N3CCN(c4ccccn4)CC3)cc2)cc1,3.0,,
CC(C)c1ccc(OCc2ccc(C(=O)O)cc2)cc1,2.98,,
CC(C)c1ccc2c(c1)C(NC(=O)N1CCCC(c3ncc[nH]3)C1)CC2,,,0.46942060189943136
CC(C)c1ccc2c(c1)C(Nc1nc(=O)c3cn[nH]c3[nH]1)CC2,,,0.9133453684888401
CC(C)c1ccc2c(c1)[C@@H](NC(=O)c1c[nH]c(C(=O)N3CCCC3)c1)CCC2,5.25,3.08,1.0184896229624678
CC(C)c1ccc2c(c1)[C@@H](NC(=O)c1c[nH]nc1C1CCCNC1)CCO2,,,0.259620103126374
CC(C)c1ccc2ncnc(N3CC(n4cccn4)C3)c2c1,,,0.6645488844794978
CC(C)c1cccc(-c2ccc3ncn(C)c(=O)c3c2)c1,,,0.47128792701655375
CC(C)c1cccc(C(=O)N2CCC(N3CCCNC3=O)CC2)n1,,,0.2521692512622913
CC(C)c1cccc(C(=O)Nc2cc(C3CCCO3)n[nH]2)c1,,,0.6820485806247546
CC(C)c1cccc(C(=O)O)c1NS(=O)(=O)c1cnc2n1CCC2,,,0.4185066283923483
CC(C)c1cccc(C(C)C)c1O,,,0.20718777784660286
CC(C)c1cccc(NC(=O)CN2CCC(c3ccn(C)n3)CC2)c1,,,0.8552607102858614
CC(C)c1cccc(NC(=O)CNC2C(=O)NCC23CCOCC3)c1,,,0.6932722848625532
CC(C)c1cccc(NC(=O)N2CCC3(CC2)NC(=O)N(C)C3=O)c1,,,-0.04274364883131776
CC(C)c1cccc(NC(=O)N2CCn3ncc(CO)c3C2)c1,,,-0.02124053383948555
CC(C)c1cccc(Nc2nc(C3COCCO3)cs2)c1,4.95,2.14,0.8876004582051871
CC(C)c1cccc(OCC(O)CC2(O)CCOCC2)c1,,,0.5171172661855428
CC(C)c1ccccc1-c1nc(C2CCS(=O)(=O)C2)no1,,,0.613406780636121
CC(C)c1ccccc1C(C)NC(=O)N1CCc2ncnc(N)c2C1,,,0.3798562563922311
CC(C)c1ccccc1NC(=O)[C@H]1C[C@H]1CNC(=O)OC(C)(C)C,5.16,,1.656642064862195
CC(C)c1ccccc1OCC(=O)N1CCC(c2nncn2C)CC1,,,0.3676610638196884
CC(C)c1ccnc(N2CCN(C(=O)c3ccnc(C4CC4)n3)CC2)n1,5.52,2.77,1.0882589628777466
CC(C)c1ccnc(N2CCN(c3noc(-c4ccccc4)n3)CC2)n1,,,0.195859175302351
CC(C)c1ccoc1C(=O)N1CCN(C(=O)c2cccnc2)CC1,,,0.2817035350387309
CC(C)c1cnc(S(=O)(=O)Cc2nnnn2C2CC2)n1C,,,0.229585277124718
CC(C)c1csc(C2CCCN(C(=O)c3n[nH]c4ccccc34)C2)n1,,,0.42478026050573753
CC(C)c1csc(CNC(=O)c2ccc(N(C)C)c(C=O)c2)n1,4.04,,
CC(C)c1n[nH]c([C@H]2CN(c3cnccn3)C[C@@H]2C2CC2)n1,,,0.6341160819147319
CC(C)c1nc(-c2cnn3c2CCCC3C)n(C2CCS(=O)(=O)C2)n1,,,0.5073770344494956
CC(C)c1nc(C(=O)N2CCC=C(F)C2)nn1-c1ccccc1F,5.22,4.87,1.1601450268667741
CC(C)c1nc(C(=O)NC2(c3nnc(N)s3)CCCCC2)cs1,5.54,,
CC(C)c1nc(C(=O)Nc2ccccc2C(=O)O)nn1-c1cccc(F)c1,5.58,2.06,0.6421791172837155
CC(C)c1nc(C2(NC(=O)c3cccc(C(=O)O)n3)CCCC2)no1,,,0.075238960841477
CC(C)c1nc(C2CCN(C(=O)c3ccc(C(N)=O)s3)CC2)no1,,,0.040949919511148444
CC(C)c1nc(CC(=O)Nc2cnn(C3CCC3)n2)n(C)n1,,,0.0864403153660392
CC(C)c1nc(CN(C)C(=O)N[C@H](C(=O)N[C@@H](Cc2ccccc2)C[C@H](O)[C@H](Cc2ccccc2)NC(=O)OCc2cncs2)C(C)C)cs1,5.55,1.8,1.8945327164685701
CC(C)c1nc(CN(CC2(F)CCOCC2)c2nc(C3CC3)ns2)cs1,5.33,4.77,1.6436447531929828
CC(C)c1nc(CNC(=O)c2c[nH]c(=O)c3cncn23)c[nH]1,,,0.03541943369039106
CC(C)c1nc(CNc2ccc3c(c2)C(=O)NCC3)no1,,,0.4472995846953438
CC(C)c1nc(N(C)S(C)(=O)=O)nc(-c2ccc(F)cc2)c1/C=C/[C@@H](O)C[C@@H](O)CC(=O)O,,,0.16328446954615544
CC(C)c1nc(S(=O)(=O)Nc2cccc(NC(=O)C3CCCCC3)c2)c[nH]1,4.87,4.19,1.5899502009337971
CC(C)c1nc2n(n1)CC(NC(=O)C(C)(O)C(C)c1ccccc1)CC2,,,0.31911282519929224
CC(C)c1ncc(C(=O)N2CCC(Cc3nc4ccccc4[nH]3)CC2)s1,,,0.15693236395543042
CC(C)c1ncc2c(n1)CCN(C(=O)c1nn[nH]c1C1CC1)C2,,,0.13758367970980276
CC(C)c1ncc2c(n1)CN(C(=O)C1CN(C)C(=O)N1)CC2,,,-0.11271686848124796
CC(C)c1nccc(C(=O)N2CCc3n[nH]cc3C2)n1,2.43,,
CC(C)c1nccc(N2CCC(C(C)(O)C(F)(F)F)CC2)n1,,,0.1800704971043202
CC(C)c1nccc(N2CCC(CO)(Cc3ccc(F)cc3)C2)n1,,,0.1576322521743928
CC(C)c1nccc(N2CCN(c3cccc4[nH]c(=O)[nH]c34)CC2)n1,2.1,2.03,
CC(C)c1nccc(N2CCN(c3cnccn3)C(C)C2)n1,,,0.1048170269736499
CC(C)c1nccn1CC(=O)N1Cc2ncccc2N2CCC[C@H]2C1,4.8,2.73,1.0207065373896087
CC(C)c1nccn1CCNC(=O)c1ccc(-c2ccc(F)cc2)cc1F,,,-0.1021267527977312
CC(C)c1nccn1Cc1cccc(NC(=O)NC2CC3CCCC(C2)N3C)c1,,,0.0904601905803654
CC(C)c1ncncc1C(=O)N1CCOC(Cc2ccccc2)C1,,,0.2657717891004563
CC(C)c1ncncc1C(=O)Nc1nc2ccc(S(=O)(=O)N3CCCC3)cc2s1,4.26,3.68,1.0577012994703976
CC(C)c1ncsc1C(=O)N1CCC(CCCn2ccnc2)CC1,,,0.5438321298525642
CC(C)c1nn(-c2ccccc2)cc1CNC(=O)N1CCOC(C)(C2CC2)C1,,,0.6604663985848976
CC(C)c1nn(-c2ccccc2)cc1CNC(=O)c1cccn(C)c1=O,4.47,3.17,0.8646378286965357
CC(C)c1nn(C(C)(C)C)c(O)c1C=O,4.12,,
CC(C)c1nn(C)cc1-c1noc(C2CC3C=CC2C3)n1,,,0.5421879250769974
CC(C)c1nnc(CCC(=O)NC2CCN(CCc3ccccc3)CC2)o1,,,0.0407501564023538
CC(C)c1nnc(NC(=O)c2nc(N3CCCC3)ncc2Cl)[nH]1,,,0.6668986859081729
CC(C)c1nnc2c(NC3CCCC3CNS(C)(=O)=O)nccn12,4.9,3.18,0.8023786668285975
CC(C)c1nnsc1CNC(=O)[C@@H]1COC(=O)N1,3.2,,
CC(C)c1noc(-c2ccccc2C(=O)NC2COC2)n1,,,0.45548931990449354
CC(C)c1noc(=O)n1CC(=O)N1c2ccccc2CCC1C,5.61,4.08,1.4938313075480352
CC(C)c1noc(C(C)NC(=O)Cc2c[nH]c(=O)n(C)c2=O)n1,2.73,,
CC(C)c1noc(CCCNC(=O)C2CCC(O)CC2)n1,,,0.21385489310451072
CC(C)c1noc(CCNC(=O)Cc2ccc(-n3cnnn3)cc2)n1,3.49,,
CC(C)c1noc2nc(C3CC3)cc(C(=O)N3CCc4cccc(F)c43)c12,5.6,5.63,2.243005489738721
CC(C)c1nsc(CN2CC34CCCCC3(CN(C)C4)C2)n1,4.53,3.03,0.8753207198057891
CC(C)c1nsc(NC(=O)NCC2COC3(CCCCC3)O2)n1,,,0.6988776968136428
CC(C)c1occc1C(=O)N(C)C1CCCN(c2ccccc2)C1=O,4.85,4.82,1.4709723043308383
CC(C)c1ocnc1C(=O)N(C)CCN(C)C(=O)C1CCC(C(F)(F)F)C1,4.68,3.82,0.8105993672658383
CC(C)c1ocnc1C(=O)NC[C@H]1[C@H](c2ccccc2)C1(F)F,6.13,,1.9981825975863283
CC(C)c1oncc1NC(=O)c1ccc2nnc(C(F)F)n2c1,,,0.3924575810355515
CC(C)n1c(-c2ccc(Oc3cnccn3)cc2)nc2ccccc21,4.78,4.36,0.682780819687852
CC(C)n1c(/C=C/[C@@H](O)C[C@@H](O)CC(=O)O)c(-c2ccc(F)cc2)c2ccccc21,4.79,3.0,1.4436147929398453
CC(C)n1c(=O)n(CC(=O)NCCCc2ccccc2)c2cc(S(=O)(=O)N3CCCC3)ccc21,5.26,3.64,
CC(C)n1c(C2CCCN(C(=O)Cc3cncs3)C2)nc2ccccc21,,,0.4277533658065935
CC(C)n1cc(-c2cn(CC3CCNC(=O)CC3)nn2)cn1,,,0.02617814850387945
CC(C)n1cc(C(=O)N2CCOC(c3cccc(O)c3)C2)cn1,,,0.1976625283525866
CC(C)n1cc(C(=O)NC2CCN(C(=O)CCc3ccccc3)CC2)nn1,,,0.2523532937125068
CC(C)n1cc(NC(=O)c2cc(-c3ccn(C)c3)[nH]n2)cn1,,,0.3436144632332213
CC(C)n1cc([C@@H]2CN(c3ccc4nnc(-c5ccccc5F)n4n3)C[C@H]2CO)cn1,,,-0.0519185269889219
CC(C)n1ccc(C(=O)N2CCN(C(=O)c3ccc(O)cc3)CC2)n1,,,0.14228903929860223
CC(C)n1ccc(CC(=O)N2CCCCC2CS(C)(=O)=O)n1,,,0.4162479609405838
CC(C)n1ccc(CC(=O)Nc2ccn(CC(=O)O)n2)n1,,,0.08078986087543559
CC(C)n1ccc(CN2CCCNC(=O)C2Cc2ccccc2)n1,4.26,5.22,1.0880090257813315
CC(C)n1ccc(CNC(=O)c2cn(C)nc2-c2ccco2)n1,,,0.5241452211251432
CC(C)n1ccc(CS(=O)(=O)C2CCCc3ccccc32)n1,,,0.9391052341561782
CC(C)n1ccc2cc(C(=O)NC3CCOC(C)(C)C3)ccc21,4.87,3.59,1.255951142132666
CC(C)n1cccc1C(=O)N1CCC(Cc2nnn[nH]2)CC1,,,-0.017273066408671604
CC(C)n1ccnc1CNC(=O)N1CCC[C@@H]1C(N)=O,2.74,,
CC(C)n1cnc(S(=O)(=O)N2CCOC(C3CCC3)C2)c1,,,0.7047559630433968
CC(C)n1cnc(S(=O)(=O)NCc2ccc(CC(=O)O)cc2)c1,,,0.2819088361325241
CC(C)n1nc(-c2ccccc2)cc1NC(=O)N1CCN2CCOCC2C1,,,0.059954309460369296
CC(C)n1ncc2c(=O)n(CC(=O)N3CCc4sccc4C3)cnc21,,,0.3594991465580737
CC(C)n1ncc2c(C(=O)Nc3ccc(S(C)(=O)=O)cc3)cc(-c3cccs3)nc21,5.0,5.54,1.0085366004036356
CC(C)n1ncc2c1C(NC(=O)Cc1cncs1)CCC2,,,0.1389839395347919
CC(C)n1ncc2cc(C(=O)N3CCOCc4ccccc43)cnc21,4.68,1.92,1.2750739450263904
CC(C)n1ncc2cc(C(=O)NC(C(=O)O)c3ccc4c(c3)CCO4)cnc21,,,0.08657039313308004
CC(C)n1ncc2cc(C(=O)OCC(=O)NCCOc3ccc4c(c3)OCO4)cnc21,,,0.4050380565137994
CC(C)n1ncc2cc(NC(=O)c3cn(Cc4cccc(F)c4)nn3)ccc21,,,0.6147766481910966
CC(C)n1ncc2cc(NS(=O)(=O)c3cncc(Cl)c3)cnc21,4.6,,2.605206466395672
CC(C)n1ncc2cc(S(=O)(=O)N3CCN(C)CC3c3ccccc3)ccc21,4.81,2.38,1.0772561502560822
CC(C)n1nccc1C(=O)N1C[C@@H]2Oc3c(F)ccc(F)c3O[C@@H]2C1,,,0.580043564353373
CC(C)n1nccc1C(=O)NCC1CCOc2ccccc21,,,0.27777267881725926
CC(C)n1ncnc1CNC(=O)c1ccc(S(C)(=O)=O)cc1,,,0.18054247731735087
CC(C)n1nnc(NC(=O)N2CC3(CCC3)C2c2ccccc2)n1,5.56,2.98,1.4036859514201074
CC(C)n1nnnc1-c1ccc(NS(=O)(=O)c2cnn(C)c2)cc1F,4.12,2.93,0.9216129475914303
CC(C)n1nnnc1-c1cccc(NC(=O)[C@H]2OCCO[C@H]2C)c1,,,0.44150233443058357
CC(C1CC1)n1cc(NC(=O)Cn2nc(-c3ccccc3)ccc2=O)cn1,,,0.6450121972890034
CC(C1CC1)n1cc(NC(=O)NC2CCCOc3cc(F)ccc32)cn1,5.54,,1.1830309929203402
CC(C1CC1)n1cc(NC(=O)c2cc(=O)[nH]c3cc(F)ccc23)cn1,,,0.2995083695357994
CC(C1CC1)n1cc(Nc2nccn3c(-c4cnccn4)nnc23)cn1,,,0.4181084205525236
CC(C1CC1)n1nccc1NC(=O)c1noc2c1COCC2,,,0.24602646652663104
CC(C1CCOCC1)n1nc(-c2ccncc2)nc1CC1CCN(C)C1=O,,,0.3605782467565747
CC(C1Cc2ccccc2O1)N(C)C(=O)Nc1ccncc1,,,0.12746545029655476
CC(C1Cc2ccccc2O1)N(C)C(=O)c1ccc(F)c(S(N)(=O)=O)c1,4.86,2.87,0.810996962512261
CC(CC(=O)N(C)c1cccc(OC(F)(F)F)c1)C1CCNCC1,,,0.25047413724661044
CC(CC(=O)N1CCN(C(=O)C2CCCCC2)CC1)c1cccnc1,,,0.5449898652190551
CC(CC(=O)N1CCN(C(=O)c2ccc3c(c2)OCO3)CC1)c1ccco1,,,0.062098148532805736
CC(CC(=O)N1CCN(c2nc(O)c3c(ncn3C)n2)CC1)c1ccccc1,,,0.1554921824064829
CC(CC(=O)NC(CO)C(O)c1cccnc1)c1ccc(Br)cc1,,,0.21172474366444136
CC(CC(=O)NC1CCC2(CC1)N=N2)c1ccc(F)cc1,4.18,6.16,1.6039848128767278
CC(CC(=O)NC1CCCC1)c1ccccc1,4.24,,
CC(CC(=O)NCc1ccc(C(=O)Nc2ccncc2)cc1)C1CCCCC1,6.205,2.7,0.626811720870122
CC(CC(=O)Nc1cccc(C(=O)N2CCCCC2C(=O)O)c1)C(F)(F)F,,,0.16407798262276624
CC(CC(=O)O)c1ccccc1,3.24,,
CC(CC(O)c1ccc(F)cc1)NC(=O)C(=O)Nc1ccc(Cl)c2ncccc12,,,0.7386993681054091
CC(CC1CN(C(=O)OC(C)(C)C)C1)NC(=O)C(C)n1cccn1,,,0.7751053860706048
CC(CCC1CCCO1)NC(=O)c1cc2c(cc1F)CCNC2,,,0.0713436776045444
CC(CN(C)C(=O)CN1Cc2ccccc2OC1=O)c1nnn[nH]1,,,0.0246382011956693
CC(CN1CCN(C)CC1)NC(=O)NC1CCCN(c2ccccc2F)C1=O,,,0.15718633549973846
CC(CN1CCN(c2ccccn2)CC1)NC(=O)c1c[nH]c2cccnc12,,,0.6184549756797366
CC(CN1CCOCC1)NC(=O)c1cccnc1C(F)(F)F,,,-0.05787071222533985
CC(CN1c2ccccc2Sc2ccccc21)N(C)C,,,0.5008507357352134
CC(CNC(=O)C1CCC(=O)N(C2CC2)C1)(c1ccccc1)c1ccccc1,4.61,,
CC(CNC(=O)C1CCN(c2ccc(F)cc2C#N)CC1)NC(=O)OC(C)(C)C,,,0.5035855135137636
CC(CNC(=O)CCn1c(N2CCCCC2)nc2ccsc2c1=O)c1ccccc1,5.14,4.07,
CC(CNC(=O)N(C)Cc1ccncc1)N1CCc2ccccc2C1,,,0.3029753572937925
CC(CNC(=O)N[C@H]1c2ccccc2C[C@H]1O)c1nc(-c2ccccc2)no1,4.87,2.58,0.9039431289511451
CC(CNC(=O)c1c2c(nc3ccccc13)C(=Cc1cccs1)CC2)c1nncn1C,4.68,3.2,1.0537461616186259
CC(CNC(=O)c1cc(-c2ccccn2)nc2ccccc12)N(C)C1CC1,4.86,,1.4396219338980363
CC(CNC(=O)c1cccc2c1CNCC2)c1ccc(F)cn1,4.21,3.06,0.72106579560276
CC(CNC(=O)c1ccccc1Cn1cc(-c2cccc(Cl)c2)nn1)C(=O)OC(C)(C)C,5.68,,1.6758830279506687
CC(CNS(=O)(=O)Cc1ccccc1F)N1CCCCC1=O,,,0.46950173754838104
CC(CNS(=O)(=O)c1cnn(-c2ccccc2)c1)N1CCCCC1=O,5.05,1.92,0.8437796806194209
CC(CNc1nc(-c2ccncc2)nc2ccccc12)S(C)(=O)=O,4.71,4.37,0.7688043976931311
CC(CNc1nccc(C(F)(F)F)n1)CN1CCOCC1,4.04,1.97,1.028232806875942
CC(CO)(CNc1ncnc2sccc12)Cc1cccs1,3.14,2.58,
CC(CO)CNC(=O)c1ccc(C(C)(C)C)cc1[N+](=O)[O-],4.65,2.89,1.0025835154366534
CC(COC1CCOC1)NC(=O)c1cnc2cc(O)ccc2c1,,,0.2319716877872567
CC(COC1CCOC1)NC(=O)c1n[nH]c2ccc(Cl)cc12,4.95,3.17,1.0365150388776236
CC(COCC1CCCCC1)NC(=O)C1CC(O)CN1C(=O)Cc1ccccc1F,4.65,,2.2584448033218525
CC(COc1ccccc1)N(CCCl)Cc1ccccc1,4.9,1.9,1.3805671672892377
CC(CS(=O)(=O)N1CCc2cnccc21)c1ccccc1,5.12,1.83,0.7951555031676676
CC(CS(C)(=O)=O)c1nc(C2(c3cccc(Cl)c3)CCC2)no1,5.48,3.97,1.2224873422397202
CC(Cc1ccc(F)cc1)C(=O)Nc1ccc(-n2ccnc2)nc1,,,0.6855367439883927
CC(Cc1ccc(NC(=O)c2ccc3[nH]ncc3c2)cc1)C(=O)O,5.08,2.76,-0.5767859870053565
CC(Cc1ccc(NC(=O)c2cnc3ccsc3c2)cc1)C(=O)O,,,0.3462334634420334
CC(Cc1ccc(NC(=O)c2cnn(C3CC3)c2)cc1)C(=O)O,,,0.13313093047121305
CC(Cc1ccc(NC(C)C2CCS(=O)(=O)CC2)cc1)C(=O)O,,,0.0120003282838433
CC(Cc1ccc(O)cc1)NC(=O)C1CCCN(C(=O)NC2CCCC2)C1,,,0.26203174757056924
CC(Cc1ccc(O)cc1)NC(=O)N1CCc2cc(Cl)ccc2C1,5.22,1.86,1.0315770938235782
CC(Cc1ccc2ccccc2n1)Sc1nc(C2CC2)nc2c1c(=O)[nH]c(=O)n2C1CC1,4.93,2.41,1.0635415596451654
CC(Cc1ccccc1C(F)(F)F)N(C)C(=O)Nc1ccc(F)cc1,5.31,4.7,1.6101452042036635
CC(Cc1cccnc1)NC(=O)NC1CCC2(CC1)COC2,,,0.10010409349391286
CC(Cc1cccnc1)NC(=O)c1cc(C(C)(C)C)n2ncnc2n1,6.11,3.84,1.3361402039286938
CC(Cc1cccnc1)NC(=O)c1ccnc(N2CCOCC2)n1,,,0.1230787052275996
CC(Cc1cccs1)NC(=O)c1cccc(Cn2cccn2)c1,4.68,,
CC(Cc1ccncc1)NC(=O)N1CC2(CCC2)C1C1CCOCC1,,,0.5345695751577336
CC(Cc1cn(C)c2ccc(F)cc12)N1C(=O)CNC1=O,,,0.42660108228513666
CC(Cc1cn(C)c2ccc(F)cc12)Nc1ncnc2c1ncn2C,,,0.1561528648612867
CC(Cc1cncc2ccccc12)C(=O)N1CCCC1(C)C(=O)O,,,0.1914826273338152
CC(Cc1nc(-c2ccc(S(C)(=O)=O)cc2)no1)C(F)(F)F,,,0.03073687658650965
CC(Cc1nc(-c2cccc(S(C)(=O)=O)c2)nn1C12CC(C1)C2)c1ccccc1,5.64,4.42,1.5609731743771824
CC(Cn1cc(COc2ncccn2)nn1)C1CCCCC1,5.07,2.45,1.0615548599491569
CC(Cn1cncn1)C(=O)N1CCCN(C(=O)c2c[nH]c(=O)[nH]2)CC1,1.88,,
CC(Cn1cncn1)NCC1(c2cccc(F)c2)CCCC1,4.38,,
CC(Cn1ncc2c1CCCC2)C(=O)N[C@H](C(=O)O)c1ccccc1,,,0.4300559495704307
CC(Cn1ncc2ccccc21)C(=O)N1CCC(n2ccc(C(F)(F)F)n2)CC1,5.11,1.86,0.8885042146392612
CC(Cn1ncc2ccccc2c1=O)NC(=O)C1(O)CCCC1,,,0.1490198016836248
CC(F)(F)C(C)(C)NS(=O)(=O)c1ccc2c(c1)OCC(=O)N2,,,0.1632085526585674
CC(F)(F)CCS(=O)(=O)NCc1nc(-c2cccc(O)c2)no1,,,0.5163017790512671
CC(F)(F)Cn1cc2c(NCCC(C)(C)S(C)(=O)=O)ncnc2n1,,,0.3191464285571786
CC(F)(F)c1cccc(NC(=O)NC2C3Cc4cc(F)ccc4C32)c1,,,0.5095389439446489
CC(F)(F)c1ccccc1NC(=O)NC(C)(C)c1nc2ccccc2s1,5.29,5.06,1.4949025849764461
CC(N(C)S(=O)(=O)c1cn(C)nc1-c1ccccc1)C1(S(C)(=O)=O)CC1,,,0.3480086411116777
CC(N)C12CC3CC(CC(C3)C1)C2,,,-0.10246631858833034
CC(N)Cc1ccc(O)cc1,4.04,1.97,0.6815352979701077
CC(N1CCN(C(=O)CCc2nc(-c3ncccn3)no2)CC1)C(F)(F)F,,,0.195068275040213
CC(NC(=Nc1ccncc1)NC#N)C(C)(C)C,,,0.1161030479489578
CC(NC(=O)C(=O)NC1CCCc2c1cnn2C)c1cccc(NC(=O)c2ccccc2)c1,4.53,1.83,0.7857899929798879
CC(NC(=O)C(C)n1c(=O)oc2ccccc21)c1cc(C(F)(F)F)[nH]n1,,,0.8221987132845752
CC(NC(=O)C1(C(=O)O)CC=CC1)c1cn(-c2ccccc2)nn1,,,0.4542005906461114
CC(NC(=O)C1(C(=O)O)CCC1)c1nc(-c2ccc(Br)cc2)no1,,,0.1702310246555685
CC(NC(=O)C1(C)Cc2ccccc2N1)c1ccc2[nH]c(=O)oc2c1,4.54,3.83,1.673469654626592
CC(NC(=O)C1(c2ccc(N(C)C)cc2)CC1)c1nc[nH]n1,,,0.13805808724836705
CC(NC(=O)C1=Cc2ccccc2OC1)c1ccccc1,,,0.8325447860071504
CC(NC(=O)C1CC(C(=O)O)C1)c1ccc2c(c1)CCCC2,,,0.6914144694164535
CC(NC(=O)C1CCC(F)(F)CC1)c1ccc2c(c1)CCC(=O)N2,,,-0.1053346875503627
CC(NC(=O)C1CCCC1)C(=O)N1CCC(C(F)(F)F)C2(CCOCC2)C1,,,0.6457318177917832
CC(NC(=O)C1CCCCN1C(=O)c1ccccc1)c1cccnc1,,,0.37416852673810785
CC(NC(=O)C1CCCN1C(=O)Cc1ccccc1)c1nc2ccccc2n1C,5.25,4.59,1.5235043834106972
CC(NC(=O)C1CCCN1C(=O)Cc1cccs1)C(O)c1cccc(F)c1,,,0.7300994637878182
CC(NC(=O)C1CCCN1C(=O)c1ccc2ccccc2c1O)c1cnn(C)c1,4.46,4.95,1.3372403064893819
CC(NC(=O)C1CCn2ccnc2C1)c1nnc2ccccn12,,,-0.035573485384416195
CC(NC(=O)C1CNCCO1)(c1ccccc1)c1ccccc1,,,0.5912570498837252
CC(NC(=O)C1COCCN1C)C(OC1CCOCC1)c1ccccc1,,,0.2804608037418599
CC(NC(=O)C1Cc2c(F)cccc2C(=O)O1)c1nccc(C(F)F)n1,,,0.1836437968616328
CC(NC(=O)C1OCCc2ccccc21)c1ccc(OCC(=O)O)cc1,,,-0.0640854665870922
CC(NC(=O)CC(C)(C)C)C(=O)NCC1CCN(c2ccc(F)c(F)c2)C1,4.99,,1.4105194694995198
CC(NC(=O)CC(C)(C)C)C(=O)N[C@@H]1c2ccccc2C[C@@H]1O,,,0.5908696843026342
CC(NC(=O)CC1(O)CCOCC1)c1cc(Cl)cc2c1OCC2,,,0.5928080188805162
CC(NC(=O)CC1=CCCCC1)c1nc2ccccc2[nH]1,,,0.6649826569658739
CC(NC(=O)CC1=CCCCC1)c1nnc2ccccn12,,,0.4639068867782449
CC(NC(=O)CC1CCCCC1)C(=O)NC1CCCN(c2cccnn2)C1,,,0.3572472688070315
CC(NC(=O)CCc1ccc2[nH]ccc2c1)c1ccccc1NS(=O)(=O)c1cccs1,5.31,4.9,1.8712100635523625
CC(NC(=O)CN1CCC(CO)CC1)c1ccc(F)c2ccccc12,4.73,4.29,0.7605227536971252
CC(NC(=O)CNC(=O)C1c2ccccc2C(=O)N1C1CC1)c1ccccc1,3.98,2.86,1.063216898632424
CC(NC(=O)CNc1ccn(-c2ccccc2C(F)(F)F)n1)C1CC1,5.22,4.79,1.457559503710168
CC(NC(=O)COCc1nc2ccccc2s1)c1cnccn1,,,0.6763499888219842
CC(NC(=O)Cc1c(F)cccc1Cl)C(=O)N1CCN(c2ccccn2)CC1,4.74,,
CC(NC(=O)Cc1ccc2[nH]ncc2c1)c1cc2cc(F)ccc2o1,,,0.9131934095020984
CC(NC(=O)Cc1sc(-c2cccs2)nc1-c1ccccc1)c1ccc2c(c1)CC(=O)N2C,,,0.4288829129476393
CC(NC(=O)Cn1cc(C(F)(F)F)cc(Cl)c1=O)c1nc[nH]n1,,,-0.06769275163627214
CC(NC(=O)Cn1nnnc1C1CC1)c1ccc2c(c1)CCCC2,4.64,2.12,1.0056043146933848
CC(NC(=O)N(C)Cc1ccon1)c1cc(F)ccc1N(C)C,4.67,4.77,1.4525677089226479
CC(NC(=O)N1CC(O)CC1C1CC1)c1cccc2cccnc12,5.22,,1.9030768168277463
CC(NC(=O)N1CCC(C)C1CO)c1ccc(F)cc1Cl,5.18,3.17,0.8386144525349908
CC(NC(=O)N1CCC(C2CCCC2)C1)c1nnc(C(F)(F)F)[nH]1,5.09,4.52,0.8462553318390844
CC(NC(=O)N1CCC(Cc2ccccc2)C1)C1CCOCC1,,,0.38000518843305486
CC(NC(=O)N1CCC(Cc2ccccc2)CC1)c1cn[nH]c1,,,0.2437320350405246
CC(NC(=O)N1CCC2(C=Cc3ccccc3O2)CC1)C1COc2ccccc21,,,0.6085673904104332
CC(NC(=O)N1CCCC1CCO)c1ccccc1Oc1ccccc1,5.28,3.62,1.5155462032940497
CC(NC(=O)N1CCC[C@H]1CN1CCOCC1)c1nc(Cc2ccccc2)no1,4.57,3.88,0.8835899911179289
CC(NC(=O)N1CCN(S(C)(=O)=O)[C@@H](C)C1)c1cccc(C2CC2)c1,,,0.09265628321540459
CC(NC(=O)N1CCNC(=O)CC1)c1ccc(N2CCCOC2=O)cc1,,,0.02374822941982555
CC(NC(=O)N1CCOCC1)c1cccc(N2CCCC2=O)c1,,,0.07204490069775295
CC(NC(=O)N1CCOCC1C1CCCO1)c1cccc(F)c1F,4.41,4.86,0.6288383583397926
CC(NC(=O)NC1CC(=O)N(C2CC2)C1)c1cccc2ccccc12,4.14,4.4,0.7914622152934623
CC(NC(=O)NC1CCN(c2ncccc2F)C1)C(=O)NCc1ccccc1,,,0.2402699846564041
CC(NC(=O)NC1CCc2[nH]c3ccc(Cl)cc3c2C1)c1ccc2c(c1)CC(=O)N2,6.16,6.36,0.4843970508661095
CC(NC(=O)NCC1CCCC12CC2)c1nccn1-c1ccccc1,5.215,4.0,1.3205068002799505
CC(NC(=O)NCC1CCOC1(C)C)c1cc(Cl)ccc1Cl,5.12,3.67,1.3187596501553145
CC(NC(=O)NCCC(=O)O)c1ccc(S(=O)(=O)N(C)C)cc1,,,0.0432665026133293
CC(NC(=O)NCCc1nc(-c2ccc(Cl)cc2)no1)c1ccon1,,,-0.08257979276319599
CC(NC(=O)NCc1cccc(C2(C)NC(=O)NC2=O)c1)c1nc(-c2cccc(F)c2)no1,4.99,3.85,0.8518436649920098
CC(NC(=O)NCc1ccnc(Oc2ccccc2F)c1)C(=O)NC(C)(C)C,,,0.408573358605978
CC(NC(=O)NCc1cn(-c2ccccc2)nn1)c1ccc(C#N)cc1,5.5,5.84,1.2583312154172464
CC(NC(=O)Nc1cccc(N2CCN(C)C2=O)c1)c1nnc(N)s1,2.55,,
CC(NC(=O)Nc1ccccc1)C(=O)NC1CN(C)Cc2ccccc21,4.71,3.58,0.9815910818342792
CC(NC(=O)[C@@H]1CC[C@H](C(N)=O)C1)c1cc(Cl)cc(Cl)c1F,4.6,4.2,1.435412753247117
CC(NC(=O)[C@H]1CCCC[C@@H]1C(F)(F)F)c1ccc(-n2ccnn2)cc1,,,0.630898815338522
CC(NC(=O)[C@H]1CCN[C@@H](C)C1)c1cccc2ccccc12,,,0.1481520683336435
CC(NC(=O)[C@H]1C[C@@]1(C)c1ccccc1)c1nnc(C(F)(F)F)[nH]1,4.44,4.38,0.8973287677425824
CC(NC(=O)c1[nH]nc2ccccc12)C(=O)NCc1ccc2cc[nH]c2n1,,,0.48969316077771596
CC(NC(=O)c1c2ccccc2nn1C)c1cccc(C(F)(F)F)c1,4.7,2.94,
CC(NC(=O)c1c[nH]c2ncccc12)c1cc(F)ccc1N1CCC(O)CC1,,,0.42994590967302904
CC(NC(=O)c1c[nH]nc1-c1ccccc1)c1ccc[nH]1,,,0.2782349541622354
CC(NC(=O)c1cc(C2CC2)[nH]n1)c1nnc(CC(=O)O)[nH]1,2.74,,
CC(NC(=O)c1cc2c(Cl)cc(Cl)cc2[nH]1)c1ccc(OCC(N)=O)cc1,4.97,1.98,0.8654342159325894
CC(NC(=O)c1ccc(-c2cn[nH]c2)cc1)(C(N)=O)c1ccccc1,,,0.2666306725816606
CC(NC(=O)c1ccc(C(=O)O)cc1)c1cnn(Cc2ccccc2)c1,,,-0.1731028939614007
CC(NC(=O)c1ccc(C(F)(F)F)cc1N1CCCC1)c1nc[nH]n1,5.1,5.54,1.2412123913636823
CC(NC(=O)c1ccc(C(N)=O)cn1)c1nc2ccccc2n1C(C)C,,,0.6417998615727791
CC(NC(=O)c1ccc(CN2CCCC2=O)cc1)c1ccc(NC(=O)c2ccc(F)cc2)cc1,4.45,1.8,0.7453908353884411
CC(NC(=O)c1ccc(OCc2ccncc2)cc1)c1nc2ccccc2s1,,,0.40050869681927975
CC(NC(=O)c1ccc2ncsc2c1)c1c(F)cncc1F,,,0.12993231165537064
CC(NC(=O)c1cccc(F)c1CNC(=O)OC(C)(C)C)c1cccc(OC(F)F)c1,5.78,1.92,1.2106484207572756
CC(NC(=O)c1cccc2c(C#N)c[nH]c12)c1cccc(C(F)(F)F)c1,,,0.4718415744352386
CC(NC(=O)c1ccccc1)C(=O)N1CCOC2(CCS(=N)(=O)CC2)C1,,,0.11463458202396695
CC(NC(=O)c1cccn2cnnc12)c1cccc(OC(F)F)c1,,,0.43064229659631426
CC(NC(=O)c1ccco1)C(=O)N1CCC(Cc2ccc(F)cc2)C1,4.71,1.93,0.8019668056231445
CC(NC(=O)c1cccs1)C(=O)N1CCC(C(=O)Nc2ccccc2)CC1,,,0.0956651971339999
CC(NC(=O)c1cccs1)C(=O)Nc1cc(C2CCCOC2)nn1C,,,0.1437577892187768
CC(NC(=O)c1cnc(-c2cnccn2)s1)c1cccc(OCc2ccccn2)c1,,,0.2719690286729382
CC(NC(=O)c1cnn(-c2ccccc2F)c1-n1cccc1)C(=O)NCc1ccco1,4.86,,2.132118250767794
CC(NC(=O)c1cnn(C(C)C)c1)c1nc(C(C)(C)C)cs1,,,0.6027755936122254
CC(NC(=O)c1cnn(C)c1Cc1ccccc1)c1cc(F)ccc1N1CCC(O)CC1,5.4,4.9,2.0995073475240607
CC(NC(=O)c1cnn(C)c1Cc1ccccc1)c1cccc(NS(C)(=O)=O)c1,5.57,2.33,1.2890120282627033
CC(NC(=O)c1n[nH]c(N)c1-c1ccccc1)c1nncn1C(C)C,3.44,,
CC(NC(=O)c1nc2cccnc2s1)(C1CC1)C(F)(F)F,4.85,3.18,0.8041367766174989
CC(NC(=O)c1nc[nH]n1)c1ccc2c(c1)CC(=O)N2C,,,0.0470948420351778
CC(NC(=O)c1ncnc2[nH]ccc12)c1cccc(SC(F)(F)F)c1,,,0.5047818055882756
CC(NC(=O)c1ncsc1Nc1ccccc1)c1ccc(NC(N)=O)cc1,5.42,5.52,1.8546284412252576
CC(NC(=O)c1snc(O)c1Cl)c1cc(F)ccc1N(C)C,5.05,4.3,1.4137210375822389
CC(NC(C(N)=O)c1ccccc1)C(=O)N1CCc2sccc2C1,,,0.5602604439136021
CC(NC(C)(C)C)C(=O)c1cccc(Cl)c1,,,-0.0634241403236411
CC(NC(N)=O)C(=O)N1CCCC1C(=O)Nc1cc(Cl)cc(Cl)c1,,,0.27707686033974677
CC(NC(N)=O)C(=O)N1CCCCC1c1nc2ccccc2o1,,,0.5735129962464881
CC(NC1CCCc2ncc(C(F)(F)F)cc21)c1cccc(C#N)c1,5.22,1.82,1.2061769684144636
CC(NC1CCN(S(=O)(=O)C2CCOCC2)CC1)c1ccncc1,,,0.07482100247481155
CC(NCC(C)(O)c1ccccc1)c1cccc(-n2ccnc2)c1,,,0.6052528940010445
CC(NCC1(CO)CCOCC1)C1=Cc2ccccc2OC1,,,0.22883792826266286
CC(NC[C@@H](O)c1cc2ccccc2o1)c1cccnc1,,,0.5101917989759857
CC(NC[C@H]1[C@H](c2ccccc2)C1(C)C)c1ccc(C(=O)N(C)C)cc1,,,0.4285137504029079
CC(NC[C@]1(CO)COC[C@@H](C)N1C)c1ccc2cccnc2c1,,,0.2206075567463133
CC(NCc1ccco1)c1nc(Cc2ccccc2)no1,,,0.5690920330987532
CC(NCc1nc2ccccc2n1C(F)F)c1nc2ccccc2n1C(F)F,5.79,2.54,1.9687380627307223
CC(NCc1nnc2n1CCOCC2)c1ccc(OCc2ccc(F)cc2)cc1,,,0.7348694224954102
CC(NS(=O)(=O)C1=Cc2cc(Cl)ccc2OC1)C1CCOC1,5.15,4.1,1.163662785294292
CC(NS(=O)(=O)C1CC12CCC2)c1nc(C2CCCCC2)no1,5.04,1.8,1.1070677580947428
CC(NS(=O)(=O)CCn1cnnn1)c1cccc(C(F)(F)F)c1,,,0.4026193480409056
CC(NS(=O)(=O)c1cccc(-c2ccccc2)c1)C(=O)O,,,0.2330439772877586
CC(NS(=O)(=O)c1cccc(Cl)c1O)c1cccc(S(=O)(=O)N(C)C)c1,4.97,4.0,1.8597863035322166
CC(NS(=O)(=O)c1cnn(C)c1)c1cnn(CC2CCC2)c1,,,0.16265820393155977
CC(NS(=O)(=O)c1cnn(C)c1)c1nc(C(C)(C)C)cs1,4.98,2.78,1.7202833018819108
CC(NS(C)(=O)=O)C(=O)N1CCCC2(C1)OCc1ccccc12,,,0.5316539249730806
CC(N[C@@H](Cc1ccccc1)C(=O)N(C)c1ccccc1)c1cccnc1,5.2,3.2,1.1919444155491044
CC(N[C@@H]1CCN(c2cc(=O)n(C)c(=O)n2C)C1)c1cccc(-n2ccnn2)c1,,,0.3014878360327442
CC(N[C@H]1CCO[C@@H]1c1ccc(F)c(F)c1)C(=O)N(C)CCC#N,4.82,3.08,0.7863647332183549
CC(Nc1cc(C(N)=O)nc(C2CC2)n1)c1ccc(Oc2cccnc2)cc1,,,0.1907177806021723
CC(Nc1ccc(NC(=O)c2ccccc2)cn1)C1(O)CCOCC1,,,0.0986813904635861
CC(Nc1ccc2nnc(-c3ccccc3F)n2n1)c1ccc(OCC(=O)NC2CC2)cc1,,,0.2595097292641926
CC(Nc1cccc(NC(=O)CO)c1)c1nc(-c2ccccc2)no1,4.34,3.21,0.8517153083572493
CC(Nc1cccc2c1OCCO2)C(=O)N(C)c1ccccc1,4.96,3.87,1.1904160809983204
CC(Nc1cn(C)nc1OCC(F)F)C(=O)N1CC(=O)Nc2ccccc21,,,0.3784076905567384
CC(Nc1cnc(C(=O)N2CCNCC2)cn1)c1ccn(-c2ccccc2)n1,,,0.012253526899441015
CC(Nc1cnn(Cc2cn3ccccc3n2)c1)c1ncnn1C,,,0.1510901776843015
CC(Nc1nc(-c2ccc(F)cc2)no1)c1nnc2n1CCC2,,,0.3315715141858853
CC(Nc1ncc2c(n1)CCOC2)c1cccc(N2CCCC2)c1,,,0.6422418926099903
CC(Nc1ncnc2[nH]ccc12)c1ccc(OCc2cccnc2)cc1,1.91,3.21,
CC(Nc1ncnc2cnn(C)c12)c1ccc(F)c2ccccc12,,,0.2841494659767141
CC(Nc1ncnc2nc(N3CCOCC3)sc12)c1cc(F)ccc1N1CCC(O)CC1,5.01,3.7,1.805646316956041
CC(Nc1ncnc2sc3c(c12)CCC3)c1ncccn1,5.24,7.16,1.242662693094129
CC(O)(CN1C(=O)C(C)(C)c2ccccc21)C(=O)NOC1CCOC1,,,-0.020284987460248045
CC(O)(CNC(=O)C1CCN(C(=O)c2ccccc2)CC1)C(F)(F)F,,,0.0768575779834221
CC(O)(CNC(=O)NC(CCC#N)c1ccccc1)c1ccsc1,,,0.32854333184786566
CC(O)(CNC(=O)Nc1cnc2c(c1)COCC2)c1cccc(Cl)c1,,,0.6558984139650409
CC(O)(CNC1CCN(C(=O)c2cc(Cl)c[nH]2)CC1)C(F)F,,,-0.01617321554125515
CC(O)(CNCc1cncc2ccccc12)c1ccco1,,,0.586303859525135
CC(O)(CNS(=O)(=O)c1cnc2onc(C3CC3)c2c1)C(=O)O,,,0.0878812184569907
CC(O)(CS(=O)(=O)c1ccc(F)cc1)C(=O)Nc1ccc(C#N)c(C(F)(F)F)c1,,,0.35923222837755237
CC(O)(Cc1nc(COc2ccc3ccccc3c2)no1)C1CC1,,,0.5871641016130786
CC(O)(Cn1ccccc1=O)C(=O)N1CCc2ccc(Cl)cc2C1,4.6,4.09,0.9713558866494902
CC(O)(P(=O)(O)O)P(=O)(O)O,,,0.003475730199405551
CC(O)=C(C#N)C(=O)Nc1ccc(C(F)(F)F)cc1,1.78,2.77,-0.0096897953037368
CC(O)C(=O)O,,,-0.0081470962468932
CC(O)C(C)(CNC(=O)C1CCCN1C)Cc1ccccc1,4.44,2.54,0.7482379194287978
CC(O)C(C)CNC(=O)CSc1nc2ccccc2nc1N1CCOCC1,4.3,3.75,0.7836500317918016
CC(O)C(NC(=O)C1CC1)C(=O)NCC1(N2CCCCC2)CCCCC1,,,0.1568418328834745
CC(O)C(Nc1nc(-c2cccc(Cl)c2)no1)c1ccccc1F,5.3,1.92,1.0974436436540018
CC(O)C1CCN(C(=O)C2CCn3c(cnc3C3CCCCC3)C2)C1,,,0.009625412813327551
CC(O)CC1CCCCN1C(=O)CCCN1C(=O)NC(C)(C)C1=O,,,0.22536991342929594
CC(O)CC1CCCN1C(=O)C1CCN(c2ccccc2F)C1,5.24,3.68,0.880351098847249
CC(O)CCN(C)C(=O)C1CCCN(C(=O)c2cccc3ccccc23)C1,,,0.6972745461171665
CC(O)CN(c1ccccc1)S(=O)(=O)N1CCc2ccccc2C1,5.3,3.88,1.3867824503723147
CC(O)CN1CCC(CN(C)C(=O)[C@H]2C[C@@H]2c2cccc(Cl)c2)CC1,,,0.38734652096873234
CC(O)CO,,,-0.1255965045005054
CC(O)Cc1cn(C2CCC(NC(=O)c3cnn(C)c3Cc3ccccc3)CC2)nn1,,,0.2383184605025111
CC(O)[C@]1(C)CCCN1C(=O)NCc1cnn(Cc2ccccc2)c1,,,0.6001935585533471
CC(O)c1cc(C(=O)N[C@@H](C)Cn2ccc(-c3ccc(C#N)c(Cl)c3)n2)n[nH]1,4.09,2.85,1.1657866979769698
CC(O)c1cccc(N2CCC(CN3CCCCC3=O)CC2)n1,,,0.36329270899300437
CC(O)c1ccccc1OCc1cn(Cc2cnnn2C)nn1,,,0.0350318873037655
CC(O)c1cn(CC(=O)NCC2(N3CCOCC3)CCCCC2)nn1,,,-0.01749547708362395
CC(OC(=O)c1ccc2c(=O)n(-c3ccccc3F)c(=O)[nH]c2c1)C(=O)Nc1ncccn1,,,0.5069688169652674
CC(OC(=O)c1cn2cccc(Cl)c2n1)C1NC(=O)CNC1=O,,,0.11460309105619534
CC(OCC(=O)N1C[C@H](c2ccccc2)[C@H]1CO)c1nccn1C,,,0.1608900977880453
CC(OCC1CCCO1)C(=O)N(C)c1ccc(N2CCOCC2)nc1,,,0.2604295222057539
CC(OCc1ccccc1)C(=O)N1CCN(C)C2(CCOCC2)CC1,,,0.26924147514173424
CC(Oc1ccc(Br)cc1)C(=O)NC1CCCCC1CO,5.1,3.35,1.315916209193041
CC(Oc1ccc(C(C)(C)C)cc1)C(=O)N[C@H]1C[C@@H](C(=O)O)C1,,,0.48799550907089306
CC(Oc1ccc(CO)cc1)c1cn(C(C)c2cccc(F)c2)nn1,5.01,3.25,0.8939296986837767
CC(Oc1ccc(F)cc1)c1nnc2n1CC(C)(C)CC2,5.48,1.84,1.2217099289002413
CC(Oc1cccc(Br)c1)c1nnc(-c2cnn(C)c2)o1,4.49,5.17,1.0135318867689618
CC(Oc1cccc(OCCC2CCNCC2)c1)C(N)=O,,,0.17926070404240835
CC(Oc1ccccc1)C(=O)NC1CCCn2ncnc21,,,0.13766542394964176
CC(Oc1ccccc1)c1nc(-c2ccccc2OC(F)(F)F)no1,,,0.7088828304155436
CC(Oc1ccccc1CN1CCN(C(=O)N(C)C)CC1)C(=O)O,2.67,,
CC(Oc1ccccc1Cl)C(=O)NC1CCN(C(=O)c2ccncc2)CC1,,,0.3210027077324472
CC(S)C(=O)NCC(=O)O,,,0.10321356688443048
CC(Sc1ccc(C#N)cc1)C(=O)N1CCCN(C(=O)c2ccc(F)cc2)CC1,4.93,1.86,1.066416200709162
CC(Sc1nc(CC(=O)Nc2n[nH]c3c2NCCC3)cs1)C(N)=O,,,-0.0335125100736261
CC(Sc1nc2ccccc2s1)C(=O)NCC(=O)OCc1ccccc1,,,0.2969553466269876
CC(Sc1nc2ccccc2s1)C(=O)NCC(C)(C)CNC(=O)c1c[nH]c(C#N)c1,5.16,,1.0882920603803163
CC(Sc1ncc(-c2ccccc2)n1CC1CCCO1)c1ncccn1,5.28,3.03,1.1198094357353545
CC(Sc1nnc(-c2c[nH]c3ccccc23)o1)C(=O)NCC(F)(F)F,4.85,4.84,0.6404301746767164
CC(Sc1nnc(N)s1)C(=O)Nc1ccc(C(N)=O)cc1,,,-0.07567613695696569
CC(Sc1nncn1C)c1cccc(NC(=O)c2cccc(C(F)(F)F)n2)c1,5.6,3.97,1.678523492269258
CC(c1cc2ccccc2o1)N(C)C(=O)c1cn(C)nc1C(C)(C)C,4.49,2.21,1.0352238466040116
CC(c1cc2ccccc2s1)N(O)C(N)=O,,,0.3586552231831006
CC(c1ccc(CNC2(C(N)=O)CCS(=O)(=O)CC2)cc1)C(F)(F)F,,,0.2803660008996566
CC(c1ccc(Cl)c(Cl)c1)N(C)C(=O)c1ccnc2nn[nH]c12,4.75,4.88,1.1776971743106759
CC(c1ccc(Cl)cc1)N(C)C(=O)c1ccc(CCC(C)(C)O)cc1,4.5,,
CC(c1ccc(F)c(F)c1)N(C)S(=O)(=O)c1cnnn1C,,,0.7221034664596788
CC(c1ccc(S(N)(=O)=O)cc1)N(C)C(=O)[C@H](C)Oc1ccc2ccccc2c1,5.46,1.95,0.9733101224146803
CC(c1cccc(C#N)c1)N1CCN(C(=O)NC2CCCCC2)CC1,4.64,2.37,0.8232853745957007
CC(c1cccc(C(F)(F)F)c1)c1nc(Cn2ccnn2)no1,,,0.5022542117770287
CC(c1cccc(O)c1)N(C)C(=O)CN1CCCS1(=O)=O,,,0.24976034718332235
CC(c1cccc(S(N)(=O)=O)c1)N(C)C(=O)CN1C(=O)CCOc2ccccc21,4.81,1.89,0.7892590858529849
CC(c1ccccc1)N1CC(C(=O)NS(=O)(=O)Cc2cccc3cccnc23)CC1=O,,,0.0012024147618002953
CC(c1ccccc1)N1CC(C(=O)NS(=O)(=O)c2ccc3c(c2)CCCC3)CC1=O,,,0.4272348018725902
CC(c1ccccc1C(F)(F)F)n1cc(S(N)(=O)=O)nn1,5.57,3.79,0.6970256198703918
CC(c1ccccc1Cl)N1CCN(c2ncnc3nc[nH]c23)CC1,,,0.648754529884601
CC(c1ccccn1)N(C)C(=O)c1nc2cc(Br)c(F)cc2[nH]1,5.31,1.97,1.0848835851268905
CC(c1ccccn1)N(C)CCNc1c(C#N)nnc2ccccc12,,,0.5260780459637386
CC(c1cccnc1)N(C)C(=O)Nc1cnc(C(C)(C)C)nc1,5.05,1.94,1.0773246880797318
CC(c1ccsc1)N1CCN(C(=O)Nc2nnc(CC(F)(F)F)s2)CC1,4.21,2.11,1.4587239919570165
CC(c1ccsc1)N1CCN(C(=O)c2cc3ccccc3c(=O)[nH]2)CC1,4.36,3.02,0.7012968574946638
CC(c1cnccn1)c1noc(C(C)n2ccc(C(F)(F)F)n2)n1,,,0.4595132490167421
CC(c1nc(-c2cnc(C3CCCC3)nc2N)no1)N1CCNCC1,,,0.3549249036625176
CC(c1nc(Cc2cccnc2)no1)N1CCc2ccccc21,4.91,2.09,0.8144243535189368
CC(c1ncc(C(C)(C)C)o1)n1cc(CN2CCCCC2)nn1,,,0.49170671849042025
CC(c1ncccn1)N1CCN(Cc2cnn(-c3ccccc3)c2)CC1,,,0.18587385824943545
CC(c1nccs1)N1CCN(C(=O)c2ccc(N3CCCC3)nn2)CC1,,,0.4708993343399462
CC(c1nnc[nH]1)N1CC=C(c2cncc3ccccc23)CC1,2.45,2.55,
CC(c1nnnn1C)N1CCOC(c2ccc(Cl)c(Cl)c2)C1,5.22,2.93,1.238168982672414
CC(c1nnnn1C1CC1)N1CCCC(Nc2ccccc2)C1,5.16,,1.747988490251302
CC(c1noc(-c2ccnc3ccnn23)n1)C1CCCO1,,,0.3882627621642128
CC/C(=C(/CC)c1ccc(O)cc1)c1ccc(O)cc1,4.43,2.37,1.0410154284019533
CC/C(=C(\c1ccccc1)c1ccc(OCCN(C)C)cc1)c1ccccc1,4.18,1.88,1.0932075290270882
CC1(C(=O)N2CC(C(C)(F)F)C2)CCN(c2ccc(Cl)cc2C#N)CC1,,,0.6870371269749543
CC1(C(=O)N2CC(O)(c3cn(-c4cccc5cnccc45)nn3)C2)CC1,,,0.025420379759617556
CC1(C(=O)N2CCCC3(CCCCC3O)C2)CCCNS1(=O)=O,,,0.33325851084065616
CC1(C(=O)NCC(=O)Nc2cnc3ccccc3c2)CC1,,,0.308255740799741
CC1(C(=O)NCC2(CO)CC3(CCC3)C2)CC(c2ccccc2)=NO1,4.78,1.86,1.0041008374991691
CC1(C(=O)NC[C@]23CCC[C@H]2CN(c2ccc4nnnn4n2)C3)CCCCCC1,,,0.7461921922609317
CC1(C(=O)NCc2cncnc2)Cc2ccccc2C(=O)O1,,,-0.0373566013102683
CC1(C(=O)NCc2noc(C(N)=O)n2)CCCCO1,2.56,,
CC1(C(=O)Nc2ccc(C(=O)NCCC(=O)O)cc2)CCOCC1,,,-0.005252430730769
CC1(C(=O)Nc2ccc(OC(F)F)c3ncccc23)CCNC(=O)C1,,,0.2625649397501771
CC1(C(=O)Nc2ccc3c(c2)NC(=O)CCC3)CCc2ccccc2C1,6.02,,1.8786007766275727
CC1(C(=O)Nc2nc3cnccc3[nH]2)CCCN(C(=O)c2ccccc2)C1,,,0.29288938372900314
CC1(C(=O)Nc2ncn(Cc3ccc(Cl)cc3)n2)CCCN(C(=O)c2ccccc2)C1,5.16,4.05,1.0939530474491508
CC1(C(=O)O)CCCN1CC(=O)Nc1ccc2c(c1)OCCCO2,,,0.15874793345686106
CC1(C(=O)O)CCN(C(=O)Nc2cccc(-c3ccc4c(c3)CCO4)c2)C1,,,0.2488584138256656
CC1(C)C(/C=C/C=C/C=C/C=C2\N(CCCCS(=O)(=O)O)c3ccc4ccccc4c3C2(C)C)=[N+](CCCCS(=O)(=O)O)c2ccc3ccccc3c21,,,-0.06341654961273124
CC1(C)C(=O)Nc2cc(C(=O)N3CCCCC3CS(C)(=O)=O)ccc21,,,0.2553626123958653
CC1(C)C(=O)Nc2cc(C(=O)NC3CCCc4c(O)cccc43)ccc21,,,0.34933205106920506
CC1(C)C(=O)Nc2cc(C(=O)Nc3ccccc3CN3CCNC3=O)ccc21,,,0.49281799703935925
CC1(C)C(=O)Nc2ccc(C(=O)N3CCC(C4CCOC4)C3)cc21,,,0.033991234103945306
CC1(C)C(=O)Nc2ccc(C(=O)N3CCCCC3c3nc(=O)[nH][nH]3)cc21,,,0.0880132749173613
CC1(C)C(=O)Nc2ccc(C(=O)N3CCOC(c4cccs4)C3)cc21,,,0.34493849457160825
CC1(C)C(C(=O)N2CCCC2c2[nH]nnc2C(=O)O)C1(C)C,,,-0.0165556976640095
CC1(C)C(C(F)(F)F)CCN1C(=O)NCc1cccc(-n2cncn2)c1,,,0.6417097783587911
CC1(C)C(C(F)(F)F)CCN1C(=O)Nc1cc(-c2ccccc2)on1,,,-0.17410480070443535
CC1(C)C(CNC(=O)NCc2cccc3ccsc23)C1(F)F,5.49,2.27,1.3737176954482107
CC1(C)C(CNC(=O)c2cccc3[nH]c(=O)[nH]c23)C1(F)F,,,0.4643231443434158
CC1(C)C(NC(=O)c2c(F)cccc2Sc2ccc(Cl)cc2)CS1(=O)=O,,,0.6679336846895787
CC1(C)C(NCCNS(=O)(=O)c2ccccc2)[C@H]2CCC[C@H]21,4.83,3.05,1.0535767969132652
CC1(C)C(c2cc(NC(=O)c3cc4n(n3)CCCO4)[nH]n2)C1(C)C,5.15,5.58,0.711189507561715
CC1(C)C=Cc2cccc(NCC(O)CC3(O)CCCC3)c2O1,5.39,2.12,1.5158288070218882
CC1(C)CC(=O)Nc2ccc(S(=O)(=O)NCc3cccc(OC(F)(F)F)c3)cc21,,,0.6660404479940467
CC1(C)CC(=O)Nc2ccc(S(=O)(=O)Nc3cccc4c3CCO4)cc21,,,0.5648334030248452
CC1(C)CC(C(=O)N2CCCn3nc(-c4ccccc4)nc32)C1,4.66,3.06,1.0142328204893785
CC1(C)CC(C)(C(=O)NCc2ccccc2N2CCCC2)CN1,,,0.5878069228163112
CC1(C)CC(C)(c2nc(-c3cccc(-n4ccnc4)n3)no2)CN1,,,0.2848026408218053
CC1(C)CC(N(Cc2ccccc2)C(=O)CC2CCCC(=O)N2)C(C)(C)O1,,,0.5547083017464085
CC1(C)CC(NC(=O)CCn2cnc3ccccc3c2=O)c2ccc(F)cc2O1,5.09,1.82,1.33699889701899
CC1(C)CC(NC(=O)CNC(=O)c2ccccc2)CCS1(=O)=O,,,0.1655358028604183
CC1(C)CC(NC(=O)N2CC(c3ccc(F)cc3)C2)CC(C)(C)N1,,,0.2318827043851845
CC1(C)CC(NC(=O)NC2CCN(CCc3ccccc3)CC2)C(C)(C)O1,,,-0.053441310988898
CC1(C)CC(NC(=O)NC2CCc3nc(C(C)(C)C)cn3C2)CC(C)(C)N1,,,0.07349274902867035
CC1(C)CC(NC(=O)N[C@H]2c3ccccc3C[C@H]2O)c2ccc(F)cc2O1,4.98,3.1,0.9976440117489316
CC1(C)CC(NC(=O)Nc2ccn(CC(F)(F)F)n2)c2ccccc21,5.3,2.02,0.9903534963865572
CC1(C)CC(NC(=O)Nc2nnc(C3CCOCC3)s2)CC(C)(C)N1,,,0.0536653718214333
CC1(C)CC(NC(=O)c2c[nH]c(-c3ccccc3)n2)CCS1(=O)=O,,,0.1213235482849225
CC1(C)CC(NC(=O)c2c[nH]nc2-c2ccc(F)cc2)CO1,,,0.22122900182440292
CC1(C)CC(NC(=O)c2cc(-c3ccccc3Cl)[nH]n2)CO1,,,0.3902120739015225
CC1(C)CC(NC(=O)c2cc(O)c3ccccc3c2)CC(C)(C)N1,,,0.21750402658753046
CC1(C)CC(NC(=O)c2cccnc2-n2cccn2)CCS1(=O)=O,,,0.2827790126184815
CC1(C)CC(NC(=O)c2cncc3ccccc23)CCS1(=O)=O,,,0.21083049508040716
CC1(C)CC(NC(=O)c2csc(-c3cnccn3)n2)CO1,,,0.0007873961569829016
CC1(C)CC(NC(=O)c2ncoc2-c2ccc3c(c2)OCCO3)c2ccc(F)cc2O1,5.43,,1.4682614356558934
CC1(C)CC(NC(=O)c2occc2COc2cccc(C#N)c2)CC(C)(C)N1,,,0.361968379818874
CC1(C)CC(NS(=O)(=O)c2ccc([N+](=O)[O-])cc2)CC(C)(C)N1,,,0.17516988940344036
CC1(C)CC(Nc2ncnc3c2oc2ccccc23)CCS1(=O)=O,,,0.5108175927271799
CC1(C)CC(c2ccccc2)CN1C(=O)c1cn[nH]c(=O)c1,,,0.29238544840349
CC1(C)CC(c2ccccc2)CN1C(=O)c1nnc(C2CC2)o1,4.58,3.33,0.8083604722104046
CC1(C)CC(c2ccccc2)N(C(=O)C2CCc3nncn3C2)C1,,,0.3626366939660107
CC1(C)CC(c2nc([C@H]3CCO[C@@H]3C(C)(C)C)no2)c2ccccc2O1,5.55,2.44,1.6025274742760032
CC1(C)CC1C(=O)N1CCN(C(c2ccc(F)cc2)c2ccc(F)cc2)CC1,4.57,,
CC1(C)CC1C(=O)NCCNc1ncccc1-c1nn[nH]n1,,,-0.0114723061497243
CC1(C)CC1C(=O)NCc1cccc(NS(=O)(=O)C2CC2)c1,,,0.4188731850917088
CC1(C)CC2CC(C)(CN2C(=O)C(=O)Nc2ccc(Cl)c(-n3nnnc3C3CC3)c2)C1,6.27,2.89,0.9278735338002766
CC1(C)CCC(CCNC(=O)Cc2cn3cc(F)ccc3n2)OC1,,,0.5490348807637853
CC1(C)CCC(CCNC(=O)c2ccc3cccnn23)OC1,5.42,3.46,1.328829459698227
CC1(C)CCC(CCNC(=O)c2csc3cncn23)OC1,,,-0.1928072479440129
CC1(C)CCC(CN2CCN(c3ccc(C(=O)NS(=O)(=O)c4ccc(NCC5CCOCC5)c([N+](=O)[O-])c4)c(Oc4cnc5[nH]ccc5c4)c3)CC2)=C(c2ccc(Cl)cc2)C1,2.4,3.04,0.1067142344797954
CC1(C)CCC(CS(=O)(=O)NCc2cccc(C(N)=O)c2)OC1,,,0.5296645974248105
CC1(C)CCC(NC(=O)CCc2cncs2)C(c2ccccc2)C1,5.25,3.05,0.9824119723230429
CC1(C)CCC(O)(CNC(c2ccccc2)c2nnc[nH]2)CC1,4.23,3.66,0.7764000581876269
CC1(C)CCCC(C)(CNc2ncc(S(C)(=N)=O)cn2)C1,4.39,1.86,0.8652284992178486
CC1(C)CCCC(CC(=O)N2CC3CCC(=O)NC3C2)O1,,,0.1596044849385034
CC1(C)CCCC(CNC(=O)c2ccccc2-n2cccn2)O1,4.94,3.06,1.0569273912151769
CC1(C)CCCC(CNC(=O)c2ccnn2CC(F)F)O1,,,0.7007944915650649
CC1(C)CCCC(O)(CNC(=O)C2(S(C)(=O)=O)CCCC2)C1,4.73,1.89,0.8145927558599089
CC1(C)CCCC1(O)CNC(=O)CC1CCCS(=O)(=O)C1,,,0.3454302094010341
CC1(C)CCCC1C(=O)NS(=O)(=O)Cc1ccc(Br)c(F)c1,4.63,3.16,1.3292307272399513
CC1(C)CCCC1NC(=O)CN1C(=O)NC2(CCCCC2)C1=O,,,0.7347663833500242
CC1(C)CCCN1C(=O)Cn1cc(-c2ccc(Cl)s2)nn1,5.38,2.21,1.1416874096385285
CC1(C)CCCN1C(=O)Cn1cc(Cn2ccccc2=O)nn1,,,0.20929846511128186
CC1(C)CCN(C(=O)NCc2cc[nH]n2)CC1c1ccccc1,4.84,2.27,0.9003763013937538
CC1(C)CCN(CCNC(=O)Nc2ccn(-c3ncccc3F)n2)C1,,,0.2868204102991867
CC1(C)CCN(c2nccnc2S(N)(=O)=O)CC1c1ccccc1,5.19,,1.1520038795599397
CC1(C)CCOC1CS(=O)(=O)N1CCCC(c2ccn[nH]2)C1,5.22,2.43,1.1511497477567587
CC1(C)CCc2sc(NC(=O)N3CC(C)(C)C3C3CCCO3)nc21,6.56,,1.3288607516469624
CC1(C)CN(C(=O)C2CC2)CCN1C(=O)c1cc(Br)co1,,,0.1390330279682162
CC1(C)CN(C(=O)C2CCN(C(=O)NCc3ccco3)CC2)CC(C)(C)N1,,,-0.007376905721942648
CC1(C)CN(C(=O)C2CCN(c3noc4ccc(Cl)cc34)CC2)CCN1,,,0.27794908943916163
CC1(C)CN(C(=O)CCCCNC(N)=O)c2cccnc21,,,0.3857146937315136
CC1(C)CN(C(=O)CCc2ccc(C#N)cc2)c2ccccc2O1,4.55,1.77,1.0776169045666348
CC1(C)CN(C(=O)CCc2ccc(S(C)(=O)=O)cc2)[C@H]2CCC[C@H]21,5.17,1.89,1.4140795234232242
CC1(C)CN(C(=O)CN2CCC(=O)NC2=O)c2ccccc2O1,,,0.5880494826119304
CC1(C)CN(C(=O)CN2CCCC2=O)c2cnccc2NC1=O,,,0.48647435154088725
CC1(C)CN(C(=O)Cn2nc(C(F)(F)F)c3c2CCCC3)CC1O,,,0.6736565520743688
CC1(C)CN(C(=O)NC2CCCC2CNS(C)(=O)=O)CCc2ccccc21,5.05,,1.92995964377078
CC1(C)CN(C(=O)NC2CCOc3c(Cl)cccc32)C1c1ccncc1,4.8,3.16,0.987264600667887
CC1(C)CN(C(=O)NCCCc2cccc(Cl)c2)CCS1(=O)=O,,,0.3594698177563291
CC1(C)CN(C(=O)OCc2ccccc2)C1C(=O)N1CCC(CO)C(O)C1,,,0.1209764794265601
CC1(C)CN(C(=O)c2cc(-c3ccccc3)ccn2)[C@@H]2COC[C@H]2O1,,,0.27665556748170483
CC1(C)CN(C(=O)c2ccc3ncccc3c2)CC(c2cccc(C(F)(F)F)c2)O1,,,0.8170072729612079
CC1(C)CN(C(=O)c2ccsc2)c2cnccc2NC1=O,,,0.17429590248140495
CC1(C)CN(C(=O)c2cnc3ccccc3n2)CC(C(F)(F)F)O1,,,0.44238778425489234
CC1(C)CN(C(=O)c2nccc3[nH]ccc23)C(C)(C)CO1,,,0.03818481975086055
CC1(C)CN(C(CNC(=O)c2cnn3cccnc23)c2ccc(Cl)cc2)CCO1,5.28,4.71,0.9030365303155938
CC1(C)CN(CCNC(=O)c2cc(O)ccc2C(F)(F)F)CCO1,,,0.1918557917180604
CC1(C)CN(CCNC(=O)c2cccc3nccn23)CCO1,,,0.12746118971821585
CC1(C)CN(S(=O)(=O)CCC2CCCC2)C1c1ccncc1,,,0.7596504044879899
CC1(C)CN(S(=O)(=O)CCn2cnnn2)C1c1ccccc1,4.98,1.82,1.2520318403781157
CC1(C)CN(c2cc(-c3ccccc3)nc3ncnn23)CC2(CCOC2)O1,5.06,2.12,0.9371673924584439
CC1(C)CN(c2nc(-c3ccccn3)nc3sccc23)CCN1,,,-0.06049727337271105
CC1(C)CN(c2ncnc3c(F)cc(Cl)cc23)C1c1cccnc1,,,0.679823128552191
CC1(C)CN(c2ncnc3c2OCCN3)Cc2cccc(F)c21,,,0.41064701201364373
CC1(C)CN(c2ncnc3c2nnn3-c2ccccc2)C1c1ccncc1,,,0.7472921260325107
CC1(C)CN(c2ncnc3cc(Br)sc23)C1c1ccncc1,,,0.349060734460513
CC1(C)CNC(=O)C1NCc1nc(C(F)(F)F)n2c1CCCC2,5.08,2.34,0.8634877786301391
CC1(C)CNC(=O)CN1C(=O)Cc1ccc2cccnc2c1,,,0.28488953375331894
CC1(C)CNCC1NC(=O)c1cc2n(n1)CC1(CCNCC1)OC2,,,-0.10999969665084725
CC1(C)CNCCC(NC(=O)N2CCC(c3nc4ccccc4[nH]3)CC2)C1,,,0.07992860472804644
CC1(C)CNCCC1NC(=O)c1n[nH]c2ccc(Br)cc12,,,0.403950599205928
CC1(C)COC(CCC(=O)N2CCNC(=O)CC23CCC3)C1,,,0.3267861057175431
CC1(C)COCCN1C(=O)CCC(=O)N1CCN(c2ccccn2)CC1,,,0.1174130098139791
CC1(C)COCCN1C(=O)c1ccc(-c2cncnc2)cc1F,,,0.1955270369759483
CC1(C)COCCN1S(=O)(=O)c1ccc(S(C)(=O)=O)nc1,,,0.2671497269189515
CC1(C)COc2c(C(=O)N3CCCC(n4ccnn4)C3)cccc21,5.2,2.04,1.4083281498116156
CC1(C)C[C@@H]1C(=O)N/C(=C\CCCCSC[C@H](N)C(=O)O)C(=O)O,,,-0.07665849436519194
CC1(C)Cc2[nH]ncc2CN(Cc2n[nH]c3c2COCC3)C1,,,-0.2572764129062539
CC1(C)Cc2c(cnn2-c2ccccc2F)CN(C(=O)COCC(=O)O)C1,,,0.006897661997248054
CC1(C)Cc2cc(-c3cccc4c3CC(=O)N4)ccc2O1,,,0.23823814839774954
CC1(C)Cc2cc(C(=O)NC(C)(Cn3cccn3)C(N)=O)ccc2O1,,,0.3857718443364087
CC1(C)Cc2cccc(C(=O)Nc3nnc(C(C)(C)C)s3)c2O1,6.52,,0.9389613703412159
CC1(C)Cc2nnc(-c3ccon3)n2CC1c1ccccc1,,,0.45196923170060205
CC1(C)Cc2nnc(CCn3ccnc3)n2CC1c1ccccc1,,,0.0743112162487285
CC1(C)N=C(N)N=C(N)N1c1ccc(Cl)cc1,1.81,2.66,-0.26604963686165284
CC1(C)NC(=O)N(c2ccc([N+](=O)[O-])c(C(F)(F)F)c2)C1=O,,,0.8250738259790675
CC1(C)OCC(CNC(=O)c2ccccc2SCC(=O)Nc2ccc3c(c2)OCO3)O1,4.81,3.8,0.7001728001302739
CC1(C)OCC(COCc2cn(CCC3OCCCO3)nn2)O1,,,-0.08701021993678144
CC1(C)OCC2CC21NC(=O)Nc1ncc(Cc2ccc(F)cc2)s1,,,0.47901611654369286
CC1(C)OCCC1NC1CCN(c2ccc(Cl)cc2Cl)C1=O,,,0.3415150028060824
CC1(C)OCCOC1CN(Cc1cccs1)c1nccc(C#N)n1,,,0.6674714412767694
CC1(C)OC[C@H](O)[C@@H](n2cc(-c3ccc(CO)cn3)nn2)CO1,,,0.2926513007022733
CC1(C)OCc2ccc(-c3ccc4c(c3)CNCC4)cc2O1,,,0.48092546930962654
CC1(C)O[C@@H]2[C@@H](CO[C@@]3(COS(N)(=O)=O)OC(C)(C)O[C@@H]23)O1,,,-0.0020926480876592
CC1(C)Oc2cc(-c3ccc4c(c3)CCOC4)ccc2NC1=O,3.36,2.6,-0.3838576509267549
CC1(C)SCCC1CNC(=O)N1CCc2[nH]c(=O)c(C#N)cc2C1,,,0.0973574147846286
CC1(C)S[C@@H]2[C@H](NC(=O)Cc3ccccc3)C(=O)N2[C@H]1C(=O)O,,,0.08674360853212246
CC1(C)S[C@@H]2[C@H](NC(=O)[C@H](C(=O)O)c3ccsc3)C(=O)N2[C@H]1C(=O)O,,,-0.10160253424780435
CC1(C)S[C@@H]2[C@H](NC(=O)[C@H](N)c3ccc(O)cc3)C(=O)N2[C@H]1C(=O)O,,,-0.02730187807938395
CC1(C)[C@@H]2CC[C@@]1(C)C(=O)C2,,,0.08023597466305794
CC1(C)[C@H](C(=O)O)N2C(=O)C[C@H]2S1(=O)=O,1.82,1.98,-0.23069484174217636
CC1(C)[C@H](NC(=O)Nc2ncn(C(C)(C)C)n2)[C@H]1c1ccccc1,5.93,5.9,1.7858868920253959
CC1(C2CC2)CN(C(=O)NCc2ccc(-c3ccncc3)cc2)CCO1,,,0.22213990736987987
CC1(C2CC2)CN(C(=O)c2cnn(-c3ccncc3)c2C(F)F)CCO1,,,0.25763314833534445
CC1(C2CC2)COCCN1C(=O)c1cnc(C2CC2)[nH]c1=O,,,0.5383298089370063
CC1(C2CC2)COCCN1C(=O)c1cnc2n1CCOC2,,,0.3408718495572044
CC1(C2CC2)COCCN1Cc1nnc(-c2cccc(O)c2)o1,4.41,3.05,1.4765571913876772
CC1(C2CCN(C(=O)NCc3ccccc3-n3ccnc3)CC2)NC(=O)NC1=O,,,-0.10723608999655984
CC1(C2CCN(CC(=O)Nc3ccc4c(c3)OCCO4)CC2)NC(=O)NC1=O,,,-0.0369444025344638
CC1(CC(=O)N2CCC(S(C)(=O)=NC(=O)[C@@H]3C[C@H]3C3CCOCC3)CC2)CCCC1,,,0.3552067988581823
CC1(CC(=O)N2CCOc3cc(F)ccc3C2)CCS(=O)(=O)N1,,,0.6419595070475586
CC1(CCCO)CCCN1Cc1coc(-c2ccc(F)c(F)c2)n1,,,0.2688496626420114
CC1(CCc2ccccc2)CCN(C(=O)CCN2C(=O)CCC2=O)C1,,,0.3671262557114995
CC1(CN(Cc2cnn(C(C)(C)C)c2)c2ncccn2)CCC2(CC1)OCCO2,4.86,4.23,1.3352552132640119
CC1(CNC(=O)N2CCCC2c2cccs2)CCC(=O)N1,,,0.40310692146396787
CC1(CNC(=O)c2ccon2)CCCN1C(=O)c1nnn2ccccc12,,,0.192401296283713
CC1(CNC(=O)c2cnc3c(c2)c(C2CC2)nn3-c2ccccc2)CCNCC1,,,0.283323235311175
CC1(CNc2ccc(Cc3nnc4n3CCC4)cc2)COC1,,,0.09364219594232889
CC1(CO)CCCN1C(=O)c1cccc(COc2cccc(F)c2)c1,5.32,,1.2618420830879984
CC1(CO)CCN(C(=O)NCCCn2ccc3ccccc32)CC1,,,0.36946842021593385
CC1(CO)CCN(C(=O)NCc2ccc(C(F)F)cc2)CC1,,,0.1021295400536999
CC1(Cc2ccc(C(F)F)cc2)CCCN1Cc1nnc2cccnn12,,,0.617751219702289
CC1(Cc2ccc(Cl)s2)CCCN1C(=O)c1cncc(C=O)c1,5.51,,
CC1(Cc2ccc(F)cc2)CCCN1C(=O)COc1cccnc1,5.53,,1.4915519387467306
CC1(Cc2cccc(Br)c2)CCCN1c1ccnc(C#N)n1,6.125,2.73,0.7374908272846141
CC1(Cc2ccccc2)CCCN1C(=O)[C@@H]1CC[C@H](C(=O)N2CCOCC2)O1,,,0.6722877680772898
CC1(Cc2ccccc2)CCCN1c1ncc(C=O)cn1,5.09,2.03,
CC1(Cc2ccccc2)CN(C(=O)Nc2ccc3c(c2)CNCCO3)C1,,,0.2707724952905148
CC1(Cc2cccs2)CCCN1C(=O)Cn1nnc2c1CCCC2,5.44,4.95,1.567108446726159
CC1(Cn2cc(-c3cncc(C=O)c3)nn2)COC1,1.82,,
CC1(Cn2cc(C(=O)N3CC(=O)N(CC(F)(F)F)C3)nn2)COC1,,,-0.0520377377111164
CC1(Cn2cc(C(=O)N3CCC(n4c(=O)[nH]c5ccccc54)CC3)nn2)COC1,,,0.2521420739284069
CC1(Cn2cc(C(=O)N3CCC[C@H]3Cn3cc(C4CC4)nn3)nn2)COC1,,,-0.042324257192609495
CC1(Cn2cnc3c(nnn3-c3ccccc3)c2=O)COC1,,,0.0262108275436382
CC1(F)CCCN(C(=O)C2CC(n3cc(-c4cncnc4)nn3)C2)C1,,,0.2185917150489053
CC1(F)CCN(C(=O)c2cccc(S(=O)(=O)NCC3CCCO3)c2)C1,,,0.5320971215060206
CC1(N2CCOCC2)CCC(NCC2OCCc3ccccc32)CC1,,,0.5913301539429995
CC1(NC(=O)COc2ccccc2-c2ccccc2)CCC(=O)NC1=O,,,0.5585660683923876
CC1(NC(=O)Cc2c[nH]c3ncccc23)CCCc2ccccc21,5.22,4.12,1.432296892852233
CC1(NC(=O)Nc2ccc3ccccc3n2)CCCOC1,4.93,3.08,0.9311337011546064
CC1(NC(=O)Nc2cccnc2OCc2ccccc2)CCNC1=O,,,0.6319572793594641
CC1(NC(=O)[C@@H]2CCCO2)CCN(C(=O)c2cc(F)cc3cc[nH]c23)C1,4.99,3.09,0.8220643998243082
CC1(NC(=O)c2cc[nH]n2)CCN(C(=O)C2CCC3(C2)CC3(F)F)C1,,,0.3361439712387449
CC1(NC(=O)c2ccc(=O)n(-c3ccccc3)n2)CCCCC1,4.93,1.82,1.0848464827639757
CC1(NC(=O)c2ccc(C(=O)O)cc2)CCOC1C1CC1,,,0.0025831510379533996
CC1(NC(=O)c2ccc(Cn3ccc(C(F)(F)F)n3)cc2)COC1,,,0.0597360757444523
CC1(NC(=O)c2ccc(S(=O)(=O)NC3CC3)cc2)CC=CCC1,6.6850000000000005,1.92,1.4520029772607748
CC1(NC(=O)c2cccc(C3(C)NC(=O)NC3=O)c2)CC=CCC1,5.09,2.92,1.048266884946986
CC1(NC(=O)c2cccc(Nc3nccs3)c2)CC(F)(F)C1,,,0.0735216342645248
CC1(NS(=O)(=O)Cc2cc(C#N)ccc2F)CCOC1C1CC1,,,0.540184329765448
CC1(NS(=O)(=O)c2cccc3cnccc23)CCOC1C1CC1,,,0.3728382459524411
CC1(O)CC(C(=O)N2CCN(c3ccccc3Cl)CC2)C1,,,0.2456274069841431
CC1(O)CCCN(C(=O)NCc2cccnc2Oc2cccc(S(C)(=O)=O)c2)C1,,,0.13858258792171854
CC1(O)CCCN(C(=O)Nc2ccn(-c3cccc(C(F)(F)F)c3)n2)C1,,,0.4304238456850883
CC1(O)CCCN(C(=O)c2ccc3c(c2)C(C)(C)CO3)C1,4.24,2.1,1.1383790996610226
CC1(O)CCCN(CCCOc2ccc3ccccc3c2)C1,,,0.33918681036392684
CC1(O)CCN(c2nccc3c(S(N)(=O)=O)cccc23)CC1,,,-0.11820119383924005
CC1(c2cc(NS(=O)(=O)c3ccc(F)cc3F)on2)CC1,4.39,3.1,0.8924387000027129
CC1(c2ccc(C(=O)N3CCN(C4CC4)c4ccccc43)cc2)NC(=O)NC1=O,5.66,3.93,1.10364449175387
CC1(c2ccc(C(=O)NCc3ccc(CN4CCNC4=O)cc3)cc2)NC(=O)NC1=O,,,0.035914083618739
CC1(c2ccc(C(=O)N[C@@H]3C[C@H]3c3cccc(Cl)c3)cc2)NC(=O)NC1=O,,,0.1889196263384029
CC1(c2ccc(F)c(Cl)c2)NC(=O)N(CC(=O)N2CCCC3(C2)NC(=O)NC3=O)C1=O,,,0.21679704326490795
CC1(c2ccc(F)cc2)NC(=O)N(CC(=O)NCc2nc3ccccc3s2)C1=O,,,0.4320264603477753
CC1(c2ccc(NC(=O)N3CCc4c([nH]c(=O)[nH]c4=O)C3)cc2)CC1(F)F,,,0.05053398755341999
CC1(c2cccc(-c3noc(-c4cccc5c6c([nH]c45)CCCC6)n3)c2)NC(=O)NC1=O,,,0.745773597328353
CC1(c2cccc(-c3noc(-c4nn[nH]c4-c4ccccc4)n3)c2)NC(=O)NC1=O,,,-0.1827346315716252
CC1(c2cccc(-c3noc(C4CCCN(C(=O)N5CCCC5)C4)n3)c2)NC(=O)NC1=O,,,0.7173834344480665
CC1(c2cccc(CNC(=O)NCC(=O)N3CCc4ccccc43)c2)NC(=O)NC1=O,,,0.21297749745809355
CC1(c2ccccc2)CCCN(C(=O)CCn2ccc(=O)[nH]c2=O)C1,4.55,,
CC1(c2ccccc2)CCCN(C(=O)c2ccc(-c3nnn[nH]3)cn2)CC1,,,0.3070282748917877
CC1(c2ccccc2)CCN(C(=O)C(Cc2ccccc2)NC(N)=O)C1,,,0.5907540980262838
CC1(c2ccccc2)CN(C(=O)C(=O)N2CCC(N3CCCC3=O)C2)C1,,,0.6055134431678862
CC1(c2ccccc2)CN(C(=O)C(=O)Nc2ccc(S(C)(=O)=O)nc2)C1,,,0.15736062177411886
CC1(c2ccccc2)NC(=O)N(c2nc(C3CC3)cs2)C1=O,,,0.6902660326607106
CC1(c2ccccc2C(=O)N2CCOC3(CCS(=O)(=O)C3)C2)CC1,5.15,,1.3695042988482382
CC1(c2ccccc2C(=O)NCc2cccc(S(N)(=O)=O)c2)CC1,4.89,1.94,0.897963656731773
CC1(c2ccccc2C(=O)Nc2ncn(Cc3cccnc3)n2)CC1,,,0.18468650537521458
CC1(c2cn(C(C(=O)NC(C(N)=O)c3ccc(Cl)cc3)C(C)(C)C)nn2)CCCO1,5.27,3.14,1.0966794425598843
CC1(c2nc(-c3cccc4ncc(O)cc34)no2)COC1,,,0.0830042833142719
CC1(c2nc(-c3ccnc4[nH]ccc34)no2)CCNC(=O)C1,,,-0.277649086300442
CC1(c2nc(-c3csc(C(F)(F)F)c3)no2)CCNC(=O)C1,5.07,1.8,0.9509388347528995
CC1(c2nc(-c3nccc4c3CCCC4)no2)CCNC(=O)C1,,,0.4230452196863814
CC1(c2noc(C3=NN(Cc4ccc(F)cc4)C(=O)CC3)n2)CCC1,5.28,1.85,1.1198506153914396
CC1(c2noc(Cc3csc(-c4cccnc4)n3)n2)CCC1,,,0.6641484623730612
CC12CC(CN1C(=O)NCc1ccccc1-c1ccc(Cn3cccn3)cc1)C2,5.42,3.12,1.5545532736661976
CC12CC(CNC(=O)Cc3cnn(-c4ccccc4)c3)(CO1)C2,,,0.1316837009110799
CC12CC(NC(=O)N1Cc1cccc(F)c1)c1ccccc1O2,6.14,,1.6905203909950537
CC12CC3CC(C)(C1)CC(N)(C3)C2,,,0.3387695854211714
CC1=C(/C=C/C(C)=C/C=C/C(C)=C/CO)C(C)(C)CCC1,4.86,2.58,1.4534646263860411
CC1=C(/C=C/C(C)=C/C=C/C(C)=C\C(=O)O)C(C)(C)CCC1,5.46,2.62,1.977468018131487
CC1=C(C(=O)N(C)C)C(c2ccc(C(C)(C)C#N)cc2)N(C)C(=O)N1C,,,0.36753773500908327
CC1=C(C(=O)N(C)CCc2ccc(Br)cc2)S(=O)(=O)CCO1,,,0.8218394332487688
CC1=C(C(=O)N2CCN(C(=O)c3ccc4[nH]cnc4c3)CC2)CCC1,,,-0.16163002189059594
CC1=C(C(=O)NCc2ccc(Cl)c(Cl)c2)C(C)n2ncnc2N1C,,,0.5078669775217348
CC1=C(C(=O)Nc2ccccc2)SCCO1,,,0.2449509612938911
CC1=C(C(=O)O)N2C(=O)[C@@H](NC(=O)[C@H](N)C3=CCC=CC3)[C@H]2SC1,,,-0.0276654454345508
CC1=C(C(=O)O)N2C(=O)[C@@H](NC(=O)[C@H](N)c3ccc(O)cc3)[C@H]2SC1,,,-0.06986724490634211
CC1=C(C(=O)O)N2C(=O)[C@@H](NC(=O)[C@H](N)c3ccccc3)[C@H]2SC1,2.74,1.88,-0.1567116170585609
CC1=C(C)CC(C(=O)NS(=O)(=O)c2ccc3c(c2)CCC(=O)N3)CC1,,,0.21994557286042862
CC1=C(C)CC(C(=O)NS(=O)(=O)c2cncc(Cl)c2)CC1,5.1,5.3,1.0465934867002458
CC1=C(C)CN(C(=O)CCn2c(=O)[nH]c(=O)c3ccccc32)CC1,5.13,1.92,0.9474759535821409
CC1=C(C)CN(C(=O)NCC(=O)N2CCc3ccccc32)CC1,4.69,4.07,1.10555499666944
CC1=C(C)CN(C(=O)c2nn(-c3ccccc3)c(C)cc2=O)CC1,,,0.5431967913984401
CC1=C(C/C=C(\C)CCC[C@H](C)CCC[C@H](C)CCCC(C)C)C(=O)c2ccccc2C1=O,,,0.451026376351901
CC1=CC(=O)c2ccccc2C1=O,,,0.3127487636617137
CC1=CCN(C(=O)NC(c2ccc(F)cc2F)c2nccn2C)CC1,5.03,2.93,0.7238981684054306
CC1=CC[C@@H](C(C)(C)O)C[C@@H]1O,,,0.2112872459674942
CC1=NN(c2ccc(C(=O)N[C@@H]3CC(Cn4cccn4)C[C@H]3O)cc2)CC1,,,0.09087077886019626
CC1=NN(c2ccccc2)C(=O)C1,,,0.5890227522303542
CC1=Nc2ccc(Cl)cc2S(=O)(=O)N1,,,0.0663217940202615
CC1=Nc2ccccc2C12CCN(C(=O)NCc1cccc(O)c1)CC2,,,0.29785544796597874
CC1C(=O)N(CCc2cccc(C(F)(F)F)n2)C(=O)N1C1CCC1,4.79,2.64,0.9116647644987178
CC1C(=O)N(Cc2ccc(OC(F)(F)F)cc2)C(=O)N1C1CCC1,4.7,1.87,1.3408063459927924
CC1C(=O)N(Cc2noc(C(C)(C)C)n2)C(=O)c2ccccc21,5.79,,1.875931954376096
CC1C(=O)NCCCN1C(=O)CCc1ccccc1C(F)(F)F,,,0.4271870660877152
CC1C(=O)NCCCN1C(=O)c1ccc(C2(C#N)CC2)cc1,,,0.2489789564785213
CC1C(=O)NCCN1C(=O)NCCc1cccc2ccccc12,,,0.5126434938388187
CC1C(=O)NCCN1C(=O)c1cn(C)nc1-c1c(F)cccc1F,,,0.11601780975978235
CC1C(=O)NCCN1C(=O)c1csc(-c2ccc(F)c(F)c2)n1,,,0.2223942333500275
CC1C(=O)Nc2cc(-c3nc(-c4ccc(N5CCCC5)nc4)no3)ccc2N1C,2.62,2.98,
CC1C(=O)Nc2ccc(S(=O)(=O)NCCSCC(=O)O)cc21,,,0.1025971055051509
CC1C(=O)Nc2ccccc2CN1C(=O)Nc1cn(C)nn1,,,-0.17793741631200743
CC1C(O)CCCN1C(=O)NC1CCN(c2ccc(Cl)c(F)c2)C1,,,0.3038237506343378
CC1C(c2ccccc2)CCN1C(=O)Nc1cn(C)nc1C1CCCCC1,5.04,3.08,1.0394198396802476
CC1C(c2ccccc2)CCN1C(=O)c1ccc(NS(C)(=O)=O)cc1,5.26,1.92,1.1153961497282174
CC1C2CCCCC2CN1C(=O)c1cc(F)cc2c1CNCC2,5.27,2.26,0.8513969151555739
CC1CC(C#N)(C(=O)Nc2ccc3cc[nH]c(=O)c3c2)C1,,,0.3393494615917128
CC1CC(C(=O)N(CCC(=O)O)Cc2ccccc2)C(C)O1,,,0.0772313024280483
CC1CC(C(=O)NCC2(c3ccc(F)cc3)CCC2)(c2nn[nH]n2)C1,,,0.6443523921084457
CC1CC(C(=O)NCc2noc(-c3ccccc3F)n2)CO1,,,0.29990969480575635
CC1CC(C(=O)Nc2ccc(F)c(C(N)=O)c2)(c2cccc(Cl)c2)C1,5.13,3.98,1.169892002647152
CC1CC(C)CN(CC(C)NC(=O)c2cc(Br)c(C=O)n2C)C1,4.55,,
CC1CC(C2CN(C(=O)NCc3nn(C)c(=O)c4ccccc34)C2)=NO1,,,0.13115259390460915
CC1CC(CNC(=O)N2CCN(CC(=O)N3CCCCC3)CC2)C(C)O1,,,-0.0561309089187627
CC1CC(CNCc2nn(C)c(=O)c3ccccc23)=NO1,,,0.0867099928048717
CC1CC(Cc2nc(-c3ccc(=O)n(C)c3)no2)CC(C)(C)C1,,,-0.3263189213597837
CC1CC(N2C(=O)CN(CCc3ccccc3)C2=O)c2ncnn21,,,0.38057516570705574
CC1CC(O)CN1C(=O)Nc1ccc2ccn(C)c(=O)c2c1,,,-0.0480453661162
CC1CC(c2ccc(Br)cc2)CN1C(=O)NCc1cccnc1,,,0.0980672530006399
CC1CC(c2cccc(F)c2)N(C(=O)Nc2cnns2)C1,,,0.5265553299236378
CC1CC(c2cccnc2)N(c2nc(-c3ccncc3)nc3ccccc23)C1,,,-0.0149275685268021
CC1CC(c2nc(-c3ccnc(N4CCCC(O)C4)c3)no2)CCO1,,,0.4274351814129886
CC1CC(n2nnc3c2CN(c2ncnc4c2CCCCC4)CC3)C1,,,0.2955978773014726
CC1CC1C(=O)Nc1ccc(C(=O)NC2CCN(C(=O)c3ccco3)CC2)cc1,,,0.33518410889931893
CC1CC1C(=O)Nc1nc2ccccc2n1-c1ccn(C)n1,,,0.4839280732826153
CC1CC1C(NC(=O)c1ccc(C(F)(F)F)c(=O)[nH]1)c1ccccc1,,,0.7431905184839891
CC1CC1CNC(=O)N[C@@H](Cc1ccccc1)C(=O)N(C)c1ccccc1,5.57,3.21,1.209458011022666
CC1CC1N1CC(NC(=O)N2CCC(Cc3cccnc3)CC2)CC1=O,,,0.2413094984604681
CC1CC2(CO1)CN(c1ncnn3cc(-c4ccccc4C(F)F)cc13)C2,,,0.5877949497670911
CC1CC2CCC(C(=O)NCc3nc(C(C)C)cs3)CN2C1,4.82,3.09,1.0243252364076072
CC1CCC(=O)N1c1ccc(NC(=O)c2cccc(OCC(N)=O)c2)cc1,3.62,,
CC1CCC(C(=O)O)C(C)N1Cc1nc(C2CCC2)no1,,,0.20101387320381606
CC1CCC(C(=O)O)CN1C(=O)c1ccc(=O)n(Cc2ccccc2Cl)c1,,,-0.17380141913355668
CC1CCC(C)N(CC(=O)NCc2ccc(C#N)cc2)C1,,,0.3591076656270479
CC1CCC(C)N1C1CCCN(S(=O)(=O)c2cnn(C)c2)C1,,,0.5018426162836133
CC1CCC(CCC(=O)N(C)C(C)c2ccc(S(C)(=O)=O)cc2)O1,,,0.08334542567381534
CC1CCC(N(C)C(=O)CN2CCN(c3ccc(F)cn3)CC2)CC1,,,0.7077640674342263
CC1CCC(Oc2nccc(N3CCNC(C)(C)C3)n2)CC1,,,0.25306718216751506
CC1CCCC(C(=O)N2CCCC(N(C)CC(=O)O)CC2)C1,3.25,,-0.0373146517408365
CC1CCCC(c2cn(CCNC(=O)Cc3cscn3)nn2)C1,,,0.3570379708740491
CC1CCCC(c2nc(-c3cccc(Cn4ccnc4)c3)no2)C1,,,0.3228996214340857
CC1CCCC1CC(=O)NCCC(O)(c1ncco1)C(F)(F)F,5.12,2.01,0.8972359161835579
CC1CCCCC1CC(=O)NCc1nc2cnccc2s1,,,0.27101833393270564
CC1CCCCC1N(C)C(=O)Cn1nc(-c2cccnc2)oc1=O,,,0.6516520611864435
CC1CCCCC1NC(=O)Cn1ccn2nc(C(C)(C)C)cc2c1=O,,,0.6658696821709893
CC1CCCCC1NC(=O)NC(=O)Cn1nnn(-c2ccccc2)c1=O,,,0.34144228305470625
CC1CCCCC1Nc1nnc(COCc2ccccc2)o1,4.92,2.71,0.8892112818607272
CC1CCCCC1OCC(=O)N1CCCc2c(C(N)=O)cccc21,,,0.6667426480245372
CC1CCCCC1OCC(=O)NCc1ccnc(N2CCCCCC2)c1,,,0.6787964127424975
CC1CCCCC1c1nc(-c2nnc[nH]2)nn1Cc1cc(F)cc(F)c1,5.23,3.77,1.1299549601446268
CC1CCCCN1C(=O)CN1CCN(c2ccc(C(N)=O)nn2)CC1,,,0.3022692589480103
CC1CCCCN1C(=O)NCc1nnc2ccc(N(C)C)nn12,,,0.22457097507477675
CC1CCCCN1C(=O)c1ccc(NC(=O)c2cccc3nc[nH]c(=O)c23)cc1,,,-0.0089894406723838
CC1CCCCN1C(=O)c1ccc(NCc2cc(=O)n(C)c(=O)n2C)cc1Cl,5.04,1.82,0.8986058157987229
CC1CCCCN1CCCCNc1ncnc2cccnc12,,,0.046528878510656256
CC1CCCCN1CCNC(=O)C1CCCN(C(=O)Nc2ccccc2)C1,,,0.19285788317830288
CC1CCCCN1S(=O)(=O)c1ccc(CCNC(=O)c2ccc3nccnc3c2)cc1,,,0.864080645633177
CC1CCCN(C(C)CNC(=O)C(=O)Nc2ccn(CCC#N)n2)C1,,,-0.12644687438758884
CC1CCCN(CC(C)NC(=O)NCc2ccnc(-n3cccn3)c2)C1,,,0.42140977166147375
CC1CCCN(S(=O)(=O)c2cccc3c2OCC3)C1C(=O)O,4.41,2.73,0.777604519830772
CC1CCCN(S(=O)(=O)c2cccc3ccoc23)C1C(=O)O,,,0.5667749500879956
CC1CCCN(c2cc(C(=O)N3CCCc4cc(C#N)ccc43)ccn2)C1,6.01,1.8,1.1810856699584724
CC1CCCc2ncc(C(=O)Nc3nn(C)c4ccccc34)n21,4.77,2.05,1.140989812018358
CC1CCN(C(=O)C(=O)N2CC3(CCC3)C2C2CCOCC2)CC1,,,0.5615874078540067
CC1CCN(C(=O)C(=O)N2CCCC(O)C2)CC12CCC2,,,0.36218221083870583
CC1CCN(C(=O)C(C)n2cc(CNC3CCN(C)CC3)nn2)CC1,,,0.2948773932962669
CC1CCN(C(=O)C2CC23CCc2ccccc23)c2c(O)cccc21,6.855,2.86,0.8162439403073485
CC1CCN(C(=O)C2CCN(C(=O)NC(C)C3CCCOC3)CC2)CC1,,,0.7160608884039594
CC1CCN(C(=O)NCC2CCN(c3ccccc3Cl)C2)CC1,4.9,1.98,1.1783979815190166
CC1CCN(C(=O)NCCn2c(=O)oc3ccccc32)CC1C(=O)O,,,0.2122776402483844
CC1CCN(C(=O)Nc2c[nH]nc2-c2nccs2)CC1C(=O)O,,,-0.037137703486461
CC1CCN(C(=O)Nc2cnn(C(F)F)c2)CC12CCC2,5.43,3.59,1.0629965628885505
CC1CCN(C(=O)[C@@H](O)Cc2ccccc2)CC1n1ccnc1,,,0.42269913864821995
CC1CCN(C(=O)[C@@H]2CS(=O)(=O)C[C@H]2NC(=O)CCC2CCOC2)CC1,,,0.10855933584068185
CC1CCN(CC(=O)Nc2cccc(N3CCN(C(C)C)CC3)c2)CC1,,,0.22227740060901255
CC1CCN(CCCC(=O)c2ccc(F)cc2)CC1,,,0.2182505966455973
CC1CCN(Cc2nc3c(cnn3-c3ccccc3)c(=O)[nH]2)CC1CO,,,0.6292245701583938
CC1CCN(S(=O)(=O)c2ccc(C#N)cc2NCCCO)CC1,4.89,,1.7007326021001157
CC1CCN(S(=O)(=O)c2ccc(C(=O)Nc3cnn(C)c3)s2)CC1,5.03,5.57,1.092869752190339
CC1CCN(c2cc(-c3cccs3)ncn2)C(C(N)=O)C1,,,0.7594829682250517
CC1CCN(c2ccc(F)cc2F)CCN1c1ncc(C=O)cn1,4.09,,
CC1CCNC(=O)C1NC(=O)NCC1(N2CCOCC2)CC1,,,0.07231051615507635
CC1CCNC(C(=O)NC(C)c2noc(-c3ccc(Cl)cc3)n2)C1,,,0.40085666885891946
CC1CCNCC1,2.82,,
CC1CCOCCN1C(=O)CCc1nnc(-c2ccccc2)o1,,,0.7152714156006781
CC1CCOCCN1C(=O)NCc1nc(-c2ccccn2)n[nH]1,,,0.0717079117006363
CC1CCOCCN1C(=O)c1cc(-c2cccc(Cl)c2)no1,5.26,,1.007254195636532
CC1CCOCCN1C(=O)c1ccc(-c2noc(C(F)F)n2)cc1,,,0.6588669755507329
CC1CCOCCN1C(=O)c1ccc(-n2cc[nH]c2=O)cc1,,,0.1380589884093652
CC1CCS(=O)(=O)CCN1S(=O)(=O)c1cnn(C(C)C)c1,,,0.15504130225472976
CC1CCc2c(C(=O)NS(=O)(=O)CC(F)(F)F)csc2C1,4.74,3.91,1.0771344898582667
CC1CCc2cc(F)cc3c(=O)c(C(=O)O)cn1c23,,,0.13228678981153752
CC1CCc2ccccc2N1C(=O)COc1ccc2c(c1)NC(=O)CC2,5.65,3.03,1.2055768896394696
CC1CCc2n[nH]c(C(=O)NC3(c4ncccn4)CCOCC3)c2C1,,,0.5747935933719611
CC1CCc2n[nH]cc2C1c1nc(C2COc3ccccc3O2)no1,,,0.8957835352641125
CC1CCc2nc(C(=O)N3CCC(CN4CCNC4=O)CC3)cn2C1,,,0.1891094164021917
CC1CN(C(=O)C(O)c2cccc(C(F)(F)F)c2)Cc2c[nH]nc21,,,0.6461031659021952
CC1CN(C(=O)C2CCCN(c3cc(=O)[nH]cn3)C2)CC2(CCNC2)O1,,,0.0780950627436618
CC1CN(C(=O)C2CCc3cncn3C2)CCN1c1cnccn1,,,0.35832920757549647
CC1CN(C(=O)C2CCc3nncn3C2)c2ccccc2O1,,,0.21889913295320995
CC1CN(C(=O)CCc2ncc(-c3ccc(F)cc3F)o2)CC2(CCOCC2)O1,,,0.6228162492236019
CC1CN(C(=O)CN2c3ccc(Cl)cc3CS2(=O)=O)CCO1,,,0.3226011680594706
CC1CN(C(=O)CS(=O)(=O)C2CC2)Cc2ccccc2O1,,,0.3490218408602842
CC1CN(C(=O)Cc2c[nH]c3ncccc23)c2ccccc2O1,,,0.40609129172130465
CC1CN(C(=O)Cc2cncnc2)CCN1C1CCN(C)CC1,,,0.208303772142964
CC1CN(C(=O)Cn2cc(CC3(O)CCC3)nn2)CC(C)(C)O1,,,0.21072753778320624
CC1CN(C(=O)NC2CC(=O)N(CCOc3ccccc3)C2)CCC1C(=O)O,,,-0.09663247315136304
CC1CN(C(=O)NC2CCN(CCN(C)C)CC2)CC(C)S1(=O)=O,,,0.147124391286819
CC1CN(C(=O)NCC2CCOc3ccccc32)Cc2ccccc2O1,5.3,4.87,1.2811012445087904
CC1CN(C(=O)N[C@@H](C)c2nc3ccccc3[nH]2)CC(C)(C)O1,,,0.13443164799469134
CC1CN(C(=O)Nc2cnn(Cc3ccccc3)c2)CC2(CCOC2C)O1,,,0.32328279927641385
CC1CN(C(=O)c2cc(C(F)F)ncn2)CCN1c1ccncc1,,,0.3929397030204605
CC1CN(C(=O)c2cc3[nH]c(-c4ccccc4)cc(=O)n3n2)CC(=O)N1C,,,0.0631443968915312
CC1CN(C(=O)c2ccc(Cl)cc2)CCN1c1nc2ccccc2o1,,,0.358721946402281
CC1CN(C(=O)c2ccc(NCc3nnc4n(C)c(=O)c5ccccc5n34)cc2)CC(C)O1,,,-0.0285920280914939
CC1CN(C(=O)c2cccc(-c3c(F)cccc3F)c2)CCN1c1nccn2cnnc12,5.23,1.94,0.9333465391989819
CC1CN(C(=O)c2cccc(=O)[nH]2)CCN1C(=O)c1cc2ccccc2nn1,,,-0.0846575497903483
CC1CN(C(=O)c2cccc(S(=O)(=O)N3CCc4ccccc4C3)c2)c2ccccc2O1,5.43,2.44,1.0327798340218588
CC1CN(C(=O)c2ccnc(-n3cccn3)c2)CCN1c1ccccc1,,,0.6602054007495469
CC1CN(C(=O)c2cn(C)nc2-c2ccc(Cl)s2)CCN1CCO,,,0.1230003037667898
CC1CN(C(=O)c2csc(C=O)c2)CC(C)O1,1.68,,
CC1CN(CC(=O)N(CC(F)(F)F)C(C)C)c2ccccc2NC1=O,4.85,2.7,0.7711557708985199
CC1CN(CC(C)(C)O)CCN1C(=O)NCCCc1ccc(Cl)cc1,4.58,2.05,0.8475512011201383
CC1CN(CC(C)(C)O)CCN1C(=O)c1ccnc(NC(=O)C2CC2)c1,,,0.0877660941200533
CC1CN(CC(F)(F)F)CCN(C(=O)c2cnc3[nH]c(=O)[nH]c3c2)C1,,,0.3397402996141228
CC1CN(CC(F)(F)F)CCN(C(=O)c2snc(O)c2Cl)C1,,,0.3562834989029619
CC1CN(CC(F)(F)F)CCN(c2nc(=O)c3cn[nH]c3[nH]2)C1,,,0.3766415911326275
CC1CN(CCCNC(=O)c2ccc(F)c(C#N)c2)CC(C)O1,,,0.18933935727369805
CC1CN(CCNC(=O)Nc2ccnc(-c3ccccc3)c2)CCO1,,,0.3469347223725574
CC1CN(CCNC(=O)Nc2ccnc(C(=O)N(C)C)c2)CCO1,,,0.18474866574286075
CC1CN(Cc2cn(C)nc2-c2ccc(C#N)cc2)C1c1ccccc1,5.14,3.13,1.2840159236812934
CC1CN(Cc2nnc3n2CCCC3)CCN1c1cnccn1,,,0.26418467296747555
CC1CN(c2cc(C(F)F)ncn2)CC1N1CCOCC1,,,0.1223574786532652
CC1CN(c2ccc(C(=O)N(C)CCC(=O)O)cc2)CC(C)O1,,,0.44556736566819866
CC1CN(c2ccc(C(=O)NCC3=CCN(C)CC3)cn2)CC(C)O1,,,0.2841739469373262
CC1CN(c2ccc(C(=O)Nc3ccc4[nH]ncc4c3Cl)cn2)CC(C)O1,,,0.4973049376341804
CC1CN(c2ccc(C(=O)O)cc2)CCN1C(=O)c1cccc2c1COCC2,,,0.35572653814423616
CC1CN(c2ccc(N)cn2)CC(C)O1,2.83,,
CC1CN(c2cccc(F)c2)CCN1C(=O)c1ccccc1-n1ccnn1,4.51,3.14,0.9692631922292653
CC1CN(c2cccc3cnccc23)CCN1C(=O)[C@H]1CCCCN1,,,0.45321653933859507
CC1CN(c2ccccc2)CCN1C(=O)c1cccc2sncc12,,,0.7290240410447095
CC1CN(c2nc3ccccc3nc2N2CCC(C(N)=O)C2)CC(C)O1,4.49,5.04,1.0660190507347382
CC1CN(c2ncnc3[nH]ccc23)CC1CNC(=O)OC(C)(C)C,,,0.1699752843483103
CC1CN(c2ncnc3ccc(S(C)(=O)=O)cc23)CCN1CCO,,,0.16343316558031834
CC1CNCC(Cn2cc(-c3cccc(NCc4cccs4)c3)nn2)C1,,,0.47268694974920744
CC1CNCC(Cn2cc(-c3cn4ccccc4n3)nn2)C1,3.9,3.08,-0.1135869497476513
CC1CNCCC1NC(=O)c1cc(-c2ccco2)n2cnc(C(N)=O)c2n1,,,0.15849911238335415
CC1CNc2c(cccc2S(=O)(=O)N[C@@H](CCCNC(=N)N)C(=O)N2CC[C@@H](C)C[C@@H]2C(=O)O)C1,,,-0.004099120885324301
CC1COC(c2cccc(Cl)c2)CN1C(=O)Cc1n[nH]c2ccccc12,5.48,4.34,1.0878289374069756
CC1COCCC1C(=O)NCc1ncc(-c2ccccc2)[nH]1,,,0.028212490872208798
CC1COCCN(C(=O)Nc2cc(C(F)(F)F)ccc2F)C1,,,0.5791893627102817
CC1COCCN(c2nc(N3CCC(CNC(=O)OC(C)(C)C)CC3)c3ccccc3n2)C1,,,0.8115812583802895
CC1COCCN1CCN1C(=O)NC(c2cccc3ccccc23)C1=O,,,0.4550273057778638
CC1COCCN1c1ccc(NC(=O)c2cnc3[nH]ccc3c2)cc1,,,-0.2689898942770742
CC1COc2c(N3CCN(C)CC3)c(F)cc3c(=O)c(C(=O)O)cn1c23,,,0.056280182959971004
CC1COc2c(NCc3c(F)ccc(F)c3F)cnn2C1,,,0.5150158202161441
CC1COc2ccccc2CN1C(=O)c1ccnc(-n2ccnc2)c1,,,0.5137008210235922
CC1COc2ccccc2N1C(=O)Cn1cnc2c1c(=O)n(C)c(=O)n2C,,,0.31691157937119263
CC1CS(=O)(=O)CCCN1C(=O)c1ccn2ccccc12,,,0.140617993211253
CC1Cc2cc(C(=O)Nc3cccc(C(C)C(=O)O)c3)ccc2O1,,,0.31324035988055676
CC1Cc2cc(CNC(=O)NCc3nc(-c4ccco4)n[nH]3)ccc2O1,,,0.3126845204413155
CC1Cc2cc(C[C@@H](C)NC(=O)CC3CNC4(CCC4)CO3)ccc2O1,,,0.3387293021425204
CC1Cc2cc(S(=O)(=O)Nc3ccc4nc(C5CC5)oc4c3)ccc2O1,,,0.9344222887707803
CC1Cc2cccc(S(=O)(=O)Nc3ccc(OC(F)F)cn3)c2O1,5.19,3.9,1.727284588439975
CC1Cc2ccccc2CN1C(=O)NCc1cc(=O)n2ccccc2n1,,,0.5809526011872079
CC1Cc2ccccc2N1C(=O)C1Cc2cccnc2C1,4.66,5.47,1.1571220133678237
CC1Cc2ccccc2N1C(=O)CN1CCCC(S(N)(=O)=O)C1,,,0.08065936537272565
CC1Cc2ccccc2N1C(=O)COC(=O)c1ccc2c(c1)CCC(=O)N2,4.97,2.05,0.9912249825152566
CC1Cc2ccccc2N1C(=O)c1cc2ccccc2c(=O)n1C,5.4,4.92,1.6357151765245228
CC1Cc2ccccc2N1CCNC(=O)c1cc(C(F)(F)F)c[nH]c1=O,5.08,1.85,0.9513752226059374
CC1Cc2ccccc2N1Cc1ccoc1C(=O)Nc1ccncc1,,,0.6132186942668131
CC1Cc2ccccc2N1NC(=O)c1ccc(Cl)c(S(N)(=O)=O)c1,4.37,1.89,0.9292220230578553
CC1Cc2ccccc2N1c1ncc(C(=O)N(C)C2CCNCC2)cn1,,,0.5878378561333705
CC1Cn2nc(C(=O)Nc3cc4c(cc3Cl)OCO4)cc2C(=O)N1,,,0.30988646945171683
CC1Cn2nc(C(=O)Nc3ccc(O)nc3)cc2CN1C(=O)OC(C)(C)C,,,0.3544979208564733
CC1Cn2nc(C(=O)Nc3ccn(C(C)c4ccccc4)n3)cc2CN1,,,0.4937818123849654
CC1N(C(=O)Cc2n[nH]c3c2CCCC3)c2ccccc2C1(C)C,5.91,3.24,1.020164057354661
CC1N(C(=O)Nc2ccc(-c3ccccc3F)nn2)CCOC1(C)C,,,0.492412026736706
CC1NC(=O)CCC1NC(=O)c1cc(C2CC2)nc2ccc(F)cc12,,,0.29394740791234003
CC1NC(=O)N(CCN2CCN(c3ccc(C#N)cc3F)CC2)C1=O,,,0.02697691698363065
CC1NC(C(=O)Nc2cccc(S(C)(=O)=O)c2)=NN(c2ccccc2)C1=O,,,0.2615642685940547
CC1NC(c2nc(C3(c4ccncc4)CCC3)no2)=NN(c2ccccc2)C1=O,4.83,4.19,1.0029546049237208
CC1Nc2ccccc2C1C(=O)Nc1ccc(N2CCC(N(C)C)CC2)cn1,,,-0.027228710606425947
CC1OC(=O)NC1C(=O)N(C)CCc1cccc2ccccc12,5.44,,1.4683495929731891
CC1OC2(CCN(C(=O)CNc3ccc(Br)cc3)CC2)NC1=O,,,0.1049318507153366
CC1OCCC1(C)NC(=O)c1ccc(-c2ccccc2F)o1,5.09,2.2,1.1174393939185925
CC1OCCC12CN(C(=O)c1ccc(O)c(F)c1F)CCO2,,,0.1512953601205272
CC1OCCCC1C(=O)Nc1cc(-c2cccs2)nn1CCO,4.79,3.85,1.0308087378672215
CC1Oc2c(F)cccc2C1NC(=O)c1ccc(OCCN(C)C)nc1,,,0.40908210770548586
CC1Oc2c(cccc2C(=O)NC2COc3ccccc3C2)NC1=O,,,0.7568324190998845
CC1Oc2ccc(NC(=O)C3CCN(c4cnccn4)CC3)cc2NC1=O,,,0.3552716386684215
CC1Oc2ccccc2N(CC(=O)N2CCCOC2)C1=O,,,0.050104623022740255
CC1Oc2ccccc2N(CC(=O)NCc2ccc(-n3ccnc3)nc2)C1=O,,,0.25048287888349696
CC1Oc2ccccc2N(CC(=O)Nc2ncn(CC(=O)O)n2)C1=O,,,0.09456778541538405
CC1Oc2ccccc2OC1C(=O)N1CCCN(C(=O)c2ccc(F)cc2)CC1,4.75,3.18,0.808917748252007
CC1c2[nH]c3ccccc3c2CCN1C(=O)c1ccc2c(c1)C(=O)N(Cc1ccncc1)C2=O,,,-0.1664356040928465
CC1c2c(F)cccc2CCN1C(=O)Nc1ccc(-n2cccn2)nc1,5.14,3.83,1.0667824528279823
CC1c2cc3c(cc2C2(CCCC2)CN1C(=O)c1cc(=O)[nH]c2cc(F)ccc12)OCCO3,,,0.7021508208769609
CC1c2ccc(F)cc2CCN1C(=O)c1cccc(O)c1,5.15,2.72,0.9699177002910027
CC1c2ccccc2CCN1C(=O)NCCCn1cccn1,,,0.5785040650669796
CC1c2ccccc2CCN1C(=O)NCc1ncccc1S(C)(=O)=O,,,0.60342314655634
CC1c2cccn2CCN1C(=O)Cn1nnc2ccccc21,,,0.20999017865060687
CC1c2cccnc2CCN1C(=O)Cc1n[nH]c(=O)c2ccccc12,,,-0.009920728172709593
CC1c2cn[nH]c2CCC1C(=O)OCC1CC2(CCC2)C1,,,0.35390431040146064
CC1c2nnc(C3CCCC3)n2CCN1C(=O)Cc1ccon1,,,0.30126405583372606
CC1c2nnc(C3CCCC3)n2CCN1C(=O)N[C@@H](C)c1cncc(F)c1,,,0.2128969390252642
CC1c2nncn2CCN1C(=O)c1ccc(C(F)F)c(F)c1,,,0.03193976693860755
CC=Cc1ccc(O)c(OC)c1,3.93,3.09,0.8113267584224081
CC=Cc1cn(Cc2nccc(OCC(F)(F)F)c2C)nn1,,,0.13807886403186115
CCC(=O)N(C1CCOCC1)C1CCN(S(=O)(=O)c2ccccc2F)CC1,4.39,,
CCC(=O)N(c1nnc(SCc2ccc(F)cc2)s1)C1CC1,4.75,4.41,1.1204179380662103
CCC(=O)N1CC(C)CN(C(=O)CN2CCS(=O)(=O)CC2)CC1C,,,0.1562670100810294
CCC(=O)N1CCC(C(=O)N2CCCN(C3CCCC3)CC2)C1,,,0.05983738701703106
CCC(=O)N1CCC(Oc2ccccc2-c2nc(C3CC3)no2)C1,5.15,4.97,
CCC(=O)N1CCCC(C(=O)N(C)c2ccc(-c3ccccc3)nn2)C1,,,0.26223773505163317
CCC(=O)N1CCCC(C(=O)Nc2nc(-c3ccccc3)co2)C1,5.0,3.69,0.8909524924407735
CCC(=O)N1CCCN(S(=O)(=O)CC2CCCC(C)C2)CC1,5.11,3.16,0.9305759066202739
CCC(=O)N1CCN(S(=O)(=O)c2cc3c(cc2F)NC(=O)CC3)C1,,,0.2757147315869012
CCC(=O)NC(C(=O)N1CC=C(c2cccs2)CC1)c1ccccc1,4.45,4.97,1.1405244022955219
CCC(=O)NCC[C@@H]1CCc2ccc3c(c21)CCO3,,,0.8034879456642432
CCC(=O)NCCc1csc(C2CCN(C(=O)c3ccccc3F)CC2)n1,3.92,,
CCC(=O)NCc1ccc2c(c1)CN(C(=O)c1cnc3[nH]ccc3c1)C2,,,0.232755113901849
CCC(=O)NCc1csc(C2CCCN(C(=O)c3ccccc3OC)C2)n1,4.75,,
CCC(=O)NS(=O)(=O)c1ccc(-c2c(-c3ccccc3)noc2C)cc1,3.98,3.81,0.9896127792165237
CCC(=O)Nc1ccc(C)n(CC(=O)N2CCN(c3cccc(Cl)c3)CC2)c1=O,3.04,,
CCC(=O)Nc1ccc(Nc2nc3ccccc3n3cncc23)cc1,,,0.052917872548943604
CCC(=O)Nc1cccc(CNC(=O)N2CC[C@H]3CCN(C)C[C@H]32)c1,,,0.21377147504026062
CCC(=O)O[C@@H](OP(=O)(CCCCc1ccccc1)CC(=O)N1C[C@H](C2CCCCC2)C[C@H]1C(=O)O)C(C)C,4.48,1.92,0.6663086759455513
CCC(=O)c1ccc(O)cc1,,,-0.0990725993163524
CCC(C(=O)N(C)c1cccnc1OC)N1CCCC1=O,,,0.2845159089740709
CCC(C(=O)N1CCOc2ccc(OC)cc21)N1CCCC1=O,,,0.6259295597027377
CCC(C(=O)NC(CNS(=O)(=O)c1cnn(C)c1)c1ccccc1)c1c(C)noc1C,4.9,2.11,0.8315870885129668
CCC(C(=O)NCc1nnc2cc(-c3nc(C4CC4)no3)ccn12)c1ccccc1,4.92,,
CCC(C(=O)Nc1cccc(C(F)(F)F)c1)c1ccccc1,5.03,3.08,
CCC(C(=O)O)N1CCN(S(=O)(=O)c2cccnc2)CC1,,,0.18289965461583335
CCC(C(=O)O)c1ccc(N2Cc3ccccc3C2=O)cc1,,,0.42106847850423285
CCC(C(=O)O)c1ccccc1,2.45,,
CCC(C)(C)C(=O)NC1CCS(=O)(=O)C2(CC(CNC(=O)C3(C)CC3)C2)C1,,,0.3441304053208587
CCC(C)(C)C(=O)NCc1cc(OC2CCN(C(=O)c3ccccc3)C2)ccn1,,,0.5474714521533255
CCC(C)(C)C(=O)O[C@H]1C[C@@H](C)C=C2C=C[C@H](C)[C@H](CC[C@@H]3C[C@@H](O)CC(=O)O3)[C@H]21,3.93,2.78,0.6654216234931203
CCC(C)(C)C1CCc2c(sc(NC(=O)CSc3nnc(C)[nH]3)c2C#N)C1,,,0.637693437194914
CCC(C)(C)NC(=O)C(C)n1cc(-c2ncccc2F)nn1,4.85,3.06,1.3109330425981611
CCC(C)(C)NC(=O)NCC1CCN(Cc2nc(C)c(C)o2)CC1,,,0.1538058036113868
CCC(C)(C)NC(=O)c1ccc(NC(=O)CC2OC(=O)c3ccccc32)cc1,4.05,3.06,0.7967679786093707
CCC(C)(C)NC(C)C(=O)Nc1ccc(-n2cc(C#N)cn2)cc1,4.49,2.95,0.7458943613641277
CCC(C)(CC(=O)O)NC(=O)c1c(Cl)c2ccccc2n1C,5.06,4.22,0.730947023355887
CCC(C)(NC(=O)c1ccc(F)c(O)c1F)c1nccs1,,,0.36041885296056325
CCC(C)(O)Cc1cn(C2CCCN(c3cnn(C)c3)C2=O)nn1,,,0.061725371703643894
CCC(C)C(=O)N1CCC2(CC1)N(Cc1ccccc1)C(=O)CS2(=O)=O,4.01,,
CCC(C)C(=O)N1CCCC(C(=O)Nc2ccn(C(C)(C)C(=O)O)n2)C1,,,0.2254693628526193
CCC(C)C(=O)Nc1cc(S(=O)(=O)N2CCCC2)ccn1,,,0.4942378741441513
CCC(C)C(CC)C(N)=O,,,0.0472480520238564
CCC(C)C(NC(=O)CSc1nnnn1-c1ccc(C)cc1)C(=O)OC,5.16,4.03,0.9464167932654106
CCC(C)C(O)C(=O)N1CCCC1C(=O)Nc1cc(C)ccc1OC,,,0.5189759418584289
CCC(C)CCCCC(=O)N[C@@H](CCN)C(=O)N[C@H](C(=O)N[C@@H](CCN)C(=O)N[C@H]1CCNC(=O)[C@H]([C@@H](C)O)NC(=O)[C@H](CCN)NC(=O)[C@H](CCN)NC(=O)[C@H](CC(C)C)NC(=O)[C@@H](Cc2ccccc2)NC(=O)[C@@H](CCN)NC1=O)[C@@H](C)O,,,-0.034290209704193095
CCC(C)Cc1nc(-c2cn(CCCF)nn2)n(-c2cccc(NC(C)=O)c2)n1,5.34,5.47,1.1810402839569534
CCC(C)N1CCC(=O)N(Cc2noc(CCC(=O)OC)n2)C1=O,,,0.5246829342297505
CCC(C)NC(=O)C(C)NC(=O)NC1CCN(C(C)c2ccccc2)CC1,,,0.2598501907133162
CCC(C)NC(=O)C(C)Sc1nnc(-c2ccc(OC)cc2)n1CC1CCCO1,4.64,3.76,1.5357138762918192
CCC(C)NC(=O)C1CSCN1C(=O)c1ccc2c(c1)S(=O)(=O)N(C(C)C)C2=O,5.37,2.15,1.1461099983121938
CCC(C)NC(=O)CN1CCN(C(=O)c2ccncc2F)CC1,,,0.0611412038461222
CCC(C)NC(=O)c1ccc(NC(=O)Nc2ccn(Cc3ccccc3C)n2)cc1,5.53,1.86,1.0258424934570205
CCC(C)Oc1cc(C(=O)N2CCC(C)c3cccc(O)c32)ccn1,6.195,4.35,1.753876548159314
CCC(C)S(=O)(=O)NC(=O)c1csc(C2CCCCC2)n1,4.72,2.12,1.4554770141207087
CCC(C)c1ccc(C(=O)N(C)C(C)CCNC(=O)c2c[nH]nn2)cc1,,,0.6417249280150836
CCC(C)c1ccc(NC(=O)CN2C(=O)NC3(CC(O)C3)C2=O)cc1,,,0.22247026691073224
CCC(C)c1nc(C)cc(NC(CO)c2cnn(C)c2)n1,,,0.225557139303405
CCC(C)n1ccc(NC(=O)Cc2cnn(Cc3ccccc3)c2)n1,,,0.11787343180655811
CCC(C)n1nc(NC(=O)C2CNC(=O)c3ccccc32)cc1C,5.18,1.92,0.8254666285948371
CCC(C)n1nc(NC(=O)NCc2nc(C)c(C)s2)cc1C,5.98,1.89,1.184448693009464
CCC(C)n1nc(NS(=O)(=O)c2c[nH]c(C(=O)N3CCCC3)c2)cc1C,5.44,1.82,1.0383183437993706
CCC(C)n1ncc(C(=O)N(C)c2ccn(C)n2)c1C1CC1,,,0.6354574093556284
CCC(C)n1ncc(NC(=O)N2CCOCC2c2ccccc2)c1C,4.94,3.13,0.9063264691299886
CCC(C)n1ncc(NC(=O)c2c(N)nn3ccccc23)c1C,,,0.1298731016882787
CCC(C)n1ncn(-c2ccc(N3CCN(c4ccc(OC[C@H]5CO[C@](Cn6cncn6)(c6ccc(Cl)cc6Cl)O5)cc4)CC3)cc2)c1=O,,,0.2663770346516547
CCC(CC(=O)NCCN(C)C(=O)C(C)n1nccc1C)C1CCC1,5.4,,1.3176840602823614
CCC(CC(=O)NCc1cncc(C(=O)OC)c1)c1ccccc1,,,0.5665415333668181
CCC(CC(F)(F)F)Nc1ncnc2c1ncn2C1CC1,,,0.4185307312499852
CCC(CC)(C(=O)N1CCNC(CCO)C1)c1ccccc1,,,0.5430778259606374
CCC(CC)(CNC(=O)c1ccc2c(c1)CCC=C2)C(=O)O,,,0.4933255047895211
CCC(CC)(CO)c1nc(-c2ccc(N(C)C)nc2)no1,4.64,5.34,0.8971742257830233
CCC(CC)(NC(=O)c1ccc(Oc2ccc(C#N)cc2C)cc1)C(N)=O,,,0.0898745471977719
CCC(CC)C(=O)N1CCC(N(CCc2noc(C3CCC3)n2)C(C)=O)C1,5.18,1.86,
CCC(CC)C(=O)O,2.35,,
CCC(CC)CN(CC)C(=O)c1cn(C(F)(F)CO)nn1,5.3,3.64,1.073865746522233
CCC(CC)COC(=O)[C@H](C)N[P@](=O)(OC[C@H]1O[C@@](C#N)(c2ccc3c(N)ncnn23)[C@H](O)[C@@H]1O)Oc1ccccc1,1.86,3.07,-0.3647036182347373
CCC(CC)O[C@@H]1C=C(C(=O)O)C[C@H](N)[C@H]1NC(C)=O,,,-0.042957336011493596
CCC(CC)c1nnc(NC(=O)c2cc(C=O)[nH]c2C)s1,3.81,,
CCC(CC)n1nc(C)cc1-c1nc(C(C)(C)NC(C)=O)no1,5.02,4.31,0.8480909322703007
CCC(CC)n1nc(C)cc1C(=O)N1C[C@@H]2CS(=O)(=O)C[C@@H]2C1,,,0.2140297937869713
CCC(CC)n1nc(C)cc1C(=O)Nc1nc(-c2c[nH]c(C(N)=O)c2)cs1,4.92,2.17,1.1439092630374141
CCC(CC)n1nccc1C(=O)NCC(C)(C)c1ccc(C)cn1,4.95,2.18,1.089567266599932
CCC(CC1CCCC1)c1nc(-c2ccncc2OC)no1,4.23,2.45,0.7471508515160143
CCC(CC1CCCCC1)C(=O)NCc1nnc2n1CCN(C)C2=O,,,0.1368299452941805
CCC(CNC(=O)N1CCC(N(C)C(C)=O)CC1)Oc1ccccc1C,,,0.25463796882216155
CCC(CNC(=O)c1nc2nc(C)cc(C)n2n1)(C(=O)O)c1ccccc1,,,0.1913795731807629
CCC(CNc1ccccc1)NC(=O)c1ccc(C2(C(F)(F)F)N=N2)cc1,,,0.6281263072135229
CCC(CO)N1CCN(C(=O)Nc2ccc(C(=O)NC(C)C)cc2)CC1,,,0.17295708231540113
CCC(CO)NC(=O)Cc1ccc(NC(=O)c2cccc(N3C(=O)c4ccccc4C3=O)c2)cc1,,,-0.08706004974785214
CCC(CO)NC(=O)Nc1ccc(S(=O)(=O)NC(C)(C)C)cn1,,,0.19366469801555125
CCC(CO)NCc1ccc(-c2cccc(C(F)(F)F)c2)o1,,,0.6013976392655551
CCC(COC)NC(=O)C1CCN(C(=O)c2ccoc2)CC1,,,-0.1327643709960167
CCC(COC)n1cc(-c2ccc(C(F)(F)F)cc2)nn1,5.35,2.15,1.5192974532529573
CCC(Cc1ccc(C)cc1)NC(=O)NC(c1cccc(C(F)(F)F)c1)c1nnc[nH]1,4.975,3.12,1.3273324124781365
CCC(F)(F)CC(=O)Nc1ccc(CCS(C)(=O)=O)cc1,,,0.07050402920869514
CCC(NC(=O)C(C)c1ccc(Br)cc1)c1cccc(S(N)(=O)=O)c1,5.0,6.27,1.225424457067867
CCC(NC(=O)CC(C)(O)c1ccccc1)c1cccc2cc[nH]c12,4.67,4.26,1.7060517276423068
CCC(NC(=O)Cn1ncc2ccccc2c1=O)c1cc(F)ccc1F,4.94,4.43,1.3668541097138163
CCC(NC(=O)N1CCC(c2cnn(C)c2)C1)c1ccncc1,,,-0.21658506216579876
CCC(NC(=O)N1CCCOC(C(C)C)C1)C(=O)N1CCOCC1,,,0.11425056995824555
CCC(NC(=O)NC1CCCOCC1)c1c(C)noc1C,,,0.2424389280448297
CCC(NC(=O)Nc1nc(-c2ccc3c(c2)CCC(=O)N3)cs1)C1CCOCC1,,,0.5900263344094975
CCC(NC(=O)c1cc(C)n(CC)c1C)C(O)C(F)(F)F,5.41,3.09,1.3580132846459003
CCC(NC(=O)c1ccc(CO)cc1OC)C1Cc2ccccc2C1,5.15,4.74,1.635277816656588
CCC(NC(=O)c1cccc(CC#N)c1)C1CCOCC1,,,0.6313173218747925
CCC(NC(=O)c1cnc(N)c(Cl)c1)c1cc(F)ccc1OC,5.15,4.09,1.1275864966597857
CCC(NC(=O)c1cnc(N)s1)c1nc(C)c[nH]1,3.01,,
CCC(NC(=O)c1cncc(C)c1O)c1c(C)noc1C,,,0.1279707995075424
CCC(NC(CO)Cc1ccc(F)cc1)c1ccccc1F,4.93,1.86,0.7902175145599659
CCC(NCC(=O)Nc1ccc(C#N)cc1)c1ccc(OC)cc1,,,0.7480118512106896
CCC(NS(=O)(=O)N1CCOCC1)c1nc(C)c[nH]1,4.19,,
CCC(N[C@H]1c2ccccc2OC[C@H]1CO)c1ccc(F)cc1F,,,0.8672287196587612
CCC(Nc1ncnc2c1cnn2C)c1nc(C(F)(F)F)cs1,,,0.39667378636473416
CCC(O)(c1ccccc1)c1cccc(C(F)(F)F)c1,,,0.17897666638602072
CCC(O)c1cn(Cc2ccc(C(=O)N(CCO)Cc3ccccc3)o2)nn1,,,0.18967187884367198
CCC(OC)C(=O)N(C)C(C)c1cccc(-c2nn[nH]n2)c1,,,0.1076464291722759
CCC(Oc1cccc(C)c1)C(=O)N1CC2CCCC(=O)NC2C1,,,0.4009678967898125
CCC(Oc1ccccc1C)C(=O)N1CCC(c2ncccn2)C1,5.17,,1.212257955597337
CCC(Oc1ccccc1F)C(=O)NC1(c2ncon2)CCC1,4.86,4.7,1.6991784969224286
CCC(c1cc(Cl)cc2c1OCC2)n1cc(CN2CCOCCC2=O)nn1,5.14,2.33,1.0553462701979264
CCC(c1ccc(-c2ccc3[nH]c(=O)n(C)c3c2)cc1)N1CCNCC1,,,-0.07991462814494335
CCC(c1ccc(F)cc1)N1CCN(C(=O)c2cnc(C)n2C)CC1,,,0.1821906030412223
CCC(c1ccccc1)c1c(O)c2ccccc2oc1=O,,,0.083721316240785
CCC(c1ccccc1)c1nnc(NC(=O)N2CCc3ncncc3C2)s1,5.15,5.2,1.1219493230038615
CCC(c1ccccc1)c1nnc(NCC2CCOC2)o1,,,0.6183001441125671
CCC(c1ccncc1)N(CC)C(=O)CCCN1C(=O)c2ccccc2C1=O,,,0.4667353496677425
CCC1(C(=O)NCc2ccc3occc3c2)CCN(C(=O)c2ccccc2)CC1,5.13,3.67,1.1003885645753098
CCC1(C)CC(=O)NC(=O)C1,,,0.07771388700101566
CCC1(C)CC(=O)NC1=O,,,-0.1611202721037949
CCC1(C)CN(C(=O)NC2CCC(CS(C)(=O)=O)CC2)C1,,,0.019610296335268354
CCC1(C)CN(C(=O)NCC(C)Oc2ccc(OC)cc2)CCO1,,,0.45722718170362053
CCC1(C)CN(C(=O)NC[C@]23CNC[C@@]2(C(F)(F)F)C3)C1,,,0.3764625000810627
CCC1(C)COCCN1C(=O)c1n[nH]c(=O)c2ccccc12,,,0.004633031439066106
CCC1(C)COCCN1S(=O)(=O)c1ccc2oc(=O)ccc2c1,,,0.44276019162844815
CCC1(C)OC(=O)N(C)C1=O,,,0.33922235345124496
CCC1(CC)C(NC(=O)N(C)Cc2cscn2)CC1OC,,,0.7421849944217314
CCC1(CC)CC(=O)N(CC(=O)N2CCCCCC2)C(=O)C1,5.38,2.01,1.2240310930892222
CCC1(CC)CC(=O)N(Cc2nnc3n2CCOC3)C1=O,,,0.2807304743582344
CCC1(CC)CNC(=O)C1NC(=O)CCOc1ccccc1F,5.14,,1.1390527330231368
CCC1(CC)CNC(=O)C1NC(=O)c1cc(-c2ccncc2)nn1C,,,0.48202016663515
CCC1(CC)CNC(=O)C1NC(=O)c1csc(-c2ncc[nH]2)n1,,,0.575367247862157
CCC1(CC)CNC(=O)C1NC(=O)c1n[nH]c2c1CCC2,4.98,2.66,1.063210398587416
CCC1(CC)CNC(=O)C1NC(=O)c1nc(-c2ccco2)sc1C,5.08,3.85,1.3528381591034426
CCC1(CNC(=O)N2CC3CCC2CN3)OCCc2ccccc21,,,0.1622348048927135
CCC1(CO)CCCN(C(=O)Nc2ccc3c(c2)N(C)CC3)C1,4.83,4.66,0.9890348052737855
CCC1(CO)CCCN1C(=O)c1cc(OC)cc(OC)c1,,,0.6722731530353263
CCC1(Cn2cc(-c3cccc(C(F)(F)F)n3)nn2)COC1,4.08,2.91,1.198447783580911
CCC1(Cn2cc(-c3cnc(N(C)C)nc3)nn2)COC1,,,0.218284370433371
CCC1(Cn2cc(-c3csc(N(C)CCOC)n3)nn2)COC1,,,0.5934498274744765
CCC1(Cn2cc(C(=O)Nc3c[nH]c4ccccc34)nn2)COC1,,,-0.12005031812382341
CCC1(NC(=O)CC2CC(=O)Nc3ccccc32)CCOCC1,,,0.3354140072416083
CCC1(NC(=O)Nc2cnn(CC(F)F)c2)CCOCC1,,,0.07356096054772865
CCC1(O)CCC(NC(=O)Nc2ccc(Oc3ccccc3C(N)=O)cc2)CC1,,,-0.0018592626782856989
CCC1(O)CCC(NC(=O)c2cnc3c(F)cccc3c2)CC1,,,0.16379040561527997
CCC1(O)CCN(S(=O)(=O)c2ccc(C#N)c(Cl)c2)CC1,,,0.4412101286437771
CCC1(O)CCN(c2ccc3cccc(OC)c3n2)CC1,,,0.5997288242582198
CCC1(O)CN(C(=O)Nc2cc(C(C)(C)C)nn2-c2ccccn2)C1,,,0.39659594668872267
CCC1(c2ccc(C)cc2)CC(=O)NN(c2ccn(C)n2)C1=O,,,0.6449060479836564
CCC1(c2ccc(Cl)cc2)NC(=O)N(c2cncc(Br)c2C)C1=O,5.22,3.0,1.1026833007913897
CCC1(c2ccc(N)cc2)CCC(=O)NC1=O,,,0.32355965449745067
CCC1(c2ccccc2)C(=O)NCNC1=O,,,-0.07608279177320865
CCC1(c2ccccc2)CN(C(=O)[C@@H](C)NC(=O)Cn2cnnn2)C1,,,0.5946624977512732
CCC1(c2ccccc2)NC(=O)N(C)C1=O,,,0.048872545593865606
CCC1=NOC(CNC(=O)c2[nH]ncc2-c2ccncc2)C1,,,0.0982229077999133
CCC1C(=O)N(C)CCN1C(=O)c1cccc(S(=O)(=O)Nc2cc(C)on2)c1,,,0.06365813851322925
CCC1C(=O)N(CC)CCN1S(=O)(=O)c1c(F)cc(OC)cc1F,4.6,2.03,0.7507385434086719
CCC1C(=O)NCCN1C(=O)c1cccc(-c2cnc3[nH]c(=O)n(C)c3c2)c1,,,-0.009517602507121605
CCC1C(=O)NCCN1c1cnc2cc(Cl)c(Cl)cc2n1,,,0.1757378396570653
CCC1C(C(=O)O)CCN1S(=O)(=O)c1ccc2c(c1)CCCN2C(C)=O,,,0.2592057512439042
CCC1C(CO)CCN1C(=O)NCc1ccc(N2CCCC(C(N)=O)C2)cc1,,,0.4731489986940436
CCC1CC(c2nc(-c3ccc(-n4ccnc4)cc3)no2)CCO1,,,-0.0361819918889805
CCC1CCC(CNC(=O)C2(Cc3cnn[nH]3)CCOCC2)CC1,3.95,2.57,0.9751812910294246
CCC1CCCCC1OCC(=O)N(C)Cc1cnccn1,4.68,1.85,0.8024875078594053
CCC1CCCN(CC(=O)N2CCn3c(nnc3C(F)(F)F)C2)C1,,,0.8281362322005681
CCC1CCN(C(=O)c2nn(-c3cccc(Cl)c3)nc2C)C1,4.29,3.85,0.8103739162562583
CCC1CCc2nc(NC(=O)c3c(C)nn(C)c3-n3cccn3)sc2C1,4.92,3.04,0.9675571210883209
CCC1CN(C(=O)C(C)c2c(C)nn(C)c2C)CC2(CCOC2)O1,,,0.6023105687409931
CCC1CN(C(=O)C2CC(=O)N(c3cc(F)cc(F)c3)C2)CC2(CCOC2)O1,,,0.8494676694915263
CCC1CN(C(=O)CC(NC(N)=O)c2cccs2)CC2(CCOC2)O1,,,0.5094696059979416
CCC1CN(C(=O)CCN2C(=O)CCC2=O)CCN1CC(C)O,,,0.3132240912598456
CCC1CN(C(=O)NC2CCN(c3cccnn3)CC2)CC(CC)O1,,,-0.0033802894620521516
CCC1CN(C(=O)NCc2noc3c2CCCC3)CC(CC)O1,4.38,3.06,0.8293240806112231
CCC1CN(C(=O)c2cc(-c3c[nH]c4ccccc34)[nH]n2)CC1N1CCOCC1,4.34,4.21,0.9374281956429533
CCC1CN(C(=O)c2cnn3cccc(OC)c23)c2ccccc2O1,5.62,1.83,0.992764718980755
CCC1CN(S(=O)(=O)c2ccccc2S(N)(=O)=O)c2cccc(Cl)c2O1,5.06,1.86,1.5377220116883519
CCC1CN(c2ccccc2)CCN1C(=O)CCC(=O)N1CCC(O)CC1,,,0.25018442265681096
CCC1CN(c2ccccc2)CCN1C(=O)c1cc(OC)ns1,4.77,2.07,1.1242678310915577
CCC1CN(c2ccccc2)CCN1C(=O)c1cccc2[nH]ncc12,,,0.0036418269221330513
CCC1CN(c2ccccc2)CCN1C(=O)c1cn(Cc2noc(C)n2)nn1,,,0.5289654234687292
CCC1OC2(CCN(c3cc(N(C)C)ncn3)CC2)NC1=O,,,0.2410878220586808
CCC1OCCCC1C(=O)Nc1nnc(-c2ccc(C)cc2C)s1,5.19,2.62,1.1461592860065004
CCCC(=O)N1CCC(NC(=O)N2CCc3ccc(OCC)cc3C2)CC1,,,0.20960274233749096
CCCC(=O)N1CCCC(C(=O)N2C3CCC2c2cc(C#N)c(=O)[nH]c2C3)C1,,,0.0919080259516144
CCCC(=O)N1CCCC1C(=O)N1CCC(C(=O)Nc2ccccc2O)CC1,,,0.5125481737441031
CCCC(=O)N1CCCC1C(=O)N1CCCN(c2nccs2)CC1,,,0.21330567920267451
CCCC(=O)N1CCCC1C(=O)N1CCOC(c2cccs2)C1,,,0.3401325822580925
CCCC(=O)N1CCCCC1C(=O)N1CCC(C(=O)Nc2nncs2)CC1,,,0.0255204785884068
CCCC(=O)N1CCCCC1C(=O)N1CCC(OCC2CC2)CC1,,,0.5847731070434498
CCCC(=O)N1CCCN(c2nc(N)c3cc(OC)c(OC)cc3n2)CC1,4.42,2.95,1.2335696214532688
CCCC(=O)Nc1ccc(CNC(=O)CN2CC3CN4CCCCC4C3C2)cc1,,,0.4609240624135077
CCCC(=O)Nc1ccc2c(c1)CN(C(=O)c1ccc(OC)cc1)C(C(=O)N(C)C)C2,4.26,,
CCCC(=O)Nc1nc2ccc(NC(=O)c3ccncc3N3CCCC3)cc2s1,,,0.24872324125133766
CCCC(=O)OCOC(=O)C1=C(C)NC(C)=C(C(=O)OC)C1c1cccc(Cl)c1Cl,4.84,4.65,1.738983151322551
CCCC(C)(C)C(=O)N1C[C@H]2COC[C@@]2(c2nnc(C)o2)C1,,,0.8777121068313265
CCCC(C)(C)C(=O)NC(CNC(=O)c1ncnc2[nH]ccc12)c1ccccc1,,,0.1426193147517742
CCCC(C)C(=O)N1CCC2(C1)c1ncn(C)c1CCN2C(=O)c1coc(C)n1,,,0.6035068322691425
CCCC(C)N1CC2(CCN(C(=O)c3cnccn3)CC2)OC1=O,3.95,,
CCCC(C)NC(=O)CS(=O)(=O)Cc1csc(-c2ccc(C(C)C)cc2)n1,,,0.37737240705370473
CCCC(C)c1cc(NS(=O)(=O)c2ccc(C#N)c(Br)c2)[nH]n1,4.73,4.79,1.6432887683588064
CCCC(C)c1cc(NS(=O)(=O)c2ccc(OC)cc2CC(=O)OC)[nH]n1,4.82,4.57,1.5878803072700456
CCCC(C)c1cc(NS(=O)(=O)c2cncc(C(=O)OC)c2)[nH]n1,4.22,3.74,0.8855527545896082
CCCC(CCC)C(=O)N1C2CCC1CC(Nc1ccnc(C(=O)OC)n1)C2,,,0.7194796556425007
CCCC(CCC)C(=O)NCc1nnc2n1CCC(C(F)(F)F)C2,,,0.18404535235006275
CCCC(CCC)C(=O)O,,,-0.10749959927588065
CCCC(CCO)NC(=O)C(C)(C)Oc1cccc(-c2noc(=O)[nH]2)c1,,,0.3649154684761987
CCCC(Cc1ccccc1)NC(=O)N1CCN(C(=O)C2CCCO2)CC1,,,0.4852331458692281
CCCC(NC(=O)Cc1c[nH]c2cnccc12)c1nnn[nH]1,,,0.1708327529440866
CCCC(NCc1cn(CCOC)c(=O)[nH]c1=O)C1CCC1,,,0.1091818200573688
CCCC(OC)C(=O)N1CC[C@H]2CN(C(=O)C(=O)NCC3CC3)C[C@H]21,,,0.2522467188068107
CCCC1(CCC)CCCN1C(=O)CCc1cnccn1,4.93,2.98,1.095852380218037
CCCC1(CO)CCCN1C(=O)C(C)NS(=O)(=O)c1cccs1,5.32,3.0,1.0243035883096128
CCCC1(COC)CCCN1C(=O)N[C@@H](C)c1cccc(O)c1,5.63,3.74,1.4276692724022737
CCCC1(COC)CCCN1C(=O)c1[nH]c(=O)[nH]c(=O)c1N,,,0.23899225976814503
CCCC1(COC)CCCN1C(=O)c1ccc(OC)nn1,,,0.40112435907231225
CCCC1(COC)CCCN1C(=O)c1sc(S(N)(=O)=O)cc1C,5.49,3.09,1.1488928170478705
CCCC1C(=O)NCCN1C(=O)c1ccc2c(c1)ncn2C,,,0.21570512241934406
CCCC1CCCN1CC(=O)Nc1ccc(-c2nn[nH]n2)cc1,,,0.1925375323424606
CCCC1CN(C(=O)CN2CCCNC2=O)CCN1C(=O)CN1CCCNC1=O,,,0.1183558905950014
CCCC1CN(c2nc(-c3cccnc3)nc3c2CCC3)CCN1,,,0.31024920156103863
CCCCC(=O)N(Cc1ccc(-c2ccccc2-c2nnn[nH]2)cc1)[C@H](C(=O)O)C(C)C,,,0.1913680393988732
CCCCC(=O)N1CSCC1C(=O)N1CCC[C@]1(C)C(=O)OC,4.38,1.85,0.7268019350461019
CCCCC(=O)Nc1ccc(C(=O)NCCc2nnc(N)s2)cc1,3.41,,
CCCCC(=O)Nc1ccc(C)cc1NC(=O)Cn1nnnc1N,3.55,,
CCCCC(=O)Nc1ccc(C)cc1NC(=O)c1ccc(CN(C)C)o1,3.92,,
CCCCC(C)N(CCCC)C(=O)c1ccn2ccnc2n1,5.33,1.84,1.092625260993314
CCCCC(CC)COC(=O)c1ccc(N(C)C)cc1,4.4,1.89,1.248008738191705
CCCCC(CC)COc1ccc(-c2nc(-c3ccc(OC)cc3)nc(-c3ccc(OCC(CC)CCCC)cc3O)n2)c(O)c1,,,0.02203807612481975
CCCCC(F)(F)[C@@]1(O)CC[C@H]2[C@@H](CC(=O)[C@@H]2CCCCCCC(=O)O)O1,,,0.0066187992838912
CCCCC/C=C\C/C=C\CCCCCCCC(=O)O,,,0.060191440723188404
CCCCC1C(=O)N(c2ccccc2)N(c2ccc(O)cc2)C1=O,3.21,5.0,1.1613948251464437
CCCCC1C(=O)N(c2ccccc2)N(c2ccccc2)C1=O,4.35,4.09,2.0826479869488463
CCCCC1CCCN1C(=O)NCc1ccc(O)cc1,4.31,,
CCCCCC(C=O)=Cc1ccccc1,,,-0.12096921129725749
CCCCCC1NC(=O)N(Cc2ccccc2-n2nc(C)cc2C)C1=O,5.13,2.83,1.2875185427946607
CCCCCCCC(=O)O,,,-0.01530777052950995
CCCCCCCC/C=C\CCCCCCCC(=O)N(CCO)CCO,2.81,,
CCCCCCCC/C=C\CCCCCCCC(=O)O,2.17,,0.1532385952624421
CCCCCCCCC(=O)NCc1ccc(O)c(OC)c1,4.07,,0.1067508192291244
CCCCCCCCC(=O)O,2.45,,
CCCCCCCCCCCC(=O)O,,,-0.0020330712627763987
CCCCCCCCCCCCCC(=O)O,,,0.13496982111593459
CCCCCCCCCCCCCCCC(=O)NCCO,1.89,,0.18748063545560675
CCCCCCCCCCCCCCCC(=O)O,2.5,,0.19859013244946688
CCCCCCCCCCCCCCCCCC(=O)O,,,-0.11999912469317559
CCCCCCCCCCCCCCCCCC[N+](C)(C)CCCCCCCCCCCCCCCCCC,,,-0.026782262711275144
CCCCCCCCCCCCCCCCO,,,0.13550706072444246
CCCCCCCCCCCCCCCC[N+](C)(C)C,,,0.0956547308489223
CCCCCCCCCCCCCCCC[n+]1ccccc1,,,0.280553419968406
CCCCCCCCCCCCOS(=O)(=O)O,,,0.09306206952451496
CCCCCCCCCCC[C@@H](C[C@@H]1OC(=O)[C@H]1CCCCCC)OC(=O)[C@H](CC(C)C)NC=O,4.46,2.78,1.3070820209237424
CCCCCCCN(CC)CCCC(O)c1ccc(NS(C)(=O)=O)cc1,,,0.16099560060177454
CCCCCCOC(=O)CCC(=O)CN,,,0.0429160248120143
CCCCCCOC(=O)c1ccccc1C(=O)c1ccc(N(CC)CC)cc1O,5.88,1.83,2.2464438012575756
CCCCCCc1ccc(O)cc1O,,,0.3045691168212469
CCCCCN(C)CCC(O)(P(=O)(O)O)P(=O)(O)O,,,-0.011029340979941401
CCCCCNC(=N)NN=Cc1c[nH]c2ccc(OC)cc12,2.13,2.14,0.105276672441849
CCCCCOC(=O)Nc1nc(=O)n([C@@H]2O[C@H](C)[C@@H](O)[C@H]2O)cc1F,,,-0.1158049389688279
CCCCCON=O,,,0.12025920712270335
CCCCCc1ccc(C)cc1O,,,0.13501778629687974
CCCCCn1nc(-c2nnc3n2CCOC3)c2ccccc2c1=O,,,0.4215411807648546
CCCCN(C(=O)c1cn(CC(F)F)nc1C)c1ccncc1,,,0.5228232664686514
CCCCN(C(=O)c1ncccc1C(F)(F)F)C1CCS(=O)(=O)C1,,,0.5119892165098989
CCCCN(C)C(=O)C(=O)Nc1ccc(CC(=O)N(C)C)cc1,,,0.2017911507675398
CCCCN(C)c1ccc(NC(=O)N2CCN(C(N)=O)CC2)cc1,,,0.22406077304133473
CCCCN(CCCC)CC(O)c1cc(Cl)cc2c1-c1ccc(Cl)cc1/C2=C/c1ccc(Cl)cc1,,,0.6114457281687687
CCCCN(CCCC)CCC(O)c1cc2c(Cl)cc(Cl)cc2c2cc(C(F)(F)F)ccc12,,,0.6554481642608808
CCCCN(Cc1ccc(F)cc1)Cc1cc(O)c(OC)cn1,4.55,,
CCCCN1CCC(NC(=O)C(=O)Nc2ccc(Cl)cc2C)CC1,,,0.4546160534871448
CCCCN1CCC(NC(=O)C(=O)Nc2ccc(F)cc2Cl)CC1,,,0.1479965805509257
CCCCN1CCCCC1C(=O)Nc1c(C)cccc1C,4.745,1.84,1.656982290305748
CCCCN1CCCCC1C(=O)O,1.83,,
CCCCN1CCCC[C@H]1C(=O)Nc1c(C)cccc1C,4.74,2.09,1.6298237332714245
CCCCN1C[C@H](O)[C@@H](O)[C@H](O)[C@H]1CO,,,0.01709401672356005
CCCCNC(=O)Cc1noc(C(C)c2cccc(O)c2)n1,,,0.05432383355793939
CCCCNC(=O)c1cn(CCC)nc1S(=O)(=O)N1CCN(c2ccc(Cl)cc2)CC1,4.38,,
CCCCNS(=O)(=O)c1cccc(NC(=O)N2CCN(CC(=O)N3CCCCC3)CC2)c1,,,0.2612256248722028
CCCCNc1cc(C(=O)O)cc(S(N)(=O)=O)c1Oc1ccccc1,,,0.0945637465874881
CCCCNc1ccc(C(=O)OCCN(C)C)cc1,,,0.0861843179601557
CCCCNc1cccc(S(=O)(=O)NCC(C)(O)CN(C)C)n1,,,0.16107137727150864
CCCCOC(=O)c1ccc(N)cc1,,,0.21116649137886434
CCCCOC(=O)c1ccc(O)cc1,,,0.1420227474842087
CCCCOCCOC(=O)c1cccnc1,,,0.0329162142992379
CCCCOCc1ccc(O)c(OC)c1,,,0.18529127633358294
CCCCO[C@H]1CC[C@H](NC(=O)c2ccn3c(C)cc(C)nc23)CC1,4.74,5.19,1.1537396596012042
CCCCOc1cc(C(=O)NCCN(CC)CC)c2ccccc2n1,4.38,,
CCCCOc1cc(C(=O)O)c2ccccc2n1,3.79,,
CCCCOc1ccc(C(=O)Nc2ccc(F)cc2F)cc1,2.36,,
CCCCOc1ccc(C(=O)O)cc1,2.36,,
CCCCOc1ccc(Cl)cc1CC(=O)Nc1cnccc1C,4.74,,1.7907006516854693
CCCCOc1ccc(NC(=O)N2CC(C)C(N3CCOCC3)C2)cn1,,,0.17149609422355783
CCCCOc1ccc(OCCCN2CCOCC2)cc1,,,0.4144252711393055
CCCCOc1cccc(NS(=O)(=O)N2CCOCC2)c1,,,0.7402850183275262
CCCCSCc1cc(C(=O)NC2(C(=O)O)CCCC2)oc1C,4.55,,
CCCCc1nc(C)c(CC(=O)N2C[C@H](NC(=O)CC3NC(=O)NC3=O)[C@@H](C3CC3)C2)s1,,,0.0665236916547098
CCCCc1nc(Cl)c(CO)n1Cc1ccc(-c2ccccc2-c2nnn[nH]2)cc1,,,-0.03874980431707245
CCCCc1oc2ccc(NS(C)(=O)=O)cc2c1C(=O)c1ccc(OCCCN(CCCC)CCCC)cc1,,,0.22398944205733956
CCCCc1oc2ccccc2c1C(=O)c1cc(I)c(OCCN(CC)CC)c(I)c1,3.92,2.02,0.9960160463704096
CCCCn1c(=O)[nH]c(=O)c2c1nc(-c1ccc(OCC(F)(F)F)c(OCC)c1)n2C,,,0.19050098336195165
CCCCn1cc(C(=O)NC2(c3ncccn3)CCOCC2)c(C)n1,,,0.386344217954784
CCCCn1ncc(NC(=O)NC2CCOC23CCCC3)c1C(C)C,5.25,1.9,1.1215372174884095
CCCCn1nnnc1CS(=O)(=O)CC1CCC(F)(F)C1,,,0.31287627006662666
CCCCn1nnnc1CS(=O)(=O)c1ccc(Cl)c(F)c1,,,0.6550897274147974
CCCN(C(=O)C1CCC(F)(F)CC1)C1CC(=O)N(C)C1=O,,,-0.025090296151521998
CCCN(C(=O)Cc1ccc(F)c(Cl)c1)c1cccnc1,4.79,4.4,1.2749635425669759
CCCN(C(=O)c1cc(C)cc(O)n1)C1CCc2ccccc2C1,4.92,2.7,1.0371831564499476
CCCN(C)c1ccc(C(=O)N2CCS(=O)(=O)c3ccccc3C2)cc1,,,0.8461701733394271
CCCN(C)c1nccnc1OC1CCN(C(=O)C(C)C)C1,4.99,,
CCCN(C)c1nnc(-c2ccc([N+](=O)[O-])cc2)n1CC,4.9,4.2,1.5007470189083063
CCCN(CC(=O)NC)S(=O)(=O)c1cnc2ccccn12,,,0.3911857933493539
CCCN(CC(=O)Nc1ccc(Cl)cc1Cl)C(=O)c1cc2c(=O)[nH]cnc2cn1,,,0.4963543059380181
CCCN(CC(=O)O)S(=O)(=O)c1ccc(-c2coc(C)n2)cc1,,,0.0975239174397305
CCCN(CC)c1ccc(C(=O)N2CCC(C(=O)N3CCOCC3)CC2)cc1,,,0.473546937335666
CCCN(CC1CC1)C(=O)c1cccc(-c2ccnc(OC)c2C#N)c1,5.22,1.79,
CCCN(CCC)C(=O)c1coc(COc2ccc3sc(C)nc3c2)n1,4.76,,
CCCN(CCC)CCc1cccc2c1CC(=O)N2,,,0.1949966924657185
CCCN(CCC)S(=O)(=O)c1ccc(C(=O)O)cc1,,,0.5445014451951388
CCCN(CCNc1nnc(CC)c(CC)n1)C(=O)C1COCCN1C,,,0.574038421959403
CCCN(CCc1cccs1)C(=O)c1cccc2nc[nH]c(=O)c12,,,0.6170727576539209
CCCN(Cc1cc(F)ccc1F)C(=O)c1ccc2ncn(C)c(=O)c2c1,4.65,3.08,1.583171420690101
CCCN(Cc1ccccc1OC)Cc1ccccc1C(=O)O,4.16,,
CCCN(Cc1cnn(C)c1)C(=O)NCc1cn(Cc2ccccc2)nc1-c1ccccc1,5.35,5.49,1.8118236702430979
CCCN(Cc1nc2ccsc2c(=O)[nH]1)C(=O)N[C@H]1[C@@H]2COC[C@@H]21,,,0.1883753975318418
CCCN1C(=O)CC[C@]2(CNC(=O)c3cc(C4CC4)[nH]n3)CCC[C@@H]12,5.27,2.32,
CCCN1C(=O)CC[C@]2(CNC(=O)c3n[nH]c4ccccc34)CCC[C@@H]12,5.8,1.83,
CCCN1C(=O)CC[C@]2(CNC(=O)c3noc(C)c3COC)CCC[C@@H]12,4.1,,
CCCN1C(=O)CC[C@]2(CNS(=O)(=O)c3cccc4cccnc34)CCC[C@@H]12,5.86,,
CCCN1C(=O)CCc2cc(NS(=O)(=O)c3cccc(C(=O)O)c3)ccc21,,,0.2444789667176398
CCCN1CC(CNC(=O)N2CC(C)OC(C3CC3)C2)CC1=O,,,0.21845224848452438
CCCN1CC(NC(=O)NCC(F)(F)c2cccc(F)c2)CC1=O,,,0.48826503035951696
CCCN1CCCC[C@H]1C(=O)Nc1c(C)cccc1C,4.21,4.05,1.1880900120526563
CCCN1CCCN(C(=O)c2ccccc2NC)CC1=O,5.12,,1.3879205261531262
CCCN1CCN(C(=O)CCn2ccnc2)C(C)(C)C1=O,,,0.06989840687825366
CCCN1CCN(C(=O)c2cc(COC)on2)C(C)(C)C1=O,,,0.12482635281085136
CCCN1Cc2cccc(NS(=O)(=O)c3ccc(OC)c(F)c3C)c2C1,5.07,,1.4534441333671555
CCCNC(=O)CN1CCC(NC(=O)N2CCOC[C@H]2C)CC1,,,0.04798594506525395
CCCNC(=O)N1CCC2(CC1)N(C1CCCC1)C(=O)CS2=O,3.64,,
CCCNC(=O)NC(=O)CN1C2CCC1c1cncnc1C2,,,0.1002944704332574
CCCNC(=O)c1ccc(NC(=O)c2cccc(-c3nnc(COC)o3)c2)cc1,,,0.0271249245345156
CCCNC(=O)c1cccc(C(=O)N(C)Cc2cc(F)cc(F)c2)c1,4.9,2.35,1.028728218502251
CCCNC(=O)c1cccc(C(=O)N2CCCC2c2cc(C)on2)c1,,,0.5246705795061487
CCCNC(C)C(=O)Nc1ccccc1C,,,0.09531881196386495
CCCNCC(O)COc1ccccc1C(=O)CCc1ccccc1,,,0.5324041610808403
CCCNS(=O)(=O)N1CCN(c2ccc(F)cc2OC)CC1,4.93,1.87,0.9602640211257385
CCCNS(=O)(=O)NC1CC(C)N(c2ccccc2)C1=O,,,0.3522330647527889
CCCN[C@H]1CCc2nc(N)sc2C1,,,-0.08593597060685726
CCCOC(=O)c1ccc(O)cc1,,,0.29524889239336216
CCCOC1(c2noc(-c3cc(=O)[nH]c(C4CC4)n3)n2)CCCCC1,5.11,1.89,1.0400114997156114
CCCOC1CCCN(C(=O)CCn2cncn2)C1,3.53,,
CCCOC1CCCN(C(=O)c2cccc(-c3ccc4[nH]nc(N)c4c3)c2)C1,4.83,,
CCCOC1CCCN(CCc2c[nH]c(=O)n(C)c2=O)C1,3.34,,
CCCOCC(=O)NC[C@H]1CCCC[C@H]1N1CCOCC1,,,0.11040491327207604
CCCOc1ccc(CNC(=O)N2CCS(=O)(=O)CC2C)c(C)c1,,,0.3349424449456402
CCCOc1ccc(Cl)cc1NC(C)c1nc(C(C)C)no1,5.28,,1.4492579754286603
CCCOc1ccc(NC(=O)N2CCC(N3CCCC3)C2)c(C)c1,,,0.2463437319849732
CCCOc1ccc(S(=O)(=O)Nc2noc(Cc3ccccc3)n2)cc1,4.19,4.17,0.9915434583490613
CCCOc1ccc2[nH]cc(CCNC(=O)c3cncc4[nH]ccc34)c2c1,1.71,1.9,
CCCOc1cccc(-c2cn(CCCN3CCCC3=O)nn2)c1,,,0.7960115811790401
CCCOc1cccc(-c2nc3cccc(F)c3c(=O)[nH]2)c1,,,0.537889125203139
CCCOc1cccc(-c2nccnc2NC)c1,3.43,,
CCCOc1cccc(C(=O)NC(c2ccccn2)c2ccccc2OC)c1,5.41,4.34,1.8494149799290964
CCCOc1cccc(CCNC(=O)C2CC(=O)N(Cc3ccccn3)C2)c1,,,1.14787194795489
CCCOc1cccc(CCNC(=O)N2C3CCC2CC2(C3)CC2(F)F)c1,5.82,1.97,0.6623310300840365
CCCOc1cccc2c(N[C@@H]3C[C@@H](O)[C@@H](O)C3)ccnc12,,,0.08392102188421625
CCCOc1cccnc1C(=O)N1Cc2ccccc2C(C(=O)O)C1,,,0.0676797564572333
CCCOc1cn(-c2ccccc2)nc1C(=O)NC1CCCN(S(C)(=O)=O)C1,5.49,3.06,1.3163596516258815
CCCOc1cncc(NC(=O)c2ccc(C(=O)N(CC)CCC)cc2)c1,,,0.39104658513327506
CCCS(=O)(=O)N1CCCCC1c1nc(C2(OC)CCOCC2)no1,,,0.7152460094168269
CCCS(=O)(=O)NC(C)c1nc(-c2ccc(OC)c(OC)c2)no1,3.85,,
CCCS(=O)(=O)Nc1ccccc1C(=O)NCc1cccc2c1OCC2,5.3,5.17,2.6849806137069834
CCCS(=O)(=O)c1ccccc1C(=O)NCC1(O)CCCCCC1,5.27,2.05,1.146293827810759
CCCSCc1nc(-c2ccc(C)nn2)no1,3.94,,
CCCSc1ccc2nc(NC(=O)OC)[nH]c2c1,2.04,3.23,-0.42827377658495425
CCCSc1nc(N[C@@H]2C[C@H]2c2ccc(F)c(F)c2)c2nnn([C@@H]3C[C@H](OCCO)[C@@H](O)[C@H]3O)c2n1,4.12,3.12,0.7912588677115262
CCC[C@@H]1C[C@@H](C(=O)N[C@@H]([C@H]2O[C@H](SC)[C@H](O)[C@@H](O)[C@H]2O)[C@@H](C)O)N(C)C1,,,0.0028159061599512467
CCCc1[nH]ncc1C(=O)N1CCC(C)(NC(=O)C(C)OCC)C1,,,0.04736583393241195
CCCc1c(-c2nc(CC3(C)CC3(F)F)no2)nnn1CC,5.47,1.99,1.0664127824947471
CCCc1c(C(=O)N(C)Cc2nnc3ccccn23)cnn1-c1ccccc1C,,,0.4409655853428637
CCCc1c(C(=O)OCc2nnc3n2CCCCC3)nnn1-c1cccc(Cl)c1,5.07,1.94,0.8883352031942571
CCCc1c(NC(=O)NCc2[nH]ncc2Br)cnn1-c1cccc(C)c1,,,0.14027989761954784
CCCc1c(NCc2nnnn2C(C)(C)C)cnn1-c1ccccc1C,5.78,2.65,1.7176668090416614
CCCc1cc(=O)[nH]c(S)n1,,,-0.002573981238264949
CCCc1cc(=O)n2nc(NCC(c3ccc(Cl)cc3)n3cccn3)sc2n1,5.0,,1.0159418318496423
CCCc1cc(C(=O)N(C)[C@H]2CCO[C@@H]2c2cccnc2)cc(=O)[nH]1,,,0.022757070381563
CCCc1cc(C(=O)NC2CCN(c3ccccc3F)C2)cc(=O)[nH]1,,,0.016665762810705
CCCc1cc(C(=O)NCC2CCC3(CCOCC3)O2)cc(=O)[nH]1,,,-0.006800692695141001
CCCc1cc(C(=O)NC[C@]23CNC[C@@]2(C(F)(F)F)C3)[nH]n1,,,0.1377344668372281
CCCc1cc(C(=O)Nc2ccc(C(=O)N=S(C)(C)=O)cc2)no1,,,-0.06207924333982304
CCCc1cc(C(=O)Nc2ccc3oc(=O)n(CC(=O)N4CCCCC4)c3c2)[nH]n1,5.16,5.44,1.3196214652652127
CCCc1cc(C(=O)Nc2cnc(OC)c(OC)c2)cc(=O)[nH]1,,,0.28573385591769346
CCCc1ccc(NC(=O)N2CC(c3nccc(O)n3)C2)cc1,,,0.8436090886993776
CCCc1csc(NC(=O)N2CCCC2c2ccc3c(c2)OCCO3)n1,5.41,1.87,1.024348712995392
CCCc1n[nH]c2ccc(C(=O)NCCN3C(=O)COc4ccccc43)cc12,,,-0.3056613260286044
CCCc1nc(C(C)(C)NC(=O)c2cccc(-c3ncn[nH]3)c2)no1,4.59,2.97,1.1001453394156842
CCCc1nc(C(C)(C)O)c(C(=O)O)n1Cc1ccc(-c2ccccc2-c2nnn[nH]2)cc1,1.77,1.79,-0.22436105497782766
CCCc1nc(C(C)(C)O)c(C(=O)OCc2oc(=O)oc2C)n1Cc1ccc(-c2ccccc2-c2nnn[nH]2)cc1,1.75,2.33,-0.0541483136994649
CCCc1nc(C)c(C(=O)N2CCN(C)C3(CCOCC3)CC2)s1,,,0.20586176953828306
CCCc1nc(C)c(CNC(=O)Cn2nnnc2N)s1,3.23,,
CCCc1nc(C)c2c(=O)nc(-c3cc(S(=O)(=O)N4CCN(CC)CC4)ccc3OCC)[nH]n12,4.31,2.06,1.544728318253171
CCCc1nc(CN2CCN(C(=O)N(C)C)CC2(C)C)no1,,,0.11085040895490245
CCCc1nc2c(C)cc(-c3nc4ccccc4n3C)cc2n1Cc1ccc(-c2ccccc2C(=O)O)cc1,4.3,3.5,1.272390433313856
CCCc1ncc(C(=O)NC2CCc3ccccc3OC2)s1,,,0.43537419335735633
CCCc1nccn1C1CCCN(C(=O)c2c(C(=O)O)cnn2C)C1,,,0.10319213696694404
CCCc1nn(C)c2c(=O)nc(-c3cc(S(=O)(=O)N4CCN(C)CC4)ccc3OCC)[nH]c12,4.65,2.8,1.1627037114925418
CCCc1nnsc1C(=O)N1CCCC(CCc2ccc(F)cc2)C1,5.6,,
CCCc1noc(CN(C)C(=O)NC2CCS(=O)(=O)C2)n1,3.55,,
CCCc1noc2nc(-c3ccco3)cc(C(=O)NCCNC(=O)c3ccc(O)cc3)c12,4.53,3.12,1.759955579419738
CCCn1c(=O)[nH]c(=O)c2[nH]cnc21,,,0.09922603982452725
CCCn1c(C)c(C(=O)NCc2cccnc2N2CCN(C)CC2)c2cc(OC)ccc21,,,0.5680038687876701
CCCn1c(C)cnc1C1CCN(S(=O)(=O)c2cccc3cccnc23)C1,6.43,1.97,
CCCn1c(CN2CCCC2=O)nnc1N1CCCC(N2CCCC2=O)C1,,,0.002522097917825601
CCCn1c(NC(=O)[C@H]2CC[C@@H](C(=O)O)N2)nc2ccccc21,,,-0.0121143506909951
CCCn1cc(-c2cn(Cc3ccn(Cc4ccccc4)n3)nn2)cn1,4.41,3.13,1.0303442347376337
CCCn1cc(CN2CCCC(c3nnc4ccccn34)C2)c(C)n1,3.49,,
CCCn1cc(CN2CCCN(c3ncnc4scc(C)c34)CC2)cn1,,,0.0432244523404912
CCCn1cc(NC(=O)N(C)Cc2cc(-c3ccncc3)no2)nn1,2.3,,
CCCn1cc(NC(=O)NC(C)c2ccc(-n3cncn3)cc2)nn1,3.53,,
CCCn1cc(NC(=O)NCCn2c(C)cc(C)nc2=O)nn1,2.43,,
CCCn1cc(NC(=O)NC[C@]2(c3ccccc3)C[C@H](O)C2)cn1,,,0.2134891353515549
CCCn1cc(NC(=O)N[C@H]2CCO[C@@H]2c2c(C)nn(C)c2C)cn1,,,0.14162127475158526
CCCn1cc(NC(=O)c2ccc3c(Br)cnn3c2)cn1,4.29,5.52,0.913984159917979
CCCn1ccc(-c2nc(CCO)nn2-c2ccc(C)cc2)n1,,,0.38585125414838717
CCCn1ccnc1CN(C)CCc1ccccn1,3.86,,
CCCn1cnnc1CNC(=O)Nc1cccc(NS(C)(=O)=O)c1,2.77,,
CCCn1nc(C)c(C(=O)Nc2cccc(-c3nnnn3C)c2)c1C,,,0.026710400701126902
CCCn1ncc(C(=O)N2CCCC3(C2)NC(=O)NC3=O)c1C1CC1,,,0.29125815606507927
CCCn1nccc1C(=O)Nc1cccc(C(C)C(=O)O)c1,,,0.151649984038022
CCCn1nccc1S(=O)(=O)NCCCc1csc(N)n1,4.28,,
CCCn1ncnc1C(C)NC(=O)c1cc(C)oc1C,3.81,,
CCN(C(=O)CCc1nc(=O)[nH][nH]1)C1CCOc2c(C)cc(F)cc21,,,0.25962858205080264
CCN(C(=O)CN1C(=O)NC(C)(C2CC2)C1=O)c1cccnc1C,,,0.5183542427741348
CCN(C(=O)Cc1cnn(C)c1)C1CCN(C(C)c2ccccc2)C1,,,0.341303460583976
CCN(C(=O)c1ccc2cc(OC)ccc2c1)C1CCNC1=O,,,0.5400744861291026
CCN(C(=O)c1ccccc1)c1ccc(N2CCOCC2)cc1,,,0.33338936220822346
CCN(C(=O)c1ccnc(C2CC2)c1)C(C)CS(C)(=O)=O,,,0.32760815183457737
CCN(C(=O)c1nc(CC(F)(F)F)sc1C)C12CC3CC(CC(C3)C1)C2,6.16,3.0,1.1349344067552316
CCN(C(C)Cc1ccc(OC)cc1)S(=O)(=O)c1ccccc1-c1ccno1,5.800000000000001,1.84,1.509980298693334
CCN(C)C(=O)CNC(=O)c1nnn(-c2ccc(F)c(F)c2)c1C,,,0.1885104537731186
CCN(C)C(C(=O)NC1CCCN(c2ncccn2)C1)c1ccccc1,,,0.5533267965053256
CCN(C)C(c1ccccc1)c1nc(-c2ccc(NC(C)(C)C)cn2)no1,,,0.6567371342073565
CCN(C)c1ccccc1Cn1c(=O)[nH]c2ccccc2c1=O,5.04,4.13,1.6684297496732277
CCN(C1(C(=O)O)CC1)S(=O)(=O)c1ccc(-n2ccnn2)cc1,,,-0.05271503870614061
CCN(C1CCCCC1)S(=O)(=O)c1c(C2OCCO2)cnn1C,5.48,1.93,1.2909422717261008
CCN(CC(=O)NC)S(=O)(=O)c1cnc(NCC(C)C)c(C(F)(F)F)c1,4.81,1.91,0.7767197191763351
CCN(CC(=O)Nc1c(Cl)cccc1Cl)C(=O)c1cnn(-c2ccccc2)n1,5.22,5.08,1.3604589470176647
CCN(CC(=O)Nc1cccc(OC)c1)CC(C)CN1CCOCC1,,,0.5193106174608415
CCN(CC(=O)Nc1ccccc1OC)CC1CCC2(COC2)O1,5.19,2.81,1.160922771841189
CCN(CC(=O)O)C1CCN(C(=O)N[C@H]2CCC[C@H]2c2ccccc2)CC1,,,0.0058645559876609
CCN(CC(=O)O)C1CCN(C(=O)c2ccc(Cl)c(C)c2)CC1,,,0.1472463804566779
CCN(CC(=O)OC)C(=O)c1ccc(-c2cccc(C)c2)n1C,4.76,4.63,1.5825617557783347
CCN(CC)C(=O)/C(C#N)=C/c1cc(O)c(O)c([N+](=O)[O-])c1,,,0.4526846809894459
CCN(CC)C(=O)C1CCN(C(=O)Cc2ccoc2)CC1,,,0.7499005271105634
CCN(CC)C(=O)COc1cccc(NC(=O)c2cc(OC)c(C)c(OC)c2)c1,5.0,5.83,1.6628077566452588
CCN(CC)C(=O)CSc1nnc(-c2cc(Cl)ccc2OC)[nH]1,5.62,4.8,1.4981049054725122
CCN(CC)C(=O)N1CCN(C)CC1,,,0.06885685322391635
CCN(CC)C(=O)NCc1nc(-c2ccc(C)cc2)c[nH]1,,,0.5503272356063964
CCN(CC)C(=O)c1ccc(CNC(=O)N2CCC[C@H](C(=O)O)C2)cc1,,,0.031021209807182103
CCN(CC)C(=O)c1cccc(C)c1,,,0.11182189581222939
CCN(CC)C(=O)c1ccccc1Cn1cc(-c2cnc(F)cc2C)nn1,5.32,3.15,1.09008375746217
CCN(CC)C(=S)S,,,0.251748248376393
CCN(CC)C(=S)SSC(=S)N(CC)CC,1.76,2.04,-0.2629590868617927
CCN(CC)C(C(=O)N1CCOC(CO)C1)c1cccc(C(F)(F)F)c1,,,0.24632163031704515
CCN(CC)C(CNS(=O)(=O)c1ccc2c(c1)CCCC(=O)N2)c1ccco1,4.73,1.87,1.5639736304628091
CCN(CC)C1CCN(C(=O)NCc2ccc(C)c(S(C)(=O)=O)c2)C1,,,0.1442749204743628
CCN(CC)CC#CCOC(=O)C(O)(c1ccccc1)C1CCCCC1,5.2,2.06,1.7001430057994003
CCN(CC)CC(=O)N1CCN(C(=O)C2CC23CCC2(CC2)CC3)CC(CO)C1,,,0.38604628412119874
CCN(CC)CC(=O)N1CCN(C(=O)c2ccnc(C)c2)CC1,,,0.10811311824385444
CCN(CC)CC(=O)N[C@H](C)C1CCN(c2ncc(C#N)cc2Cl)CC1,,,0.6004113238358058
CCN(CC)CC(=O)Nc1c(C)cc(C)cc1C,4.83,,
CCN(CC)CC(=O)Nc1c(C)cccc1C,3.13,,0.4198390314227455
CCN(CC)CC(=O)Nc1cccc(NC(=O)c2ccc3n[nH]c(=O)n3c2)c1,,,0.2117208809892927
CCN(CC)CC(=O)O,1.99,,
CCN(CC)CCCC(C)Nc1ccnc2cc(Cl)ccc12,3.59,2.12,-0.1149438723262778
CCN(CC)CCN,2.01,,
CCN(CC)CCNC(=O)COc1ccc(OC)cc1,2.28,,
CCN(CC)CCNC(=O)c1c(C)[nH]c(/C=C2\C(=O)Nc3ccc(F)cc32)c1C,1.74,2.22,-0.1558305628175997
CCN(CC)CCNC(=O)c1cc(Cl)c(N)cc1OC,,,0.058596943523108
CCN(CC)CCNC(=O)c1cc(NC(=O)c2cc(O)nc3ccccc23)ccc1Cl,,,0.0584995043985619
CCN(CC)CCNC(=O)c1cc(S(C)(=O)=O)ccc1OC,,,0.06647071779942905
CCN(CC)CCNC(=O)c1ccc(N)cc1,,,-0.11599044179596614
CCN(CC)CCNC(=O)c1ccc(NC(C)=O)cc1,2.84,,
CCN(CC)CCOC(=O)C1(c2ccccc2)CCCC1,,,0.42724676747252266
CCN(CC)CCOC(=O)c1ccc(N)cc1,,,-0.03155435094156365
CCN(CC)CCOC(=O)c1ccc(N)cc1Cl,,,0.0746720954071768
CCN(CC)Cc1cc(Nc2ccnc3cc(Cl)ccc23)ccc1O,4.56,4.39,1.1981337872473785
CCN(CC)S(=O)(=O)c1cc(C)c(C)c(NCc2nnc3n2CCOC3)c1,4.49,3.98,0.8911935435670453
CCN(CC)S(=O)(=O)c1ccc(OC(C)C)c(NS(=O)(=O)N(C)C2CCCC2)c1,6.18,2.75,1.7425642508013048
CCN(CC)S(=O)(=O)c1cccc(NC(=O)CN(C)CCC(=O)O)c1,,,0.4381200002291169
CCN(CC)c1cc(C)nc2ncnn12,,,0.5258055659628906
CCN(CC)c1ccc(CNC(=O)N2CCC(C)C(n3ccnc3)C2)cn1,,,0.6153040014367068
CCN(CCC(=O)O)C(=O)c1ccc(-n2cnnc2)cc1,,,0.2612719308545419
CCN(CCC(=O)O)C(=O)c1nnn(-c2cccc(C)c2)c1C,,,0.0037704574809367987
CCN(CCN1CCOCC1)C(=O)c1cn(C)c2ncccc12,,,0.1222780042763085
CCN(CCO)CCCC(C)Nc1ccnc2cc(Cl)ccc12,,,0.002089471993797505
CCN(CCOC)C(=O)Cn1[nH]c(=O)c2ccccc2c1=O,,,0.2456840113239048
CCN(CCSC)c1nnc([C@@H]2CN3CCC[C@@H]3CO2)n1C,,,0.33828133130599286
CCN(CCc1nn[nH]n1)C(=O)C(C)CCc1ccccc1F,,,0.5302815995621922
CCN(Cc1c(CO)cnc(C)c1O)C(=O)c1ccc(F)c(Cl)c1,,,0.21643512241012974
CCN(Cc1c[nH]c2ccccc12)C(=O)C1CCN(S(N)(=O)=O)CC1,,,0.25916425213411454
CCN(Cc1ccc(Cl)c(Cl)c1)C(=O)C1CC(=O)N(CCOC)C1,,,0.8429699533735096
CCN(Cc1ccc2[nH]ccc2c1)C(=O)c1ccc2c(=O)ccoc2c1,,,0.44751752842362896
CCN(Cc1ccc2c(c1)OCCO2)C(=O)Cn1cc(C2CCN(C)C2)nn1,,,0.26953842171665265
CCN(Cc1ccc2c(c1)OCO2)C(=O)NCc1nnc2n1CCCCC2,5.11,2.6,0.9344701992722728
CCN(Cc1cccc(-c2ccncc2)c1)C(=O)Cn1nnc2ccccc21,,,0.6567048028545773
CCN(Cc1cccc(F)c1)C(=O)CN1CCN(C2CCOCC2)CC1,,,0.2663642042984539
CCN(Cc1ccccc1Cl)C(=O)c1ccccc1OCC(=O)N(C)C,5.12,,1.443562102360441
CCN(Cc1ccncc1)C(=O)C(CO)c1ccccc1,4.59,,
CCN(Cc1ccncc1)C1CN(C(=O)CC2CCN(C(C)=O)CC2)C1,2.42,,
CCN(Cc1ccncc1)C1CN(C(=O)c2ccn(CC)n2)C1,4.44,,
CCN(Cc1cn(-c2cnnn2C)nn1)c1cccc(CO)c1,,,-0.0178944555005209
CCN(Cc1cnn(CC)c1)C(=O)NCC1CCN(C)CC1,2.65,,
CCN(Cc1nc(C(C)C)no1)S(=O)(=O)c1cc(-c2ccno2)cs1,4.84,,
CCN(Cc1nc2c(cnn2C)c(=O)[nH]1)Cc1nc(COC)no1,3.09,,
CCN(Cc1nc2c(s1)CC(C)CC2)C(=O)c1nocc1C,,,0.6958481837777184
CCN(Cc1nnc(-c2ccccc2OC)o1)c1cccc2ccccc12,5.88,,1.6825444181693476
CCN(Cc1noc2c1COCC2)c1cccc(C(=O)O)c1,,,0.010408754192633603
CCN(c1cccnc1)S(=O)(=O)c1cccc(OC)c1OC,4.71,2.5,0.8371558341535101
CCN1C(=O)C2CN(C(=O)C(F)(F)c3ccccc3F)CCN2C1=O,,,0.4956247466417763
CCN1C(=O)C2CN(C(=O)OC(C)(C)C)CCCN2C1=O,,,0.1785899330743896
CCN1C(=O)C2CN(c3ccc(-c4ccc(Br)s4)nn3)CCN2C1=O,,,0.4896455975816417
CCN1C(=O)CO[C@H](C(=O)NCC2(SC)CCOCC2)[C@H]1c1nccn1C,,,0.09858225242725399
CCN1C(=O)C[C@H](C(=O)NCCc2ccns2)[C@H]1c1nccn1CC,,,1.3012987786078325
CCN1C(=O)NC(c2ccccc2)C1=O,,,0.6215764957593974
CCN1C(=O)c2ccc(C(=O)N3CC(C(C)C)Cc4cc(OC)ccc43)cc2S1(=O)=O,5.52,2.09,1.313653817987732
CCN1C2CCC1CC(NCC(O)c1cccc(C)c1)C2,,,0.2538559970874187
CCN1CC(C(=O)N(CC2CCCO2)c2ccncc2)CC1=O,,,-0.0121025608274926
CCN1CC(C(=O)NCCCc2nc(C)c(C)s2)CC1=O,3.39,,
CCN1CC(CCN2CCOCC2)C(c2ccccc2)(c2ccccc2)C1=O,4.67,2.68,0.9250857817311589
CCN1CC(NC(=O)N2CCO[C@@H](c3ccc(Cl)cc3)C2)CC1=O,,,0.3913754411096376
CCN1CCC(NC(=O)c2nc3[nH]c(-c4ccccc4)cc(=O)n3n2)C1,,,0.2128590954542937
CCN1CCC(n2nccc2NC(=O)[C@@H]2C[C@H]3CC[C@@H]2O3)CC1,,,0.0311958713039051
CCN1CCCC(NC(=O)Nc2cccc3c2CCO3)C1=O,,,0.4775363665924348
CCN1CCCC(NC(=O)Nc2cccc3cc[nH]c23)C1=O,5.0,2.98,0.9940092225066297
CCN1CCCC1CN(Cc1ccc(O)cc1)C(=O)c1cncc2sccc12,,,0.5439251822934967
CCN1CCCC1CN(Cc1ccc(O)cc1)C(=O)c1nccc2ccsc12,4.51,4.09,0.938561957661501
CCN1CCCC1CNC(=O)c1cc(S(N)(=O)=O)ccc1OC,,,0.049426153558999
CCN1CCCCC1C(=O)NS(=O)(=O)c1ccc(C)c(Cl)c1,,,0.3228762895838222
CCN1CCCCC1CNc1ncc(C#N)c(N)n1,2.93,,
CCN1CCCN(C(=O)C2CCN(c3ccc(-c4nn[nH]n4)cc3F)C2)CC1,,,0.0251413398758707
CCN1CCCN(c2cc(C)nc(-n3nc(C)cc3C)n2)CC1,,,0.253867786558736
CCN1CCCc2cc(-c3nc4cc(S(N)(=O)=O)ccc4n3C)ccc21,,,-0.0454984817176945
CCN1CCN(C(=O)C(C)(C)c2csc(-c3c(Cl)cccc3Cl)n2)CC1=O,5.29,3.58,1.1466232433315424
CCN1CCN(C(=O)C(C)N2CCCC(c3n[nH]c(=O)o3)C2)CC1,,,0.1724026618413322
CCN1CCN(C(=O)C(C)Oc2ccc(S(C)(=O)=O)cc2)CC1,,,0.055857759008678495
CCN1CCN(C(=O)CCc2cnn(-c3ccccc3)c2)CC12CCOC2,,,0.4019161028451013
CCN1CCN(C(=O)CNC(=O)c2ccc(Br)s2)CC1=O,,,-0.026458547154957254
CCN1CCN(C(=O)Cc2ccc(NC(=O)Cc3ccc(OC)cn3)cc2)CC1,,,0.1017809041220959
CCN1CCN(C(=O)NC(C)c2nncn2CCCOC)CC1,2.79,,
CCN1CCN(C(=O)N[C@@H](C(=O)N[C@@H]2C(=O)N3C(C(=O)O)=C(CSc4nnnn4C)CS[C@H]23)c2ccc(O)cc2)C(=O)C1=O,,,-0.022286354129936597
CCN1CCN(C(=O)N[C@@H](C(=O)N[C@@H]2C(=O)N3[C@@H]2SC(C)(C)[C@@H]3C(=O)O)c2ccccc2)C(=O)C1=O,,,0.21623689811987556
CCN1CCN(C(=O)c2cc3cccc(C(F)(F)F)c3[nH]c2=O)C(C)(C)C1=O,,,0.19395650625664035
CCN1CCN(C(=O)c2ccc(NC(=O)c3cc4c(cc3F)NC(=O)CC4)cc2)CC1,,,0.3969515234558874
CCN1CCN(C(=O)c2ccc(NC(=O)c3ccn4c(C)cnc4c3)cc2)CC1,,,0.3845458786425352
CCN1CCN(C(=O)c2cnn(-c3cccc(Cl)c3)c2C)CC12CCOC2,,,0.2273436898698308
CCN1CCN(C2CCN(C(=O)CCc3ccncc3)C2)CC1,,,1.3565996581323754
CCN1CCN(C2CCN(C(=O)CCn3cccn3)C2)CC1,,,0.03585689350364771
CCN1CCN(C2CCN(Cc3nc(C(C)(C)C)co3)CC2)C1=O,,,0.10006219539241365
CCN1CCN(C2CCN(c3ccnc(COC)n3)CC2)C1=O,,,-0.02360494761658585
CCN1CCN(C2CN(C(=O)c3ccc(OC(F)F)cn3)C2)CC1,,,0.09641280874133125
CCN1CCN(CC)CCN(C(=O)N2CC(C)Cc3cccnc32)CC1,,,0.23652292021989954
CCN1CCN(CCNS(=O)(=O)c2ccc(C)c(N(C)C)c2)CC1,,,0.40782743897965623
CCN1CCN(c2cc(COC)nc3ccc(F)cc23)CC1=O,,,0.23569232590932823
CCN1CCN(c2ccc(C(=O)NC3CCN(C)C3=O)cc2)CC1,,,0.011993423092532554
CCN1CCN(c2ccc(C(=O)NCc3cccnc3N(C)C)cc2)CC1,,,0.07804321315786755
CCN1CCN(c2ccc(NC(=O)COc3ccc(S(N)(=O)=O)cc3)cc2)CC1,,,0.00923133151726975
CCN1CCN(c2cccc(NC(=O)Cn3ccc(=O)c4ccccc43)c2)CC1,,,-0.12957666982800264
CCN1CCN(c2cccc(NC(=O)c3ncoc3C)c2)CC1,,,0.6459034614505297
CCN1CCN(c2cnn(-c3ccc(C)c(Cl)c3)c(=O)c2Cl)CC1=O,,,0.4075258904719678
CCN1CCOC(C(=O)N2CCC(Cc3ccc(F)cc3)C2)C1,,,0.353844529523563
CCN1CCOC(C(=O)NCC2(N3CCCCC3)CCOCC2)C1,,,0.2226042456317067
CCN1CCOCC1C(=O)NCCNC(=O)c1cccc(OC)c1,,,0.0486121897262806
CCN1CCO[C@H](CNCC(O)c2ccccc2)[C@H]1c1cnn(C)c1,,,0.27378920075970875
CCN1CC[C@H]2OCCN(C(=O)Cc3c[nH]c4ccc(OC)cc34)[C@H]2C1,,,0.04514481888048465
CCN1CC[C@H]2OCCN(C(=O)c3cc(C)ccc3N3CCCC3)[C@H]2C1,,,0.7069605046640456
CCN1CC[C@H]2OCCN(C(=O)c3n[nH]c4ccccc34)[C@H]2C1,,,0.13601598774992996
CCN1CCc2cc(-c3nc4nccc(C#N)c4[nH]3)ccc21,5.45,2.38,1.1389739393758076
CCN1N=C(c2ccccc2)C(C(=O)Nc2ccccc2F)C1=O,4.6,4.11,0.9348045910869014
CCN1[C@@H]2CCCC[C@@]2(C(=O)NCCCN2CCCC2=O)CCS1(=O)=O,4.36,,
CCN1c2ccccc2N(CC(=O)N2CCCc3ccccc32)S1(=O)=O,5.83,4.96,1.9009424234358678
CCN=S1(=O)CCC2(CC1)CN(C(=O)C1CN(C3CCOCC3)C1)CCO2,,,0.2311443801315235
CCNC(=O)C(c1cccc(OCC)c1)N1CC2CN(C(=O)CCSC)CC2C1,5.3,3.18,1.2591939159277443
CCNC(=O)C1(CNC(=O)[C@@H]2CC3(CC3)CN2C(=O)c2cnn(CC)c2)CCC1,,,0.03439763895905105
CCNC(=O)CN(C)C(C(=O)OC)c1ccccc1C(F)(F)F,5.17,2.0,0.8582795081893131
CCNC(=O)CNC(=O)c1ccc(C2(OC)COC2)cc1,,,0.0936234656054244
CCNC(=O)N1CCC(NC(=O)C2CC(=O)N(c3ccccc3CC)C2)C1,,,0.0781919137322967
CCNC(=O)N1CCC(NC(=O)c2coc3cc(C)c(C)cc23)C1,,,0.3281211506561436
CCNC(=O)N1CCN(C(=O)c2cc(F)c(F)cc2F)CC1,,,0.0076199857056235
CCNC(=O)N1CCc2ccc(NC(=O)Cn3nc(C)n(C)c3=O)cc21,,,0.022517455265166998
CCNC(=O)N1CCc2ccc(NC(C)c3ccnn3C)cc21,,,0.5357932723992098
CCNC(=O)NC(=O)CN1CCOC(c2cccc(F)c2)C1,,,0.383845999677716
CCNC(=O)Nc1c(C)cccc1NC(=O)c1cc(OC)nc2ccccc12,,,0.5727932419041171
CCNC(=O)c1cc(NC(=O)CCC(=O)O)nc2ccccc12,,,0.14465402939302574
CCNC(=O)c1ccc(C)c(NC(=O)c2ccnn2CC(F)(F)F)c1,,,0.4073915185516903
CCNC(=O)c1ccc(C)c(NCc2cn(C)nc2C2CCCC2)c1,,,0.0670750080069562
CCNC(=O)c1ccc(CNC(=O)CN(C(=O)CC2OCCc3ccsc32)C2CC2)cc1,4.8,3.97,0.8297724513153063
CCNC(=O)c1ccc(CNC(=O)N2CCC(Cc3ccncc3)C2)cc1,,,-0.0266240555250232
CCNC(=O)c1ccc(N2CCC(NC(=O)c3ccc(C)s3)CC2)nc1,,,0.33654936313491535
CCNC(=O)c1ccc(NC(=O)c2ncsc2C(C)C)cc1,,,0.14797479488148005
CCNC(=O)c1ccc(NS(=O)(=O)c2cnn(C)n2)cc1,,,0.1754648703162116
CCNC(=O)c1cccc(NC(=O)CN2CCN(c3cnn(C)c3)CC2)c1,,,0.3563481328180356
CCNCC(O)c1cccc(O)c1,,,0.015828167727140005
CCNCc1ccncc1,2.85,,
CCNS(=O)(=O)C1CCN(C(=O)c2cnc(-c3ncccn3)s2)C1,,,-0.013814545329586352
CCNS(=O)(=O)C1CCN(C(=O)c2cnn3cccnc23)C1,,,-0.0527933005737439
CCNS(=O)(=O)c1ccc(C(=O)N2C[C@H]3CN(C)C[C@H]3C2)cc1,,,0.14401951657738377
CCNS(=O)(=O)c1ccc(CC(=O)N[C@H]2C[C@H](c3ccc(Cl)cc3)C2)cc1,,,-0.11303044925015214
CCNS(=O)(=O)c1ccc(F)c(C(=O)N2CCN(Cc3cccc(Cl)c3)C(=O)C2)c1,5.03,2.69,0.8595845559073481
CCNS(=O)(=O)c1ccc2c(c1)N(C(=O)C1CCc3cccnc31)CC2,5.74,3.88,1.6070675040740885
CCN[C@H]1C[C@H](C)S(=O)(=O)c2sc(S(N)(=O)=O)cc21,,,0.022273632411148048
CCNc1cc(CNC(=O)N2CCC(CC)(CO)CC2)ccn1,,,-0.060941519140054703
CCNc1cc(CNC(=O)Nc2ccncc2C)ccn1,,,0.02737177355150025
CCNc1cc(N2CCCC(CCC(=O)N3CCN(C(=O)OCC)CC3)C2)ncn1,3.49,,
CCNc1ccc(Cl)cc1C(=O)N1C2CCC1CC(=O)NC2,,,0.12298210719325368
CCNc1ccc(Cl)cc1C(=O)N1CCOC(C(C)O)C1,,,0.5291922811434717
CCNc1ccc(NC(=O)C(F)(F)Cc2c(C)[nH]c3ccccc23)cn1,,,0.401031869279481
CCNc1ccc(S(=O)(=O)C(F)F)cc1NC(=O)c1cnc2snc(C)c2c1,5.12,4.44,0.9524859325069496
CCNc1nc(C(=O)N2CCN(Cc3nccn3C(F)F)CC2)cs1,,,0.3801548044881664
CCNc1nc(C(=O)N2CCc3cc(Cl)ccc3C2)cs1,,,0.47976444636170645
CCNc1nc(C(=O)Nc2ccc3c(c2)CCCO3)cs1,,,0.6413224031120488
CCNc1ncc(C(=O)N2CCC2c2cccc(F)c2)s1,,,0.777828847835869
CCNc1ncc(C(=O)N2C[C@@H](NS(C)(=O)=O)[C@H](C(C)C)C2)cn1,3.08,,
CCNc1ncc(C(=O)NC(C)(C)c2ncon2)cc1Cl,,,0.7167568686819307
CCNc1ncc(CN2CCC(C(=O)O)CC2)cn1,3.35,,
CCNc1ncc(S(=O)(=O)N(C)CC2CCOC2)cc1Cl,,,0.7877268077519588
CCNc1ncc(S(=O)(=O)NCc2nncn2CC)cc1Cl,,,-0.016971266883379597
CCOC(=O)C(C)(C)Oc1ccc(Cl)cc1,3.4,2.74,-0.18160951070754622
CCOC(=O)C(CCc1cnccn1)NC(=O)c1cc2c(n1C)CCNC2,,,-0.05179774505052515
CCOC(=O)C(Cc1ccccc1)N(C(=O)c1cncc(Cl)c1)C1CC1,5.62,1.82,1.4797372484299398
CCOC(=O)C(F)(F)C1(O)CCCN(C(=O)N(CC)CC)CC1,,,0.15679488383811319
CCOC(=O)C(NS(=O)(=O)c1cncs1)C1CCCCO1,,,0.3862646268627396
CCOC(=O)C1(F)CN(c2ncnc3[nH]cc(CC)c23)CC12COC2,1.76,,
CCOC(=O)C1(c2cn(Cc3nn(C)c4c3CCC4)nn2)CCC1,5.66,2.26,1.4593233541472277
CCOC(=O)C1=C(C)NC(C)=C(C(=O)OC)C1c1cccc(Cl)c1Cl,5.88,5.99,2.6250652611917342
CCOC(=O)C1=C(C)NC(C)=C(C(=O)OC)C1c1cccc([N+](=O)[O-])c1,,,-0.0755885318282111
CCOC(=O)C1=C(COCCN)NC(C)=C(C(=O)OC)C1c1ccccc1Cl,,,0.3451378796814262
CCOC(=O)C1=C[C@@H](OC(CC)CC)[C@H](NC(C)=O)[C@@H](N)C1,,,-0.0668277248148898
CCOC(=O)C1CCCn2c(Cc3cc(C)n[nH]3)nnc21,,,0.20792468646342926
CCOC(=O)CC1C(=O)NCCN1C(=O)c1ccc(C(C)C)o1,,,0.1392913771989141
CCOC(=O)CCC(=O)O[C@H]1[C@H](O[C@@H]2[C@@H](C)[C@H](O[C@H]3C[C@@](C)(OC)[C@@H](O)[C@H](C)O3)[C@@H](C)C(=O)O[C@H](CC)[C@@](C)(O)[C@H](O)[C@@H](C)C(=O)[C@H](C)C[C@@]2(C)O)O[C@H](C)C[C@@H]1N(C)C,,,0.29401466994317166
CCOC(=O)CCCS(=O)(=O)N1CCC(n2cc(C)cn2)CC1,,,0.08394543868421635
CCOC(=O)CCNC(=O)Nc1ccc(-n2cnnn2)c(F)c1,,,-0.020897424842525953
CCOC(=O)CCNS(=O)(=O)CC1(C(C)(F)F)CCOCC1,,,0.253035652052785
CCOC(=O)CCc1cc(N2CCC(NC(C)C)CC2)nc(C)n1,,,-0.0187357059542865
CCOC(=O)COc1ccc2c(C)c(CCN(CC)CC)c(=O)oc2c1,,,0.07457031678928555
CCOC(=O)N1CCC(=C2c3ccc(Cl)cc3CCc3cccnc32)CC1,5.24,2.51,1.7563208621293485
CCOC(=O)N1CCC(C(=O)Nc2ccc(S(=O)(=O)N3CCCC3)cc2)CC1,,,0.4532281395161051
CCOC(=O)N1CCC(NCc2n[nH]c(N)n2)CC1,2.5,,
CCOC(=O)N1CCN(C(=O)C2CCN(c3cc(Oc4ccc(CC)cc4)ncn3)CC2)CC1,1.71,,
CCOC(=O)N1CCN(C(=O)CSCc2ccc(Cl)cc2)CC1,3.92,,
CCOC(=O)N1CCN(C(=O)c2ccc(Cl)c(S(=O)(=O)N3CCOCC3)c2)CC1,4.09,,
CCOC(=O)N1CCNCC1,2.85,,
CCOC(=O)N1CSCC1C(=O)NC1CC=C(c2ccc(F)cc2)CC1,4.8,1.84,1.0755713025805242
CCOC(=O)N1CSCC1C(=O)O,1.77,2.39,-0.16312806234505162
CCOC(=O)N=C1CN(N2CCOCC2)NO1,,,0.08298041318719855
CCOC(=O)Nc1ccc(C(=O)N2CCN(S(=O)(=O)c3ccc(F)cc3)CC2)cc1,,,0.3832177239236002
CCOC(=O)Nc1ccc(NC(=O)N2CCCN(S(=O)(=O)c3ccc(F)cc3)CC2)cc1,,,0.7777551656158981
CCOC(=O)[C@@H](C)C[C@H](Cc1ccc(-c2ccccc2)cc1)NC(=O)CCC(=O)O,,,0.5262720687188641
CCOC(=O)[C@H](CCc1ccccc1)N[C@@H](C)C(=O)N1Cc2ccccc2C[C@H]1C(=O)O,,,0.5689619602147595
CCOC(=O)[C@H](CCc1ccccc1)N[C@@H](C)C(=O)N1[C@H](C(=O)O)C[C@@H]2CCC[C@@H]21,,,-0.0675853597804274
CCOC(=O)[C@H](CCc1ccccc1)N[C@H]1CCc2ccccc2N(CC(=O)O)C1=O,,,0.5319906450074979
CCOC(=O)[C@H]1CCC[C@H]1NC(=O)c1n[nH]c2nc[nH]c(=O)c12,3.86,1.85,-0.2188241323979235
CCOC(=O)[C@H]1C[C@@H]1c1nnc(-c2cccc(C(F)(F)F)c2)[nH]1,,,0.30184632268130007
CCOC(=O)[C@H]1C[C@@H]1c1nnc(Cn2c(CC)nc3ccccc32)[nH]1,,,0.5466699527923995
CCOC(=O)c1[nH]c(C)c(S(=O)(=O)Nc2ccc3c(=O)n(C)c(=O)n(C)c3c2)c1C,,,0.787854959960125
CCOC(=O)c1[nH]c(C2CCN(c3nccs3)CC2)nc1C,,,0.3290381747313662
CCOC(=O)c1[nH]nc(NC(=O)c2ccc(F)c(NC(C)=O)c2)c1C,,,0.148158979943728
CCOC(=O)c1c(C)[nH]c(C(=O)N2C[C@H](O)C[C@H]2C(N)=O)c1C,,,0.4859985969679167
CCOC(=O)c1c(NC(=O)CN(C)Cc2ccon2)sc(C(N)=O)c1C,5.3,2.46,1.152325774690734
CCOC(=O)c1c(NC(=O)CN2CCCC(O)(C(N)=O)C2)sc(C)c1C,,,0.685688200130256
CCOC(=O)c1c(Nc2ccccc2)sc(C=O)c1Cl,4.53,,
CCOC(=O)c1c[nH]nc1OC1CCCN(c2ccccc2)C1=O,,,0.34530981400116456
CCOC(=O)c1cc2c(NCCC(=O)N3CCN(c4ncccn4)CC3)nc(C)cn2n1,,,0.7079064109044181
CCOC(=O)c1cc2n(n1)CC(C)N(C(=O)C1CCN(c3cc(C)cc(C)c3)C1=O)C2,,,-0.013400297316719252
CCOC(=O)c1ccc(C#Cc2ccc3c(c2)C(C)(C)CCS3)nc1,,,0.3465777366353362
CCOC(=O)c1ccc(CNC(=O)N2CCc3[nH]c(-c4ccccc4)nc3C2)cc1,4.34,,
CCOC(=O)c1ccc(N)cc1,,,0.24806820759640463
CCOC(=O)c1ccc(N2CCc3ccccc3C2C)nc1,4.81,1.88,0.9119565342828028
CCOC(=O)c1ccc(NC(=O)CC2CCCCN(C)C2=O)cc1,4.98,,
CCOC(=O)c1ccc(O)cc1,,,0.0563662247601133
CCOC(=O)c1cccc(N)c1,2.69,,
CCOC(=O)c1cccc(NC(=O)COc2ccc([N+](=O)[O-])cc2)c1,4.57,,
CCOC(=O)c1cccc(Nc2c(C(=O)N3CCSCC3)cnc3nc(C)ccc23)c1,4.8,,
CCOC(=O)c1cccc2nc(C=O)c([N+](=O)[O-])n12,3.37,,
CCOC(=O)c1ccccc1O,,,-0.14644705651354833
CCOC(=O)c1cn(CC(=O)Nc2ccccc2F)c2nc(C)ccc2c1=O,,,0.33885357980515246
CCOC(=O)c1cn(CC)nc1NC(=O)Cc1ccco1,,,0.33294793321300886
CCOC(=O)c1cnc(NC2C(=O)NCC2(CC)CC)s1,5.64,1.94,1.3154936081873974
CCOC(=O)c1cnc(NC2CC(O)(C(F)(F)F)C2)nc1C,,,0.1791224152213207
CCOC(=O)c1cnc2ccc(F)cc2c1N1CCN(C)CC1,,,0.5179881182381587
CCOC(=O)c1cnn(-c2ccc(C(=O)Nn3ccnn3)cn2)c1C,,,0.10887638266371966
CCOC(=O)c1cnn(-c2ccc(OC)cc2)c1C(C)C,,,0.6767067135872492
CCOC(=O)c1cnn2ccc(NC(=O)Cc3ccn(CC)n3)cc12,,,0.5620624750026484
CCOC(=O)c1csc(C2CCCN2C(=O)Nc2ccc(C(C)(C)C)cc2)n1,5.91,1.97,1.303516695896616
CCOC(=O)c1ncn2c1CN(C)C(=O)c1cc(F)ccc1-2,,,0.09976199429863494
CCOC(=O)c1nn[nH]c1C1CCCN1C(=O)c1cc2ccccn2c1,,,0.413650102784689
CCOC(=O)c1oc2ccc(S(=O)(=O)N(C)Cc3c(C)noc3C)cc2c1C,4.12,3.04,
CCOC(=O)c1sc2nc(-c3c[nH]nn3)[nH]c(=O)c2c1C,,,0.5270580041063171
CCOC(=O)c1sc2ncnc(NCc3ncccc3O)c2c1C,,,0.21061451591745295
CCOC(C)C(=O)NC1CN(C(=O)c2ccnn2C(C)C)C1,,,0.0776428235293218
CCOC(C)c1nc(-c2cn(C)nc2C)n(-c2ccc(C(C)C)cc2)n1,4.75,3.13,1.523414566745416
CCOC(C)c1nc(C(NC(=O)OC(C)(C)C)c2ccccc2)no1,5.33,1.83,1.4371585777321463
CCOC(C)c1noc(-c2ccc(C(=O)N3CCOCC3)cc2)n1,,,0.053171647176441
CCOC(C)c1noc(CN2CCN(C(=O)c3c(C)noc3C)CC2)n1,,,0.445115519019077
CCOC(CS(=O)(=O)N1CCCN(c2ccc(F)c(F)c2)CC1)C1CC1,5.68,1.98,1.2045561889780827
CCOC(Cn1cc(-c2ccc(C)c(Cl)c2)nn1)OCC,5.52,3.6,1.41679656946636
CCOC(N)=O,,,-0.02441203096700935
CCOC1(C)CCN(C(=O)N(C)Cc2ccccc2)CC1,4.44,2.6,0.8936226725742236
CCOC1(CN(Cc2ccns2)c2ncncc2Br)CCC1,,,0.4111677726616333
CCOC1(c2nnc(Nc3ccc(OC(C)C)cc3)[nH]2)CCOC1,,,0.27705126228480736
CCOC1CC(CC(=O)N2CCCCC2Cc2ccc(O)cc2)C1,5.48,2.45,1.2119831709605893
CCOC1CC(CNC(=O)c2ccnc(C)c2)(N2CCOCC2)C1,,,0.0817526029969753
CCOC1CC(CNc2nc3cccc(F)c3n2C)(N2CCOCC2)C1,,,0.30192072555693567
CCOC1CC(CO)(NC(=O)c2cc(N(C)C)ccn2)C1(C)C,,,0.6941396778791611
CCOC1CC(CO)(NC(=O)c2ccc3nccn3c2)C1(C)C,,,0.0509817114780259
CCOC1CC(N(C)C(=O)NC2CCc3cn[nH]c3C2)C12CCC2,,,0.3853732191446521
CCOC1CC(N(C)C(=O)c2cc(C)c(C(N)=O)cn2)C12CCCCC2,,,0.3715291256352092
CCOC1CC(N(C)C(=O)c2ccc(-c3ncon3)cc2)C12CCCCC2,,,0.7272541932854085
CCOC1CC(N(C)CC(=O)Nc2nccs2)C12CCCCC2,5.13,1.79,1.235601145372105
CCOC1CC(N(C)c2ncnc3[nH]ccc23)C12CCC2,,,0.0989278585559768
CCOC1CC(NC(=O)c2ccc(-n3cnnc3)cc2)(C(=O)O)C1(C)C,,,-0.0657819601541067
CCOC1CC(NC(=O)c2cccc(NC(=O)c3ccc4[nH]cnc4c3)c2)C1n1cccn1,,,0.1956235115554802
CCOC1CC(NC(=O)c2ccnc(-n3cccn3)c2)C12CCCC2,4.8,4.11,1.0117845032036858
CCOC1CC(NC(=O)c2cnn(-c3ccccc3)c2)(C(=O)O)C1(C)C,,,0.26163920698436005
CCOC1CC(O)(CNC(=O)Cn2c(C)cc(O)cc2=O)C1,,,0.2066371598775926
CCOC1CC(O)(CNC(=O)c2ccc(C)c(OC)c2)C1(C)C,3.96,3.2,0.7591193467088867
CCOC1CC(O)(CNC(=O)c2cnnn2-c2c(Cl)cccc2Cl)C1(C)C,4.97,3.0,1.1806374162264404
CCOC1CC(O)(CNc2nc(-c3cccnc3)nc3ccccc23)C1(C)C,5.23,,0.9655786580934835
CCOC1CC(O)C12CCN(C(=O)c1cccnc1NC(C)C)CC2,,,0.6520411851455347
CCOC1CC1C(=O)NC1CCCN(c2cccc(OC)c2)C1,,,0.47270114406656893
CCOC1CC2(CCN(Cc3nnc(-c4cccc(C#N)c4)o3)C2)C1,,,0.2532004607086392
CCOC1COCC1NC(=O)N1Cc2cccnc2N2CCC[C@@H]2C1,,,0.42577714973099057
CCOCC(=O)N1CCC(C(=O)N2CCCC(O)CC2)CC1,2.53,,
CCOCC(=O)NC1CCN(c2cnn(CC)c(=O)c2)CC1,1.73,,
CCOCC1(c2nc(C(Oc3ccc(Br)cc3)C(C)C)no2)CC1,5.14,1.93,1.3248477669662413
CCOCC1CN(C(=O)c2cccn3cnnc23)CCO1,,,0.35420539392187256
CCOCCC(=O)NCC1(NC(=O)c2ccc3[nH]ncc3c2)CCC1,,,0.0995431193056213
CCOCCC1(CN(Cc2cc[nH]n2)c2ncnc(C)c2F)CC1,4.81,5.05,0.8553551675972573
CCOCCCNC(=O)CN1C(=O)C(Oc2ccc(F)cc2)C12CCCCC2,5.35,1.98,
CCOCCCNC(=O)N1CCC(Cc2nnc(-c3ccccc3)[nH]2)CC1,4.79,,
CCOCCCNC(=O)N1CCC(OC2CCN(Cc3ccccc3)CC2)CC1,4.09,,
CCOCCN1CCN(c2c(C#N)cnc3c(Cl)cccc23)CC1C,,,0.26496829086219675
CCOCCOC(=O)C=Cc1ccc(OC)cc1,,,0.29905264859701464
CCOCCc1nnc(-c2cc(C)nc3ccccc23)[nH]1,,,0.47128018851768083
CCOCCn1cc(C(=O)Nc2cc(NC(=O)CN3CCCCC3C)ccc2F)cn1,,,0.4988235144437264
CCOCc1ccc(-c2cnc3c(cnn3C3CCN(C)CC3)c2)cc1F,,,0.6758816372219989
CCOCc1ccc(NC(=O)c2ccc(C(F)(F)F)c(F)c2)cc1,2.0,,-0.4852704542766254
CCOCc1nc(C)cc(N2CC(O)(c3cccc4ccccc34)C2)n1,,,0.543460263770812
CCONC(=O)C(CC)n1nnc(-c2ccc(Cl)cc2)n1,4.37,4.74,0.8531618116705277
CCOP(=O)(OCC)C(=Cc1cc(C(C)(C)C)c(O)c(C(C)(C)C)c1)P(=O)(OCC)OCC,6.87,,
CCO[C@@]1(C)C[C@H]1NC(=O)c1ccnc(N2CCOCC2)n1,,,0.708799418707312
CCO[C@H]1CCCC[C@@H]1n1cc(-c2cccc(CC(=O)OC)c2)nn1,,,0.46355011928538586
CCO[C@H]1CCCC[C@@H]1n1cc(C(C)(C)NS(C)(=O)=O)nn1,,,0.36157801140179735
CCO[C@H]1CCN(C(=O)Cc2cc(-c3ccccc3)on2)C1,4.24,2.21,1.0770276310464006
CCO[C@H]1CCN(C(=O)Nc2cc(CC)nc3ccccc23)C1,,,0.5049931133114534
CCO[C@H]1CCN(C(=O)c2ccc(Oc3cccnc3)cc2)C1,,,0.5691415489515
CCO[C@H]1CCN(C(=O)c2ccc3[nH]c(=O)n(CC)c3c2)C1,,,0.1682606986150419
CCO[C@H]1CN(C)C[C@@H]1NC(=O)c1cc(=O)cc(C)o1,3.28,,
CCO[C@H]1COC[C@@H]1n1cc(C(=O)N(CC)c2ccncc2)nn1,,,0.2472889618195084
CCO[C@H]1C[C@H](NC(=O)Nc2cnc3c(Br)cccn23)C1,,,0.3050493001260725
CCOc1c(CN(C)Cc2nc(C(N)=O)no2)cccc1OC,3.35,,
CCOc1c(Cl)cc(-c2noc(C3CC(=O)N(CC(C)C)C3)n2)cc1OC,,,0.6963133680718157
CCOc1c(Cl)cc(C(=O)NC(C)c2noc(-c3ccccc3)n2)cc1OC,4.63,2.21,0.7488647521376152
CCOc1c(Cl)cccc1CC(=O)NC1CCCc2nc(C)ncc21,,,0.22082804993343175
CCOc1c(F)cccc1C(=O)NC1CCN(CC(=O)N(C)C)CC1,,,-0.10095313229762734
CCOc1cc(-c2nnc(CN(C)S(=O)(=O)c3ccc(C)cc3)o2)ccc1OC,,,0.6795450834621034
CCOc1cc(=O)c(C(=O)N2CCN(CC(C)C)CC2)nn1-c1ccc(C)cc1,4.33,,
CCOc1cc(C(=O)N2CCOCC3(CC3)C2)ccc1OCC(=O)O,,,0.2816577894191018
CCOc1cc(C(=O)N2CCc3cc(S(=O)(=O)NC)ccc32)ccc1OCC(=O)OC,,,0.25917720865001603
CCOc1cc(C(=O)NCC2CN(C)CCO2)ccc1C,,,0.061754332514237856
CCOc1cc(C)c(S(=O)(=O)Nc2ccc(NC(C)=O)cc2)cc1C,,,0.6124490559575946
CCOc1cc(C)nc(N2CCN(C(=O)c3ccn(-c4ccccc4)n3)CC2)n1,4.09,4.63,0.6860305628979055
CCOc1cc(CNC(=O)C2CCN(C(=O)N3CCCC3)CC2)ccc1OC,,,0.4915135180889196
CCOc1cc(CNC(=O)C2CCc3[nH]ncc3C2)ccc1OC,,,0.19361341957688724
CCOc1cc(CNC(=O)C2CCn3ccnc3C2)ccc1OC,,,0.049403303716336146
CCOc1cc(CNC(=O)N2CCCC2c2cnn(C)c2)ccc1OC,,,0.42574561136546807
CCOc1cc(Cl)ccc1CNC(=O)NCC1CCCCN(C)C1,,,0.6372935906672366
CCOc1cc(Cl)ccc1NC(=O)c1ccc2[nH]c(=O)c(=O)[nH]c2c1,,,0.33951340743557556
CCOc1cc(N2CCC(Cc3c[nH]cn3)CC2)nc(C)n1,4.59,4.84,0.9369794698449874
CCOc1cc(NC(=O)C2CCCc3[nH]ncc32)ccc1OC,,,0.4200214639698539
CCOc1cc(NC(=O)c2cc(C)cc3ccncc23)cc(OCC)c1,5.6,5.2,1.1561448446007918
CCOc1cc(NC2CCN(C(=O)C3CCc4cccnc43)CC2)ncn1,2.69,3.27,-0.3277773545671095
CCOc1cc(NC2CCN(CC3CCCC3)CC2)ncn1,,,0.3004096043867825
CCOc1cc(S(=O)(=O)Nc2cccc3cccnc23)ccc1Br,,,0.8108932970737378
CCOc1cc([C@@H](CS(C)(=O)=O)N2C(=O)c3cccc(NC(C)=O)c3C2=O)ccc1OC,,,0.44493506296140045
CCOc1cc2ncc(C#N)c(Nc3ccc(OCc4ccccn4)c(Cl)c3)c2cc1NC(=O)/C=C/CN(C)C,3.24,1.84,-0.2881201262353661
CCOc1ccc(-c2cc(CCCC(=O)Nc3cc(C)cc(C)c3)no2)cc1,4.41,,
CCOc1ccc(-c2cn(C3CN(C(=O)c4cn(C)nc4OC)C3)nn2)cc1,,,0.3654301057081498
CCOc1ccc(-c2cn(CCC3CCCO3)nn2)cc1,4.15,1.88,1.3401070977809448
CCOc1ccc(-c2nc(C)c(C(=O)N3CCc4n[nH]c(=O)cc4C3)s2)cc1,,,0.718183499387901
CCOc1ccc(-c2noc(-c3cc(Cl)c(OCC)c(OC)c3)n2)cn1,,,0.05875965551613199
CCOc1ccc(C(=O)N(C)C2CCCc3c2cnn3C)cc1OC,,,0.3896737191375279
CCOc1ccc(C(=O)N(C)C2CCN(c3cnccn3)CC2)cc1,,,0.33490524795126403
CCOc1ccc(C(=O)N(C)CCc2ccc(O)c(OC)c2)cc1C,4.48,3.26,1.1246531324159876
CCOc1ccc(C(=O)N2CCN(c3nnc(C(F)(F)F)s3)CC2)cc1,,,0.0911793275929519
CCOc1ccc(C(=O)NCC(=O)N2CCC(CN3CCOCC3)CC2)cc1,,,-0.0556966484248801
CCOc1ccc(C(=O)Nc2cc(-c3ccncc3)n[nH]2)cc1OC,,,0.10307019377038912
CCOc1ccc(C(=O)Nc2ccccc2N2CCCC2)cc1,4.95,,
CCOc1ccc(C(=O)O)cc1,2.21,,
CCOc1ccc(C2CCCN2C(=O)CC(=O)NCC(F)(F)F)cc1,,,0.48643448744587836
CCOc1ccc(C2CCCN2C(=O)c2cccn2C)cc1,4.89,4.6,1.236626001920412
CCOc1ccc(C2CCCN2Cc2c(C)nnn2CC)cc1,,,0.7082578491964245
CCOc1ccc(CC(=O)N2CCC(CCOC)(NC(=O)Nc3cccc(C)c3)C2)cc1,5.04,3.92,
CCOc1ccc(CC(=O)Nc2nc(-c3ccc(C#N)cc3)cs2)cc1,,,0.018169790155660955
CCOc1ccc(CC2=NCCc3cc(OCC)c(OCC)cc32)cc1OCC,3.95,2.12,0.910238761675442
CCOc1ccc(CCC2CCN(CCn3cncn3)CC2)cc1,,,0.15023554006327894
CCOc1ccc(CN(C)C(=O)Cn2ncc(N3CCCC3)cc2=O)cc1,,,0.4316942469548181
CCOc1ccc(CN2C[C@@H]3C(=O)N(CCN4CCc5ccccc5C4)C(=O)[C@@H]3C2)cc1,5.19,3.22,
CCOc1ccc(CNC(=O)N2CCC(n3ccnc3)CC2)cc1,,,0.10434243456191955
CCOc1ccc(CNC(=O)N2CCOC[C@@H]2CC(C)C)cc1F,4.68,3.76,0.7918493007491504
CCOc1ccc(Cc2cc([C@@H]3O[C@H](CO)[C@@H](O)[C@H](O)[C@H]3O)ccc2Cl)cc1,,,0.19520000663449755
CCOc1ccc(N(CC)C(=O)CCc2cccnc2)cc1,,,0.7934687267121421
CCOc1ccc(N(CC2CC2)C(=O)c2ccc(-n3cnnn3)cn2)cc1,,,0.6608331349566253
CCOc1ccc(N2CCN(C(C(=O)O)C3CC3)CC2)nn1,,,-0.017542483030803253
CCOc1ccc(NC(=O)NC2CCc3nnc(C)n3C2)cc1OC,,,0.09895552729070614
CCOc1ccc(NC(=O)c2ccnc(Oc3ccc(F)cc3F)c2)cc1CO,,,0.1360127757896171
CCOc1ccc(NCC2(O)CC(C#N)C2)cc1OCC,,,0.48656358085020224
CCOc1ccc(NS(=O)(=O)c2ccc(C)cc2C)cc1OCC,6.015000000000001,2.07,1.2876611900943389
CCOc1ccc(OCC(=O)N2CCN(c3nnc(C)n3C)CC2)cc1,,,0.02084384479621825
CCOc1ccc(OCC)c(S(=O)(=O)Nc2cc(Cl)ccc2OC)c1,5.9,,1.7854227079335758
CCOc1ccc(S(=O)(=O)N2CCC(C(=O)N3CCC4(CC3)CNC(=O)C4)CC2)cc1,,,0.20207605275298346
CCOc1ccc(S(=O)(=O)NC(=O)Cc2ccc(-n3cnnc3)cc2)cc1Br,,,0.07633123503273885
CCOc1ccc(S(=O)(=O)NC2CC(OCC)C23CCCO3)cc1,,,0.6230518783552046
CCOc1ccc(S(=O)(=O)Nc2c(C)cccc2CC)cc1OCC,5.43,3.63,1.2843103640461684
CCOc1ccc(S(=O)(=O)Nc2cn(C)nn2)cc1C(=O)O,,,-0.0018660388923635001
CCOc1ccc([C@@H]2C[C@H]2NC(=O)c2cnn3ccncc23)cc1,4.57,3.02,1.333868386853241
CCOc1ccc2c(c1)C(NC(=O)C1(CO)CCCO1)CCO2,,,0.3556805895133944
CCOc1ccc2c(c1)C(NC(=O)c1[nH]ncc1Cl)CCO2,,,0.3082539754545458
CCOc1ccc2ccccc2c1C(=O)N[C@@H]1C(=O)N2[C@@H]1SC(C)(C)[C@@H]2C(=O)O,,,-0.09781028798783035
CCOc1ccc2ccccc2c1C(=O)N[C@@H]1CCOC[C@H]1O,,,0.3221031246978949
CCOc1ccc2ccccc2c1C(=O)Nc1cnn(CCN(C)C)c1,,,0.18993535879202694
CCOc1ccc2ccccc2c1OCC1(O)CCOCC1,4.25,4.11,1.1959933030265129
CCOc1ccc2nc(-c3ccc(NCc4nnc(C)s4)cc3)sc2c1,,,0.2455139839849782
CCOc1ccc2nc(N3CCCC(C(=O)Nc4cccc(C(C)=O)c4)C3)sc2c1,4.19,,
CCOc1ccc2nc(NC(=O)C3CCCc4c3ncn4C)sc2c1,,,0.4251314044282697
CCOc1ccc2nc(N[C@@H]3CCN(C(C)=O)C3)sc2c1,,,0.2285870831420084
CCOc1ccc2nc(S(N)(=O)=O)sc2c1,,,0.20544429664949088
CCOc1ccc2nc(SCCN3CCOCC3)[nH]c2c1,,,0.5785670876035651
CCOc1ccc2ncc(C(=O)c3ccccc3)c(S(=O)(=O)c3ccc(C)cc3)c2c1,5.78,,
CCOc1cccc(-c2cn(-c3ccc(F)nc3)nn2)c1,,,0.44277361688147365
CCOc1cccc(CC(=O)N2CCC(c3ccc(F)cn3)CC2)n1,4.87,3.15,0.7880927226975555
CCOc1cccc(CC(=O)NC2CCCOc3ccccc32)n1,5.06,3.19,1.5119701406632648
CCOc1cccc(CCC(=O)N2CCCNC(=O)[C@@H]2CC)c1,5.035,1.87,1.3783348592748088
CCOc1cccc(N2CCC(NC(=O)c3ccc(C)o3)CC2)n1,,,0.6452362175474897
CCOc1cccc(NC(=O)Cn2cnc(-c3ccccc3)n2)c1,,,0.32778445766846875
CCOc1cccc(NC(=O)N2CCN(C3CC3)C(C(N)=O)C2)c1,4.46,3.08,1.3705592879906807
CCOc1cccc(NC(=O)c2ccc(C(=O)N3CCOCC3)cc2)n1,,,0.04390798429079925
CCOc1cccc(NS(=O)(=O)c2ccnn2C2CCC2)n1,4.79,4.97,1.4686293597260445
CCOc1cccc([C@@H]2C[C@H]2NC(=O)c2cc(C(N)=O)n(-c3ccccc3)n2)c1,,,0.1650199162782383
CCOc1ccccc1C(=O)N(C)C1CCCCC1S(C)(=O)=O,,,0.5177213513782122
CCOc1ccccc1C(=O)N1CCCC1C(=O)NCCNC(C)=O,,,-0.03399790928244705
CCOc1ccccc1C(=O)N1CCN(C(=O)C2CN(CC)CCO2)CC1,,,0.2905060432767164
CCOc1ccccc1C(=O)NC1CCN(c2cc(C)nc(C)n2)CC1,,,0.0543179214836848
CCOc1ccccc1C(=O)NCC(=O)N1CCC(n2ccnc2)CC1,,,0.0606517577732859
CCOc1ccccc1C(=O)NCC(=O)NCc1cccc(-n2cncn2)c1,,,0.6677954842248668
CCOc1ccccc1C(=O)NCCc1ccc(S(N)(=O)=O)cc1,3.88,,
CCOc1ccccc1C(=O)Nc1ccc(Oc2ccccc2OC)nc1,4.1,,
CCOc1ccccc1C(=O)Nc1cccc2c1OCC(=O)N2,,,0.34927928999268854
CCOc1ccccc1C(=O)Nc1ncn(CC(=O)N2CCCCCC2)n1,,,0.8843132275056222
CCOc1ccccc1C(=O)O,2.1,,
CCOc1ccccc1C(CC(=O)N1CCN2CCCC2C1)NC(C)=O,,,0.28448466617843376
CCOc1ccccc1C(F)(F)C(=O)N1CCC(NC(=O)C2CC2)CC1,5.26,3.07,1.2918237618184332
CCOc1ccccc1C(N)=O,,,0.005546867486586143
CCOc1ccccc1CCC(=O)N1CCN(c2ccc(C(N)=O)cc2)CC1,5.17,,1.333535430540244
CCOc1ccccc1CN(C)S(=O)(=O)CC1CCCO1,4.72,3.15,1.07332185742557
CCOc1ccccc1N1CCN(C(=O)c2cn(-c3cccnc3)nn2)CC1,,,0.2200285969004086
CCOc1ccccc1NC(=O)CCN1CCC(CN2CCOCC2)CC1,,,0.21936897879590184
CCOc1ccccc1OCC(O)CO,,,0.2323836682556365
CCOc1ccccc1OCC1CNCCO1,,,0.06787431789587324
CCOc1cccnc1C(=O)N1CCN(c2ncnc3sccc23)CC1,,,0.34136917240463427
CCOc1cccnc1C(=O)Nc1ccc(Cl)c(NC(C)=O)c1,,,0.618029082073994
CCOc1cccnc1N1CCN(c2nc(C)cc(C)n2)CC1,5.28,,2.1588157531329024
CCOc1cccnc1S(=O)(=O)N1CCc2ccc(F)cc2C(C)C1,5.74,3.67,1.316426380621926
CCOc1cccnc1S(=O)(=O)NCc1ccc(F)cc1C(F)(F)F,5.3,2.95,1.3399015638873344
CCOc1ccncc1S(=O)(=O)N1CCOc2ncc(C)cc21,,,0.49300261992662503
CCOc1cn(-c2ccccc2)nc1C(=O)N1CCN(c2nc(C)cs2)CC1,4.38,2.31,0.3406612713573804
CCOc1cnc(-c2noc([C@]34CNC[C@H]3CCOC4)n2)cn1,,,0.37024943247779174
CCOc1cncc(CNc2ccc(C(F)(F)F)cc2)c1,,,0.5390959034318108
CCOc1cncc(NS(=O)(=O)c2cccc(N(C)C)c2)n1,4.65,4.26,1.5822113536736522
CCOc1nc(C)ccc1C(=O)N1CCCC1c1csc(C)n1,4.67,3.19,0.9563849315704105
CCOc1nc(C)ccc1C(=O)N1CCn2c(nnc2C(F)(F)F)C1,,,0.43980252011913573
CCOc1nc(C)ccc1C(=O)NCc1noc(-c2ccccc2)c1C,,,0.510638012775028
CCOc1nc2cccc(C(=O)O)c2n1Cc1ccc(-c2ccccc2-c2nc(=O)o[nH]2)cc1,,,0.1891723018245532
CCOc1nc2cccc(C(=O)O)c2n1Cc1ccc(-c2ccccc2-c2nnn[nH]2)cc1,,,0.17718739017148136
CCOc1nc2cccc(C(=O)OC(C)OC(=O)OC3CCCCC3)c2n1Cc1ccc(-c2ccccc2-c2nnn[nH]2)cc1,,,0.1908783560566388
CCOc1nccc(C)c1C(=O)N1CC[C@@H](Oc2ccccc2)C1,4.59,1.85,0.8432488467730399
CCOc1ncccc1C(=O)Nc1cc(S(=O)(=O)Nc2cccc(Cl)c2)ccc1O,5.97,,1.019166142215005
CCOc1ncccc1NC(=O)N(C)C(C)C(OC)OC,,,0.40263142861528656
CCOc1ncccc1NC(=O)c1cccc2nc(O)ccc12,,,0.027582798983135093
CCOc1ncccc1S(=O)(=O)NC(=O)CNC(=O)c1ccc(C)cc1,,,0.0290746372676791
CCS(=O)(=O)C1CCN(C(=O)CCc2ccc3c(c2)OCCO3)CC1,,,0.2862342765392316
CCS(=O)(=O)CCn1c([N+](=O)[O-])cnc1C,,,0.1717021077173366
CCS(=O)(=O)CCn1cnc2c(-c3ccccc3)nsc2c1=O,,,-0.0603544737138476
CCS(=O)(=O)N(C)C1CCN(C(=O)C2CCCc3ccccc32)CC1,,,0.8095771882304559
CCS(=O)(=O)N(C)C1CCN(C(=O)Nc2ccnc(C)c2)CC1,,,-0.09892196889560044
CCS(=O)(=O)N1CC(CC#N)(n2cc(-c3ncnc4[nH]ccc34)cn2)C1,,,0.33448863773561865
CCS(=O)(=O)N1CCC(C(=O)N2CC(C)(C)C2C(C)C)CC1,5.43,1.89,1.136020932789504
CCS(=O)(=O)N1CCC(NC(=O)C(C)(C)c2csc(-c3ccccc3F)n2)CC1,5.42,1.85,1.3565029682008325
CCS(=O)(=O)N1CCC(NC(=O)NC(c2ccccc2C)C2CC2)CC1,,,0.49705420339492695
CCS(=O)(=O)N1CCC(c2ccccc2)(c2nc(Cc3cnc(C4CC4)o3)no2)CC1,4.66,2.15,1.161052913118286
CCS(=O)(=O)N1CCN(C(=O)c2cnn(-c3ccncc3)c2)CC1,,,-0.07097322653553825
CCS(=O)(=O)NCC(=O)N1CCN(C2CCC2)CC(C)C1,,,-0.1360790122646019
CCS(=O)(=O)NCC1CN(C(C)=O)CCO1,2.45,,
CCS(=O)(=O)NCCn1cc(COc2cc(F)cc(F)c2)nn1,,,0.21058024245819074
CCS(=O)(=O)N[C@@H](Cc1ccccc1)C(=O)N1CCCOCCNC(=O)CC1,3.69,,
CCS(=O)(=O)Nc1cc(OC)ccc1S(=O)(=O)N1CCCC(C)C1,5.47,4.66,1.9818963380548755
CCS(=O)(=O)Nc1ccccc1C(=O)Nc1cc(C2CC2)n(C)n1,5.37,2.97,1.2807539414786002
CCS(=O)(=O)c1c[nH]c(=O)c(C(=O)NC2Cc3ccccc3C2)c1,4.09,3.94,0.7338254350629927
CCS(=O)(=O)c1ccc(C(=O)Nc2nc(-c3ccccn3)cs2)cc1,,,-0.1630480593058086
CCS(=O)(=O)c1ccc(CC(=O)N2CCC(C3CCCO3)CC2)cc1,,,0.47530708624935303
CCS(=O)(=O)c1ccc(CN2C(=O)CCN(C[C@]34CCC[C@H]3C4)C2=O)cc1,,,0.9008560711810228
CCS(=O)(=O)c1ccc(N2CCC(Nc3ncnc4[nH]ccc34)CC2)cc1,2.82,3.25,
CCS(=O)(=O)c1cccc(-c2nc(C3CCCO3)no2)c1,,,0.35615958891119515
CCS(=O)(=O)c1cccc(C(=O)N2CCC(C(=O)N3CCCCC3)CC2)c1,,,0.4903123107998443
CCS(=O)(=O)c1cccc(CC(=O)N2CCCC2CSC)c1,4.9,1.85,0.98429320863731
CCS(=O)(=O)c1ccccc1CC(=O)N(C)c1ccc(C)nn1,4.175,3.07,-0.24374967992187155
CCS(=O)(=O)c1ccccc1Oc1ccc(NS(=O)(=O)c2c(O)noc2C)cc1,,,0.4219977061620614
CCSC1(C(=O)NC2Cc3ccc(Br)cc3NC2=O)CC1,,,0.6706325750397379
CCSC1(CNC(=O)C2CCC(=O)N(c3cccc(F)c3)C2)CC1,,,0.4479194868351427
CCSC1(CNC(=O)CN2Cc3ccccc3C2=O)CC1,,,0.5875260238318145
CCSc1ccc(C(=O)Nc2ccc3c(c2)N(C(=O)COC)CCC3)cn1,,,0.707970687477683
CCSc1cccc(-c2cc(C(=O)N3CCCCC3)ccn2)c1,4.77,,
CCSc1cccc(Cn2nnnc2N(C)CC2COCCO2)c1,5.12,3.09,0.859440295887734
CCSc1ccccc1NC(=O)c1cscn1,4.19,,
CCSc1nccnc1-c1noc(-c2cnc3ccnn3c2C)n1,,,0.6883026486268113
CCSc1nnc(-c2ccccc2NC(=O)c2csnn2)c(=O)[nH]1,1.62,,
CCSc1nnc(SCc2cc(C=O)ccc2OC)s1,4.52,,
CC[C@@H](C(=O)NCc1ccc(-c2cnco2)cc1)N(C)C,,,0.0568044838039367
CC[C@@H](C(N)=O)N1CCCC1=O,,,-0.0235663152451697
CC[C@@H](CO)N(Cc1ccccc1)C(=O)C1CCC(O)CC1,,,0.45234201441355115
CC[C@@H](CO)NCCN[C@@H](CC)CO,,,-0.039055774001197446
CC[C@@H](NS(=O)(=O)c1ccc(N2C(=O)CCC2=O)nc1)c1ccccc1,,,0.3084224953467384
CC[C@@H]([C@H](C)O)n1ncn(-c2ccc(N3CCN(c4ccc(OC[C@@H]5CO[C@@](Cn6cncn6)(c6ccc(F)cc6F)C5)cc4)CC3)cc2)c1=O,,,0.3951963579060088
CC[C@@H]1C(=O)NCCCN1C(=O)CN(C(C)=O)c1ccccc1,,,0.5358129457556815
CC[C@@H]1C(=O)NCCCN1CC(=O)Nc1ccccc1C(F)(F)F,4.62,3.05,0.9692414864656126
CC[C@@H]1C(=O)NCCCN1Cc1nc(-c2cccc(Cl)c2)no1,5.21,3.07,1.2764281736698218
CC[C@@H]1CN(C(=O)NCC(F)(F)F)C[C@@H]1c1cnc2cnc3[nH]ccc3n12,,,0.1713249521216261
CC[C@@H]1C[C@H]1C(=O)N1CC(C)(c2cn(-c3cccc(F)c3F)nn2)C1,,,0.3855515030297466
CC[C@@H]1OCC[C@H]1NC(=O)N1CCCC(CC(C)(C)C(N)=O)C1,,,0.38895896682209663
CC[C@@H]1OCC[C@H]1NC(=O)N1CCN(C(=O)c2cccc(Cl)c2)CC1,,,0.38453147653234176
CC[C@@]1(O)C(=O)OCc2c1cc1n(c2=O)Cc2cc3c(CN(C)C)c(O)ccc3nc2-1,2.51,2.93,
CC[C@H](C)[C@@H]1NC(=O)N(c2cnn(-c3ccccc3)c2)C1=O,,,0.5502535781199238
CC[C@H](C)[C@H](N)C1=N[C@H](C(=O)N[C@@H](CC(C)C)C(=O)N[C@H](CCC(=O)O)C(=O)N[C@H](C(=O)N[C@H]2CCCCNC(=O)[C@H](CC(N)=O)NC(=O)[C@@H](CC(=O)O)NC(=O)[C@H](Cc3c[nH]cn3)NC(=O)[C@@H](Cc3ccccc3)NC(=O)[C@H]([C@@H](C)CC)NC(=O)[C@@H](CCCN)NC2=O)[C@@H](C)CC)CS1,,,0.16121926466346245
CC[C@H](C)[C@H](NC(=O)CSCc1cc(=O)n2ccsc2n1)C(=O)O,,,0.2814721381355974
CC[C@H](C)[C@H](NC(=O)Cn1ccnc1)c1nc2ccccc2[nH]1,,,0.0508684481572056
CC[C@H](C)[C@H](NCc1ccc(Br)c2cccnc12)C(=O)O,4.51,2.66,1.409732486290972
CC[C@H](N)c1ccccc1,2.13,,
CC[C@H](NC(=O)N1CCOC2(CCCOC2)C1)c1ccccc1,,,0.2982261128243236
CC[C@H](NC(=O)c1c(C)c(-c2ccccc2)nc2ccccc12)c1ccccc1,5.95,,
CC[C@H](c1ccc(F)cc1)n1cc(C2CC3(C2)OCCO3)nn1,,,0.6465404540755841
CC[C@H](c1nc(-c2cccc(Cn3nc(C)cc3C)c2)no1)N(C)C,,,0.824172769084007
CC[C@H]1C(=O)NCCCN1C(=O)CCCn1ccnc1C,,,0.0288140776774732
CC[C@H]1C(=O)NCCCN1C(=O)c1cc2cnn(CC)c2nc1C,,,0.9845287671552004
CC[C@H]1C(=O)NCCCN1C(=O)c1cncc(COC)c1,,,0.23340157414878
CC[C@H]1C(=O)NCCCN1C(=O)c1coc(-c2cccnc2)n1,,,-0.019188967087516
CC[C@H]1C(=O)NCCCN1Cc1oc(-c2ccccc2)nc1C,5.06,2.46,1.0659141873209692
CC[C@H]1CCO[C@H]1C(=O)NS(=O)(=O)c1ccc(OCc2ccccc2)cc1,,,0.8653817978374407
CC[C@H]1OC(=O)[C@H](C)[C@@H](O[C@H]2C[C@@](C)(OC)[C@@H](O)[C@H](C)O2)[C@H](C)[C@@H](O[C@@H]2O[C@H](C)C[C@H](N(C)C)[C@H]2O)[C@](C)(O)C[C@@H](C)/C(=N/OCOCCOC)[C@H](C)[C@@H](O)[C@]1(C)O,,,0.28217008586964776
CC[C@H]1OC(=O)[C@H](C)[C@@H](O[C@H]2C[C@@](C)(OC)[C@@H](O)[C@H](C)O2)[C@H](C)[C@@H](O[C@@H]2O[C@H](C)C[C@H](N(C)C)[C@H]2O)[C@](C)(O)C[C@@H](C)C(=O)[C@H](C)[C@@H](O)[C@]1(C)O,,,0.1823312434454974
CC[C@H]1OC(=O)[C@H](C)[C@@H](O[C@H]2C[C@@](C)(OC)[C@@H](O)[C@H](C)O2)[C@H](C)[C@@H](O[C@@H]2O[C@H](C)C[C@H](N(C)C)[C@H]2O)[C@](C)(O)C[C@@H](C)CN(C)[C@H](C)[C@@H](O)[C@]1(C)O,,,0.06898199101909461
CC[C@H]1OC(=O)[C@H](C)[C@@H](O[C@H]2C[C@@](C)(OC)[C@@H](O)[C@H](C)O2)[C@H](C)[C@@H](O[C@@H]2O[C@H](C)C[C@H](N(C)C)[C@H]2O)[C@](C)(OC)C[C@@H](C)C(=O)[C@H](C)[C@@H](O)[C@]1(C)O,,,-0.14433746471785397
CC[C@H]1OCC[C@@H]1C(=O)NCc1c(F)ccc2[nH]cnc12,,,0.4121046877914182
CC[C@H]1OCC[C@@H]1C(=O)Nc1ccc(-c2ccc[nH]2)cc1,,,0.5024653582744877
CC[C@H]1[C@@H](O)[C@@H]2[C@H](CC[C@]3(C)[C@@H]([C@H](C)CCC(=O)O)CC[C@@H]23)[C@@]2(C)CC[C@@H](O)C[C@@H]12,,,0.3273023240853175
CC[C@]1(O)C[C@@H]2CN(CCc3c([nH]c4ccccc34)[C@@](C(=O)OC)(c3cc4c(cc3OC)N(C)[C@H]3[C@@](O)(C(=O)OC)[C@H](OC(C)=O)[C@]5(CC)C=CCN6CC[C@]43[C@@H]65)C2)C1,5.64,1.9,-0.8609813993529786
CC[N+](C)(C)Cc1ccccc1Br,2.89,1.84,0.020422599357775996
CC[N+](C)(CC)CCOC(=O)C(O)(c1ccccc1)C1CCCCC1,,,0.2432384892920551
CC[N+](CC)(CC)CCOc1cccc(OCC[N+](CC)(CC)CC)c1OCC[N+](CC)(CC)CC,1.93,2.07,-0.025938329830973352
CC[P](CC)(CC)=[Au][S][C@@H]1O[C@H](COC(C)=O)[C@@H](OC(C)=O)[C@H](OC(C)=O)[C@H]1OC(C)=O,2.54,2.1,
CCc1[nH]c(C)nc1C(=O)NC1CN(C(=O)c2cccc(C#N)c2)CCC1C,,,0.22923317386473413
CCc1[nH]ccc1C(=O)N[C@@H]1CN(C)C[C@H]1c1cncn1C,,,0.01786629475796915
CCc1[nH]ccc1C(=O)Nc1ccc(-n2ccnc2)cc1,,,-0.161442201141378
CCc1c(-c2ccncc2)n[nH]c1NC(=O)c1ccnn1C1CCC1,2.01,3.1,-0.2799207748063668
CCc1c(C(=O)N2CCC(n3cc(C(=O)O)cn3)CC2)cnn1-c1ccccc1,,,0.056194793419683496
CCc1c(C(=O)N2CC[C@]3(C(=O)O)CCC[C@H]23)nnn1CC,,,0.0108867592520229
CCc1c(C(=O)NC2(CNC(=O)C3COC(C)C3)CCCC2)oc2ccccc12,5.2,4.21,1.1812555307354953
CCc1c(C(=O)NCc2n[nH]c(=O)[nH]2)cnn1C(C)(C)C,,,-0.1062498839303305
CCc1c(C(=O)Nc2cc(C(F)(F)F)n(C)n2)cnn1-c1ccc(OC)cc1,,,0.6018930756009486
CCc1c(C(=O)Nc2ccc3c(c2)N(C(N)=O)CC3)cnn1-c1ccccn1,4.17,4.69,0.9222172198713348
CCc1c(C)[nH]c2c1C(=O)C(CN1CCOCC1)CC2,,,0.24154884456217968
CCc1c(C)cccc1C(C(=O)NCC1CCOC1)N1CCC(CC(C)O)CC1,4.95,4.86,1.28575621626582
CCc1c(C)nc2ncnn2c1NC(C)c1nccn1C,,,0.27380227488770503
CCc1c(F)cccc1C(=O)N1CC2CCC1CN2C(=O)COC1CCOC1,,,0.407322822874059
CCc1c(NC(=O)N2CCN(CC)C3(CCOC3)C2)cnn1-c1ccccc1,,,0.1521016227618131
CCc1c(NC(=O)c2cocn2)cnn1-c1ccccc1Cl,4.34,1.92,0.8495272330994865
CCc1c2c(nc3ccc(O)cc13)-c1cc3c(c(=O)n1C2)COC(=O)[C@]3(O)CC,2.24,2.56,
CCc1c2c(nc3ccc(OC(=O)N4CCC(N5CCCCC5)CC4)cc13)-c1cc3c(c(=O)n1C2)COC(=O)[C@]3(O)CC,1.76,2.28,-0.7531058490581379
CCc1c[nH]c(=O)c(C(=O)N2CCCN(C(=O)c3ccccc3F)CC2)c1,,,0.0049336323013301
CCc1c[nH]c(=O)c(C(=O)NCCc2nc(-c3ccccc3)oc2C)c1,,,0.6556945460492032
CCc1c[nH]c2ncnc(N3CC4(CCOCC(=O)N4)C3)c12,1.74,2.26,-0.3207780292079634
CCc1c[nH]c2ncnc(N3CCCC(n4cc(C)cn4)C3)c12,1.75,2.81,
CCc1c[nH]c2ncnc(N3CCN(C4CCS(=O)(=O)C4)CC3)c12,1.76,,
CCc1c[nH]c2ncnc(N3CCc4c(CC(N)=O)cccc4C3)c12,3.29,,
CCc1c[nH]c2ncnc(NCc3ccc(CO)c(F)c3)c12,1.74,2.34,
CCc1cc(-c2ccnn2C)nc(N(C)C)n1,3.38,,
CCc1cc(-c2nc(-c3ncncc3C)no2)cc(=O)[nH]1,,,-0.2366668719332501
CCc1cc(/C(C)=N/OCc2ccc(C3CCCCC3)c(C(F)(F)F)c2)ccc1CN1CC(C(=O)O)C1,,,0.22957985007897075
CCc1cc(=O)[nH]c(-c2ccc(N3CCN(C(=O)C4CCCO4)CC3)nc2)n1,,,-0.0767239966035966
CCc1cc(=O)[nH]c(-c2cccc(NC(=O)CCC3CCNCC3)c2)n1,,,0.0325347228491844
CCc1cc(=O)oc2cc(Oc3ccc4nnc(C5CC5C)n4n3)ccc12,,,0.1462457797508224
CCc1cc(C(=O)N2CCC(COc3ccccc3)CC2)[nH]n1,,,0.4563071665795674
CCc1cc(C(=O)N2CCC[C@H](NC(=O)Cc3n[nH]c4ccccc34)C2)oc1CC,,,0.7203529651504642
CCc1cc(C(=O)N2CCOc3cc(F)ccc3C2)n(C)n1,,,0.2897336285205476
CCc1cc(C(=O)NC2CCCN(c3cc(C)nn3C)C2)n(C)n1,,,-0.2042990221117118
CCc1cc(C(=O)NC2CCN(c3ncccc3F)C2)c(C)nn1,,,-0.1879536333593399
CCc1cc(C(=O)NCCc2c(C)[nH]c3c(Cl)ccc(Cl)c23)cc(=O)[nH]1,5.16,1.99,0.6054814804306464
CCc1cc(C(=O)NCc2sc(-c3ccccc3)nc2C)[nH]n1,,,0.6250486107379494
CCc1cc(N2CC3(CN(C)CC3c3nnc(C)[nH]3)C2)nc(C)n1,,,0.03851162600884195
CCc1cc(N2CCC(NC(=O)c3cccc(C)c3F)CC2)ncn1,2.96,1.94,
CCc1cc(N2CCC(Nc3ncccc3C#N)CC2)ncn1,,,-0.1190937482762475
CCc1cc(N2CCC(Nc3ncnc4c(C)cccc34)CC2)ncn1,6.15,6.52,1.0496130444076353
CCc1cc(N2CCC(Nc3ncnc4c(C)csc34)CC2)ncn1,,,0.1812549639387055
CCc1cc(N2CCCC(NC(=O)[C@H](OC)c3ccccc3)C2)ncn1,,,0.4245686135123856
CCc1cc(N2CCCC(Nc3nccn4ccnc34)C2)ncn1,,,0.26295684718889156
CCc1cc(N2CCCN(Cc3cnn(C)c3)CC2)nc(CC)n1,,,0.0441358707915125
CCc1cc(N2CCN(CC(=O)Nc3ccc(F)cc3)CC2)ncn1,,,0.17202299268012206
CCc1cc(NC(=O)C2CC(=O)N(C3CCCCC3)C2)nc(C)n1,,,0.45505420978489286
CCc1cc(NC(=O)C2CCCN(C(=O)c3ccccc3)C2)no1,,,0.6790716406463261
CCc1cc(NC(=O)N2CC3(CCCC3)C2c2ccccc2)no1,5.82,2.03,1.3940399180530831
CCc1cc(NC(=O)N2CCC3(CC2)C(C)=Nc2ccccc23)no1,,,0.2176873203090482
CCc1cc(NC(=O)N2CCN(CC(C)C)CC2)ccc1C,4.17,3.19,0.9658439131286217
CCc1cc(NC(=O)N2CCN(c3ncnc4sccc34)CC2)no1,3.78,2.13,
CCc1cc(NC(=O)NC2Cc3ccccc3N(C)C2=O)ccc1C,5.42,5.42,1.37966949607618
CCc1cc(NC(=O)c2cc(-c3ccc(OC)cc3)n(-c3ccccc3)n2)n(C)n1,,,0.7121639265314539
CCc1cc(NC(=O)c2cc(C)nn2C2CCOCC2)n(C)n1,,,0.12250964639330546
CCc1cc(NC(=O)c2cnc3c(c2)c(C)nn3C)nc(C)n1,,,0.49239105049031634
CCc1cc(NC(=O)c2cnn(-c3cccnc3)c2)ccc1F,,,0.1729554553033959
CCc1cc(NC(=O)c2cnn(C)c2C(F)(F)F)ccc1F,4.26,2.96,0.8466822251805033
CCc1cc(NC(=O)c2coc3ccc(OC)cc23)n(C)n1,4.26,2.54,0.9612120190730242
CCc1cc(NC(=O)c2oc3ccccc3c2CS(C)(=O)=O)n(C)n1,,,0.12111021921346729
CCc1cc(NC2CCCN(C(N)=O)C2)nc(-c2ccncc2)n1,,,0.1787987557760479
CCc1cc(NCC(c2ccccc2)N2CCOCC2)ncn1,,,0.485399871774484
CCc1cc(NCCCn2ccnc2)n2nccc2n1,1.61,,
CCc1cc(Nc2nc(C)nc3c2cnn3C)ccc1C,5.17,1.86,0.7042747841546402
CCc1cc(S(=O)(=O)N2CC(OCCO)C2)c(C)cc1OC,3.92,1.96,0.63042297896025
CCc1cc2c(N3CC(c4n[nH]c(C)n4)C3)nc(C)nc2s1,,,0.4836560679742026
CCc1cc2c(N3CCC(c4c[nH]c5ncccc45)CC3)ncnc2s1,,,-0.1639752332627297
CCc1cc2c(NC(C)COC3CCOC3)ncnc2s1,,,0.416487998492943
CCc1cc2oc(=O)cc(COC(=O)c3cc4[nH]c(-c5ccccc5)cc(=O)n4n3)c2cc1Cl,,,0.0927353424446853
CCc1ccc(-c2cc(C(=O)NCCCc3nnn[nH]3)[nH]n2)cc1,2.26,,
CCc1ccc(-c2nc(CN3CCC(N(C)S(C)(=O)=O)CC3)cs2)cc1,,,0.601095561389482
CCc1ccc(-c2nn(-c3ccccc3C)cc2C(=O)N2C3CCC2CC(=O)NC3)cc1,,,0.7267358112514161
CCc1ccc(-c2nnc(SC3CCN(c4ccccc4)C3=O)[nH]2)cc1,4.95,4.52,1.2850725034903814
CCc1ccc(-c2nnc(SCC3(C)CS(=O)(=O)C3)[nH]2)cc1,,,0.41812293950887525
CCc1ccc(-c2noc(C(C)NS(=O)(=O)Cc3ccccc3)n2)cc1,5.46,2.77,1.3390753970449212
CCc1ccc(-c2noc(CN[C@H]3COCC[C@@H]3OC)n2)cc1,,,0.2665658422769666
CCc1ccc(-n2nc(C3CC3)nc2C2CCC(C(=O)N(C)C)CC2)cc1,5.27,4.1,1.3368177196414672
CCc1ccc(Br)c(NC(=O)C(=O)N2CCC3(CC2)CN(C)C(=O)O3)c1,,,0.3033491145391768
CCc1ccc(C(=O)N(C)Cc2ncccc2C)[nH]1,3.94,,
CCc1ccc(C(=O)N2CCN(C(=O)C3COCCO3)CC2)cc1,,,0.2180428901529944
CCc1ccc(C(=O)N2CCN(C(=O)c3cc(NC(C)=O)ccc3F)CC2)cc1,,,-0.2742475116903851
CCc1ccc(C(=O)N2CCN(C(=O)c3cncs3)CC2)cc1,,,0.13147457497509074
CCc1ccc(C(=O)N2CCN(S(=O)(=O)c3ccccc3OC(F)F)CC2)cc1,5.02,1.81,1.3358164495512694
CCc1ccc(C(=O)NC(C)c2c(C)nn(C)c2C)[nH]1,3.69,,
CCc1ccc(C(=O)NC2CCN(C(=O)Cc3cc4ccccc4[nH]c3=O)C2)[nH]1,,,0.4420169580795718
CCc1ccc(C(=O)NCCc2nc(C(=O)O)cs2)cc1,,,0.030911684324941947
CCc1ccc(C(C)(C)NC(=O)c2n[nH]c(C)c2C)cc1,,,0.4120391051922898
CCc1ccc(C(C)(C)NCC(=O)N2CCN(C(=O)C3CC3)CC2)cc1,,,0.1104681177412858
CCc1ccc(C(C)NC(=O)CN2C(=O)Nc3ccccc3S2(=O)=O)cc1,5.28,1.95,1.4537612605197316
CCc1ccc(C(CO)NC(=O)C(=O)Nc2cc(C)n(-c3cccc(F)c3)n2)cc1,,,0.29744301347846175
CCc1ccc(C(O)CNc2ncnc3[nH]ncc23)cc1,1.74,2.07,
CCc1ccc(C2=NN([C@@H]3CCC[C@H]3O)C(=O)CC2)cc1,,,0.5837933752365426
CCc1ccc(C2CCCCN2C(=O)c2cc(C(F)F)ncn2)o1,4.87,2.07,2.046116863412456
CCc1ccc(C2CN(C(=O)c3ccc4cc[nH]c4n3)CCO2)cc1,,,0.35543046325423167
CCc1ccc(C2COCCN2C(=O)c2ccc(N3CCC(C)=N3)cc2)o1,5.31,1.82,1.0805691126727426
CCc1ccc(C2COCCN2S(=O)(=O)c2ccc3c(c2)C(C)(C)C(=O)N3)o1,4.98,2.71,0.9172367741412443
CCc1ccc(CC(=O)N2CCC[C@@H]2CCNC(=O)C(C)O)cc1,,,0.43570000476376314
CCc1ccc(CC(=O)Nc2ccc(C(=O)N3CCCC3)cc2)nc1,,,0.2283396113289545
CCc1ccc(CCOc2ccc(CC3SC(=O)NC3=O)cc2)nc1,4.67,2.93,1.4788220600215463
CCc1ccc(CN(C)C(=O)Nc2ccc3c(ccn3CC(=O)N3CCOCC3)c2)cc1,,,0.13621040964269965
CCc1ccc(CN(C)Cc2ccc(CN3CCCCC3)s2)nc1,3.78,,
CCc1ccc(CN(CC(C)C)C(=O)CCc2ccn(C)n2)cc1,,,0.7296235144851204
CCc1ccc(Cn2c(=O)[nH]c3cc(OC)c(OC)cc3c2=O)cc1,,,0.457315458166141
CCc1ccc(N2CCN(c3cc(=O)n(C)c(=O)[nH]3)CC2)cc1Cl,,,0.3270670666824254
CCc1ccc(NC(=O)CN2CC(=O)N(C)c3ccccc3C2)cc1,4.67,1.93,0.8288958871244069
CCc1ccc(NC(=O)N2CC(COC)(C3CCC3)C2)cc1F,5.7,3.27,1.0402576473610057
CCc1ccc(NC(=O)N2CCCC(C3CCOCC3)C2)cc1OC,,,0.7165596389470956
CCc1ccc(NC(=O)NCCCc2cccc(C(F)(F)F)c2)cc1S(N)(=O)=O,6.07,2.48,0.98371641928568
CCc1ccc(NCc2nc(C)c(C)s2)cc1S(N)(=O)=O,5.45,,1.6457447343887022
CCc1ccc(OCC(=O)NS(=O)(=O)c2csc(-c3ccccc3)n2)c(OC)c1,4.44,5.07,1.4181541201487946
CCc1ccc(S(=O)(=O)N2CCCc3cnn(C)c32)cc1,5.51,2.19,1.228516471690205
CCc1ccc(S(=O)(=O)N2CCN(c3cnccn3)CC2)s1,,,0.33192098631144235
CCc1ccc(S(C)(=O)=O)cc1C(=O)NCC1C2Cc3ccccc3C12,,,0.5375687888766096
CCc1ccc([N+](=O)[O-])cc1S(=O)(=O)Nc1ccc(-c2noc(C(F)(F)F)n2)cc1,5.14,5.54,1.6404485946344587
CCc1ccc2c(c1)CCN2C(=O)NCc1n[nH]c(C(C)(C)C)n1,,,0.7218875229728641
CCc1ccc2c(c1)CCN2C(=O)Nc1cn(C)nc1C(F)(F)F,,,0.5139088654101491
CCc1ccc2c(c1)CCN2S(=O)(=O)c1ccccc1S(N)(=O)=O,5.25,4.56,1.4502363833985092
CCc1ccc2occ(C(=O)N3CCN(C(=O)Cn4cnnn4)CC3)c2c1,,,0.2677004347250411
CCc1cccc(C)c1NS(=O)(=O)c1ccc(C)c(C(=O)OC)c1,5.85,3.1,1.4113310474451053
CCc1cccc(C)c1NS(=O)(=O)c1ccc(N(C)C(C)=O)cc1,,,0.7430195421408166
CCc1cccc(C)c1NS(=O)(=O)c1cn(C(C)C)cn1,5.89,2.41,1.7225789280301553
CCc1cccc(CC)c1NC(=O)C(C)n1cc(CN2CCCC3(CC3)S2(=O)=O)nn1,4.87,2.8,1.02800029623503
CCc1cccc(Cc2cnc(NC(=O)[C@H]3C[C@H]4OCC[C@H]4N3)s2)c1,,,0.20502145866944144
CCc1cccc(NS(=O)(=O)c2c[nH]c3ncccc23)c1,,,0.9941990275910766
CCc1cccc(S(=O)(=O)N2CCN(CCS(N)(=O)=O)CC2)c1,,,0.3608397803027694
CCc1cccc(S(=O)(=O)NC2CCCN(CC(F)(F)F)C2=O)c1,5.22,2.99,0.9161250541389712
CCc1cccc(S(=O)(=O)NCCCc2cccnc2)c1,,,0.7234718939603411
CCc1cccc(S(=O)(=O)NCCc2nc(C)cc(C)n2)c1,5.34,1.82,1.3050806238806942
CCc1cccc2c(C3CCN(C(=O)c4ccc(C#N)c(O)c4)CC3)c[nH]c12,,,0.520320639401174
CCc1cccc2c3c([nH]c12)C(CC)(CC(=O)O)OCC3,,,0.5363131203873774
CCc1cccc2ccc(C(=O)NCC34CCCC(C3)C(=O)N4)nc12,5.47,1.85,0.9541076018663075
CCc1ccccc1-n1cc(C(=O)NC(C)c2nn(C)cc2O)nn1,4.53,3.19,0.8763792652400797
CCc1ccccc1N1CC(C(=O)Nc2ccc(C(N)=O)c(Cl)c2)CC1=O,,,0.4014585391226891
CCc1ccccc1NC(=O)CN(C)C(=O)Cc1c[nH]c2cccnc12,,,0.6537507069019781
CCc1ccccc1S(=O)(=O)NCC(=O)NC(C)c1ccccn1,4.71,1.89,0.8539329175092705
CCc1ccccc1[C@@H]1C[C@H]1C(=O)NC1CCN(C)C1=O,,,0.3196254343596976
CCc1cccnc1C(=O)NCc1cc2ccccc2n(C)c1=O,5.46,,1.4157874363244083
CCc1ccnc(C(=O)N2CCC(C)(NC(=O)c3cc4cnccc4o3)CC2)c1,,,0.1351280386809392
CCc1ccnc(C(=O)N2CCCCC2c2cc(C)n[nH]2)c1,,,0.7416273895863756
CCc1ccnc(C(=O)N[C@H]2CCCO[C@@H]2c2nccn2CC)c1,4.76,3.59,0.8756597291983894
CCc1ccnc(C(=O)Nc2ccc(OCC(F)(F)F)nc2)c1,,,0.36321920032235955
CCc1cn2nc(NCc3c[nH]c(CC)nc3=N)cc(Cl)c2n1,,,0.6639874153656785
CCc1cn[nH]c1C1CCN(C(=O)c2c(-c3ccccc3)noc2C)CC1,4.96,,
CCc1cnc(CNC(=O)N2CCC(S(=O)(=O)CC)CC2)s1,,,-0.13763363091824954
CCc1cnc(CNS(=O)(=O)c2cnn(-c3ccccc3)c2)s1,4.54,2.28,1.0014511217422943
CCc1cnc(N(Cc2ccn(C)n2)CC2CCCC(C)(C)O2)nc1,5.35,2.86,1.3626452709904942
CCc1cnc(NC(=O)C2CCN(C(=O)c3ccccc3)CC2)s1,,,0.2056894906505095
CCc1cnc(NC(=O)N2CCc3cc(OC)c(OC)cc3C2)s1,5.63,,
CCc1cnc(NC(=O)c2cc(C(F)(F)F)c[nH]c2=O)s1,4.98,2.08,1.1268603310918799
CCc1cnc(NC(=O)c2cccc(S(=O)(=O)N3CC(C)OC(C)C3)c2)s1,,,0.5099330046013526
CCc1cncc(-c2nc(-c3ccnc(N4CCCC4)c3)no2)c1,,,0.392961550320066
CCc1cnccc1-c1noc(CC(C)c2ccccc2C)n1,,,0.6506814861565415
CCc1cnccc1CNC(=O)N(CC)Cc1nc2cc(OC)c(OC)cc2c(=O)[nH]1,,,0.2297019551189902
CCc1cnccc1NC(=O)C1(c2ccccc2)CC1(C)C,,,0.7370137488855132
CCc1csc(-n2cc(C(=O)N3Cc4ccc(O)cc4C4(CC4)C3)cn2)n1,,,0.5781984953701884
CCc1csc(CCNC(=O)c2cc(C)c(C)c(S(N)(=O)=O)c2)n1,4.36,,
CCc1csc(CNC(=O)C2(c3ccc(S(C)(=O)=O)cc3)CCCCC2)n1,4.99,,
CCc1csc(CNC(=O)c2cc3ncccn3n2)n1,3.24,,
CCc1csc(NC(=O)N2CCC(c3nc(C)no3)C2)n1,,,0.20644479299016735
CCc1csc(NC(=O)NCCNc2ncc(Cl)cc2Cl)n1,,,0.6331933718503977
CCc1n[nH]c(-c2ccccc2NC(=O)c2ccc(NC(C)=O)c(F)c2)n1,5.19,5.47,1.4243365016273626
CCc1n[nH]c(=O)c(C(=O)N(C)c2ccn(C)n2)c1CC,,,0.06219493489202015
CCc1n[nH]c(CC)c1CC(=O)N[C@@H]1CC(Cn2ccnc2)C[C@H]1O,,,0.11887642320412675
CCc1n[nH]c2ncnc(N3CC4(C3)SCCC4C(=O)OC)c12,1.99,3.25,
CCc1nc(C#N)cc(Oc2ccc3c(c2)CN(C)C3=O)n1,1.97,1.81,
CCc1nc(C(=O)NCc2ccc3[nH]c(=O)[nH]c3c2)nn1-c1ccccc1Cl,,,0.2984804922976666
CCc1nc(C(C)NC(=O)Nc2cccc3c2OC(C)(C)C3)n[nH]1,4.97,3.07,1.1216427761007068
CCc1nc(C(N)=O)c(Nc2ccc(N3CCC(N4CCN(C)CC4)CC3)c(OC)c2)nc1NC1CCOCC1,5.74,2.13,
CCc1nc(C)c(C(=O)N2CCC(C(F)(F)F)C3(CCOCC3)C2)o1,,,0.0384381573381091
CCc1nc(C)c(C(=O)N2c3ccncc3N3CCC2C3)o1,,,0.12612026574385152
CCc1nc(C)c(C(=O)NC2COc3c(cccc3OC)C2)o1,3.87,,
CCc1nc(C)c(C(=O)Nc2cccc(OCC(N)=O)c2)o1,,,0.5417289222855193
CCc1nc(C)cc(N2C[C@H]3CN(CC(=O)NC4CCCC4)C[C@@]3(C)C2)n1,,,0.5750479869643834
CCc1nc(C)cn1S(=O)(=O)c1cc(C)c(OC)cc1C,,,0.5672379801851736
CCc1nc(C2(NC(=O)Nc3ccn(CC(F)F)n3)CCCC2)no1,,,0.21010789295305593
CCc1nc(C2(NC(=O)c3ccnn3C(C)C)CCCC2)no1,,,0.5572304706845279
CCc1nc(C2CCCN2C(=O)c2cc3cccn3cn2)no1,,,0.6033379910120094
CCc1nc(C2CCN(C(=O)c3nnn(C4CCNC4)c3C)CC2)n[nH]1,,,-0.0023460391594255
CCc1nc(CC(=O)N2CCC(c3ncc(C)s3)CC2)cs1,,,0.5819109634977621
CCc1nc(CC2CN(C(=O)CN3C(=O)OC(C)(C)C3=O)CCO2)no1,3.09,,
CCc1nc(CN(C)C(=O)NCc2nc(C(=O)NC)no2)no1,2.61,,
CCc1nc(CN2CCC(n3nc(C)cc3C)C2)no1,3.53,,
CCc1nc(CN2CCCC(NC(=O)c3cc(-c4cccnc4)on3)C2)no1,,,0.09535189919676855
CCc1nc(CN2CCN(C(=O)c3ccc(-n4cnnn4)cc3)CC2)no1,,,-0.092157449673884
CCc1nc(CN2CCOC(c3ccc4cc(OC)ccc4c3)C2)no1,3.78,,
CCc1nc(CNC(=O)N2CCCC(Cc3nc(C)no3)C2)co1,,,0.4056314245788412
CCc1nc(CNC(=O)c2ccc(-n3nc(C)cc3C)cc2)c[nH]1,,,0.3792446557440798
CCc1nc(CNC(=O)c2ccc3nnnn3c2)cs1,3.52,,
CCc1nc(CS(=O)(=O)CC(=O)Nc2ccc3c(c2)CCC3)cs1,5.17,2.93,1.2366437621467616
CCc1nc(N)nc(N)c1-c1ccc(Cl)cc1,2.95,2.42,-0.24584423036186476
CCc1nc(N2CCN(c3ccccn3)CC2)sc1C(=O)OC,4.69,5.11,1.0170368066396283
CCc1nc(NC(=O)NC(CO)CC(O)c2ccccc2)sc1C(C)(C)C,5.09,2.05,1.027348177316038
CCc1nc(NC(=O)c2ccc(C(=O)N3CCOCC3)cc2)sc1C,,,0.0541126804464912
CCc1nc(NCC2(O)CCC(F)(F)CC2)c2ccsc2n1,,,0.238467223665054
CCc1nc(O)c(C(=O)N2CCCC2c2ccc(OC)cn2)cc1C,,,0.1244248876859846
CCc1nc(OC)ccc1NC(=O)N1CCCC1c1cn(C)nc1C,,,0.8909240655595263
CCc1nc(OC)ccc1NC(=O)c1ccc2c(c1)CCC(=O)N2,,,0.2280494877462571
CCc1nc(S(=O)(=O)N(CC#N)c2ccc(F)cc2C)cn1CC1CC1,5.56,,1.3275317254535057
CCc1nc([C@@H]2C[C@@H](O)CN2C(=O)c2cc3ccccc3s2)n[nH]1,,,0.21319496527548365
CCc1nc([C@H]2COC[C@H]2NC(=O)Cc2cnccc2C(F)(F)F)n[nH]1,,,0.19144973137004676
CCc1nc2c(C(=O)N3CCCCC3c3cncn3C)ccnc2[nH]1,,,0.10015844338548946
CCc1nc2c(C(=O)N3CCOc4c(C)cc(C)cc43)ccnc2[nH]1,4.47,4.71,0.9448221167977537
CCc1nc2cc(NC(=O)C3CCC3)ccc2n1CC,4.56,,
CCc1nc2ccc(C(=O)N3CCN(c4cc(C)ccc4C)CC3)cc2nc1CC,4.71,,
CCc1nc2ccc(C(=O)O)cc2nc1CC,2.05,,
CCc1nc2ccc(Cl)cn2c1C(=O)NC(C)C1(OC)CCC1,5.14,2.96,1.4234393678433093
CCc1nc2ccc(NC(=O)[C@H]3C[C@H](O)CN3C(C)=O)cc2s1,,,0.17715071529415516
CCc1nc2ccccc2c(C(=O)N2CCN(c3cc(OC)ncn3)CC2)c1C,,,0.1582651776179492
CCc1nc2ccccc2n1C1CCN(C(CC)C(=O)O)CC1,,,-0.09258143878040564
CCc1nc2ccccc2n1Cc1noc(C2(C)CNC(C)(C)C2)n1,,,0.2838788707193489
CCc1nc2n(n1)CCCC2NC(=O)N1CCC(c2nccs2)CC1,,,-0.0545797916935484
CCc1nc2n(n1)CCCC2NC(=O)c1cn2ccccc2n1,,,-0.035689659702499
CCc1nc2sc(C)cn2c1C(=O)NCC1CCc2cn[nH]c2C1,,,0.15850215044119884
CCc1ncc(Br)cc1C(=O)Nc1cc(C(C)(C)F)on1,4.49,1.91,0.9138414456573163
CCc1ncc(NC(=O)C2COc3ccc(Cl)cc3C2)cn1,,,0.45873622153191296
CCc1ncc(NC(=O)N2CCN(c3cnccn3)CC2)cn1,,,0.4064544368191133
CCc1ncc(NC(=O)Nc2c(C)nn(CC)c2C)cn1,,,0.3331312577415142
CCc1nccc(C)c1NC(=O)N1CCOc2ccc(O)cc2C1,,,0.03759022756597819
CCc1nccc(N(Cc2cn(C(C)C)nn2)CC2C=CCC2)n1,,,0.7602780930109813
CCc1nccn1CC(C)NC(=O)c1nc2cnccc2s1,,,0.1601029343424738
CCc1nccn1CCCNC(=O)c1ccc(-c2cncc(C(=O)O)n2)cc1,2.57,,
CCc1nccn1CCNC(=O)c1cc2cccc([N+](=O)[O-])c2[nH]1,,,0.5449211975882058
CCc1nccn1C[C@H]1CCCN1C(=O)Cn1c(CSC)nc2ccccc21,,,0.5386467873995646
CCc1ncnc(NC(c2ccc(OC)cc2)c2nccn2C)c1F,4.99,,1.3323221831675744
CCc1ncnc(NCc2ccc3c(n2)CCCC3)c1F,,,0.1138432362763905
CCc1ncncc1C(=O)NC(C)c1ccc(OC(C)C)cc1,,,0.45184119921882815
CCc1ncncc1C(=O)Nc1ccc2oc(C(F)(F)F)nc2c1,,,0.2105555660518968
CCc1ncoc1C(=O)N1C[C@H](NC(=O)CCC(C)(C)C)[C@@H](C(F)(F)F)C1,,,0.3859057038387776
CCc1nn(C)c(C(=O)NCc2ccc(C(C)(C)C)cc2)c1Cl,4.16,,
CCc1nn(C)c(C(=O)O)c1Cl,2.64,,
CCc1nn(C)c(C(N)=O)c1NS(=O)(=O)c1cccc(C)c1F,,,0.4369320938735275
CCc1nn(C)c(CC)c1CC(=O)N1C[C@@H]2CS(=O)(=O)C[C@@H]2C1,,,0.6233399223223347
CCc1nn(C)c(CC)c1CC(=O)Nc1ccc2c(c1)CCC(=O)N2,,,-0.16015880670941374
CCc1nn(C)c(CC)c1CN1CCCC1c1cccnc1,4.73,1.83,0.7056100673633223
CCc1nn(C)c(CC)c1NC(=O)c1n[nH]c(=O)c2ccccc12,,,0.2784145280233344
CCc1nn(C)c2[nH]nc(NC(=O)c3cc(C)nc4onc(C)c34)c12,,,0.017622584846198802
CCc1nn(C)c2[nH]nc(NC(=O)c3cncnc3C(C)C)c12,,,0.3548218324119568
CCc1nn(C)cc1C(=O)N1CCC(n2c(=O)[nH]c3ccccc32)CC1,,,0.206779187115093
CCc1nn(C)cc1C(=O)NC1CCN(CCc2ccccc2)CC1,,,0.08354344342865291
CCc1nn(C)cc1C(=O)NCc1csc(-c2ccco2)n1,3.78,,0.7529466328230551
CCc1nn(C)cc1C(=O)Nc1ccc2c(c1)CCN2C(C)=O,,,0.08784162271598005
CCc1nn(C)cc1NC(=O)C1CCN(c2ccccc2Cl)C1,3.85,2.5,0.7619056568743785
CCc1nn(C)cc1NC(=O)NC(C)CN1CCOCC1,,,0.1219429296694496
CCc1nn(C)cc1NC(=O)c1ccc(-c2ccco2)nc1C,,,0.262064890651144
CCc1nn(CCCN2CCN(c3cccc(Cl)c3)CC2)c(=O)n1CCOc1ccccc1,4.34,2.01,1.5728432818335472
CCc1nn(Cc2cccc3c2CCOC3)c(=O)c(C#N)c1CC,5.44,1.99,0.8633210977386752
CCc1nn(Cc2coc(-c3cccc(OC)c3)n2)c(=O)c(C#N)c1CC,5.26,2.0,1.128141673511848
CCc1nnc(CN(C)Cc2nccn2C2CC2)o1,3.46,,
CCc1nnc(CN(CC)C(=O)CC2CCOC2)o1,3.49,,
CCc1nnc(CN(CC)C(=O)Nc2ccc(Cc3nnc(C)[nH]3)cc2)o1,2.49,,
CCc1nnc(CN2CCC(c3ccc(OC)cc3)CC2)o1,,,0.1091356639405808
CCc1nnc(CN2CCCC(c3nc4c(s3)CCC4)C2)o1,,,0.8940336822685144
CCc1nnc(CN2C[C@H](C)CC[C@H]2c2cccc(C)c2)o1,4.36,3.1,0.8809427869281647
CCc1nnc(CNC(=O)Nc2cc3c(cc2OC)n(C)c(=O)n3C)s1,2.61,,
CCc1nnc(CNC(=O)Nc2cccc(NS(=O)(=O)N(C)C)c2)s1,4.25,,
CCc1nnc(CNC(=O)c2csc(-c3ccc4c(c3)OCO4)n2)o1,,,0.4450595528367626
CCc1nnc(Cn2cnc3cccc(OC)c3c2=O)s1,,,0.20951119372208385
CCc1nnc(N2CCC(C3(NC(=O)CNC(=O)OC)CC3)CC2)nc1CC,3.92,3.09,0.768347670903613
CCc1nnc(NC(=O)C(C)C(C)NC(=O)c2ccc3sccc3c2)s1,4.73,4.45,1.0039293105100209
CCc1nnc([C@H]2COC[C@H]2Nc2ccc(C#N)nc2)[nH]1,,,0.0018398324547483462
CCc1nnc([C@H]2C[C@@H](O)CN2C(=O)c2cc(F)c(F)cc2Cl)o1,,,0.6901626509824211
CCc1nnc2ccc(NC3CCc4cc(Cl)ccc43)nn12,5.21,2.12,0.918700723901064
CCc1nnnn1-c1ccccc1NC(=O)c1ccc2c(C)nn(-c3ccccc3)c2n1,6.22,,1.5474516780403924
CCc1noc(-c2ccc(C)c(NC(=O)CS(C)(=O)=O)c2)n1,,,0.2759527346002312
CCc1noc(C(C)NC(=O)c2cnc(N)nc2-c2ccccc2)n1,3.76,,
CCc1noc(C)c1C(=O)N1CCC(N2CCSCC2)CC1,3.17,,
CCc1noc(C)c1C(=O)N1CCOCC1c1noc(-c2cnn(C)c2)n1,,,0.3100664441675781
CCc1noc(C)c1C(=O)NCC1CCN(CC(F)(F)F)CC1,,,0.17954755787218665
CCc1noc(C)c1CN1C(=O)c2ccccc2C(C)C1=O,6.14,2.98,1.4120233254618806
CCc1noc(C)c1CNC(=O)[C@H]1CC(=O)N(CCOC)[C@@H]1c1nccn1C,,,0.458833675298305
CCc1noc(C)c1NC(=O)N1CCC(c2cc(C)ccc2C)CC1,4.13,2.57,1.2141493250052755
CCc1noc(CC)c1CNC(=O)N1CCC[C@H]1C(F)F,,,0.5132511312753958
CCc1noc(CN(CC)C(=O)Nc2cccc(NS(C)(=O)=O)c2)n1,3.99,,
CCc1noc(CN(CC)C(=O)c2ccc(-c3cc(C)n[nH]c3=O)cc2)n1,3.3,,
CCc1noc(COCC(=O)N2CC(C)C(F)(F)C(C)C2)n1,,,0.3723063776260701
CCc1noc(Cn2cnc3scc(-c4cccs4)c3c2=O)n1,,,0.6880377638560534
CCc1noc(NC(=O)N2CCCc3ccccc3CC2)n1,4.7,4.07,1.1810444806991605
CCc1nocc1CN(C)C(=O)c1ccc2[nH]c3c(c2c1)CCCC3,5.34,1.87,1.1654334767539134
CCc1nocc1CS(=O)(=O)C(COC)c1ccccc1,,,0.5038328719125054
CCc1nocc1Cn1cc(-c2ccccc2OC)nn1,4.81,3.6,1.0798979836657443
CCc1nsc(N2CCN(C(=O)c3ccc(OC(C)C)nc3)CC2)n1,,,0.2857499526607004
CCc1oc(C(=O)N2CC3CCC2CN3C(=O)[C@H]2CCCC(=O)N2)cc1C,,,0.126868891948549
CCc1oc(C(=O)NCc2nc(-c3cnccn3)n[nH]2)cc1CN1CCCC1,1.63,,
CCc1oc2ccccc2c1C(=O)c1cc(I)c(O)c(I)c1,4.06,2.12,1.239468233274723
CCc1oc2ccccc2c1CN(C)C(=O)NC1CCS(=O)(=O)C1,,,0.7746535992164347
CCc1occc1C(=O)N1CCOC(CN(C)CC(N)=O)C1,,,0.23236368521321252
CCc1ocnc1C(=O)N1CCN(C(=O)COC)[C@@H]2CS(=O)(=O)C[C@@H]21,2.8,,
CCc1ocnc1C(=O)NC1CCN(c2cc(=O)[nH]c(N)n2)CC1,2.23,,
CCc1onc(C)c1-c1nc(-c2ccc(S(C)(=O)=O)cc2)no1,,,0.6686833568808644
CCc1onc(C)c1CNC(=O)Nc1cn(C)nc1C(F)(F)F,,,0.39350455126231665
CCc1onc(C)c1NC(=O)N1Cc2cccnc2N2CCC[C@@H]2C1,,,0.33659443501387853
CCc1sc(C(=O)N2CCN(c3ncccc3C(N)=O)CC2)cc1C,,,0.8350382017861828
CCn1c(-c2cc(C)oc2C)nnc1N(C)CCCSC,5.28,3.07,1.2062810630026082
CCn1c(-c2cc3c(s2)CCC(C)C3)nnc1N1CCCN(C(C)=O)CC1,5.11,2.14,1.4022138388348238
CCn1c(-c2n[nH]c(=O)c3ccccc23)nnc1N1Cc2ccccc2C(c2ccccc2)C1,5.49,2.23,0.9022641069522872
CCn1c(-c2nc3ccccc3s2)nnc1N1CCC(C(N)=O)C1,,,0.0706320877759877
CCn1c(=O)[nH]c(=O)c2c(C(=O)Nc3cc(-c4ccco4)nn3C)cc(C3CC3)nc21,4.51,2.45,0.9309240673623905
CCn1c(=O)[nH]c2cc(C(=O)NC[C@H]3CCO[C@@H]3c3ccccc3)ccc2c1=O,,,0.5080593081291555
CCn1c(=O)c(=O)[nH]c2cc(-c3nc(-c4ccccc4F)no3)ccc21,,,0.0326796041598657
CCn1c(=O)c(=O)[nH]c2cc(C(=O)N3CCC(c4ccc(C)nc4)CC3)ccc21,,,0.23066945869253425
CCn1c(=O)c(N2CCN(c3cc(C)ccn3)CC2)nc2ccccc21,5.04,2.8,0.8935593908628241
CCn1c(=O)c(NCc2nnc3ccc(C)cn23)nc2ccccc21,5.22,4.46,0.8809236896625607
CCn1c(=O)c2ccccc2n(CC(=O)NC(C)c2cccc(S(N)(=O)=O)c2)c1=O,,,0.42082274032531
CCn1c(=O)n(CC(=O)NCc2ccc(-n3ccnc3)nc2)c2ccccc21,,,0.23323204315360593
CCn1c(=O)n(CC)c2nc(NC(=O)CCC(=O)Nc3cccc(-c4n[nH]c(C)n4)c3)ccc21,,,0.12860232303421656
CCn1c(=O)oc2cc(S(=O)(=O)NC3CC(=O)N(C)C3=O)ccc21,,,-0.0017865431999966042
CCn1c(C(=O)N2CCCC2)nnc1N1CCS(=O)(=O)C(C)(C)C1,,,-0.009086356938609
CCn1c(C2CCCN2C(=O)c2cnn(C(C)C)c2)nc2ccccc21,4.53,3.93,0.7433508006697394
CCn1c(C2CCCN2c2cc(C)nc(OC)n2)nc2ccccc21,5.01,5.61,1.8752874996859363
CCn1c(CC(F)(F)F)nnc1N1CCOC(C(C)C)C1,,,0.40402749352594014
CCn1c(Cc2cccnc2)nnc1N1CCC(C)(COC)CC1,,,0.0869471293816718
CCn1c(NC(=O)c2cc(C)nn2C2CCOCC2)nc2cc(C#N)ccc21,1.81,1.84,-0.3425505167042708
CCn1c(NC(=O)c2ccc3[nH]c(=O)n(C)c3c2)nc2ccccc21,,,-0.07314375198177375
CCn1c(SCC(=O)N(C)C2CCCCC2)nc2ccccc2c1=O,5.38,1.81,1.2617087838892094
CCn1c(SCCc2ccncc2)nnc1-c1cnccn1,,,0.28363157699330577
CCn1c([C@@H]2C[C@H](OC)CN2C(=O)c2cc3ccccn3c2)n[nH]c1=O,,,0.02728154580683865
CCn1c([C@@H]2C[C@H](OC)CN2CC=Cc2ccccc2)n[nH]c1=O,,,0.4733645958236493
CCn1c([C@@H]2C[C@H](OC)CN2c2nc3ccccc3nc2C)n[nH]c1=O,,,0.18056910218684094
CCn1c2ccccc2c2cc(N)ccc21,4.28,,
CCn1c2ccccc2c2cc(NC(=O)c3cccc([N+](=O)[O-])c3)ccc21,4.95,,
CCn1cc(-c2ccc(C(=O)NCCCc3cccc(OC)c3)cc2)cn1,4.39,,
CCn1cc(-c2cn([C@@H](C)c3ccccc3Cl)nn2)cn1,5.545,4.95,1.2651390188662224
CCn1cc(-c2nc(-c3ccc(N4CCCCC4)nc3)no2)cn1,2.42,3.19,
CCn1cc(C(=O)N2CCC(COc3ccccc3)CC2)cn1,,,-0.024367851264492698
CCn1cc(C(=O)N2CCCC(N(CCCN3CCCC3)C(=O)C(C)C)C2)cn1,2.52,,
CCn1cc(C(=O)N2C[C@H](OC)C[C@@H]2COc2cccnc2)cn1,,,0.0536794495973277
CCn1cc(C(=O)NC(C)CC2CN(C(=O)OC(C)(C)C)C2)cn1,,,0.24344039182691568
CCn1cc(C(=O)NC2(c3ccccc3F)COC2)c(C2CC2)n1,,,0.892673692218552
CCn1cc(C(=O)NCc2cccc(CO)c2)c2ccccc21,,,0.7005965709922592
CCn1cc(C(=O)NCc2ccncn2)c(=O)c2cc(Cl)ccc21,,,0.17787950113325351
CCn1cc(C(=O)N[C@@H](C)C(F)F)c(=O)c2cc(F)c(N3CCNCC3)cc21,,,0.08119047650544835
CCn1cc(C(=O)N[C@H](C)C(=O)N2Cc3ccccc3C2)nn1,,,-0.10490293622938304
CCn1cc(C(=O)Nc2c(OC)ccc3c2CCC3)nn1,,,0.6839751937864995
CCn1cc(C(=O)Nc2n[nH]c(C3CCC3)n2)c(C(F)(F)F)n1,,,-0.07171332663355555
CCn1cc(C(=O)Nc2nn(CC(F)F)c3ccccc23)c(C)n1,,,0.9866925913976512
CCn1cc(C(=O)Nc2nnc(-c3ccc(C(C)C)cc3)s2)nn1,,,0.7665868426304235
CCn1cc(C(=O)O)c(=O)c2cc(F)c(N3CCNCC3)cc21,,,0.17610806431617645
CCn1cc(C(=O)O)c(=O)c2cc(F)c(N3CCNCC3)nc21,,,-0.0882340052973971
CCn1cc(C(=O)O)c(=O)c2ccc(C)nc21,,,-0.05253367176905225
CCn1cc(C2CCN(C(=O)NCC=C(C)C)CC2)cn1,,,0.5130148347152756
CCn1cc(C2CN(C(=O)c3coc4ccccc34)CCO2)cn1,,,0.2087506191922529
CCn1cc(C2CSCCN2C(=O)C2CCC(C(F)(F)F)CC2)cn1,5.49,2.02,1.017760546954666
CCn1cc(CC(=O)Nc2c3c(nn2-c2ccccc2)CCC3)nn1,,,0.49330695379299627
CCn1cc(CN(C)C(=O)N[C@@H]2C[C@H]2c2ccc(F)cc2)cn1,,,0.35887825200736245
CCn1cc(CN2CCC(C(N)=O)(c3ccccc3)CC2)c(C)n1,,,0.22781993856415855
CCn1cc(CN2CCN(C(=O)c3ccc4[nH]ccc4c3)CC2)ccc1=O,1.67,,
CCn1cc(CNC(=O)N2CC(C)(C)[C@H]3COC[C@H]32)cn1,,,0.1842548049608348
CCn1cc(CNC(=O)N2CCC(Cc3ccccc3)CC2)nn1,,,0.253876992214822
CCn1cc(CNC(=O)N2CCC(N3CCCCC3)CC2)cn1,,,-0.0472368644422889
CCn1cc(CNC(=O)N2CC[C@@H](Oc3ccncc3)C2)cn1,,,0.3625316034191642
CCn1cc(CNC(=O)NC2(c3ccc(Cl)cc3)CC2C)c(=O)[nH]c1=O,,,0.5282614799137724
CCn1cc(CNC(=O)c2cc(-c3cccc(OC)c3)n[nH]2)cn1,,,0.42405142393431716
CCn1cc(CNC(=O)c2cccc(S(=O)(=O)N(C)CCO)c2)cn1,3.16,,
CCn1cc(CNC2CCc3nc(-c4ccccc4)cn3C2)c(C2CC2)n1,,,0.2041526752479576
CCn1cc(CNc2cccc(-c3nc(C)c(C)[nH]3)c2)nn1,,,0.5087204397003956
CCn1cc(CS(=O)(=O)Cc2nc3c(s2)CC(C)(C)CC3)nn1,5.82,1.87,1.038036357218779
CCn1cc(Cl)c(NC(=O)Cn2nc3n(c2=O)CCCCC3)n1,,,0.72977789308682
CCn1cc(NC(=O)C2CCc3nc(C)nc(C(F)(F)F)c3C2)cn1,,,0.17795273172990045
CCn1cc(NC(=O)Cc2ccc(C)c(Cl)c2)c(C(N)=O)n1,4.73,5.22,1.049154378773438
CCn1cc(NC(=O)Cn2cc(C3(O)CC[C@H]4CO[C@@H]3O4)nn2)cn1,,,0.2136827389473632
CCn1cc(NC(=O)NCCNc2ccccc2)c(C(N)=O)n1,,,0.0438879718156794
CCn1cc(NC(=O)c2ccc3cc(C)ccc3n2)cn1,,,0.37129431075010044
CCn1cc(NC(=O)c2ccc3nccc(C)c3c2)cn1,,,0.501546673768278
CCn1cc(S(=O)(=O)N2CCCC2c2ncccn2)nc1C,,,0.644545476501059
CCn1cc(S(=O)(=O)N2CCOc3c(C(=O)O)cccc32)cn1,,,0.3436208016461365
CCn1cc(S(=O)(=O)N2CCc3c(Cl)cc(F)cc3C2)nc1C,5.66,2.82,1.2060790880243397
CCn1cc(S(=O)(=O)NC[C@@]23CCC[C@H]2N(CCOC)C(=O)CC3)cn1,4.8,,
CCn1cc(S(=O)(=O)N[C@@H]2CCOC[C@H]2OCc2cscn2)cn1,4.1,,
CCn1cc([C@@H]2OCCC[C@H]2NC(=O)OCCCF)cn1,,,0.27445588529403453
CCn1cc([C@@H]2OCCC[C@H]2NC(=O)c2noc3c2CCCC3)cn1,,,0.5852238356765618
CCn1cc([C@@H]2OCC[C@H]2CN2CCN(C(=O)c3cccc(F)c3)CC2)cn1,,,0.06955536070377069
CCn1cc([C@H]2OCCC[C@@H]2NC(=O)Nc2ccc(OC)nn2)cn1,,,0.2932930538401619
CCn1cc2nc(-c3cnc4ccsc4c3)[nH]c(=O)c2n1,,,0.315088054961914
CCn1cc2nc(Cc3cn(C)c4ccccc34)[nH]c(=O)c2n1,,,0.37914064042842077
CCn1ccc(C(=O)N2CCC(Cc3ccccc3)CC2)n1,,,0.4990501338574966
CCn1ccc(C(=O)Nc2ccc(C(=O)NC3CCCCC3)cc2)n1,,,-0.20632267857154735
CCn1ccc(C(=O)Nc2cccc3c2OC(C)(C)CC3O)c1C,5.44,,1.6724989159045285
CCn1ccc(CC(=O)N2CC(=O)Nc3cc(F)c(F)cc32)n1,,,0.1915787956670969
CCn1ccc(CC(=O)NC2(C(=O)OC)CCOC(C)(C)C2)n1,,,0.1806664325839003
CCn1ccc(CC(=O)Nc2cccc(C(C)C(=O)O)c2)n1,,,0.10077694396258184
CCn1ccc(CN(C)C(=O)C(=O)N[C@@H](C)c2ccc(C(F)(F)F)nc2)n1,,,0.17212723475898034
CCn1ccc(CN(CC2(c3ccccc3)CCOCC2)c2nc(C)ns2)n1,4.97,3.87,1.3332993705069267
CCn1ccc(NC(C)C(=O)Nc2ccccc2Cc2ccccc2)n1,5.07,5.38,2.255310875323316
CCn1cccc(NC(=O)CC2CC(=O)Nc3ccccc32)c1=O,,,0.42762086183736175
CCn1cccc(NC(=O)N2CCC2c2ccc(Cl)cc2)c1=O,4.52,3.17,1.0625256865688533
CCn1cccc(NC(=O)N2CCCC(C(C)C)CC2)c1=O,5.28,,1.6176595555908235
CCn1ccnc(N2CCC(NC(C)c3nccn3C)CC2)c1=O,,,0.1680313165535386
CCn1ccnc(N2CCN(C(=O)c3ccc(O)cc3)CC2)c1=O,,,0.0266030949337162
CCn1ccnc1-c1cn([C@@H]2c3cc(OC)ccc3CC[C@H]2O)nn1,5.04,3.2,1.0076831897556997
CCn1ccnc1C(=O)NC[C@H]1CC[C@@H](c2ncn[nH]2)O1,,,0.1013940702578707
CCn1ccnc1C(C)NC(=O)c1ccc2c(=O)n(CC)c(=O)[nH]c2c1,,,0.4286358711566792
CCn1ccnc1C1CCCCN1C(=O)c1ccc(C(N)=O)s1,,,0.5695720949993593
CCn1ccnc1C1CCCCN1C(=O)c1ccc2[nH]c(C)c(C)c2c1,6.470000000000001,3.55,1.7150306539086397
CCn1ccnc1CNC(=O)c1cc2c([nH]c1=O)CCCC2,,,0.0398717365919973
CCn1ccnc1NC(=O)Cc1cccc(C(F)(F)F)n1,,,0.27474536705743363
CCn1ccnc1[C@H]1OCCC[C@@H]1NC(=O)c1ccc(Br)o1,4.87,3.14,0.9767011210857774
CCn1cnc2c(N3CCOCC3)nc(N3CCC(C)C3)nc21,,,0.5123466930707099
CCn1cnc2c(NC3CCN(C(=O)CCc4ccccc4)C3)ncnc21,,,0.2599420342663473
CCn1cnc2c(NCc3ccc(NC(=O)C(C)C)cc3)ncnc21,,,0.248540646907786
CCn1cnc2c(NCc3ncn(Cc4cccc(F)c4)n3)ncnc21,,,0.4131952195404891
CCn1cnc2c(Oc3ccc(-n4cccn4)cc3)ncnc21,,,0.204084051124922
CCn1cnc2c(c1=O)CCN(CC1(CS(C)(=O)=O)CC1)C2,,,-0.0233384172613706
CCn1cnc2c1CCN(C(=O)C1c3cnn(C)c3CCN1S(C)(=O)=O)C2,,,-0.0457871971296624
CCn1cnc2c1CCN(C(=O)Nc1cnc(-c3ccccc3)nc1)C2,4.72,4.81,1.1106282250261932
CCn1cncc(NC(=O)C2CCCc3ccccc32)c1=O,,,0.673321449720985
CCn1cncc(NC(=O)c2ccc(-n3c(C)nc4ccccc4c3=O)cc2)c1=O,,,-0.1489632712064508
CCn1cnnc1C1CCCN(CCC(=O)N(C)c2ccccc2)C1,,,0.038186338528556005
CCn1cnnc1CCNC(=O)c1ccc(CN2CCCC2)o1,3.01,,
CCn1cnnc1CCNC(=O)c1cnc2c(c1)nc(N)n2CC,2.76,,
CCn1cnnc1CCNc1cc(C)nc2c(C#N)cnn12,,,-0.1097179335132317
CCn1cnnc1CNC(=O)N(C)C1CCc2ccccc2C1,,,0.04634403536123755
CCn1cnnc1CNC(=O)N1CCOc2cccc(F)c2C1,,,0.19397244593995275
CCn1cnnc1COC(=O)c1cnn(-c2ccc(C(F)(F)F)cc2)c1C,,,0.014398551868554951
CCn1nc(C(=O)N2CCc3c(ncn3C)C2)c(=O)c2ccccc21,,,-0.0021290452856154995
CCn1nc(C(=O)N[C@H]2C[C@@](CO)(c3ccccc3)C2)ccc1=O,,,-0.036200735008241
CCn1nc(C(=O)O)c(=O)c2cc3c(cc21)OCO3,2.54,3.96,-0.22769329304883773
CCn1nc(C)c(C(=O)OCc2nc(-c3c(F)cccc3F)cs2)c1C,,,0.1692636359091449
CCn1nc(C)c(C(C)NC[C@H]2C[C@@H](O)CN2c2cc(N(C)C)ncn2)n1,,,0.2776565685437026
CCn1nc(C)c(CC(=O)N2C[C@H]3CCC[C@@]3(C(N)=O)C2)c1C,,,0.14106514953706936
CCn1nc(C)c(CN2CCC(N(CCCN3CCCC3)C(=O)C(C)C)C2)c1C,3.16,,
CCn1nc(C)c(CN2CCc3c(c(CCC(=O)N4CCCC4)nn3C)C2)c1C,2.86,,
CCn1nc(C)c(CNS(=O)(=O)c2ccccc2C(=O)O)c1C,,,0.2411139580513044
CCn1nc(C)c(Cn2c(=O)c(C(F)(F)F)cn(C)c2=O)n1,,,0.038861384868507654
CCn1nc(C)c(S(=O)(=O)N2CCC3(C)C(C2)C3(F)F)c1C,,,0.7465015486629059
CCn1nc(C)c(S(=O)(=O)Nc2c(C)cccc2O)c1C,,,0.5888539768345192
CCn1nc(C)c2nc(CC(=O)NCCc3ccccc3)[nH]c(=O)c21,,,0.2653524998464817
CCn1nc(C)cc1C(=O)NC(C)(C)c1nc2ccccc2[nH]1,,,0.5333941080907575
CCn1nc(C)cc1C(=O)NCc1ccc(OCC(N)=O)c(OC)c1,,,0.030871190193683146
CCn1nc(C)cc1C(=O)NCc1csc(-c2ccn(C)n2)n1,,,0.0116245491401789
CCn1nc(C)cc1C(=O)Nc1ccc(CCC(N)=O)cc1,,,0.7758389395221131
CCn1nc(C)cc1C(=O)Nc1ccc(Oc2cccc(C(N)=O)c2)nc1,,,-0.1919746736313634
CCn1nc(C)cc1C(=O)Nc1ccc2c(Cl)cccc2n1,,,0.6284354567610899
CCn1nc(COc2ccccc2)nc1-c1cc2n(n1)CCC2,,,0.7478228368050575
CCn1nc(NC(=O)CC2CC(=O)Nc3ccccc32)cc1C1CC1,,,0.25930618022108753
CCn1nc(NC(=O)N(CC2CCCCC2)C2CC2)cc1C1CC1,4.97,,2.3178398327697383
CCn1nc2c(cc1=O)CN(C(=O)c1oc3ccccc3c1C)CC2,,,0.0048639848723866
CCn1nc2c(cc1=O)CN(CC(=O)Nc1cc(Cl)ccc1OC)CC2,,,0.8273016064271732
CCn1ncc(C(=O)N[C@H]2CC(=O)N(C)[C@@H]2c2cccnc2)c1C,,,0.06680981170116916
CCn1ncc(C)c1NC(=O)N1CCCS(=O)(=O)CC1C1CC1,,,0.1767908949614808
CCn1ncc(C)c1NS(=O)(=O)CCc1cccc(F)c1,4.53,4.01,0.7454869580901783
CCn1ncc(CNC(=O)C2CNCC23CCCCC3)n1,,,0.2271186796940294
CCn1ncc(CNC(=O)Cc2nc(C(C)C)c(C)s2)c1C,4.4,1.9,0.9960206162305214
CCn1ncc(Cl)c1-c1nc(Cc2ccccc2OC)no1,4.66,1.91,1.204981873092574
CCn1ncc(Cl)c1C(=O)NC(CC(=O)O)c1ccc(F)cc1,,,0.3268312109981182
CCn1ncc(Cl)c1C(=O)NCc1cn(-c2ccc(OC)cc2)nn1,,,0.6618413345987206
CCn1ncc(NC(=O)Cn2nc(C)c3cccnc32)c1C,,,0.21296110691674314
CCn1ncc(NS(=O)(=O)c2ccc(Br)c(C)c2)c1C(F)(F)F,5.26,5.05,2.2808724392999853
CCn1ncc(S(=O)(=O)NC2CCCN(S(C)(=O)=O)C2)n1,,,1.157236410223592
CCn1ncc2c(=O)n(CC3CCC(c4ccccc4)CC3)cnc21,5.25,4.85,1.4943968749714744
CCn1ncc2c(C(=O)NC3CCCN(C)C3C)cc(C3CC3)nc21,5.67,3.14,1.3892458113233164
CCn1ncc2c(C(=O)NCc3coc(-c4ccccc4)n3)cc(-c3ccccc3)nc21,4.63,2.67,0.7385505213603508
CCn1ncc2c1CCCC2NC(=O)c1cc(C(F)(F)F)n(C)n1,4.66,2.12,0.6899104346427642
CCn1ncc2c1CCCC2NC(=O)c1ccc(F)c2cccnc12,5.24,1.92,1.0418531300783458
CCn1ncc2cc(C(=O)NCC(C)c3nc(C)cs3)c(C)nc21,,,0.6911523947479598
CCn1ncc2cc(C(=O)Nc3cnn(C4CCC4)c3)c(C)nc21,,,0.5044497171760667
CCn1nccc1-c1cn(CCN2CCC(F)(F)CC2)nn1,,,0.3488179866154638
CCn1nccc1-c1cn(Cc2ccccc2S(C)(=O)=O)nn1,,,0.43052879276550227
CCn1nccc1C(=O)N1CC(N(Cc2ccncc2)CC(C)C)C1,4.88,,
CCn1nccc1CNC(=O)N1CCCC(n2ccc(C(=O)NC)n2)C1,,,-0.034431496989201
CCn1nccc1S(=O)(=O)N1CCCC(N2CCNCC2=O)C1,,,-0.17044250734257516
CCn1ncnc1-c1ccc(C(=O)NC2COC(C)(C)C2)cc1,,,0.10589862929680949
CCn1nnc(C)c1C(=O)N1CCc2cc(-c3ccccc3)ccc21,,,0.025083990892639896
CCn1nnc(C)c1Cn1cnc2cccc(Cl)c2c1=O,,,0.13914801588942186
CCn1nnc2c(=O)n(CC(O)Cc3ccccc3C(F)(F)F)cnc21,,,0.5935039730968314
CCn1nnc2c(N3CCN(CC(O)C4CC4)CC3)ncnc21,,,0.2516137749560144
CCn1nnc2c(NC[C@]3(CO)COC[C@@H](C)N3)ncnc21,,,0.12023936960855751
CCn1nncc1C(=O)Nc1ccc(-c2ncc3n2CCCC3)cc1,,,0.5593664644199787
CCn1nncc1CNC(=O)C(OC)c1ccccc1C(F)(F)F,4.35,4.61,1.1668342716187146
CCn1nncc1CNC(=O)N1CCC(c2cncn2C)CC1,,,0.08818938753259431
CCn1nncc1CN[C@H]1c2ccccc2OC[C@H]1CO,,,0.09222520331476795
CCn1nnnc1-c1cccc(NC(=O)C2CCCc3[nH]ncc32)c1,,,0.3110428891806965
CCn1nnnc1-c1cccc(NC(=O)N2CCC(c3cnn(C)c3)CC2)c1,,,0.46107827148570435
CN(C(=O)C1(c2c(Cl)cccc2Cl)CCC1)[C@H]1C[C@@H](C(N)=O)C1,5.74,1.96,1.1709309297302666
CN(C(=O)C1CCC(=O)N(c2cccc(F)c2)C1)c1nccn1C,,,0.9049825313771848
CN(C(=O)C1CCCCO1)c1nc(-c2ccccc2)ns1,,,0.6075031844049071
CN(C(=O)CC(C)(C)O)C(c1ccc(Cl)cc1)c1cnccn1,,,0.283100679933069
CN(C(=O)CC1CCOC1)C1CS(=O)(=O)c2ccc(Cl)cc21,,,0.4623588384387325
CN(C(=O)CCCc1nnn[nH]1)C1CCc2ccccc2C1,,,0.40543328161415515
CN(C(=O)CCc1ncc(-c2ccccc2F)o1)c1ccc(F)cn1,4.65,4.42,0.8871161852884202
CN(C(=O)CCn1ccc2cccnc21)c1cccc2cc[nH]c12,5.41,1.93,1.1117098146684978
CN(C(=O)CN1CCCC(CCC(=O)O)C1)C1CCCc2ccccc21,,,0.0711952740938688
CN(C(=O)CN1CCCCC(O)C1=O)c1ccc(Oc2ccccc2)cc1,,,0.3689345967096434
CN(C(=O)CSCc1nc2sc3c(c2c(=O)[nH]1)CCC3)C1CN2CCC1CC2,,,0.20376778852644925
CN(C(=O)Cc1c[nH]c2ccc(F)cc12)C(CC(N)=O)C(F)(F)F,4.64,3.02,0.9151516725782369
CN(C(=O)Cc1ccn(C)n1)C1CCCN(c2ccccc2)C1,,,0.57214494719907
CN(C(=O)Cc1cnc2ccccc2c1)c1ccc(N2CCOCC2)nc1,,,0.1672449969323361
CN(C(=O)Cn1c(-c2ccccc2)nc2ccccc21)c1cccnc1,4.65,3.99,0.8648779918239895
CN(C(=O)N1CCCNC(=O)C1Cc1ccccc1)c1ccc(F)cc1,5.38,3.41,1.1968719163881154
CN(C(=O)NCCc1nc2ccccc2s1)C1CCOCC1,,,0.5087900837365865
CN(C(=O)Nc1ccc2ncn(-c3ccccc3)c(=O)c2c1)C1CCOC1,,,0.08695522541803405
CN(C(=O)Nc1nc(C2CCOCC2)cs1)C1CCCC1C(C)(C)C,5.79,1.82,0.6585896804943627
CN(C(=O)c1c[nH]nc1-c1ccccn1)C1CCc2ccccc2C1,4.43,3.19,0.8734462284414732
CN(C(=O)c1cc(C=O)ccc1F)C(c1ccccc1)c1nnc[nH]1,3.62,,
CN(C(=O)c1cc(O)n(C)n1)c1ccc(OCc2ccccc2)cc1,4.75,3.93,1.8997878635608345
CN(C(=O)c1cc2c(C(F)F)nn(C)c2s1)C1CCCc2c1cnn2C,4.84,3.64,0.807684779446529
CN(C(=O)c1cc2c([nH]c1=O)CCOC2)C1CCc2ccccc2C1,,,0.7395483428269752
CN(C(=O)c1cc2c(o1)CCCC2)C1CC(NC(=O)c2cn[nH]c2)C1,,,0.1349923018890349
CN(C(=O)c1ccc(-n2cnnn2)cc1)C1CCN(CCn2cccn2)CC1,,,0.18149616787062434
CN(C(=O)c1ccc2[nH]c(=O)n(C)c2c1)c1ccc(N2CCOCC2)nc1,2.53,1.81,-0.3003456556777646
CN(C(=O)c1cccc(C(=O)N2CCN3C(=O)CCC3C2)c1)c1ccccc1,,,0.06016704688586841
CN(C(=O)c1cccc(OC(F)F)c1)c1nc2ccccc2s1,,,0.3270913184931289
CN(C(=O)c1ccccc1SCC(=O)N1CCc2ccccc21)C1CCNC1,5.08,3.14,0.7071742078479946
CN(C(=O)c1ccnc(NC(=O)C2CC2)c1)c1ccc(N2CCOCC2)nc1,,,0.2177823627317718
CN(C(=O)c1ccncc1)c1ccc(CNC(=O)c2cc(=O)[nH]c3ccc([N+](=O)[O-])cc23)cc1,,,0.15507784407112316
CN(C(=O)c1ccnn1C1CCC1)c1nc2cc(Cl)ccc2s1,,,0.6130781252186589
CN(C(=O)c1cnc(-c2ccccn2)nc1)C1CCOCC1,,,0.0323954974685452
CN(C(=O)c1cnc(Nc2ccc(C3CNC(=O)C3)cc2)nc1)C1CCCNCC1,,,0.16109608770513306
CN(C(=O)c1noc2c1CCCCC2)c1ccc(-c2ccccc2)nn1,5.11,3.21,1.2570737041976257
CN(C)C(=O)C(CCN1CCC(O)(c2ccc(Cl)cc2)CC1)(c1ccccc1)c1ccccc1,4.3,2.22,1.2162814912284126
CN(C)C(=O)C(Cc1ccccc1)NCc1cccc2[nH]ccc12,4.85,3.93,0.9630852122496889
CN(C)C(=O)C(OC(=O)c1c(F)cc(O)cc1F)c1ccccc1,4.56,3.92,1.2046812378038543
CN(C)C(=O)C1(C(=O)N2[C@H]3CC[C@@H]2[C@H](NC(=O)c2cscn2)C3)CC1,,,0.18546292022929758
CN(C)C(=O)C1CCN(C(=O)NCC2(N3CCCCC3)CCCCC2)CC1,,,0.1268522109447729
CN(C)C(=O)C1c2cnn(C)c2CCN1C(=O)Cc1ccc(-n2cccn2)cc1,,,-0.0318778357592585
CN(C)C(=O)CN1CCN(c2nnc(Cc3ccccc3)o2)CC1,,,0.0755368154005957
CN(C)C(=O)COc1cccc(CNc2ncc(C(=O)N3CCCCC3)cc2Cl)c1,,,0.7206317283117788
CN(C)C(=O)Cc1ccccc1NCc1ccnc2[nH]ccc12,,,0.1460843573694716
CN(C)C(=O)Cn1cc(C(=O)N2CCOCc3ccccc32)nn1,,,-0.0236187052669579
CN(C)C(=O)N1CCC(C(=O)N2CCN(C3CC3)c3ccccc32)CC1,5.765000000000001,2.26,1.1116444650336854
CN(C)C(=O)N1CCC(C(=O)NC(C(=O)O)c2ccc3c(c2)CCO3)CC1,,,-0.0521621456807737
CN(C)C(=O)N1CCC(C(=O)NCC(C(=O)O)C2CCCCC2)CC1,,,0.12789234056404886
CN(C)C(=O)N1CCN(C(=O)c2ccnc3[nH]ncc23)C(C)(C)C1,,,0.27243019819927017
CN(C)C(=O)N1CCN(C(=O)c2cn(C)c(=O)[nH]c2=O)C(C)(C)C1,,,0.11111833446483715
CN(C)C(=O)N1CCN(C(=O)c2nccc3ccccc23)C(C)(C)C1,,,0.3483171638059615
CN(C)C(=O)N1CCOCC1CC(=O)NCCc1ccccn1,3.39,,
CN(C)C(=O)NC1CCCN(CCc2ccc(F)c(F)c2)C1,,,0.4703919381793951
CN(C)C(=O)NC1CCCN(S(=O)(=O)c2ccc3[nH]c(=O)[nH]c3c2)C1,,,-0.1091811471861042
CN(C)C(=O)NCCNC(=O)c1cc(Br)cc2nn[nH]c12,,,0.3845387668403082
CN(C)C(=O)NCc1cn(CCc2cc(Cl)cc(Cl)c2)nn1,,,0.6739875650109881
CN(C)C(=O)OC1CCN(C(=O)c2onc3ccccc23)C1,,,0.1967431146639574
CN(C)C(=O)Oc1ccc[n+](C)c1,,,-0.045409572422804904
CN(C)C(=O)Oc1cccc([N+](C)(C)C)c1,,,0.22751015236817063
CN(C)C(=O)[C@@H](Cc1ccccc1)Nc1nnc(-c2ccon2)s1,,,0.5337543353214733
CN(C)C(=O)[C@@H]1CCCN1c1nc(-c2ccccc2C(F)(F)F)cs1,5.555,3.73,1.6121798827200449
CN(C)C(=O)[C@H]1CC[C@@H](C2CCN(c3ccnc(C(N)=O)c3)CC2)O1,,,0.0059786806854848495
CN(C)C(=O)[C@H]1CC[C@@H](C2CCN(c3ncc4c(n3)CCCC4)CC2)O1,,,0.43021156748620504
CN(C)C(=O)[C@H]1CC[C@@H](C2CCN(c3ncnc4[nH]ncc34)CC2)O1,1.8,2.91,
CN(C)C(=O)c1cc(N2CCC(CNc3ccccn3)C2)ccn1,,,-0.2076943178391354
CN(C)C(=O)c1cc(NC(=O)N[C@H]2c3ccccc3C[C@H]2O)ccn1,,,0.2188090791091982
CN(C)C(=O)c1ccc(-c2ccc(C(=O)NCCc3noc(CO)n3)cc2)o1,3.6,,
CN(C)C(=O)c1ccc(C(=O)Nc2cnn(-c3ccccc3S(C)(=O)=O)c2)cc1,,,0.1079946519622894
CN(C)C(=O)c1ccc(CNC(=O)N2CCN(C3CCOCC3)CC2)cc1,,,0.3655452340409696
CN(C)C(=O)c1ccc(CNC(=O)c2n[nH]cc2-c2ccccc2)cc1,,,0.3712071755112101
CN(C)C(=O)c1ccc(NC(=O)C2CCCC(C(F)(F)F)C2)nc1,,,0.2829604471388628
CN(C)C(=O)c1ccc(NC(=O)c2cc(Cl)cn2C)cc1,,,0.17156434413854404
CN(C)C(=O)c1ccc(NC(=O)c2cnn3ccccc23)cc1Cl,,,0.0336467328134733
CN(C)C(=O)c1ccc(NCc2ccc(-n3ccnc3)c(F)c2)nc1,,,0.0873968647529239
CN(C)C(=O)c1cccc(-c2nc(-c3ccc(S(=O)(=O)N(C)C)cc3)no2)c1,,,0.47820335964290006
CN(C)C(=O)c1cccc(CNC(=O)N2CC3(CCCCC3)C2)c1,,,0.36796170059407046
CN(C)C(=O)c1cccc(CNC(=O)N[C@H](CO)Cc2ccccc2)c1,,,0.38138493717546273
CN(C)C(=O)c1cccc(NC(=O)CN2CC(O)Cc3ccccc32)c1,4.72,3.05,0.7189711145859751
CN(C)C(=O)c1cnc(NCCOC2CCCCCC2)c(Cl)c1,4.95,1.79,1.1760926529902889
CN(C)C(=O)c1cncc(-c2ccc3c(c2)C(C(=O)O)CCO3)c1,,,0.14658766038877125
CN(C)C(=O)c1cncc(-c2ccc3ccncc3c2)c1,,,0.09748009012569214
CN(C)C(=S)SSC(=S)N(C)C,1.86,2.09,-0.19232471120917566
CN(C)C(C(=O)N1CCC(NC(=O)NC2CCCCC2)CC1)c1cncn1C,,,-0.09187604661901475
CN(C)C(CNc1cc(=O)[nH]c2cnccc12)c1ccccc1,,,0.3029455408743705
CN(C)C(N)=NC(=N)N,,,-0.0191087084213205
CN(C)C/C=C/C(=O)Nc1cc2c(Nc3ccc(F)c(Cl)c3)ncnc2cc1O[C@H]1CCOC1,2.24,2.07,-0.5389176638392302
CN(C)C1(C(=O)N2CCCC(O)C2)COc2ccccc2C1,,,0.5087931543360995
CN(C)C1(CN)CCCC1,2.01,,
CN(C)C1(CNC(=O)NCc2ccnc(-n3ccnc3)c2)CCOCC1,,,-0.0107551679432706
CN(C)C1CCC(NC(=O)NC23CCC(CC2)CC3)CC1,,,-0.0312469071887898
CN(C)C1CCC2C(C1)OCCN2C(=O)c1ccc(-c2cnccn2)cn1,,,-0.0530596592164903
CN(C)C1CCN(C(C)(C)CNCc2cccc3[nH]ncc23)CC1,,,0.26524356825425965
CN(C)CC(CNc1ccnc2nccn12)c1ccc(Cl)cc1,,,0.1886101496438501
CN(C)CC(CO)NC(=O)c1ccccc1-c1ccncc1,,,0.0094353152297701
CN(C)CC(c1ccc(O)cc1)C1(O)CCCCC1,3.06,2.02,-0.2258064221494964
CN(C)CC/C=C1/c2ccccc2COc2ccc(CC(=O)O)cc21,,,0.172500912791906
CN(C)CC/C=C1/c2ccccc2Sc2ccc(Cl)cc21,3.89,1.87,0.728288115938235
CN(C)CC1(O)CCCN(c2cc(C(C)(C)C)ncn2)C1,,,0.5204440156879708
CN(C)CC1(O)CCN(C(=O)C2CCCc3[nH]ncc32)C1,,,0.274696522819951
CN(C)CC1CCN(c2ccccc2NC(=O)c2ncn(-c3ncccc3F)n2)CC1,,,0.40917979258632614
CN(C)CC1COCCN(CCCn2cccn2)C1,3.05,,
CN(C)CCC(c1ccc(Cl)cc1)c1ccccn1,,,0.23476758585442478
CN(C)CCC=C1c2ccccc2C=Cc2ccccc21,,,0.43694867663510856
CN(C)CCC=C1c2ccccc2COc2ccccc21,,,0.6383796963444657
CN(C)CCCC1(c2ccc(F)cc2)OCc2cc(C#N)ccc21,,,0.17105536675879446
CN(C)CCCN1c2ccccc2CCc2ccc(Cl)cc21,5.42,1.8,0.7746570199871586
CN(C)CCCN1c2ccccc2Sc2ccc(C(F)(F)F)cc21,4.12,1.81,0.8401965312323028
CN(C)CCCN1c2ccccc2Sc2ccc(Cl)cc21,,,0.47224146303121556
CN(C)CCCN1c2ccccc2Sc2ccccc21,,,0.4404333711430955
CN(C)CCCOc1cccc(CN2CCN(c3ccc(Cl)cn3)CC2)c1,3.56,,
CN(C)CCC[C@@]1(c2ccc(F)cc2)OCc2cc(C#N)ccc21,,,-0.012560359781258357
CN(C)CCN(C)C(=O)Nc1ccc(S(=O)(=O)N(C)C)cc1,,,0.13100397146902928
CN(C)CCN(Cc1ccccc1)c1ccccn1,,,0.17859114229628142
CN(C)CCN1CC2(CCN(C(=O)CCCS(N)(=O)=O)CC2)OC1=O,2.28,,
CN(C)CCN1CCC(NC(=O)N[C@H]2CCC[C@H]2n2ccnc2)CC1,,,0.0323520130736978
CN(C)CCOC(=O)COc1ccc(Cl)cc1,,,0.0262650215708369
CN(C)CCOC(C)(c1ccccc1)c1ccc(Br)cc1,4.68,1.95,1.096143913823795
CN(C)CCOC(C)(c1ccccc1)c1ccccn1,,,0.2102449404802204
CN(C)CCOC(c1ccc(Cl)cc1)c1ccccn1,,,0.26134504693670685
CN(C)CCOC(c1ccccc1)c1ccccc1,,,0.12990172767978486
CN(C)CCOc1ccc(C(=O)N[C@@H]2CCc3cc(Cl)ccc32)cn1,,,0.38985721150065156
CN(C)CCOc1ccc(C(=O)Nc2c[nH]nc2C(=O)NC2CC2)cc1,,,0.0739018008869898
CN(C)CCOc1ccc(CN2CCN(Cc3nccn3C)CC2)cc1,3.46,,
CN(C)CCOc1ccccc1N1CCN(C(=O)c2n[nH]c3c2CCC3)CC1,,,0.42781837119339555
CN(C)CCc1c[nH]c2ccc(C[C@H]3COC(=O)N3)cc12,,,0.017872331796627505
CN(C)CCn1c(=O)[nH]c2ccc(C(=O)NC3CCOc4c(F)cccc43)cc21,,,0.15191716458996626
CN(C)CCn1c(=O)oc2ccc(NC(=O)C3Cc4ccccc4O3)cc21,,,0.4742259245023704
CN(C)CCn1c(=O)oc2ccc(NCc3cc(O)c4ccsc4c3)cc21,,,0.45916259769923573
CN(C)CCn1ccc(NC(=O)N2C[C@H]3CCC[C@H]3C2)n1,,,0.4627184217289242
CN(C)CCn1nccc1NC(=O)c1ccc(C(C)(F)F)cc1,,,0.08956918112825621
CN(C)C[C@H]1COC[C@@H]1NC(=O)c1cccc(N2CCOCC2)c1,,,0.029852284894172056
CN(C)C[C@H]1C[C@@H](O)CN1c1cc(N2CC(Cc3ccoc3)C2)ncn1,,,0.3517570924609876
CN(C)Cc1cc(C(=O)NC(CC2CC2)c2cc(F)cc(Br)c2)no1,5.43,,1.2495425265073115
CN(C)Cc1cc(C(=O)N[C@@H]2CC(Cn3cc(Cl)cn3)C[C@H]2O)no1,,,0.024464187052865
CN(C)Cc1ccccc1CN(C)C(=O)c1ccc(-c2cccc(F)c2)cc1,4.46,,
CN(C)Cc1nc2ccc(NC(=O)C3OCCO3)cc2[nH]1,,,0.1577804645512791
CN(C)Cc1nc2ccc(NC(=O)c3ccc(C4CC4(F)F)cc3)cc2[nH]1,3.56,3.16,
CN(C)N=Nc1[nH]cnc1C(N)=O,,,-0.12022051904280674
CN(C)S(=O)(=O)C1(Cn2c(=O)[nH]c3cc4c(cc3c2=O)CCCC4)CC1,3.86,3.23,1.1994980143109242
CN(C)S(=O)(=O)N1CC(Nc2nc(C3CC3)nc3c2CCC3)C1,,,-0.04917262497651806
CN(C)S(=O)(=O)N1CCC(C(=O)N2CCCCCCNC(=O)CC2)CC1,4.54,,
CN(C)S(=O)(=O)N1CCCC(NC(=O)c2ccc(Cl)cc2)C1,5.11,2.57,1.5092257669932818
CN(C)S(=O)(=O)N1CCC[C@@H](NC(=O)N2CCCC(CCF)C2)C1,,,0.6468704155765637
CN(C)S(=O)(=O)N1C[C@@H]2CC[C@H](C1)N(C(=O)CSc1ccccn1)C2,4.26,,
CN(C)S(=O)(=O)N[C@@H]1CCN(C(=O)c2coc3ccccc23)C[C@H]1O,3.92,,
CN(C)S(=O)(=O)c1c[nH]c(C(=O)N[C@H]2CCC[C@H]2C(=O)O)c1,,,0.0130673784797798
CN(C)S(=O)(=O)c1cc(C(=O)N2CCOCc3ccccc32)n(C)c1,,,0.2733269267987129
CN(C)S(=O)(=O)c1cc(C(=O)NC(Cc2ccccc2)C(=O)Nc2ccccc2)ccc1F,5.33,1.88,0.9091362658539213
CN(C)S(=O)(=O)c1cc(NC(=O)c2cc3cc(F)ccc3[nH]2)ccc1F,,,0.696849557317778
CN(C)S(=O)(=O)c1ccc(=O)n(CCNC(=O)C2CC2)c1,,,0.0555805989574109
CN(C)S(=O)(=O)c1ccc(C(=O)N2CCCc3ccccc3CC2)cn1,5.955,1.99,1.1195594649790852
CN(C)S(=O)(=O)c1ccc(N2CCCCC2)c(C(=O)Nc2ccc(F)c(C(N)=O)c2)c1,5.27,3.12,1.0336582383976516
CN(C)S(=O)(=O)c1ccc(S(=O)(=O)N(C)CC2(CO)CC2)cc1,,,0.396314372150668
CN(C)S(=O)(=O)c1cccc(C(=O)N2CCC(O)(C(F)F)CC2)c1,,,0.4967686083339859
CN(C)S(=O)(=O)c1cccc(C(=O)Nc2cc(Cl)ccc2O)c1,5.06,1.97,
CN(C)S(=O)(=O)c1cccc(C(=O)O)c1,2.42,,
CN(C)S(=O)(=O)c1cccc(CNC(=O)[C@]23CCO[C@H]2CC(=O)NC3)c1,,,0.25549086220239486
CN(C)S(=O)(=O)c1cccc(NC(=O)CN2C(=O)NC3(CCCc4ccccc43)C2=O)c1,5.1,2.38,1.503479425679547
CN(C)S(=O)(=O)c1ccccc1CNC(=O)N1CC(C)(C)C1c1ccccc1,5.89,3.58,1.5271395043929155
CN(C)[C@@H](CO)C(=O)Nc1ccn(Cc2ccccc2)n1,,,0.2533507242011185
CN(C)[C@@H]1C(O)=C(C(N)=O)C(=O)[C@@]2(O)C(O)=C3C(=O)c4c(O)ccc(Cl)c4[C@@H](O)[C@H]3C[C@@H]12,,,-0.0373192361942903
CN(C)[C@@H]1C(O)=C(C(N)=O)C(=O)[C@@]2(O)C(O)=C3C(=O)c4c(O)cccc4[C@@](C)(O)[C@H]3C[C@@H]12,,,0.5549306282973647
CN(C)[C@@H]1C(O)=C(C(N)=O)C(=O)[C@@]2(O)C(O)=C3C(=O)c4c(O)cccc4[C@@](C)(O)[C@H]3[C@H](O)[C@@H]12,,,-0.03517621646444455
CN(C)[C@@H]1CC[C@H](NC(=O)Cc2cccc(NC(N)=O)c2)C1,,,0.022394708788710697
CN(C)[C@@H]1COC[C@H]1CNC(=O)c1cc2c(C3CC3)cccc2[nH]1,,,0.2585875473801593
CN(C)[C@H]1CN(C(=O)[C@H]2CC[C@H](C)CC2)C[C@@H]1O,3.19,,
CN(C)c1c(C(=O)N2CCC(N3CCC3)CC2)cnc2ccccc12,,,0.34832715605126524
CN(C)c1cc(-c2nc(-c3cnc(N4CCNCC4)cn3)no2)cc(C(F)(F)F)c1,,,0.12601331527539125
CN(C)c1cc(C#N)cc(C(=O)N2CCC3C(CCCN3C3CC3)C2)c1,5.26,3.0,2.0845105361185547
CN(C)c1cc(C(=O)N2CCC(Oc3ccccn3)C2)c2ccccc2n1,5.11,3.51,1.4719119842810344
CN(C)c1cc(N2C[C@H](O)C[C@@H]2CNC(=O)CCc2ccco2)ncn1,,,-0.02163610588625025
CN(C)c1cc(NC(=O)NCC(C)(O)c2cccc(F)c2)ccn1,,,0.07621167174977421
CN(C)c1cc(NC(=O)N[C@@H]2CCC[C@@H]2Oc2cnn(C)c2)ccn1,,,0.31472794281672467
CN(C)c1ccc(-c2cn(Cc3ccccc3C#N)nn2)cc1,5.37,,0.9543441403368818
CN(C)c1ccc(-c2cncc(C(=O)NCc3cccc(=O)[nH]3)c2)cc1,,,0.14981294771527096
CN(C)c1ccc(-c2cncc(C(=O)N[C@H]3CCO[C@H]3C(=O)O)c2)cc1,,,0.13254350457628228
CN(C)c1ccc(C(=C2C=CC(=[N+](C)C)C=C2)c2ccc(N(C)C)cc2)cc1,2.08,2.12,
CN(C)c1ccc(C(=O)N2CCN(C(=O)c3ccc(O)cc3)CC2)cc1,,,-0.06033861543277005
CN(C)c1ccc(C(=O)N2CCN(C3CCS(=O)(=O)C3)CC2)cc1F,,,0.08797796367409484
CN(C)c1ccc(C(=O)N2CCOC(CC(=O)O)C2)cn1,,,-0.012451554588443698
CN(C)c1ccc(C(=O)NCC2(C3(O)CCOCC3)CC2)cc1,,,0.6851457908049003
CN(C)c1ccc(C(=O)NCc2cn(C(C)(C)C)c(=O)[nH]c2=O)cc1,4.47,2.74,0.6858653811540623
CN(C)c1ccc(C(=O)N[C@]2(c3ccccc3)C[C@H](O)C2)cc1,,,0.4488856128750502
CN(C)c1ccc(C2CCCN2C(=O)c2cnn(C3CCC3)c2)nn1,,,0.2220805693786049
CN(C)c1ccc(CCC(=O)NCc2noc(C(N)=O)n2)cc1,3.18,,
CN(C)c1ccc(S(=O)(=O)N2CCCC2C(F)(F)F)cn1,4.54,3.14,0.9684389785851252
CN(C)c1ccc2nc3ccc(=[N+](C)C)cc-3sc2c1,3.0,2.14,0.0328408859858698
CN(C)c1ccc2nnc(CNc3nccc(C(F)(F)F)n3)n2n1,,,0.5516928603753735
CN(C)c1cccc(C(=O)O)c1,1.97,,
CN(C)c1cccc(C2CCCN2C(=O)NCc2ccon2)c1,,,0.6867622591416415
CN(C)c1cccc(CNC(=O)C2CN(C(=O)C3CCCCC3)C2)n1,4.33,1.93,1.3201250072422928
CN(C)c1cccc(CNC(=O)c2cc3ccccc3c(=O)o2)n1,4.92,3.82,1.0927070995432815
CN(C)c1cccc(Cn2cc(CN3CCCCC3=O)nn2)c1,,,0.26664977683264723
CN(C)c1cccc(S(=O)(=O)N2CCCC(c3nncn3C)C2)c1,,,0.3681825647912048
CN(C)c1cccc(S(=O)(=O)N2CCN(c3cnccn3)CC2)c1,4.99,3.13,0.9517058253023727
CN(C)c1ccccc1-c1ccnc(N2CCNCC2)n1,,,0.45203050137350187
CN(C)c1cccnc1CNC(=O)Nc1cccc(-c2ncco2)c1,5.07,3.97,1.354709083205366
CN(C)c1ccnc(-c2nc(-c3cnn(CCF)c3)no2)c1,,,0.634743645428873
CN(C)c1ccncc1C(=O)N1CCCC(CC(C)(C)C(N)=O)C1,,,0.2900828517795133
CN(C)c1cncc(-c2nc(C(C)(C)NC(=O)OC(C)(C)C)no2)c1,5.25,1.84,1.5204811117455777
CN(C)c1n[nH]c(C2CCN(C(=O)CCn3cnc4c(N)ncnc43)CC2)n1,,,0.038911711335662305
CN(C)c1n[nH]c(NC(=O)c2cc(-c3cccs3)n(-c3ccccc3)n2)n1,,,0.2172888561794912
CN(C)c1n[nH]c(NC(=O)c2cc3cc(C(F)(F)F)ccc3n2C)n1,,,0.4039083606112607
CN(C)c1nc(N(C)C)nc(N(C)C)n1,,,0.2069262838475919
CN(C)c1nc(N)nc(CNC(=O)c2ccc(CCC(C)(C)O)cc2)n1,3.15,,
CN(C)c1nc2cc(NC(=O)c3ccc(F)c(S(=O)(=O)N4CCCC4)c3)ccc2[nH]1,3.98,3.83,1.6453680908115091
CN(C)c1nc2cccc(C(=O)NCC(C)(CO)CO)c2o1,,,-0.14374998473649875
CN(C)c1nc2ncn(Cc3cccc4ccnn34)c(=O)c2s1,,,0.4785053641636096
CN(C)c1nc2sc(C(=O)N3CCc4[nH]ncc4C3)cc2s1,,,0.215687567126677
CN(C)c1ncc(-c2cn([C@H]3COC4(CCC4)[C@@H]3O)nn2)cn1,,,0.31863844054278545
CN(C)c1ncc(CNC2CCCc3c2[nH]c2ccccc32)n1C,,,0.4276846674170759
CN(C)c1ncc(CNc2cc(C(F)(F)F)nc(-c3cccnc3)n2)n1C,,,0.8191226605344448
CN(C)c1ncc(NC(=O)N2CCN(c3ccc(F)cn3)CC2)cn1,,,0.3329545796767873
CN(C)c1nccc(CNC(=O)c2cccc3ccccc23)n1,4.96,2.12,0.8342116275936692
CN(C)c1nccc2c1CCCN2C(=O)c1coc(C2CC2)n1,,,0.5613852847881006
CN(C)c1nccc2c1CN(c1cnc(C(=O)N3C[C@H]4CNC[C@H]4C3)cn1)CC2,,,0.2870453238482622
CN(C)c1ncccc1CNC(=O)NC1(c2ccccc2)CC1(C)C,5.27,1.89,1.1804253534808045
CN(C)c1ncccc1CNc1ccn(-c2ncccc2F)n1,,,0.38653346417023615
CN(C)c1ncccc1NC(=O)c1cn2c(n1)CCCC2,,,0.20304914733806667
CN(C)c1ncn(-c2cccc(NC(=O)c3cccn(C)c3=O)c2)n1,,,0.29956556251403527
CN(C)c1ncnc2c1CN(C(=O)c1ccc(C(=O)O)cc1)CC2,,,0.1991882432602716
CN(C)c1noc(C2CCCN(c3ncnc4sccc34)C2)n1,4.64,,1.118443133504537
CN(C)c1noc(CNC(=O)N2CCC(NC(=O)c3ccccc3)CC2)n1,,,0.0689023556855767
CN(C/C=C/C#CC(C)(C)C)Cc1cccc2ccccc12,4.7,2.04,1.4655154158567274
CN(C1(C(N)=O)CCCC1)S(=O)(=O)Cc1cc(C#N)ccc1F,,,0.325173805599023
CN(C1(CO)CC1)S(=O)(=O)c1ccc(C#N)c(C(F)(F)F)c1,,,0.3666851936070133
CN(C1CCN(c2ccccc2Cl)C1=O)S(=O)(=O)c1cccs1,4.9,,2.0930939800730264
CN(CC(=O)N(CCc1ccccc1)CC(=O)O)S(=O)(=O)c1ccccc1,,,0.5858325686653096
CN(CC(=O)N1CC=CC(NC(=O)C2Cc3cc(F)ccc3O2)C1)C(=O)c1cccs1,5.06,3.85,1.4645086987542522
CN(CC(=O)N1CCC(C(=O)O)CC1)C(=O)c1cccc2c1OCO2,,,0.0979435954499066
CN(CC(=O)N1CCN(C2CCS(=O)(=O)C2)CC1)CC1CCNCC1,,,0.1243232599756031
CN(CC(=O)NC(Cc1ccccc1)C(=O)Nc1ccccc1)C(=O)c1ccco1,5.18,4.93,1.2334520986639212
CN(CC(=O)NC1CCS(=O)(=O)C1)Cc1cn(C)nc1-c1ccc(C#N)cc1,,,0.2502832219165749
CN(CC(=O)NCC(C)(O)C(=O)O)S(=O)(=O)c1ccc(Cl)cc1,,,0.2502013709812239
CN(CC(=O)NCCc1cn(C)c2ccccc12)[C@@H]1CCC[C@H]1O,5.01,2.36,1.4856140593162297
CN(CC(=O)Nc1cccc(C(C)(C)C#N)c1)S(=O)(=O)c1cccnc1,,,0.8016497186576066
CN(CC(=O)Nc1ccccc1)C(=O)c1ccc2ccccc2c1,,,0.5456442401061289
CN(CC(=O)Nc1cnn(CC2CCCO2)c1)C(=O)c1cccs1,,,0.19531903727164915
CN(CC(=O)O)C(=N)N,,,0.0431289347506945
CN(CC(=O)O)Cc1cc2ccccc2n(C)c1=O,4.11,,
CN(CC(C)(C)C#N)C(=O)Nc1cc(C(F)(F)F)ccn1,,,0.5804163804566234
CN(CC(C)(C)CN1CCOCC1)S(=O)(=O)c1c[nH]c2ncccc12,,,0.542772492207465
CN(CC(F)(F)F)C1CCN(C(=O)C2(F)CCCNC2)CC1,,,0.2526762482529982
CN(CC(O)C(F)(F)F)C(=O)c1[nH]c2ccccc2c1CC(=O)O,,,0.376116916342655
CN(CC1CC1)S(=O)(=O)Nc1ccc(F)cc1OCC(F)F,5.02,,1.421198718873825
CN(CC1CCCCC1O)C(=O)NCC1CCN(CC(F)(F)F)CC1,5.3,2.45,1.1984238410669128
CN(CC1CCNCC1)C(=O)c1ccc(-c2ccc3nccn3c2)nn1,,,0.0899318836749024
CN(CC1CN(c2nc(-c3ccccc3)c3ccccc3n2)CCO1)c1cccnn1,5.2,,1.1292911749083065
CN(CC1COc2ccccc2O1)C(=O)C1(CN)CCOCC1,,,0.17838044800919367
CN(CC1COc2ccccc2O1)C(=O)c1cc(N2CCOCC2)ccn1,,,0.32599525571078464
CN(CC1OCc2ccccc21)C(=O)c1cccn(C2CCC2)c1=O,,,0.5306736567767605
CN(CCC(=O)N1CCN(C(=O)c2cc3sccc3s2)CC1)c1ccncc1,,,0.5201715381112061
CN(CCC(=O)O)C(=O)c1csc(-c2cccc(C(F)(F)F)c2)n1,,,0.11850666310116809
CN(CCCCc1ccccc1)C(=O)[C@@H]1CC2(CN1)OCCO2,,,0.3064826058404301
CN(CCCNC(=O)C(C)(C)S(=O)(=O)c1ccc(Cl)cc1)c1ccccc1,5.29,2.1,1.1871863799350377
CN(CCCNC(=O)C1CCC1)C(=O)Nc1cccnc1-n1cccn1,,,0.7658935459194776
CN(CCCNC(=O)c1nc2cnccc2s1)c1ccccn1,,,0.645561198649861
CN(CCN(C)C(=O)c1cc2c(s1)CCCC2)C(=O)CCCCNC(N)=O,,,0.06294150191668571
CN(CCN1C(=O)c2ccccc2C1=O)S(=O)(=O)c1ccsc1C=O,4.44,,
CN(CCN1CCCC1=O)S(=O)(=O)c1cccc2c1nnn2C,,,0.32588952763440726
CN(CCNC(=O)C(C)(C)F)C(=O)CC1C(=O)Nc2ccccc21,,,0.015108779435113951
CN(CCNC(=O)c1ccc(-c2cn[nH]c2)cc1)C(=O)c1ccn2cnnc2c1,,,0.12270197847096045
CN(CCNC(=O)c1cnn(C)c1-c1ccccc1)C(=O)c1cnn(C)c1-c1ccccc1,4.82,2.73,0.9834877473464145
CN(CCNS(=O)(=O)c1cnn2c1OCCC2)c1ccccn1,,,0.37709144695811825
CN(CCNc1ccccn1)C(=O)CCc1cccc(O)c1,4.72,3.1,0.7477035362576882
CN(CCO)C[C@]12CN(C(=O)OC(C)(C)C)C[C@@]1(C(F)(F)F)C2,,,0.5171331574487521
CN(CCO)Cc1cn(Cc2coc(C(C)(C)C)n2)nn1,,,0.1974545851196393
CN(CCO)S(=O)(=O)c1ccccc1CNC(=O)C1CC12CCCC2,4.69,3.11,1.0149709910944085
CN(CCOP(=O)(O)O)C(=N)N,1.78,1.94,-0.18912865656787942
CN(CCOc1ccc(CC2SC(=O)NC2=O)cc1)c1ccccn1,4.55,3.07,1.2326057635899432
CN(CCc1cccc(C#N)c1)C(=O)c1ccc2nccnc2c1,,,0.6766655442393872
CN(CCc1ccncc1)C(=O)C1NCCOc2ccccc21,,,0.19118875080644424
CN(C[C@@H]1OCCN(C)[C@H]1c1ccccc1)c1nc2c(cnn2C)c(=O)[nH]1,,,0.49873839596269426
CN(C[C@]12CCC[C@H]1OCC2)c1cccc(O)c1C=O,5.23,1.8,
CN(Cc1c(F)cccc1Cl)C(=O)C1NCc2ncncc21,,,0.15664489128440895
CN(Cc1c(F)cccc1F)C(=O)c1cccc(Cn2ccnc2)c1,,,0.7545273336088674
CN(Cc1cc(-c2ccccc2)[nH]n1)C(=O)CC1CCC(=O)N1,,,0.0929645270177176
CN(Cc1cc(-c2ccccc2)[nH]n1)C(=O)c1cc(C2CC2)[nH]n1,,,0.40250679774252274
CN(Cc1cc(-c2ccccc2)no1)C(=O)c1cc(=O)[nH]c(=O)[nH]1,3.49,,
CN(Cc1cc(-c2cccs2)n[nH]1)C(=O)Cn1nnnc1N,2.49,,
CN(Cc1cc(Br)cc(Br)c1N)C1CCCCC1,,,0.3777545144528933
CN(Cc1cc(C(C)(C)C)[nH]n1)C(=O)c1ccc(-c2cc[nH]n2)s1,5.795,3.07,1.0981114392012317
CN(Cc1cc(F)cc(F)c1)C(=O)CCCc1ccc(-c2noc(=O)[nH]2)cc1,4.15,3.88,1.1163469452334827
CN(Cc1cc2ccccc2[nH]1)C(=O)c1ccc(N2CCCC(C(N)=O)C2)cc1,,,0.23205840348292917
CN(Cc1cc[nH]n1)C(=O)c1cccnc1N1CCCC1,,,0.5602546848256165
CN(Cc1cc[nH]n1)S(=O)(=O)c1cn(C)nc1C1CCCC1,,,0.6425547390462379
CN(Cc1ccc(-c2cc[nH]n2)o1)C1CCSCC1,3.98,,
CN(Cc1ccc(C(=O)O)cc1)C(=O)c1ccc(CNS(C)(=O)=O)o1,,,0.005888976787057007
CN(Cc1ccc(C(C)(C)C)cc1)Cc1cccc2ccccc12,4.86,1.88,1.56641377414333
CN(Cc1ccc(CN2CC[C@@H](N)[C@H](O)C2)o1)S(C)(=O)=O,2.68,,
CN(Cc1ccc(Cl)s1)C(=O)Cn1cnc2c(c1=O)CCC2,,,0.5498907121716773
CN(Cc1ccc(F)c(Cl)c1)C(=O)c1cn(CCCc2noc(=O)[nH]2)nn1,,,0.0812169372401636
CN(Cc1ccc(F)cc1)S(=O)(=O)c1cc(F)cc(F)c1,4.53,3.15,1.3856121695964332
CN(Cc1ccc(OCC(=O)O)cc1)C(=O)c1cccc2[nH]ccc12,,,0.0893593196309654
CN(Cc1ccc2nonc2c1)C(=O)N[C@H]1C[C@H]2C(=O)N(C)CC(=O)N2C1,2.79,,
CN(Cc1ccc[nH]1)C(=O)Cn1nc(C(F)(F)F)c2c1CCOC2,,,0.3312779191669799
CN(Cc1cccc(O)c1)C(=O)c1cccc(N2CCCC2)c1,4.67,3.2,1.1077834258541708
CN(Cc1cccc(OC(F)(F)F)c1)C(=O)C1(C#N)CCCCC1,5.12,2.04,1.1175303929130254
CN(Cc1cccc2[nH]ccc12)C(=O)CC1CCS(=O)(=O)C1,,,0.43059971057136937
CN(Cc1cccc2[nH]ccc12)C(=O)c1ccc(C(N)=O)nc1,,,0.20556233031679566
CN(Cc1ccccc1)C(=O)N1CCC(Oc2ncccc2F)CC1,4.54,1.88,1.021640580104619
CN(Cc1ccccc1)S(=O)(=O)c1ccc(NC(=O)CN2CCCC2)cc1,4.5,1.85,0.704397704507089
CN(Cc1ccccc1-c1ccccc1)C(=O)c1cnn(C2CCNCC2)n1,,,0.5578172353527224
CN(Cc1ccccc1N1CCOCC1)C(=O)c1cccc(-c2noc(O)n2)c1,,,0.3009679849407523
CN(Cc1cccnc1)Cc1cnn(CCC(=O)O)c1,2.04,,
CN(Cc1cccnc1)c1nc2c(c(=O)[nH]1)CCN(Cc1ccc(F)c(Cl)c1)CC2,4.24,,
CN(Cc1ccco1)C(=O)CN1C(=O)NC(C)(c2nccs2)C1=O,,,0.45014554316683264
CN(Cc1ccn(-c2ccccc2)n1)C(=O)c1ccc(C#N)c(Cl)c1,,,0.7983294513188416
CN(Cc1ccncc1)C(=O)c1n[nH]c2ncc(Br)cc12,,,0.030301563354922803
CN(Cc1ccnn1-c1ccc(F)cc1)CC(O)Cc1ccccc1,5.13,1.85,0.8801097720284337
CN(Cc1ccnn1C)C(=O)CC1Sc2ccccc2NC1=O,,,-0.2040275710126807
CN(Cc1ccoc1)c1ccc(S(=O)(=O)N2CCCC2)cc1,5.25,1.91,1.159302285397035
CN(Cc1ccon1)C(=O)C1CCC(NC(=O)CC2CCCCC2)CC1,,,0.5191369237249714
CN(Cc1cn(-c2ccccc2)nc1-c1cccs1)C(=O)c1ccc2[nH]c(=O)n(C)c2c1,,,0.049084234554975
CN(Cc1cn(C)nc1C(F)(F)F)C(=O)C1CCCc2c(O)cccc21,,,0.3682516592645444
CN(Cc1cn(C)nc1C(F)(F)F)C(=O)c1n[nH]c2c1CCC2,,,0.3790896341154371
CN(Cc1cnc(-n2cccn2)s1)C(=O)[C@H]1CC(=O)N[C@@H](c2ccccc2)C1,,,0.1595345942977481
CN(Cc1cnc(-n2cccn2)s1)C(=O)c1ccc2c(c1)CNC2=O,,,0.1073883783233071
CN(Cc1cnc2ccccn12)C(=O)c1cc2c(s1)-c1ccccc1OC2,,,0.3630873315180433
CN(Cc1cnccn1)C(=O)C1CC(=O)Nc2ccccc21,,,0.0323784406461753
CN(Cc1cnn(C)c1)C(=O)c1ccc(-c2nc(C3CC3)no2)cc1,,,0.24886737352803096
CN(Cc1cnn(C)c1)S(=O)(=O)N1CCCCC1C(F)(F)F,,,0.5879134123148331
CN(Cc1cscn1)C(=O)NCc1ccc(-n2ccnc2)nc1,,,0.1919121621375643
CN(Cc1n[nH]c(=O)[nH]1)C(=O)c1cc2c(N(C)C)cccc2s1,,,0.2766662523744628
CN(Cc1nc(-c2c(F)cccc2F)cs1)CC1(O)CCC1,4.03,2.93,0.7838815234596125
CN(Cc1nc(-c2cccnc2)no1)C(=O)c1cn(CCN)nn1,2.48,,
CN(Cc1nc2c(s1)CCCC2)c1cc(N2CCOCC2)ncn1,,,-0.10700388286647824
CN(Cc1nccn1C(F)F)C(=O)NCC1(N2CCOCC2)CCCCC1,,,0.4541893368185429
CN(Cc1nccn1C)C(=O)C1CN(C(=O)C2CCCCC2)C1,,,0.12743262748519735
CN(Cc1nccn1CC(F)(F)F)C(=O)Nc1cccnc1,,,0.3012707852117556
CN(Cc1nccn1CC(F)F)C(=O)c1cc(=O)[nH]c2ccc(F)cc12,,,0.031856373484128
CN(Cc1nnc(-c2cc3c(s2)CCCC3)o1)c1ccn(C)n1,4.42,,0.7457775117894485
CN(Cc1nnc2ccccn12)S(=O)(=O)C1CC12CCC2,,,0.2312338676188077
CN(Cc1nnc[nH]1)C(=O)c1[nH]c2ccc(Br)cc2c1Cl,,,0.4149107860829532
CN(Cc1noc(C2CC2)n1)C(=O)c1ccc2ccccc2n1,4.63,1.95,0.9969875477711533
CN(Cc1noc(C2CCCC2)n1)Cc1nc2ccc(F)cc2[nH]1,4.64,,
CN(c1ccc(C(N)=O)cc1)C(=O)[C@H]1CC[C@H](C2CCC2)CC1,,,0.559092806233136
CN(c1ccc(NS(C)(=O)=O)cc1)c1ncnc2cnccc12,,,0.0920433267896494
CN(c1ccccc1)C1CCN(C(=O)CCNC(=O)Cc2ccccc2)CC1,,,0.5515354586843292
CN(c1ccccc1)C1CCN(c2ncc3c(n2)CCCC3)CC1,,,0.34203773636791274
CN(c1ccccc1)S(=O)(=O)c1cccc(C(=O)Nc2c[nH]c(C(N)=O)c2)c1,,,0.7539923726058747
CN(c1ccccc1)c1cc(N2CCN(CC3CCCO3)CC2)ncn1,,,0.31103219840833374
CN(c1ccccc1)c1ccc(C(=O)N2CCC(NC(=O)c3ccsc3)CC2)cn1,,,0.9438513999619133
CN(c1ccccc1)c1nc(C(=O)N2CC3(C2)CC3(F)F)cs1,4.4,4.19,0.7389829353562887
CN(c1ccccc1C(=O)Nc1ccc(-c2nc3ccccc3[nH]2)cc1)S(C)(=O)=O,4.63,4.44,0.8368476719213801
CN(c1ccccc1C(N)=O)S(=O)(=O)c1c[nH]c2cc(Cl)ccc12,5.66,,0.7727652502151108
CN(c1cccnc1)S(=O)(=O)c1ccc2c(c1)CC(C)(C)O2,,,0.767067119918022
CN(c1cccnn1)C1CCN(C(=O)c2cnn3ncccc23)CC1,,,0.1394731737491498
CN(c1cccnn1)C1CCN(CCC2(O)CCC2)CC1,,,0.18713513531990217
CN/C(=C\[N+](=O)[O-])NCCSCc1csc(CN(C)C)n1,,,0.161213280374347
CN1C(=C(O)Nc2ccccn2)C(=O)c2ccccc2S1(=O)=O,,,0.33945247895208475
CN1C(=O)C(C)(C)COc2ccc(NC(=O)Cc3ccsc3)cc21,5.13,,1.418713743058769
CN1C(=O)C(NC(=O)c2ccc(-c3cccs3)[nH]c2=O)CCc2ccccc21,,,0.6234073639276951
CN1C(=O)CC(C)(c2ccccc2)C1=O,,,-0.09599876979489716
CN1C(=O)CC(c2ccccc2)C1=O,,,0.014583873269964853
CN1C(=O)CCC(C(=O)N2CCC(O)(C(F)F)CC2)C1c1ccccc1,,,-0.2253092434259786
CN1C(=O)CCC(C(=O)NCCc2ccc3c(c2)OCCO3)C1c1ccccc1,,,0.5060850133485337
CN1C(=O)CCC(C(=O)Nc2cccc(-c3nnnn3C)c2)C1c1cnn(C)c1,3.45,1.85,-0.21010557365313107
CN1C(=O)CCC1CC(=O)NC1CCC(C2CCC2)CC1,,,-0.0350513908662201
CN1C(=O)CCC1CC(=O)Nc1ccc2c(c1)CCCC(=O)N2,,,-0.06982149232965765
CN1C(=O)CCCC1C(=O)Nc1ccc(Oc2ccncc2)c(Cl)c1,1.73,2.11,-0.315025998801122
CN1C(=O)CCCc2occ(C(=O)N3CCc4c3ccc(Cl)c4Cl)c21,5.86,2.39,0.7685460568136715
CN1C(=O)CCS(=O)(=O)C1c1ccc(Cl)cc1,,,-0.02675553602346835
CN1C(=O)CC[C@@H]1C(=O)N1CCN(c2cccc3[nH]c(=O)[nH]c23)CC1,,,0.2315605084023091
CN1C(=O)CC[C@@H]1C(=O)NCc1ccc(N2CCOCC2)nc1,,,9.648663542125013e-05
CN1C(=O)CC[C@@H]1C(=O)Nc1nc(-c2ccccc2Cl)nn1C,,,0.47334207438818277
CN1C(=O)CCc2cc(-c3csc(C4CCCO4)n3)ccc21,,,0.3974891199382013
CN1C(=O)CCc2cc(C(=O)N3CCC(O)(c4ccc(F)cc4)C3)ccc21,,,0.1783094125023918
CN1C(=O)CCc2cc(C(=O)Nc3ccc([C@@H]4C[C@H]4C(=O)O)cc3)ccc21,,,-0.1322568255825275
CN1C(=O)CCc2cc(NC(=O)C(F)(F)C3(O)CCC3)ccc21,,,0.0551186615525963
CN1C(=O)CCc2cc(NC(=O)c3cccc(-c4noc(C(F)(F)F)n4)c3)ccc21,,,0.5955292496339688
CN1C(=O)CCc2cc(NCc3ccc(OC(F)F)cc3)ccc21,,,0.1605854886942669
CN1C(=O)CN(C(=O)Nc2ccc(C(F)(F)F)nc2)C1c1ccccc1,,,0.5757093526235948
CN1C(=O)CN(C(=O)c2cc(C(F)F)n(C)n2)C1c1ccccc1,,,0.4807146474604909
CN1C(=O)CN(C(=O)c2cnn(C3CCC3)c2)c2ccccc21,3.98,2.14,1.3242098744364914
CN1C(=O)CN(c2nnc(-c3cn[nH]c3)n2C)Cc2ccccc21,,,0.14729188658773
CN1C(=O)COC12CCN(C(=O)[C@H]1C[C@@H]1c1cccc(Br)c1)CC2,,,0.24318964369309054
CN1C(=O)COC12CCN(C(=O)c1cccn3nccc13)CC2,,,0.1550600200083596
CN1C(=O)CO[C@H](C(=O)N2CCCC23CCC3)[C@H]1c1cccnc1,,,0.34057409434379915
CN1C(=O)COc2ccc(C(=O)NCC(CO)Cc3ccc(F)cc3)cc21,,,0.1934514986997207
CN1C(=O)COc2ccc(NS(=O)(=O)c3ccc(CCC#N)cc3)cc21,,,0.6291388463248505
CN1C(=O)C[C@@H](NC(=O)c2cccc(F)c2O)[C@@H]1c1ccnn1C,,,0.0740738267258798
CN1C(=O)C[C@H](C(=O)N2CCN(c3ccccc3F)CC2)[C@H]1c1cccnc1,,,0.12870529653711493
CN1C(=O)NC(C)(c2ccc(NC(=O)c3ccncc3Cl)cc2)C1=O,,,0.0303928245602456
CN1C(=O)NC2(CCN(C(=O)Cc3n[nH]c4ccccc34)CC2)C1=O,,,0.2118320891733753
CN1C(=O)NC2(CCN(Cc3cc(-c4ccccc4)on3)CC2)C1=O,,,0.044452524395509
CN1C(=O)NCC12CCN(CC(=O)NCC1CCCO1)CC2,,,0.04883560909038134
CN1C(=O)OC(C)(C)C1=O,2.69,2.11,-0.24915668386385154
CN1C(=O)OCC1C(=O)NCc1ccc(C(F)(F)F)cc1,,,0.0802785605836552
CN1C(=O)c2ccc(C(=O)NCC#Cc3cccc(F)c3)cc2S1(=O)=O,,,0.22037767861936874
CN1C(=O)c2ccc(NC(=O)c3cc4cc([N+](=O)[O-])ccc4o3)cc2C1=O,,,0.3983380115256652
CN1C(=O)c2ccc(S(=O)(=O)NC3CCOC3(C)C)cc2C1=O,,,0.0843190456246099
CN1C(=O)c2cccc3c(S(=O)(=O)Nc4ccc5[nH]ccc5c4)ccc1c23,4.55,4.67,1.1299599110114293
CN1C(=O)c2ccccc2C1CNC(=O)C1CCc2cccc(O)c21,,,0.6547976875392375
CN1C(=O)c2cccn2CC1CNC(=O)CCc1c[nH]c2ccccc12,4.87,,
CN1C(C(=O)Nc2ccccn2)=C(O)c2sccc2S1(=O)=O,,,0.5820348638648709
CN1C2CCC1CC(OC(=O)C(CO)c1ccccc1)C2,,,0.01676221540809235
CN1C2CCC1CN(C(=O)c1ccc(CNC(=O)c3cccs3)cc1)CC2,,,0.06546640769290496
CN1C2CCC1CN(C(=O)c1ccc(Cl)c(S(C)(=O)=O)c1)CC2,,,0.1564771709600564
CN1CC(=O)N(C(Cn2cnc3ccccc32)c2ccc(F)cc2)C1=O,,,0.3307168622110492
CN1CC(=O)N(CC(=O)N2CCCC(O)(C(F)(F)F)CC2)C1=O,,,0.040054204748757954
CN1CC(=O)N(CC(=O)NCC2CCN(Cc3cccs3)CC2)C1=O,,,0.1263593060942579
CN1CC(=O)N(CC(=O)Nc2cccc(NC(=O)c3cccnc3)c2)C1=O,3.15,,
CN1CC(C(=O)N2CCN(C(C)(C)CO)CC2)C(C(F)(F)F)C1,,,0.15181207681493725
CN1CC(C(=O)N2CCN(c3ccc(C(F)(F)F)cc3Cl)CC2)CC1=O,,,0.2020269594181886
CN1CC(C(=O)N2CCN(c3cncc(F)c3)CC2)c2ccccc2C1=O,,,0.14155724981576262
CN1CC(C(=O)NCc2cn(C)cn2)c2ccccc2C1=O,,,0.2109879704275155
CN1CC(C(=O)O)N(C(=O)c2ccc3c(c2)COC3)CC1=O,,,0.031376965830244255
CN1CC(CNC(=O)c2ccc(=O)n(-c3ccc(F)cc3)c2)Cc2ccccc21,4.95,2.29,0.8541170821480598
CN1CC(CNc2ncnc3c2nnn3Cc2ccccc2)CC1=O,,,0.1572985097893788
CN1CC(Nc2nc(-c3ccc(F)cc3)no2)CCC1=O,,,0.1354871702170983
CN1CC(O)CC1(C)C(=O)NC1CCc2c(O)cccc21,,,0.38093815396463127
CN1CC(c2ccnc(N(C)C)n2)C2(C1)CN(C(=O)CCc1ccccc1O)C2,,,0.6614345695677231
CN1CC(c2nc(-c3ccc(N4CCOCC4)nc3)no2)NCC1=O,,,0.0339364541339769
CN1CC(c2nc(-c3ccnc(OC4CCC4)c3)no2)NCC1=O,,,0.0666938302388273
CN1CC2(CCN(C(=O)c3ccc(Oc4ccc(F)cc4)cc3)C2)C1,,,0.3969475301042904
CN1CC2(CCN(S(=O)(=O)c3ccnc(O)c3)CC2)OC1=O,,,0.0423408935090601
CN1CC2CN(C(=O)c3nn[nH]c3C3CC3)CCN2C1=O,,,-0.06452242063366476
CN1CCC(=C2c3ccccc3CCc3cccnc32)CC1,,,0.23196600529164504
CN1CCC(=C2c3ccccc3CCc3sccc32)CC1,4.42,1.89,0.744098147061126
CN1CCC(=O)Nc2cc(C(=O)NC(C)(C(=O)O)c3ccccc3)ccc21,,,0.1894692482392023
CN1CCC(C(=O)N2CCc3ccccc3C2CNC(=O)Cc2cccc3ccccc23)CC1,,,0.45638434194913624
CN1CCC(C(=O)NCC2(N3CCCCC3)CCOCC2)CC1,,,0.0405626511627704
CN1CCC(C(=O)Nc2nc(-c3c[nH]c(C(N)=O)c3)cs2)c2ccccc21,4.43,1.81,0.71069667873134
CN1CCC(C)(C(=O)NOCc2ccc(F)cc2Br)C1=O,,,0.702879911874004
CN1CCC(C2CCN(C(=O)NCCNC(=O)c3ccc(Cl)cc3)C2)CC1,,,0.3419183232687993
CN1CCC(CNC(=O)c2cc(C(N)=O)c[nH]2)(N2CCCCC2)CC1,,,0.1405212611559456
CN1CCC(CNC(=O)c2nc(N3CCCC3)ncc2Cl)CC1,,,0.224728074530894
CN1CCC(Cc2nc(-c3ccc(Oc4ncc(C(F)(F)F)cc4Cl)cc3)no2)C1,,,0.7155177461286881
CN1CCC(N(C)c2ccc(NC(=O)c3cccc(O)c3)cc2)CC1,,,0.08117804563719926
CN1CCC(N(Cc2ccc(F)cc2)C(=O)c2ccnc(-c3nn[nH]n3)c2)CC1,,,-0.08763695763133694
CN1CCC(N(Cc2ccco2)C(=O)C2CCCN(CC(F)(F)F)C2)CC1,,,0.0510926032278344
CN1CCC(N2CCC(NC(=O)NCC(=O)N3CCCCC3)CC2)CC1,,,0.08072229810635816
CN1CCC(N2CCC(NC(=O)c3cc(Br)cc4ccccc34)C2)CC1,,,0.1614212397800494
CN1CCC(N2CCC(NC(=O)c3cc(Br)ccc3F)CC2)C1=O,,,-0.025766523148405
CN1CCC(NC(=O)COc2ccccc2)C1c1ccc(F)c(F)c1,4.57,3.17,0.8383402531779887
CN1CCC(NC(=O)c2cc3ccc(C(F)(F)F)cc3[nH]2)C1=O,,,0.5537707954361857
CN1CCC(NCc2cn(Cc3ccc(Cl)cn3)nn2)CC1,,,-0.0190351853156637
CN1CCC(OCC(=O)N2CCCC2c2cnn(C)c2)CC1,,,0.1021322926269412
CN1CCC(OCc2nc(-c3ccc(Oc4ccccc4C(F)(F)F)nc3)no2)CC1,5.62,2.12,0.907335018996271
CN1CCC(Oc2cc(NC(=O)c3ccc(F)c4ccccc34)ccn2)CC1,,,0.3901984931620088
CN1CCC(Oc2ccc(C(=O)Nc3cnn(CCF)c3)cc2)CC1,,,-0.07060186479973254
CN1CCC(Oc2ccc(CNC(=O)c3ccc4[nH]c(=O)[nH]c4n3)cc2)CC1,,,0.04954490931533935
CN1CCC(c2cn(Cc3ccc(C(F)(F)F)cc3)nn2)CC1,,,0.4521782577773161
CN1CCC(n2ccc(NC(=O)c3cc(=O)n(C)c4ccccc34)n2)CC1,,,0.31496167595533886
CN1CCC2(CC1)CCN(c1ncnn3cc(Br)cc13)CC2CO,,,0.5355088481164132
CN1CCC2(CC1)CCN(c1nnc(Cc3ccccc3)s1)CC2,,,0.11215162082001351
CN1CCC2(CC1)CN(C(=O)c1ccc3cn[nH]c(=O)c3c1)Cc1ccccc12,,,0.225115885951152
CN1CCC2(CC1)CN(C(=O)c1ncnc3sccc13)[C@@H]1COC[C@@H]12,,,0.0856186921503737
CN1CCC2(CC1)CN(c1ncnc3c1cnn3C)Cc1ccccc12,,,0.37254157392806264
CN1CCC2(CCN(C(=O)NCc3cc(-c4ccccc4)no3)C2)C1,,,0.20652856799145142
CN1CCCC(C(=O)NCC(c2cccs2)N2CCCC2)C1=O,,,0.26656153222244355
CN1CCCC(CCNC(=O)c2cnc(N3CCOCC3)nc2)C1,,,-0.2191472670904236
CN1CCCC(N2CC(NC(=O)c3nc4ncccn4n3)C2)C1=O,,,-0.04824138922550745
CN1CCCC(N2CCN(C(=O)C3(Cc4cnn[nH]4)CCC3)CC2)C1,,,-0.0251518940462507
CN1CCCC(N2CCN(c3cnc(CO)cn3)CC2)C1,,,0.18690493961263194
CN1CCCC(NC(=O)c2cccc(-c3ncn[nH]3)c2)C1=O,,,-0.0647172689998696
CN1CCCC(O)(CC(=O)N2CCCC(c3c[nH]c4ncccc34)C2)C1,,,0.12651978485343068
CN1CCCC(O)(CC(=O)Nc2n[nH]c3c2c(-c2ccccc2)nn3C)C1,,,0.359797746762605
CN1CCCC(n2cc(C3CCN3C(=O)OC(C)(C)C)nn2)C1=O,,,0.42359746881283517
CN1CCCC(n2nc(Cc3ccc(Cl)cc3)c3ccccc3c2=O)CC1,,,0.3529606574956674
CN1CCCC1C(=O)N1CCN(C(=O)NC2CSC2(C)C)CC1,,,-0.016095282014076853
CN1CCCC1C(=O)N1CCN(C(=O)c2cc[nH]c(=O)c2)CC1,,,0.1133577726643942
CN1CCCC1C(=O)N1CCN(CCc2nc(-c3ccccc3)no2)CC1,,,0.19495657132512173
CN1CCCC1C(=O)NCc1nc(-c2ccc(Br)cc2)n[nH]1,,,0.5808641619779649
CN1CCCC1C1CCCN1C(=O)CNC(=O)c1cccc(F)c1,,,0.33843883160669563
CN1CCCC1c1cc(C(=O)Nc2cccc(C(O)CC(F)(F)F)c2)[nH]n1,,,0.9546266200070316
CN1CCCC2CN(C(=O)CCc3nnc(-c4cc5ccccc5o4)o3)CCC21,,,0.7182092167103481
CN1CCCCC(CNC(=O)c2cn(-c3cccc(Cl)c3F)nn2)C1,,,0.5180741949557592
CN1CCCCC(N(C)C(=O)Cc2ccc3c(c2)OCO3)C1=O,4.73,3.59,0.9978675827874661
CN1CCCCC1C(=O)NCCNc1ncc(Cl)cc1Cl,,,0.26691559606480875
CN1CCCCC1C(=O)Nc1ccc(-c2csc(N)n2)cc1,,,0.12079161054503121
CN1CCCCC1C(=O)Nc1ccc2c(c1)S(=O)(=O)CC(=O)N2,,,0.3371500664678108
CN1CCCCC1C(=O)O,2.1,,
CN1CCCN(S(=O)(=O)c2cccc(NCc3cc(F)cc(C(F)(F)F)c3)c2)CC1,5.59,1.99,0.8886311699303207
CN1CCCN(c2ccc(-c3noc(C4CC5C=CC4C5)n3)cn2)CC1,,,0.6885431075848173
CN1CCC[C@@H]1C(=O)NC/C=C/CNC(=O)c1ccc(C(N)=O)[nH]1,,,0.0387737408079303
CN1CCC[C@H]1c1cccnc1,,,-0.05621055649221575
CN1CCCc2cc(CC(=O)Nc3ccccc3NS(=O)(=O)c3cccs3)ccc21,5.47,4.92,2.4972662262523073
CN1CCCc2cc(Cc3nc(-c4cc5cc(Br)ccc5[nH]c4=O)no3)ccc21,,,0.5631690703206607
CN1CCN(C(=O)C(Cc2ccccc2)NC(N)=O)Cc2ccccc21,4.41,1.89,0.938597807163244
CN1CCN(C(=O)C2CC(=O)N(c3ccccc3)C2)CCC12CCOCC2,,,0.0318902607888103
CN1CCN(C(=O)C2CCCCC2)CC1,1.96,,
CN1CCN(C(=O)CC2CCN(C(=O)c3ccc(F)c(Cl)c3)CC2)CC1,,,0.26114757389047544
CN1CCN(C(=O)CCc2nc3ccccc3o2)C(c2ccccc2)C1,4.39,3.14,0.702900630507674
CN1CCN(C(=O)CSCc2ccccc2Cl)[C@H]2CS(=O)(=O)C[C@H]21,4.69,,
CN1CCN(C(=O)Cc2ccc(NC(=O)c3cc(=O)[nH]c(C4CC4)n3)cc2)CC1,,,-0.02116400605120535
CN1CCN(C(=O)Cc2ccc(NC(=O)c3ccnc4c3CC(=O)N4)cc2)CC1,,,0.04454172804877845
CN1CCN(C(=O)Cc2cccc(NC(=O)c3cc(C4CC4)[nH]n3)c2)CC1,,,0.29742367718239543
CN1CCN(C(=O)Cc2cccc(NC(=O)c3conc3C3CC3)c2)CC1,,,0.17807503544439865
CN1CCN(C(=O)Nc2ccc(N3CCCCC3)nc2)Cc2ccccc21,5.83,2.76,1.2431431563187285
CN1CCN(C(=O)c2c3ccc(Br)cc3nn2C)c2ccc(F)cc21,5.865,1.83,0.7244001819704308
CN1CCN(C(=O)c2ccc(-c3c[nH]c4nncc-4c3)cc2)CC1,,,0.039145987664738396
CN1CCN(C(=O)c2ccc(-c3cccc(C(N)=O)c3)cc2)CC1,,,0.0539886231473454
CN1CCN(C(=O)c2ccc(-c3noc(-c4cncc(-c5cnn(C)c5)c4)n3)cn2)CC1,,,0.2058545138066093
CN1CCN(C(=O)c2ccc(-c3noc(C4Cc5ccccc5O4)n3)cc2)CC1,,,0.261331631494814
CN1CCN(C(=O)c2ccc(CNC(=O)c3cccc4cc(O)ncc34)cc2)CC1,,,0.1274266083052401
CN1CCN(C(=O)c2ccc(COc3ccc(C(C)(C)C)cc3)o2)CC1,3.63,,
CN1CCN(C(=O)c2ccc(F)c3occc23)CC1c1ncc[nH]1,,,0.13715055117719357
CN1CCN(C(=O)c2ccc(N3CCCC3)nn2)c2ccc(F)cc21,4.89,3.06,0.979255879052582
CN1CCN(C(=O)c2ccc(NC(=O)c3cc4c(cc3Cl)NC(=O)C4)cc2)CC1,,,-0.0516191467110562
CN1CCN(C(=O)c2ccc(NC(=O)c3ccc4nnnn4c3)cc2)CC1,,,0.4634201104348345
CN1CCN(C(=O)c2ccc(OCC(=O)O)cc2)c2ccccc2C1,,,0.0849023918068275
CN1CCN(C(=O)c2ccc(S(C)(=O)=O)nc2)c2cc(F)ccc21,4.84,3.71,0.9172020284299508
CN1CCN(C(=O)c2cccc3[nH]c(-c4cccs4)nc23)CC12CCOC2,4.43,4.76,1.39736489615335
CN1CCN(C(=O)c2cnc[nH]2)CC1Cc1ccccc1,,,0.2381747146408312
CN1CCN(C(=O)c2nnc(-c3cscn3)o2)CC1C(C)(C)C,,,0.0674375144342734
CN1CCN(C(c2ccccc2)c2ccccc2)CC1,,,0.20651613467251057
CN1CCN(C2=Nc3ccccc3Oc3ccc(Cl)cc32)CC1,,,0.30442006171974384
CN1CCN(C2=c3ccccc3=Nc3ccc(Cl)cc3N2)CC1,,,0.30407092542937986
CN1CCN(CC(=O)NC2(Cc3ccc(F)cc3)CC2)CC1=O,,,0.4547315700746777
CN1CCN(CC(=O)Nc2ccc(N3CCOCC3)cc2)CC1C(C)(C)C,,,0.1314534831261404
CN1CCN(CC(=O)Nc2ccc3[nH]c(-c4ccccn4)nc3c2)CC1=O,,,-0.0162511155150319
CN1CCN(CC2CCN(C(=O)[C@@H](O)Cc3ccccc3)CC2)CC1,,,0.3950168792265283
CN1CCN(CCCN2c3ccccc3Sc3ccc(C(F)(F)F)cc32)CC1,4.24,2.02,0.7406673144570294
CN1CCN(CCCN2c3ccccc3Sc3ccc(Cl)cc32)CC1,4.0,1.86,1.0842252886916595
CN1CCN(CCNc2ccc(-n3ccnc3)nn2)C(c2ccccc2)C1,,,0.12027085763065665
CN1CCN(CCOc2ccc(NC(=O)c3cccc(NC(=O)c4cccnc4)c3)cc2)CC1,,,-0.079031335413595
CN1CCN(Cc2ccc(N)cc2C(F)(F)F)CC1,2.92,,
CN1CCN(Cc2ccc3c4c(cccc24)C(=O)OC3)CC1c1ccccc1,4.0,,
CN1CCN(Cc2cn(Cc3ccc(-c4ccccc4)cc3)nn2)CC1,,,0.42485314504260824
CN1CCN(Cc2nnc(C3CCN(C(=O)Cn4ncnn4)CC3)n2C)CC1,3.05,,
CN1CCN(S(=O)(=O)c2c[nH]c3cccc(F)c23)C(C)(C)C1=O,,,0.25253406799264183
CN1CCN(S(=O)(=O)c2cc3ccccc3o2)C(c2ccccc2)C1,4.94,4.1,1.3790748501339745
CN1CCN(S(=O)(=O)c2ccc(C(=O)O)cc2Br)CC1=O,,,0.11718628735637279
CN1CCN(S(=O)(=O)c2ccccc2CNC(=O)c2cccc(CO)c2)CC1,,,0.5825170256129677
CN1CCN(S(=O)(=O)c2cnn(C3CCCC3)c2)C(c2ccccc2)C1,5.37,2.05,1.1705290800615398
CN1CCN(c2cc(C(=O)N3CCC(Cc4ccc(F)cc4)C3)ccn2)CC1,,,0.20468640528451676
CN1CCN(c2ccc(CNC(=O)N3CCC(Cc4ccccc4)C3)cn2)CC1,,,0.35164649352956096
CN1CCN(c2ccc(CNc3nccc(-n4ccnc4)n3)cc2)CC1,,,-0.06723955654637995
CN1CCN(c2ccc(N)cc2)CC1,1.86,,
CN1CCN(c2ccc(NC(=O)C3CC3c3ccccc3Cl)cn2)CC1,,,0.45967299312590115
CN1CCN(c2ccc(NC(=O)Cc3ccn(-c4ccc(F)cc4)n3)nc2)CC1,,,0.4140518702844061
CN1CCN(c2ccc(NC(=O)c3cc[nH]n3)nc2)CC1,,,0.09447104734336755
CN1CCN(c2ccc(NC(=O)c3ccc(F)cc3F)cc2)CC1,,,0.23139737733324045
CN1CCN(c2ccc(NC(=O)c3sc4ccccc4c3Cl)cc2)CC1,3.37,,
CN1CCN(c2ccnc(-c3noc(C(C)(C)F)n3)c2)CC1,,,0.08533504482052684
CN1CCN(c2ccnc(NC(=O)c3cccnc3C3CC3)c2)CC1,,,0.11413575910442811
CN1CCN(c2cncc(OCc3cccc(Cl)c3)n2)CC1,,,0.7173106207201747
CN1CCN(c2ncc3c(n2)CCN(CC(=O)NC2CC2)C3)CC1,,,-0.0300308451116649
CN1CCN(c2ncccc2CNC2CCCc3scnc32)CC1,,,0.5209491670326868
CN1CCN(c2ncccc2CNc2nc3cc([N+](=O)[O-])ccc3[nH]2)CC1,,,-0.0386546189354225
CN1CCN2c3ncccc3Cc3ccccc3C2C1,4.04,1.89,0.8136675271161403
CN1CCNCC1,1.8,,
CN1CCOC(C(=O)NC(Cc2ccccc2)C(=O)N2CCOCC2)C1,,,0.5156987248368337
CN1CCOC(C(=O)NCc2ccc(-c3ccc4c(c3)CCCO4)cc2)C1,,,0.006693517269404
CN1CCOC(C(=O)Nc2cc(C(F)(F)F)c3cn[nH]c3c2)C1,5.44,2.18,1.045168146414968
CN1CCOC(C(=O)Nc2nnc(Cc3ccc(Cl)cc3)s2)C1,4.15,2.96,0.7190873878951778
CN1CCOC(CN(CC2CC2)S(=O)(=O)c2ccc3c(c2)CCCO3)C1,4.93,2.23,1.904511702286972
CN1CCOC(CNC(=O)C(C)(C)Oc2cccc(Cl)c2)C1,,,0.7456559211895861
CN1CCOCC1Cn1c(=O)[nH]c2ccc(C(F)(F)F)cc2c1=O,,,0.3642362205999212
CN1CCO[C@H]2CN(C(=O)c3nccc4cccnc34)C[C@H]21,,,0.0024412767324853
CN1CCOc2ccc(NC(=O)c3cc4cc(F)ccc4[nH]3)cc21,4.9,1.89,0.786644605759591
CN1CC[C@H](C(=O)N2CC[C@@H](NC(=O)c3cccn4nc(N)nc34)C2)C1,,,-0.10844311507220475
CN1CCc2[nH]c3ccc(C(=O)NC4CCc5ccccc5NC4=O)cc3c2C1,,,0.2862907687722201
CN1CCc2c(c3ccccc3n2Cc2ccccc2)C1,5.08,2.11,0.8080476402609316
CN1CCc2cc(NC(=O)CC3CCc4ccccc43)ccc2C1=O,5.25,5.51,0.705098528053961
CN1CCc2cc(NC(=O)c3ccnc4[nH]ncc34)ccc2C1=O,,,0.12857260673034496
CN1CCc2ccc(N3C(=O)N4CCC[C@@]4(C)C3=O)cc2C1=O,,,0.44754490026891325
CN1CCc2ccc(NC(=O)Cc3cccc(F)c3F)cc2C1=O,4.99,3.5,1.0840811384180284
CN1CCc2ccc(NC(=O)N3CCC(O)C3)cc2C1=O,,,0.0795803122353751
CN1CCc2ccc(NC(=O)c3ccc(-n4cnnn4)cc3)cc21,,,0.5044541315545394
CN1CCc2ccc(NC(=O)c3coc4cc(F)ccc34)cc2C1=O,,,-0.10680550531994755
CN1CCc2nc(C(=O)N[C@@H]3C[C@@H](C(=O)N(C)C)CC[C@@H]3NC(=O)C(=O)Nc3ccc(Cl)cn3)sc2C1,,,0.2607854515584296
CN1CCn2nc(NC(=O)NCCc3cn[nH]c3)cc2C1,,,0.19652734563579355
CN1CCn2nc(NC(=O)c3ccc(OC(F)F)nc3)cc2C1,,,-0.07112205243470746
CN1CCn2nc(NC(=O)c3ccc4c(c3)NC(=O)CCN4C)cc2C1,,,-0.15151746904640856
CN1CCn2nc(NCc3ccc4c(c3)CCO4)cc2C1=O,,,0.4736577533762424
CN1CN(C(=O)C(c2cccnc2)C2CCCCC2)CC1=O,,,0.2015520727701563
CN1C[C@@H](NC(=O)Cn2nc3n(c2=O)CCCC3)[C@H](c2cncn2C)C1,,,0.1439621011743552
CN1C[C@@H](NC(=O)NCc2cn(C)nc2-c2ccccc2)CC1=O,,,-0.0508036894154401
CN1C[C@@H](NC(=O)c2cc3c([nH]2)CCOC3)[C@H](c2cncn2C)C1,,,0.0112520885488468
CN1C[C@@H](NC(=O)c2cccc3[nH]c(=O)oc23)[C@H](c2cncn2C)C1,,,-0.04329956631158075
CN1C[C@@H](Nc2ncnc3c(-c4ccccc4)nsc23)CC1=O,,,0.1884862643985546
CN1C[C@@H]2c3ccccc3Oc3ccc(Cl)cc3[C@H]2C1,,,0.7501906107205198
CN1C[C@H](C(=O)NCc2cn(C)cn2)[C@@H](c2ccccc2)C1,,,0.13481346488276288
CN1C[C@H](C(=O)N[C@]2(C)O[C@@]3(O)[C@@H]4CCCN4C(=O)[C@H](Cc4ccccc4)N3C2=O)C[C@@H]2c3cccc4[nH]cc(c34)C[C@H]21,4.92,2.61,1.3176907910348465
CN1C[C@H]2CN(C(=O)c3cn4cccnc4n3)C[C@@]2(C)C1,,,0.0016135189819751
CN1Cc2c(N)cccc2C(c2ccccc2)C1,4.19,2.04,0.6826720549408759
CN1Cc2cc(C(=O)N[C@@H]3CC(Cn4ccnc4)C[C@H]3O)ccc2NC1=O,,,-0.018212943645843152
CN1Cc2cc(NC(=O)c3ccc(-n4cnnc4)cc3)ccc2NC1=O,,,-0.04367390004165845
CN1Cc2cc(S(=O)(=O)N3CC[C@@H](Oc4ccccc4)C3)ccc2OC1=O,,,0.48740079430400735
CN1[C@@H]2CCC[C@H]1C[C@@H](NC(=O)c1nn(C)c3ccccc13)C2,,,0.35087772526426986
CN1[C@@H]2CC[C@H]1C[C@@H](OC(=O)c1c[nH]c3ccccc13)C2,,,0.2634622572182499
CN1[C@@H]2CC[C@H]1C[C@@H](OC(c1ccccc1)c1ccccc1)C2,,,0.43671387079522184
CN1[C@@H]2C[C@@H](OC(=O)[C@H](CO)c3ccccc3)C[C@H]1[C@@H]1O[C@@H]12,,,0.02857482331297485
CN=C(NC)NCc1ccccc1,,,0.005284071939205853
CN=S(=O)(c1ccc(NC(=O)CCc2cnn(C)c2)cc1)N(C)C,,,0.1317550977253174
CNC(=NC#N)NCCSCc1nc[nH]c1C,,,-0.08763954503937516
CNC(=O)C(C)(C)CNC(=O)NCc1cccc(Oc2ccccc2F)c1,,,-0.2087551461544956
CNC(=O)C(CNC(=O)Nc1ccc(Cl)cc1)Cc1ccc(C(F)(F)F)cc1,,,0.3085285191852466
CNC(=O)C(CO)Nc1nc(-c2cc(Cl)cc(Cl)c2)no1,,,0.6832523306757539
CNC(=O)C(Cc1ccccc1)Nc1nc(C)nc2[nH]ncc12,,,0.1422416072011852
CNC(=O)C(F)(F)C1(O)CCN(C(=O)c2cncc(-n3cccn3)n2)CC1,,,-0.111675272646934
CNC(=O)C(NC(=O)CN1CCC(Cc2cccnc2)CC1)c1ccccc1,,,0.2263695490864797
CNC(=O)C(NC(=O)c1cc(C)ccc1O)c1ccccc1,4.4,4.56,1.290938905917221
CNC(=O)C(NC(=O)c1ccc2c(C=O)c[nH]c2c1)c1ccccc1,3.47,,
CNC(=O)C1(C)CCN(C(=O)CNC(=O)c2ccncc2)C1,,,0.17990880350794355
CNC(=O)C1(C)CCN(C(=O)NCC(c2ccc(Cl)cc2Cl)c2c[nH]c3ccccc23)C1,,,0.6729141915882693
CNC(=O)C1(NC(=O)c2nc3ccccc3cc2Br)CCCC1,,,0.2340947405534653
CNC(=O)C1(NC(=O)c2nccn2C)CCCCC1,3.33,,
CNC(=O)C1CCCC1NC(=O)Cn1ccc2ccccc21,,,0.4684579999673866
CNC(=O)C1CCCC1NC(=O)NCC1CCCc2cc(OC)ccc21,,,0.9850103513144156
CNC(=O)C1CCCN(C(=O)NC(CC(C)C)c2ccc(Cl)cc2)C1,,,0.7236727386568913
CNC(=O)C1CCCN(C(=O)c2ccc(-n3ccnc3)cc2)C1,,,0.015359688468494101
CNC(=O)C1CCCN(Cc2nnc(-c3ccccc3Cl)o2)C1,,,0.34797324830234777
CNC(=O)C1CCCN1C(=O)c1cncc(-c2ccc(OC)cc2)c1,,,0.30649605548032394
CNC(=O)C1CCN(c2ncc(Cl)cn2)C1,3.14,,
CNC(=O)C1CCS(=O)(=O)C12CN(C(=O)NCc1cnc(C)cc1C)C2,,,0.3714382256949778
CNC(=O)C1CN(C(=O)C2CCc3cc(C)ccc3O2)c2ccccc2O1,4.63,4.22,0.9534145296951972
CNC(=O)C1CN(C(=O)c2ccc(N3CCNC3=O)cc2)C1,,,0.0448190586851393
CNC(=O)C1CN(C(=O)c2ccc3[nH]c(=O)[nH]c3n2)CCO1,,,0.10749484088813265
CNC(=O)C1CN(c2ccc3nnc(C(F)(F)F)n3n2)CCO1,,,0.3091734417017512
CNC(=O)C1CN(c2ncnc3c2cnn3-c2ccccc2F)C1,,,0.8271151854049255
CNC(=O)C1Cc2ccccc2N1C(=O)Cc1c[nH]c2cccc(C)c12,5.13,5.18,1.7823225529853093
CNC(=O)C1Cc2ccccc2N1C(=O)Cn1nc2ccccn2c1=O,,,0.1568255580035216
CNC(=O)C1Cc2ccccc2N1C(=O)c1cccc(OCC(F)(F)F)n1,5.0,4.31,0.9506727685670513
CNC(=O)CC(C)NCc1nnn(-c2ccccc2)c1C1CC1,,,0.1429338472109219
CNC(=O)CC1C(=O)NCCN1C(=O)NCc1nc2cc(F)ccc2[nH]1,2.6,,
CNC(=O)CC1CCN(S(=O)(=O)c2cc(C(F)(F)F)ccc2NC2CCC2C2CC2)CC1,5.3,4.25,1.1373787331343579
CNC(=O)CCC(=O)Nc1nc2cc3c(cc2s1)OCCO3,,,0.3805390268467619
CNC(=O)CCN1CCC(N2CC(=O)Nc3ccccc32)C1,,,-0.1304107497096157
CNC(=O)CCOc1ccc(Nc2ncnc3ccsc23)cc1,1.76,2.16,
CNC(=O)CCc1c(C)nc2c3ccccc3nn2c1C,,,0.1346747428658293
CNC(=O)CN(C)c1nc2cc(NC(=O)c3ccccc3COCc3ccccc3)ccc2[nH]1,,,1.110829174198532
CNC(=O)CN(Cc1cccc(C(F)(F)F)c1)C(=O)C(C)NC(=O)C1CCC1,4.81,5.04,0.9591551257424082
CNC(=O)CN1CCC(NC(=O)N2CCCC2CCc2ccccc2)CC1,,,0.3060357559560701
CNC(=O)CN1CCC(c2ccccc2)c2ccccc21,4.88,4.82,1.730201489957727
CNC(=O)CNC(=O)c1cccc(NS(=O)(=O)c2ccc3[nH]c(=O)ccc3c2)c1,,,0.20390324247290337
CNC(=O)CNc1cccc(-c2cn(Cc3cc4ccc(F)cc4[nH]c3=O)nn2)c1,4.1,3.35,0.7685976402966292
CNC(=O)COC1CN(C(=O)c2ccc3nc(-c4ccccc4)[nH]c3c2)C1,,,-0.39964199614059565
CNC(=O)COc1ccc(NC(=O)N(C)C2CCCN(c3ccccc3)C2)cc1,,,0.27848877996602794
CNC(=O)COc1cccc(CC(=O)NCc2ccccc2-n2ccnc2)c1,,,0.24192648409816447
CNC(=O)COc1cccc(CNC(=O)CNC(=O)c2ccc3c(c2)OCO3)c1,,,0.40683881464608895
CNC(=O)COc1cccc(CNC(=O)CNC(=O)c2cccs2)c1,,,0.7257497996510225
CNC(=O)COc1cccc(Oc2ncncc2-c2ccccc2)c1,,,0.3558192948103433
CNC(=O)C[C@@H]1CN(C(=O)CCc2ccc(C#N)cc2Br)C[C@H]1O,,,-0.03294197689815035
CNC(=O)C[C@@H]1CN(C(=O)CCn2ccc3cccnc32)C[C@H]1O,,,0.1204236376560802
CNC(=O)C[C@@H]1CN(C(=O)Cc2cc3[nH]cnc3cc2Br)C[C@H]1O,,,0.1805882557132353
CNC(=O)C[C@@H]1CN(C(=O)NCCc2ccc(N(C)C)nc2)C[C@H]1O,,,0.5324988691758292
CNC(=O)C[C@@H]1CN(C(=O)NCc2cc(C3CC3)ccc2OC)C[C@H]1O,,,-0.058373108091138756
CNC(=O)C[C@@H]1CN(C(=O)NCc2ccccc2-c2ccncc2)C[C@H]1O,,,0.1874810766404014
CNC(=O)C[C@@H]1CN(C(=O)NCc2ccnn2CC(C)C)C[C@H]1O,,,0.2866800832323913
CNC(=O)C[C@@H]1CN(C(=O)c2cc3ncc(C(C)C)cc3[nH]2)C[C@H]1O,,,0.1390969544365587
CNC(=O)C[C@@H]1CN(C(=O)c2ccc(=O)n(-c3cccc(Cl)c3)c2)C[C@H]1O,,,-0.011248838277609655
CNC(=O)C[C@@H]1CN(C(=O)c2ccc3cc(-c4ccccc4)[nH]c3c2)C[C@H]1O,,,0.4641424165015543
CNC(=O)C[C@@H]1CN(C(=O)c2ccnc(Oc3ccc(C(C)C)cc3)c2)C[C@H]1O,,,0.07621668140535895
CNC(=O)C[C@@H]1CN(c2ccnc3cnccc23)C[C@H]1O,,,0.029461028821519252
CNC(=O)C[C@@H]1CN(c2nnc(-c3ccco3)cc2C(F)(F)F)C[C@H]1O,,,0.47042881064076225
CNC(=O)Cc1ccc(-c2noc(CC3CCCC3(F)F)n2)cc1,,,0.2155264370536764
CNC(=O)Cc1ccc(NC(=O)NCC2CCCN(S(C)(=O)=O)C2)cc1,3.26,,
CNC(=O)Cc1noc(Cn2nnc(-c3ccc(Br)cc3)n2)n1,,,0.11398802666579619
CNC(=O)Cn1cc(-c2cccc(C(=O)NCCN3CCCOC3=O)c2)cn1,2.84,,
CNC(=O)Cn1cc(NCc2cccc(-c3ccc(C)cc3)c2)cn1,4.29,2.98,0.6684965717681082
CNC(=O)Cn1ccc2ccc(NC(=O)C3(c4cc(F)cc(F)c4)CCCC3)cc21,5.66,3.2,1.6476036042246796
CNC(=O)Cn1cnc(NC(=O)C2CCN(c3ccccc3Cl)C2)n1,,,0.4315235867248324
CNC(=O)Cn1nc(NC(=O)N(C)Cc2c(C)cccc2C)cc1C,,,0.7513575785649915
CNC(=O)N(C)c1ccc(NC(=O)Nc2ccnn2C(C)C2CC2)cc1,,,0.1229007802503026
CNC(=O)NC1CCCN(C(=O)CSc2nc3ccccc3s2)C1,,,0.6665738435459654
CNC(=O)NC1CCN(c2nc(-c3ccc([N+](=O)[O-])cc3)no2)C1,,,-0.1948540677481504
CNC(=O)NCC(=O)NC1CCN(C)C1c1ccc(Cl)cc1,,,0.1524272868476297
CNC(=O)NCc1cn([C@H](C)c2ccc(-n3cccn3)c(F)c2)nn1,,,0.04471832666301435
CNC(=O)Nc1cccc(C(=O)Nc2ccc3[nH]c(-c4ccncc4)nc3c2)c1,1.88,2.06,
CNC(=O)Nc1cccc(NC(=O)C2CCCN2C(=O)Cc2cccs2)c1,,,0.41208838388710767
CNC(=O)Oc1cccc2ccccc12,,,0.045529584581616406
CNC(=O)[C@@H](NC(=O)C1CCCN(S(=O)(=O)c2ccc3ccccc3c2)C1)C(C)C,,,0.49792240053574166
CNC(=O)[C@@H]1CCCN1C(=O)C1CCN(C(=O)c2ccco2)CC1,,,0.052553868436240554
CNC(=O)[C@H](Cc1c[nH]c2ccccc12)NC(=O)C(C)NC(=O)c1ccco1,,,0.1748855394734583
CNC(=O)[C@H](Cc1c[nH]c2ccccc12)NC(=O)c1cc(C#N)c(SC)[nH]c1=O,1.85,1.91,
CNC(=O)[C@H](Cc1c[nH]c2ccccc12)NC(=O)c1n[nH]c2c1CN(C(=O)OC(C)(C)C)CC2,,,0.5816793323688807
CNC(=O)[C@H](Cc1c[nH]cn1)NC(=O)C(C)(C)c1cccc(Cl)c1,,,0.1529686758309043
CNC(=O)c1cc(C)ccc1NC(=O)c1ncccc1O,,,0.2810271064000907
CNC(=O)c1cc(N2CCCC(c3nncn3C)C2)ccn1,,,0.0623042864467412
CNC(=O)c1cc(NC(=O)C2CC(OCc3ccccc3)C2)nn1C,,,-0.15310697258186384
CNC(=O)c1cc(NC(=O)CCn2c(=O)n(C)c3ccccc32)ccn1,,,0.4113701169083633
CNC(=O)c1cc(OC)ccc1NC(=O)c1ccc(CN2C(=O)CCC2=O)cc1,,,-0.14153308918515256
CNC(=O)c1cc(Oc2ccc(NC(=O)Nc3ccc(Cl)c(C(F)(F)F)c3)c(F)c2)ccn1,1.87,2.03,-0.3492093939777779
CNC(=O)c1cc(Oc2ccc(NC(=O)Nc3ccc(Cl)c(C(F)(F)F)c3)cc2)ccn1,,,0.1265474625250829
CNC(=O)c1cc(S(=O)(=O)N2CCCC(Cn3ccnn3)C2)cn1C,,,0.24946908994645967
CNC(=O)c1cc2cc(NC(=O)CN3CCc4ccccc4C3=O)ccc2[nH]1,,,0.5234621952548693
CNC(=O)c1cc2cc(NC(=O)c3nc4n(n3)CCCN4)ccc2[nH]1,,,-0.0621675876466358
CNC(=O)c1cc2cc(NS(=O)(=O)c3ccc(OC)c(CC(=O)O)c3)ccc2[nH]1,,,-0.0005072187467444495
CNC(=O)c1cc[nH]c1C1CCCN(C(=O)CN2CCCC2=O)C1,2.36,,
CNC(=O)c1ccc(-c2ccc(NCC3CCCO3)nc2)cc1C,,,-0.10890807846568451
CNC(=O)c1ccc(C(=O)N2CCC(C)C2c2cccc(F)c2)cn1,5.12,3.14,1.0985920520580412
CNC(=O)c1ccc(C(=O)NC(C)c2ccc(OC(C)C)cc2)cn1,,,0.061280119652270405
CNC(=O)c1ccc(CN(C)C(=O)NC2CCCN(c3cccc(F)c3)C2)cc1,4.83,2.56,0.7141618655484546
CNC(=O)c1ccc(CN(C)C(=O)NCc2ccccc2-n2ccnc2)cc1,,,0.27709195807378656
CNC(=O)c1ccc(CNC(=O)C2CCCN(CC(F)(F)F)C2)cc1,,,0.3150480901361249
CNC(=O)c1ccc(CNC(=O)NC2CCCS(=O)(=O)C2)cc1,,,0.33937945963395455
CNC(=O)c1ccc(CNC(=O)c2nnc3nc(C)cc(C)n23)o1,3.48,,
CNC(=O)c1ccc(N2C(=S)N(c3cnc(C#N)c(C(F)(F)F)c3)C(=O)C23CCC3)cc1F,4.26,4.08,2.2884138184147513
CNC(=O)c1ccc(NC(=O)N2C[C@H]3CN(C)C[C@H]3C2)nn1,,,-0.0784537967570426
CNC(=O)c1ccc(NC(=O)NCC(O)c2ccccc2Cl)cc1,,,0.07610440383112829
CNC(=O)c1ccc(NC(=O)c2ccc(Cl)c(S(=O)(=O)N(C)OC)c2)cc1Cl,,,0.18677317323940554
CNC(=O)c1ccc(NC(=O)c2ccc3c(c2)CCCC3)cc1,,,0.23012960430491014
CNC(=O)c1ccc(O)c(NS(=O)(=O)CC(OC)C(C)C)c1,,,0.10310204777428689
CNC(=O)c1ccc(OC)c(NC(=O)C2Cc3cc(Cl)ccc3O2)c1,4.88,5.05,1.0633001134969176
CNC(=O)c1ccc(OC)c(NC(=O)c2cc(-c3cccc(OC)c3)n[nH]2)c1,,,0.2304351544903557
CNC(=O)c1ccc(OC)c(NC(=O)c2cnc(-c3ncccn3)s2)c1,,,0.18247048859059076
CNC(=O)c1ccc(OC)c(NCc2cccc(OC)c2)c1,4.85,4.86,0.799696026164076
CNC(=O)c1ccc(S(=O)(=O)N2CCC(c3nc(N(C)C)no3)CC2)cc1,,,0.2874340122159438
CNC(=O)c1ccc(S(=O)(=O)N2CCc3c(-c4ccccn4)cncc32)cc1,,,-0.1942145967738254
CNC(=O)c1ccc(S(=O)(=O)NCc2nonc2C)cc1,3.68,,
CNC(=O)c1ccc(S(=O)(=O)N[C@H](C(=O)O)C(C)C)cc1,2.56,,
CNC(=O)c1cccc(C(=O)N2CCN(C(=O)c3ccc4[nH]cnc4c3)CC2)c1,,,0.17996105405712037
CNC(=O)c1cccc(C(=O)NCC2(O)Cc3ccccc3C2)c1,,,-0.0354935553720874
CNC(=O)c1cccc(CCNC(=O)Cn2cc(-c3ccccc3)c(C)n2)c1,,,0.6866510247295403
CNC(=O)c1cccc(CNC(=O)c2cccc3c2nnn3C)c1,,,0.2485994566833648
CNC(=O)c1cccc(COc2ccc(C3CCC(=O)N3)cc2)c1,,,0.02566155163278685
CNC(=O)c1cccc(NC(=O)N2CCC(Oc3cccc(F)c3)C2)c1,3.43,1.93,-0.4724463569761346
CNC(=O)c1cccc(NC(=O)N2CCCC(n3cc(C)cn3)C2)c1,,,0.6349758958605345
CNC(=O)c1cccc(NC(=O)c2cc3c(s2)CN(C)CC3)c1C,,,0.32017475457701156
CNC(=O)c1cccc(OCc2noc3c2COCC3)c1,,,-0.09817435095227706
CNC(=O)c1ccccc1N(C)C(=O)c1c2c(nn1C)CCC2,,,0.5209653460652448
CNC(=O)c1ccccc1Sc1ccc2c(C=Cc3ccccn3)n[nH]c2c1,,,0.3993553215929545
CNC(=O)c1cccnc1N1CCc2ccccc2C(C)(C)C1,4.79,2.1,1.198662811879077
CNC(=O)c1ccnc(NC(=O)Nc2ccc(-c3ccccn3)cc2)c1,,,0.2733975598877507
CNC(=O)c1ccsc1NC(=O)N1CCOC(c2ccccc2)C1,4.24,4.65,0.8574363609726069
CNC(=O)c1nc(C)c(C)c(N2CC[C@@H](NC(=O)CC3CC(F)(F)C3)C2)n1,,,0.0213405722733995
CNC(=O)c1ncoc1C1C2CC1N(C(=O)Cc1ccc(Cl)cc1Cl)C2,5.13,4.24,0.973173907630835
CNC(=O)c1nn[nH]c1NC(=O)NC(c1ccccc1)c1cnn(C)c1,,,0.0583204654942946
CNC(=O)c1noc(CN2CCC3(CC2)Nc2ccccc2NC3=O)n1,2.52,,
CNC(=O)c1sc2nc(-c3cnn(CCF)c3)[nH]c(=O)c2c1C,,,0.22943163469873312
CNC(C)Cc1ccccc1OC,2.09,1.95,-0.034543590472001645
CNC(C)Cc1noc(-c2cc(C)n(-c3ccc(OC)cc3)n2)n1,,,0.25526750344171606
CNC(CO)c1cccc(-c2ccc3c(c2)CCOC3)c1,,,0.211275000170485
CNC1(C)C2CCC(C2)C1(C)C,2.93,2.37,-0.20961062764207608
CNCC(=O)N1CCCc2ccc(NC(=O)C3CC(=O)N(C(C)C4CC4)C3)cc21,,,0.23408782706642664
CNCC(O)c1ccc(O)cc1,,,-0.0363999212991622
CNCCC(Oc1ccc(C(F)(F)F)cc1)c1ccccc1,,,0.32931985517547224
CNCCCC(=O)Nc1ccc(Oc2cccc(Br)c2)nc1,4.29,3.13,1.0163559420054766
CNCCCC12CCC(c3ccccc31)c1ccccc12,,,0.08564032393583036
CNCCCN1c2ccccc2CCc2ccccc21,,,0.1543197893647013
CNCC[C@H](Oc1cccc2ccccc12)c1cccs1,,,0.4736746807940657
CNCCc1ccccn1,2.38,2.25,-0.10548087751526955
CNC[C@@H]1CC[C@@H](N)C(OC2[C@@H](N)C[C@@H](N)[C@H](O[C@H]3OC[C@](C)(O)[C@H](NC)[C@H]3O)[C@H]2O)O1,,,-0.09096487119215355
CNC[C@H](O)[C@@H](O)[C@H](O)[C@H](O)CO,,,0.1330253420925828
CNC[C@H](O)c1cccc(O)c1,1.82,1.83,-0.1861000346644881
CNCc1ccccc1CNC(=O)c1ccc2nc(C)nn2c1,,,0.192705740081186
CNCc1ccccc1CNC(=O)c1cccc(-c2ccncc2)n1,,,0.4329917176959367
CNCc1ccco1,1.95,,
CNCc1cn(CC2CCCN2C(=O)Cc2cccc(C)c2)nn1,,,0.06471370690368156
CNNCc1ccc(C(=O)NC(C)C)cc1,,,0.10655409774907125
CNS(=O)(=O)CC(=O)NCc1ccc(-n2cnc3ccccc32)cc1Cl,,,0.2859048579259232
CNS(=O)(=O)CC1CCCN1C(=O)c1cn2c(n1)CCCC2,,,0.0578428584973428
CNS(=O)(=O)Cc1ccc2[nH]cc(CCN(C)C)c2c1,,,0.026619322679886
CNS(=O)(=O)Cc1noc([C@@H]2C[C@H]2c2ccc(F)cc2F)n1,,,0.33904862007223774
CNS(=O)(=O)N1CCC(C(=O)N2CCc3cc(Cl)ccc32)CC1,,,0.15814936712630476
CNS(=O)(=O)N1CCC(c2nc(C3CCC(F)(F)C3)no2)CC1,,,0.1407197890221105
CNS(=O)(=O)N1CCN(C(=O)c2c(F)ccc(O)c2F)CC1,,,0.2193327146229581
CNS(=O)(=O)c1cc(C(=O)N(C)C2CCCc3c2cnn3C)co1,,,0.37852007430522044
CNS(=O)(=O)c1ccc(-c2cccs2)c(C(=O)NC2CCc3nc(C)nn3C2)c1,,,0.008923987179895449
CNS(=O)(=O)c1ccc(C(C)Nc2cnn(-c3ccccc3)c2C)cc1,,,0.7063667444333197
CNS(=O)(=O)c1ccc(CCC(=O)NCc2nc(COC)no2)cc1,3.28,,
CNS(=O)(=O)c1ccc(CCNC(=O)c2cc(-c3ccncc3)nc3ccccc23)cc1,4.56,5.25,0.9855628672959628
CNS(=O)(=O)c1ccc(Cn2cnc3c(cnn3C(C)(C)C)c2=O)cc1,,,-0.1394874375243159
CNS(=O)(=O)c1ccc(NC(=O)c2ccc(-c3csc(C)n3)cc2)cc1C,,,0.1657141825941173
CNS(=O)(=O)c1cccc(C(C)NC(=O)c2ccc3noc(-c4ccc(F)cc4)c3c2)c1,5.42,,0.9115831622465467
CNS(=O)(=O)c1cccc(CNC(C)c2nnn(-c3ccc(C)cc3)c2C)c1,,,0.5977610548196178
CNS(=O)(=O)c1cccc2c1CCN(C(=O)C1(c3ccccc3C)CCC1)C2,6.46,,1.915097782189969
CNS(=O)(=O)c1csc(C(=O)Nc2ccc(Oc3ccccc3Cl)cc2)c1,1.72,2.01,-0.2339169100542867
CN[C@@H]1[C@H](O)[C@H](NC)[C@H]2O[C@@]3(O)C(=O)C[C@@H](C)O[C@H]3O[C@@H]2[C@H]1O,,,0.0880123771778847
CN[C@H](C)CC(=O)N1CC=C(c2ccc(Cl)c(Cl)c2)CC1,,,0.46402283360505986
CN[C@H](CC(C)C)C(=O)N[C@H]1C(=O)N[C@@H](CC(N)=O)C(=O)N[C@H]2C(=O)N[C@H]3C(=O)N[C@H](C(=O)N[C@H](C(=O)O)c4cc(O)cc(O)c4-c4cc3ccc4O)[C@H](O)c3ccc(c(Cl)c3)Oc3cc2cc(c3O[C@@H]2OC(CO)[C@@H](O)[C@H](O)[C@H]2O[C@H]2C[C@](C)(N)[C@H](O)[C@H](C)O2)Oc2ccc(cc2Cl)[C@H]1O,,,-0.0709477264818355
CN[C@H]1CC[C@@H](NC(=O)c2cnc3c(c2)OCC(=O)N3)CC1,,,0.2964361556514669
CN[C@H]1CC[C@@H](c2ccc(Cl)c(Cl)c2)c2ccccc21,,,0.5895795212211525
CNc1c(F)cccc1C(=O)N1CCOC2(CCS(=O)(=NC(C)=O)CC2)C1,,,0.025769055062808
CNc1ccc(C#N)cc1NS(=O)(=O)c1c[nH]c2cc(C(F)(F)F)ccc12,5.13,4.93,1.6485854495191468
CNc1ccc(C(=O)N2CCC(N3CCc4ccccc4C3)CC2)cn1,,,0.3244184198027315
CNc1ccc(C(=O)NC(C)c2cccc(N3CCCC3)c2)c(Cl)c1,,,0.7680361061527934
CNc1ccc(C(=O)NC2CCN(c3ccc4nncn4n3)C2)cc1F,,,0.35162060217595104
CNc1ccc(C(=O)NCCc2c(C)[nH]c3ccccc23)nc1,,,0.5938395638805201
CNc1ccc(C(F)(F)F)cc1C(=O)N1CCN(CC(C)(C)O)C(C)C1,,,0.4312713219557122
CNc1ccc(C)cc1CN[C@H]1CCO[C@@H]1c1cnn(C)c1,,,0.20090662087147904
CNc1ccc(CNC(=O)C2CCN(S(=O)(=O)N(C)C)C2)cc1,,,0.0056581828238880996
CNc1ccc(Cl)c(C(=O)N2CCCC(n3cc(CO)nn3)C2)c1,,,0.05695674202616045
CNc1ccc(Cl)c(C(=O)NC2CCN(c3nccn3C)CC2)c1,,,0.3062099111873703
CNc1ccc(Cl)c(C(=O)NCc2ccnc(N3CCN(C)CC3)c2)c1,,,0.31085516354737486
CNc1ccc(Cl)cc1,2.87,,
CNc1ccc(NC(=O)CC2=C(C)NS(=O)(=O)N=C2C)cn1,,,-0.07049206914430671
CNc1ccc(OC2CCN(C(=O)CCc3nc4ccccc4[nH]3)C2)nc1,4.38,,
CNc1ccccc1C(=O)N1CCN(C(=O)Cn2cnnn2)CC1,,,0.12891250838944518
CNc1ccccc1C(=O)N1CCN(c2nccnc2C)CC1,,,0.6496186732245879
CNc1ccccc1C(=O)NCCC1CCS(=O)(=O)CC1,,,0.12301288015757761
CNc1ccccc1C(=O)NCc1ccn(C2CCCC2)n1,5.54,1.95,2.086481326310994
CNc1ccccc1CNC1CCN(c2cccnn2)CC1,,,0.2452328409773864
CNc1nc(C)cc(-c2ccc(C(=O)NCCc3n[nH]c(=O)n3C)cc2)n1,3.26,,
CNc1nc(C)cc(C(=O)N2CC3CCCN3Cc3ccccc32)n1,,,0.5158182198357488
CNc1nc(C)cc(C(=O)N2CCN(C)c3ccc(F)cc32)n1,5.11,3.62,0.9885437007474294
CNc1nc(C)cc(C(=O)NC2(CC(=O)O)CCCCC2)n1,,,0.0741542608527217
CNc1ncccc1C(=O)NC1CC2CCC(C1)N2CC(=O)N(C)C,,,0.10524321808491155
CNc1ncccc1C(=O)NCCc1c[nH]c2c(F)cc(Cl)cc12,,,0.5061299846983391
CNc1ncccc1C(=O)Nc1ccc(-c2cn3ccccc3n2)cc1,,,0.5230961034015595
CNc1nccnc1-c1noc(-c2cc(C(F)F)n(C)n2)n1,,,0.4009022061924594
CNc1ncnc2cc(C(=O)NC3CCN(c4nccn4C)CC3)ccc12,,,0.11422588877675495
CNc1nnc(CC(=O)N2CC3(CCCC3)C2C(C)C)s1,,,0.7534701400654029
CNc1snc(C)c1C(=O)N[C@H]1C[C@H](c2ccc(F)cc2F)C1,,,0.6249221664346247
CO/N=C(\C(=O)N[C@@H]1C(=O)N2C(C(=O)O)=C(COC(N)=O)CS[C@H]12)c1ccco1,,,0.14925416953937995
CO/N=C(\C(=O)N[C@@H]1C(=O)N2C(C(=O)O)=C(CSc3nnnn3C)CS[C@H]12)c1csc(N)n1,,,0.2413539510186031
COC(=O)/C=C/C(=O)O,,,0.08866179297068469
COC(=O)/C=C/C(=O)OC,,,0.065515751775293
COC(=O)C(C)(C)Cc1cn(-c2ccc(C(C)C)cc2)nn1,5.41,5.12,1.3585139979792884
COC(=O)C(C)(C)N(C)CC(=O)Nc1ccc2c(c1)C(=O)N(C)C2=O,,,0.45414657793228447
COC(=O)C(C)(C)c1cn(-c2cccc(C(F)(F)F)c2)nn1,,,0.5075417804941864
COC(=O)C(C)(C)c1ncn(Cc2ccccc2C(F)(F)F)n1,,,0.7428941919112818
COC(=O)C(CC1CC1)NC(=O)Cc1ccc(-c2nn[nH]n2)cc1,,,0.14263605271946625
COC(=O)C(Cc1c[nH]c2ccccc12)NC(=O)CN1CCCC(c2n[nH]c(C)n2)C1,,,0.2642543682563312
COC(=O)C(NC(=O)c1cc(C)n(-c2cccc(F)c2)n1)c1cccs1,,,0.8741014476913311
COC(=O)C(O)CNC(=O)C(c1ccccc1)N1CCC(O)CC1,,,-0.008604393585349597
COC(=O)C1(C)CCCN(c2ncnc3c2ncn3CC2(CO)COC2)C1,,,0.08918467459413486
COC(=O)C1(Cc2cn(C[C@H]3COCCO3)nn2)CC=CCC1,,,0.02884484723932121
COC(=O)C1(Cn2nc(-c3c(F)cccc3F)ccc2=O)CC1,,,0.9713686720851336
COC(=O)C1(N(C)S(=O)(=O)c2cccc(Cl)c2)CC(OC)C1,4.73,3.08,1.2225039696490332
COC(=O)C1(NC(=O)c2cccc(Cc3nn[nH]n3)c2)CCCC1,,,-0.1947404954146995
COC(=O)C12CC(C(=O)NC(C3CCC3)C3CCC3)(C1)C2,,,0.7393395449974223
COC(=O)C1=C(C)NC(C)=C(C(=O)OC)C1c1ccccc1[N+](=O)[O-],,,0.5067243650720268
COC(=O)C1=C(C)NC(C)=C(C(=O)OCC(C)C)C1c1ccccc1[N+](=O)[O-],5.66,2.03,1.645624621653642
COC(=O)C1=C(C)NC(C)=C(C(=O)OCCN(C)Cc2ccccc2)C1c1cccc([N+](=O)[O-])c1,5.28,5.37,3.9351269743179422
COC(=O)C1CC(O)CN(C(=O)Cn2nc(-c3ccccc3)ccc2=O)C1,,,0.2591055856951652
COC(=O)C1CCC2CN(c3ncc4c(ncn4C)n3)CCC2C1,,,0.1906532548353618
COC(=O)C1CCN(C(=O)c2cc3ccccc3oc2=O)CC1,2.82,,
COC(=O)C1CCNCC1,2.45,,
COC(=O)C1CCc2nnc(-c3ccc4c(c3)OCO4)n2CC1,,,0.027503526676816797
COC(=O)C1CCc2nnc(COc3cc(C)ccc3C(C)C)n2CC1,,,0.5354833870689194
COC(=O)C1CCc2nnc(Cn3nc(C)cc3C)n2CC1,,,0.0289491508921065
COC(=O)C1CCn2c(CCCOc3ccc(Cl)cc3C)nnc2C1,4.77,2.02,0.8715827871214075
COC(=O)C1CCn2c(COCc3ccccc3)nnc2C1,,,0.11316796238215975
COC(=O)C1CCn2c(Cc3cn4ccsc4n3)nnc2C1,,,0.0185362149700076
COC(=O)C1CN(C(=O)Nc2ccn3cnnc3c2)Cc2ccccc21,3.97,4.07,0.6332306238376647
COC(=O)C1CN(S(=O)(=O)N2CCCC2C)Cc2ccccc21,5.36,4.0,1.191378214470981
COC(=O)C1Cc2[nH]ncc2N(C(=O)COc2ccc(OC)cc2)C1,,,0.4135794578983846
COC(=O)C1N(C(=O)[C@H]2C[C@@H]2c2ccnc3ccccc23)CC12CCOCC2,,,0.3336979645388073
COC(=O)C1c2cnn(C)c2CN1S(=O)(=O)N1CCCCC1,,,0.26583691076304117
COC(=O)CC1C(=O)NCCN1C(=O)c1cccc(-c2noc(CC(C)(C)C)n2)c1,,,0.34669122441900624
COC(=O)CC1CC(NC(=O)c2cccn3nccc23)C1(C)C,,,0.0027328385295181
COC(=O)CC1CN(C(=O)C2CCCNC2=O)c2ccccc21,,,1.1459378916900378
COC(=O)CC1CN(C(=O)c2cc(C(F)(F)F)ccn2)c2ccccc21,5.18,,1.3770264693037524
COC(=O)CCC(=O)CN,,,-0.018172898714136198
COC(=O)CCCOc1cccc(-c2nc3cnc(N)nc3[nH]2)c1,,,-0.0292078932978307
COC(=O)CC[C@H]1NC(=O)N(c2ccc(Cl)c(F)c2)C1=O,,,0.15518309395588875
COC(=O)CCc1ccccc1C(=O)N(C)CC(C)C1CCCCC1,5.64,1.83,1.5515526421742556
COC(=O)CCc1nnc2ccc(NCc3ccc(F)c(F)c3)nn12,,,0.15927824851639874
COC(=O)CN(C(=O)c1cn(Cc2ccccc2)c2ccccc12)C1CC1,5.46,3.41,1.7697034048443088
COC(=O)CN(C)C(=O)c1cc2ccccc2c(=O)n1C,,,-0.0932462676095623
COC(=O)CN(CCc1ccccc1)C(=O)c1ccc(C2(C(F)(F)F)N=N2)cc1,5.35,3.89,1.619009485786461
COC(=O)CN1CCN(C2CCN(c3ccccc3F)C2=O)CC1,,,-0.0421776791406333
COC(=O)COCC1CCCN(c2ncnc3[nH]c4cc(Br)ccc4c23)C1,,,0.1233717852357381
COC(=O)C[C@H]1CC[C@H](CNC(=O)Cc2ccc3c(c2)CCCO3)CC1,,,0.6201183223939045
COC(=O)Cc1cc(N2CCN(c3ccc(=O)[nH]c3)CC2)ncn1,,,-0.01244885028573995
COC(=O)Cc1ccc(S(=O)(=O)Nc2ccc3c(c2)CN(C)C(=O)N3)cc1,,,0.5417319310674773
COC(=O)Cc1ccccc1S(=O)(=O)Nc1ccc(-c2nc(C3CC3)n[nH]2)cc1,4.92,4.33,1.2198833535106646
COC(=O)Cc1nn(C)c(C)c1-c1cccc(OC)c1OC,4.73,2.61,1.0610243968668034
COC(=O)Cn1ccc(NC(=O)C(Cc2c[nH]c3ccccc23)NC(N)=O)n1,,,0.2680323695760787
COC(=O)N(C)c1ccc(NC(=O)c2ccn(-c3cccc(OC)c3)n2)cc1,,,0.11559900086767691
COC(=O)N1CC(C)(NC(=O)Nc2cc([N+](=O)[O-])ccc2C)C1,,,0.4692835389264704
COC(=O)N1CCN(C(=O)C2(C)Cc3ccccc32)CC1,,,0.0633262938498981
COC(=O)NCCC(=O)NCc1ccc(-n2cnc3ccccc32)cc1,,,-0.2584463790692257
COC(=O)N[C@H](C(=O)N1CCC[C@H]1c1ncc(-c2ccc(-c3ccc(-c4cnc([C@@H]5CCCN5C(=O)[C@@H](NC(=O)OC)C(C)C)[nH]4)cc3)cc2)[nH]1)C(C)C,4.57,4.12,1.4486111204395722
COC(=O)N[C@H](C(=O)N[C@@H](Cc1ccccc1)[C@@H](O)CN(Cc1ccc(-c2ccccn2)cc1)NC(=O)[C@@H](NC(=O)OC)C(C)(C)C)C(C)(C)C,5.52,2.8,1.408085113712001
COC(=O)Nc1cc(NC(=O)C(=O)NC2CCN(C(C)c3ccccc3)C2)ccc1F,,,0.41631097573938475
COC(=O)Nc1cccc(NC(=O)NC2CCc3nccn3C2)c1,,,0.32865112751790426
COC(=O)Nc1cccc(NS(=O)(=O)c2ccc3ccccc3c2)c1C,5.37,5.43,1.0230226926034358
COC(=O)Nc1ccccc1C(=O)N1CCC(c2ccc(C)cc2)CC1,,,0.5422236234794423
COC(=O)Nc1nc2ccc(C(=O)c3ccccc3)cc2[nH]1,1.79,3.26,-0.6058031445423078
COC(=O)[C@@H](Cc1c[nH]cn1)NS(=O)(=O)c1ccc(C)c(C)c1,,,0.7134686796466574
COC(=O)[C@@H](NC(=O)CN1CC(OC)C(C)(C)C1)C(C)C,4.3,1.84,0.6887780801422388
COC(=O)[C@@H]1CC2=CC(=O)CC[C@]2(C)[C@@]23O[C@@H]2C[C@@]2(C)[C@@H](CC[C@@]24CCC(=O)O4)C13,,,0.1052190927318686
COC(=O)[C@@H]1CC[C@H](C(=O)NCCn2cc(-c3ccccc3)nn2)C1,,,0.37214712397119076
COC(=O)[C@H](c1ccccc1Cl)N1CCc2sccc2C1,4.54,2.26,1.7041353100074652
COC(=O)[C@H]1[C@H]2CC[C@H]2CN1C(=O)CCc1n[nH]c2ccccc12,4.58,3.54,0.771322684500519
COC(=O)[C@H]1[C@H]2C[C@@H]3c4[nH]c5cc(OC)ccc5c4CCN3C[C@H]2C[C@@H](OC(=O)c2cc(OC)c(OC)c(OC)c2)[C@@H]1OC,4.71,4.91,2.1035287610458804
COC(=O)[C@]12CCC[C@H]1N(C(=O)c1cc(C(O)C(F)(F)F)ccn1)CCC2,5.63,,1.188377911482744
COC(=O)c1[nH]c(C)cc1NC(=O)c1cc(-c2ccccc2)nc2c1c(C)nn2C,5.88,5.99,1.6288383171926597
COC(=O)c1[nH]c(C)cc1NC(=O)c1cc(C2CC2)[nH]c(=O)c1,,,0.06859717444738529
COC(=O)c1[nH]c(C)cc1NC(=O)c1ccc(N2CCC(C)=N2)cc1,,,0.26345420745947873
COC(=O)c1[nH]c2ccc(Br)cc2c1C=O,3.48,,
COC(=O)c1c(CN(CC2CCCC(C)C2)OC)nn2c1CCCC2,5.77,2.96,0.8479104839547257
COC(=O)c1c(CNC(=O)Nc2c(Cl)ccc3c2OC(C)(C)C3)nn2c1CCCC2,5.87,3.93,1.890943106724529
COC(=O)c1c(CNC(=O)c2cnnn2-c2ccccc2)nn2c1CCCC2,5.0,4.81,1.6300298363497516
COC(=O)c1c(CNS(=O)(=O)c2ccc(F)c(C(=O)N3CCCC3)c2)nn2c1CCCC2,5.33,2.95,0.97375658710276
COC(=O)c1c(COc2ccc(C3CC3)cc2Cl)nn2c1CCCC2,5.76,2.15,1.299141396485643
COC(=O)c1c(CSc2nc(O)cc(=O)n2-c2ccc(Cl)cc2)nn2c1CCCC2,,,0.4242793410849935
COC(=O)c1c(S(=O)(=O)N[C@H]2C[C@H](c3ccc(Cl)cc3)C2)c(C)nn1C,5.08,2.55,0.8302770088316217
COC(=O)c1cc(-c2ccc(C)cc2)n(-c2nccnc2C)n1,4.74,3.71,1.4664899867220877
COC(=O)c1cc(-c2ccccc2F)n(-c2ncccn2)n1,,,0.6758622857297936
COC(=O)c1cc(-c2ccoc2)n(CC2CCCCO2)n1,4.34,4.15,1.655176217610092
COC(=O)c1cc(-c2csc(NC(=O)c3ccc(OC)cc3)n2)c[nH]1,5.029999999999999,5.89,1.4581170873232037
COC(=O)c1cc(C#N)c(N(C)Cc2noc(C(C)C)n2)nc1C,4.06,,
COC(=O)c1cc(C)c2c(c1)CCCN2C(=O)c1cc(OC)no1,4.8,4.7,1.0786749628382932
COC(=O)c1cc(C)cc(C(=O)Nc2cccc3c(=O)[nH]ccc23)c1,,,0.3269756195108482
COC(=O)c1cc(C)nc(N2C[C@H]3C[C@H]3[C@H]2c2ccccc2)n1,,,0.7748125648584638
COC(=O)c1cc(C)nc2nc(SCCc3cn[nH]c3)[nH]c(=O)c12,,,0.3556277592120547
COC(=O)c1cc(CNC2CCC(C)(C)c3ccccc32)[nH]c1C,,,0.9236812126313481
COC(=O)c1cc(CN[C@H]2C[C@H](c3ccccc3C)C2)c[nH]1,,,0.8027506561350055
COC(=O)c1cc(Cl)cc(C)c1NC(=O)C1CCCCO1,4.86,3.16,0.9209174808589842
COC(=O)c1cc(NC(=O)Cc2cc(C)[nH]n2)cc2[nH]ccc12,,,0.4361549741268206
COC(=O)c1cc(NC(=O)N2CC(C(F)(F)F)OC(C)(C)C2)cc2[nH]ccc12,4.72,3.83,0.7436909549394034
COC(=O)c1cc(NC(=O)NC2CC(=O)N(C3CC3C)C2)c(Br)cc1F,,,0.2908346158204317
COC(=O)c1cc(OC[C@H]2C[C@](O)(C(F)(F)F)C2)ccc1N(C)C,,,0.4160144303285527
COC(=O)c1cc(S(=O)(=O)N(CCC2CC2)CC2CC2)n(C)c1,4.93,,2.226401145115557
COC(=O)c1cc(S(=O)(=O)N2CCC[C@H]3C[C@]32CO)cnc1C,,,0.6527854101980641
COC(=O)c1cc(S(=O)(=O)NC2CCCc3ccccc32)cn1C,,,0.8445198086616936
COC(=O)c1cc(S(=O)(=O)NCC(C)c2nccs2)[nH]n1,,,0.35720981454849565
COC(=O)c1cc2c(N3CC(C)c4ccc(OC)cc43)ncnc2[nH]1,1.78,2.0,
COC(=O)c1cc2c(NC3CC(NC(=O)CN4CCCCC4)C34CCC4)ncnc2[nH]1,,,0.15182953633649465
COC(=O)c1cc2c(n1C)CCN(C(=O)c1cccc3[nH]c(=O)n(CC(C)(C)C)c13)C2,5.3,1.91,0.8891985388196404
COC(=O)c1ccc(-c2ccc(C(=O)N(C)CC(O)CO)cc2)c(CO)c1,2.5,,
COC(=O)c1ccc(-c2cn(CC(N)C(C)C)nn2)cc1,,,0.06678305929476544
COC(=O)c1ccc(-c2nc3ncccc3n2C)cc1Br,,,0.1264470231171677
COC(=O)c1ccc(-c2noc(C3=NN(c4cc(C)ccc4C)C(=O)CC3)n2)cc1,,,0.26146927205449455
COC(=O)c1ccc(C(=O)N[C@@H]2C[C@@H]2F)cc1C(F)(F)F,,,-0.029965096846220302
COC(=O)c1ccc(C(=O)N[C@H]2CC[C@H]2c2ccccc2)n1C,5.16,1.82,0.9593919461989855
COC(=O)c1ccc(C(=O)Nc2nc(-c3ccccc3C)cs2)c(F)c1,,,0.1113461422397871
COC(=O)c1ccc(C)c(OCC(O)CC2(O)CCOCC2)c1,,,0.15456311436955714
COC(=O)c1ccc(CSc2nnc(-c3c[nH]c4ccccc34)n2C2CC2)cc1F,5.41,2.66,1.092071917300098
COC(=O)c1ccc(Cl)cc1-c1cn([C@H]2CC[C@H]2F)nn1,4.87,4.35,0.8413229245015198
COC(=O)c1ccc(N2CCC(c3ccncc3)C2)nn1,,,0.16973439554175956
COC(=O)c1ccc(NC(=O)Cc2sc(C)nc2-c2ccc(OC)cc2)cc1,4.46,4.97,0.7944751358979416
COC(=O)c1ccc(NC(=O)N[C@@H]2C[C@@H](C)Oc3ccccc32)cc1OC,4.38,1.85,1.3804578448125608
COC(=O)c1ccc(O)cc1,,,0.1618877483463505
COC(=O)c1ccc(S(=O)(=O)NC2CCCNC2C)s1,,,0.0284744660319986
COC(=O)c1ccc(S(=O)(=O)Nc2ccc(CC(=O)N(C)C)cc2)cc1,,,0.6488398369436605
COC(=O)c1ccc2c(c1)CCC(NCc1ccncc1F)C(=O)N2,,,0.37106992099304253
COC(=O)c1ccc2c(c1)CCCCN2Cc1cnc2n1CCOC2,4.71,5.75,0.7511095801105823
COC(=O)c1ccc2c(c1)NC(=O)/C2=C(\Nc1ccc(N(C)C(=O)CN2CCN(C)CC2)cc1)c1ccccc1,1.82,2.2,-0.4237499879447617
COC(=O)c1ccc2c(n1)CN(C(=O)C(=O)NCc1ccc(-c3ccn[nH]3)cc1)CC2,,,0.0569568314971015
COC(=O)c1ccc2nc(N3CCC(c4ccc(OC)cc4)C3)sc2c1,,,0.3580746730656623
COC(=O)c1cccc(-c2nc(-c3cn(CC4CCCCNC4)nn3)cs2)c1,4.09,4.32,0.915556301768883
COC(=O)c1cccc(-n2cc(-c3ccc(OC)cc3)nn2)c1,,,0.39764706327818405
COC(=O)c1cccc(CNC(=O)c2cccc(F)c2Br)c1,,,0.5605250915829038
COC(=O)c1cccc(Cn2cc(-c3cccnc3)nn2)c1,,,0.10407570475748115
COC(=O)c1cccc(NC(=O)CN2C(=O)NC(Cc3ccccc3)(c3ccccc3)C2=O)c1,4.77,3.15,0.9945001368637305
COC(=O)c1cccc(NC(=O)NC(CO)Cc2c[nH]c3ccccc23)c1,,,0.35193414224109565
COC(=O)c1ccccc1-c1cn(CCn2cnc3ccccc32)nn1,,,0.7950604298152538
COC(=O)c1ccccc1C(=O)Nc1nnc(-c2ccccn2)s1,,,-0.2094574388518154
COC(=O)c1ccccc1CNC(=O)c1nn[nH]c1C1CC1,4.8,3.81,0.9663758838911567
COC(=O)c1ccccc1NC(=O)c1coc2c1C(=O)NCC2,,,0.38407205815124934
COC(=O)c1ccccc1O,,,0.40857866677621935
COC(=O)c1cccnc1,,,-0.06848857906984371
COC(=O)c1ccnc(C(=O)N[C@H]2Cc3ccccc3O[C@@H]2C(F)(F)F)c1,,,0.2803103987155651
COC(=O)c1ccnc(N2CCC(NC(=O)c3cccnn3)CC2)c1,,,-0.14023228160361545
COC(=O)c1ccnc(N2CCCCC2CC2CCC2)n1,,,0.7247458165460384
COC(=O)c1ccnc2nc(-c3ccc(OC4CC4)cc3)[nH]c12,,,0.1221240005925272
COC(=O)c1ccncc1-n1cc(-c2cccc3c2CN(C2CCC(=O)NC2=O)C3=O)nn1,,,0.2345683147605048
COC(=O)c1ccoc1Cn1cc(C2(O)CC[C@H]3CO[C@@H]2O3)nn1,,,0.3767210019000432
COC(=O)c1cn(CCNC(=O)NCc2ccccc2)cn1,,,0.22524042243043196
COC(=O)c1cnc(N2CCC(NC3CCOCC3)CC2)nc1,,,0.0330054328654624
COC(=O)c1cnc(NC(=O)c2ccccc2OC2CCCC2)s1,4.95,3.08,1.375846501639109
COC(=O)c1cnc(NC(C)c2nccc(C)n2)cc1C(F)(F)F,5.19,1.93,1.3217559540972292
COC(=O)c1cnc(NC2CCCCCN(C(=O)C3CCC3(F)F)C2)nc1,4.61,4.31,1.0741092991851744
COC(=O)c1cnn(C)c1NC(=O)C(=O)NC1(Cc2ccc(Cl)cc2Cl)CCC1,5.48,,1.7132001225502744
COC(=O)c1cnn(Cc2cn(C[C@@H](O)c3ccc(C)cc3)nn2)c1,,,0.22593578654227348
COC(=O)c1coc(C(C)n2cc(CNCC(F)(F)F)nn2)n1,,,0.11836582334693445
COC(=O)c1csc(S(=O)(=O)N(C)Cc2ccccc2)c1,,,0.2907015522398307
COC(=O)c1n[nH]c(NC(=O)[C@H]2C[C@@]2(C)c2ccccc2)c1Cl,,,0.3925137949283133
COC(=O)c1n[nH]c(NS(=O)(=O)c2cnn(C(C)C)c2)c1Cl,,,0.11168385052322125
COC(=O)c1n[nH]c2c1CN(C(=O)c1ccccn1)CC2,,,0.0131437006564976
COC(=O)c1n[nH]cc1NC(=O)c1cccc(C(F)(F)F)c1,,,0.3112382726472415
COC(=O)c1nc(CCNC(=O)CC2CCC(F)(F)C2)sc1C,,,0.5342878487246497
COC(=O)c1nc(N2CCN(C3(C)CC3)CC2)c2sccc2n1,,,0.48325330649658405
COC(=O)c1ncc(N2CCC(n3cccc3)C2)nc1C,,,0.6394406532914975
COC(=O)c1ncoc1C1CCN(C(=O)c2c[nH]cc2C2CC2)CC1,,,0.0782578266090747
COC(=O)c1nn(C)c(C)c1NS(=O)(=O)c1cncc(F)c1,,,0.1052418146151245
COC(=O)c1nn(C)cc1NC(=O)N(CC(C)(C)O)C1CC1,,,0.16127998421443854
COC(=O)c1sc(NCc2ccc(NC(C)=O)cc2)nc1C,,,0.5701585631727863
COC(=O)c1sccc1-c1cn(CC2(O)CCNCC2)nn1,,,0.41610510763656705
COC(=O)c1sccc1C(=O)N1CC(c2ccccc2)(C(C)C)C1,5.69,3.68,1.410887395062653
COC(C(=O)N1CCC2(NC(=O)Cc3cn(C)nc3C)CCCC12)C1CC1,,,-0.1415467976902826
COC(C(=O)N1CCCc2cccc(O)c21)c1cnn(C)c1,,,0.23886796802445723
COC(C(=O)N1CCN(S(=O)(=O)N(C)C2CCCCC2)CC1)C1CC1,5.41,2.02,1.0247667297901866
COC(C(=O)N1CCNC(=O)C1c1ccc(Br)cc1)C1CC1,,,0.6976805763992465
COC(C)(C(=O)N1CC(Oc2ccc(C#N)cc2)C1)C1CC1,,,0.3894760321905891
COC(C)(C(=O)N1CCN(c2nccc(C(C)C)n2)CC1)c1ccccc1,6.140000000000001,2.97,1.8107323704451153
COC(C)(C(=O)N1CCOC(C(C)O)C1)c1ccccc1F,,,0.46426129835306196
COC(C)(C(=O)O)C(=O)NC1CCN(Cc2ccc(F)cc2)C1=O,,,0.1714839922833113
COC(C)(C(=O)O)C(=O)Nc1ccc(Oc2ccc(C)c(C)c2)nc1,5.02,3.08,-0.2920881102332972
COC(C)(C)c1noc(-c2cc3cc(O)ccc3nc2C)n1,,,0.28922649039067344
COC(C)(C)c1noc(Cc2c[nH]c3nccc(Cl)c23)n1,,,0.26964463502457764
COC(C)C(=O)NCC(NC(=O)c1ccncc1C(F)(F)F)C(C)(C)C,,,0.6290137154610334
COC(C)CS(=O)(=O)Nc1ccc(C2=NNC(=O)CO2)cc1,,,0.06909706364937039
COC(C)CS(=O)(=O)Nc1ccnn1-c1ccc(Br)cn1,,,0.16246313777738636
COC(C)c1cccc(-c2nc(N(C)C)n(Cc3ccccc3)n2)c1,4.98,,
COC(C)c1cccc(NC(=O)C(=O)N2CCN(C(C)=O)C[C@H]2C)c1,4.69,3.22,-0.12491604893572646
COC(C)c1nc(CNC(=O)N[C@H]2Cc3ccccc3[C@@H]2O)cs1,,,0.23355073584379432
COC(C)c1noc(CN(C)C(=O)c2nccc3cccnc23)n1,,,0.26444764578506336
COC(C)c1noc(CN2CCC(COc3ccccc3)CC2)n1,,,0.42137460287795525
COC(C)c1noc(CN2CCCc3ccc(Cl)c(C)c32)n1,4.63,1.95,1.0113276556543989
COC(CNC(=O)Nc1cnn(CC2CCCO2)c1)C(C)C,,,0.5093363797449441
COC(CNC(=O)c1ccc(Oc2cccc(C)c2)cn1)OC,,,0.2201306480624395
COC(CNC(=O)c1ccccc1-c1ccc(C(F)(F)F)cc1)C1CCOC1,4.62,3.69,1.2456198182340246
COC(CNS(=O)(=O)CCOC1CCC1)c1cccc(F)c1,5.27,4.11,1.34826660187884
COC(CS(=O)(=O)N1CCCC(c2nnc[nH]2)C1)C(C)C,,,0.4924441329628829
COC(CSc1nc2ccccc2c(=O)n1C)c1ccc(Cl)cc1,5.21,1.92,1.0681434271092225
COC(Cc1ccccc1)C(=O)N1CCC(O)(Cc2cccc(F)c2)CC1,,,0.7684481935405365
COC(Cc1ccccc1)CS(=O)(=O)N1CC(C)CC1c1cccnc1,5.2,3.17,0.9170347594578419
COC(Cn1nnn(-c2ccc(F)cc2)c1=O)C1CCCOC1,4.66,1.86,0.7362647451761086
COC(F)(F)C(Cl)Cl,,,-0.013255241594095593
COC(OC)c1ccc(-c2ccc(C3OCCO3)cc2)cn1,,,0.008985462313821052
COC(c1noc(Cc2cc(C)on2)n1)c1ccccc1Cl,4.36,4.28,1.051251994965432
COC1(C(=O)N2CC(=O)Nc3ccccc3C2)CCCCCC1,,,0.9131706799840722
COC1(C(=O)N2CCN(C(=O)Cc3ccccc3)CC2)CCC1,,,0.655649727485013
COC1(C(=O)N2C[C@H]3CN(C(=O)c4nocc4C)C[C@H]3C2)CCCC1,,,0.29755967579902415
COC1(C(=O)NC2CCN(c3ccccc3OC(F)F)C2)CCCCC1,5.66,1.84,1.0813252897144219
COC1(C(C)NC(=O)c2cc3cc(Br)ccc3[nH]2)CCC1,,,0.618831431765129
COC1(C(F)(F)F)CCN(C(=O)Cn2ncn(C)c2=O)CC1,,,0.0191198260370534
COC1(C(F)(F)F)CN(C(=O)NCc2nnc3n2CCCC3)C1,,,-0.015524783493671354
COC1(C(F)(F)F)CN(C(=O)c2cnn3cc(C)cnc23)C1,,,-0.03618112462171355
COC1(C(F)(F)F)CN(C(=O)c2oc(-c3ccccc3)nc2C)C1,5.19,2.66,1.1727391198021848
COC1(C)CCCN(C(=O)NCc2cc(Cl)cc3c2OCC3)CC1,5.58,1.86,1.2432717396656503
COC1(C)CCCN(C(=O)c2ncccc2NCC2CCC2)CC1,5.24,2.28,1.074671033082869
COC1(C)CCCN(c2cncc(-c3cccs3)n2)CC1,,,0.8636395800010084
COC1(C)CN(C(=O)c2cccc(Cn3cc(C4CC4)nn3)c2)C1,,,0.24614894501040105
COC1(CNC(=O)c2nnc(C(C)(C)C)o2)CCCCCC1,5.69,,1.3474749617288748
COC1(CNC(C(=O)Nc2cc(C)on2)c2ccccc2)CCC(F)(F)CC1,5.0,2.37,1.2976598085786502
COC1(CNc2ccc(Oc3ccc(Cl)cc3)cc2)CCOCC1,,,0.0321744101065345
COC1(CO)CCN(c2nnnn2Cc2ccc(F)c(F)c2)CC1,,,0.3650572711030997
COC1(OC)CC2(CN(C(=O)c3cc(=O)[nH]c(C4CC4)n3)C2C(C)C)C1,,,0.13387135185166985
COC1(OC)CCN(Cc2c[nH]nc2-c2ccccc2F)CC1O,,,0.13125215231565857
COC1(c2ccccc2)CN(C(=O)Cc2cnc3c(C)cccn23)C1,4.63,4.06,1.0260312204419253
COC1(c2ccnn2C)CN(c2ncnc3scc(C)c23)C1,1.75,1.9,
COC1(c2cnnn2C)CN(c2ccnc(Cc3ccccc3)n2)C1,,,0.4183849327473587
COC1(c2nc(-c3ccc(C)c(F)c3)no2)CCOCC1,,,0.3509059370498346
COC1(c2nc(-c3ccc(Oc4ccccc4)cn3)no2)CCC(F)(F)CC1,,,0.531546290438395
COC1(c2nc(-c3ccccn3)no2)CCN(C2C=CCCCCC2)CC1,,,0.6195379941508612
COC1(c2nccn2C)CCN(c2nc(C)cnc2C)CC1,,,0.17057658966743064
COC1(c2nccn2C)CCN(c2ncnc3ccsc23)CC1,,,0.1239178003923401
COC1(c2noc(CCc3ccccc3C)n2)CCOCC1,3.93,1.89,1.2473924727344294
COC1(c2noc(Cc3ccc(O)cc3C)n2)CCCC1,,,0.5823443874732435
COC12CCC(c3cn(CC4OCCC4(C)C)nn3)(CC1)C2,,,0.5984841963902958
COC1=C(OC)C(=O)C(CCCCCCCCCCO)=C(C)C1=O,3.4,1.83,0.7239557096672348
COC1=CC(=O)C[C@@H](C)[C@]12Oc1c(Cl)c(OC)cc(OC)c1C2=O,,,0.2238823790960184
COC1C(C)C(NC(=O)Nc2ccn(Cc3ccncc3)n2)C1(C)C,,,0.29933790723246095
COC1CC(N(C)S(=O)(=O)c2ccc3[nH]c(=O)cnc3c2)C12CCC2,,,0.2940107107124255
COC1CC(NC(=O)N2CCC(c3c[nH]c4ncccc34)CC2)C12CCC2,1.82,2.64,-0.2486973929751536
COC1CC(NC(=O)c2ccc(OCC(=O)O)cc2)C12CCC2,,,0.14606085402760893
COC1CC(c2nc(-c3cccnc3)c[nH]2)N(C(=O)CN(C)c2ncnc3nc[nH]c23)C1,,,0.2868324422064673
COC1CCC(CC(=O)N(C)CC(C)(O)c2ccccc2)CC1,4.36,2.08,0.8962185267409875
COC1CCCC(C(=O)N2CCCC(C(=O)N3CCOCC3)C2)C1,,,0.1455011857196952
COC1CCCC(C(=O)NS(=O)(=O)c2cnccc2C)C1,,,-0.1578757901841668
COC1CCCC(CC(=O)Nc2c(C)c(C(F)(F)F)nn2C)C1,4.73,2.34,1.1102574521042916
COC1CCCC(c2nc(-c3cnc(C)nc3N)no2)C1,,,0.23757507376218506
COC1CCCN(C(=O)C(Cc2ccccc2)NC(=O)c2cccnc2)CC1,4.89,3.01,0.9425729122774634
COC1CCCN(C(=O)c2ccc(S(=O)(=O)CC(=O)N(C)C)cc2)CC1,,,0.15626228134370054
COC1CCCN(CC(=O)Nc2cccc(C(F)(F)F)c2)C1,4.83,1.84,1.010822558581589
COC1CCCN(CC(=O)Nc2ccccc2C(C)C)CC1,5.01,3.76,0.9725456701549673
COC1CCCN(Cc2cc(-c3cccnc3)ccc2OCC(=O)O)C1,2.51,,
COC1CCCN(c2ccnc3cc(OC(F)(F)F)ccc23)CC1,,,0.5625112394467988
COC1CCN(C(=O)CNS(=O)(=O)c2ccc3c(c2)COC3)C(C2CC2)C1,4.52,1.95,0.7919691235375637
COC1CCN(C(=O)NCCOc2ccc(C(C)(C)C)cc2)C(C)C1,4.67,1.87,0.9917470201069981
COC1CCN(C(=O)NCc2n[nH]c(C(C)(C)C)n2)CC1C,,,0.3545744412187868
COC1CCN(C(C)(C)CNC(=O)c2ccc(N3CCCC(C(N)=O)C3)cc2)CC1,,,0.03979951660410955
COC1CCN(Cc2cn(Cc3ccccc3OC3CC3)nn2)CC1,,,0.222824518277286
COC1CCN(Cc2nnnn2CC2CCOCC2)C(C)(C)C1,,,0.2694374358166076
COC1CCN(c2[nH]c(=O)n(C)c(=O)c2C#N)CC1(C)C,,,0.10295532294657216
COC1CN(C(=O)c2cccc(-n3cc(C(C)(C)N(C)C)nn3)c2)C(C)(C(=O)O)C1,,,-0.0712873174375263
COC1CN(C(=O)c2csc(Cc3ccc(F)cc3)n2)CCO1,,,0.3353222681989637
COC1CN(S(=O)(=O)N2CCCC2c2cc(F)ccc2F)C1,5.33,2.71,1.0607231717449386
COC1CS(=O)(=O)CC1NC(=O)c1ccc(OCC(=O)O)cc1,,,0.040904119178323595
COC1[C@H]2CCN(c3nccc4c3nnn4C)[C@H]2C1(C)C,,,0.6726132747461027
COCC#CCn1cnc2cc(-c3ccc(OC)cc3)sc2c1=O,,,0.46392913232026833
COCC(=O)N1CCC(Nc2ncnc3c2CCC3)CC1,,,0.0053700735052107
COCC(=O)N1CCCC1C1CCN(C(=O)c2cc(C)ccc2F)C1,,,0.3130879844054052
COCC(=O)N1CCN(C(=O)NC2CCOC2)CCC12CCOCC2,,,-0.07267459381145185
COCC(=O)N1CCN(S(=O)(=O)c2c(C)nn(C)c2C)CC1,,,0.05778551166379705
COCC(=O)N1CCc2c(NC(=O)c3cc(C)ccc3F)cccc21,,,0.5467934495701233
COCC(=O)N1CCc2cc(NCc3cnnn3C)ccc21,,,-0.15884871768844266
COCC(=O)N1CCc2cc(NS(=O)(=O)c3cccc(OC)c3)ccc21,4.84,2.97,0.8220313646887619
COCC(=O)NCCC(=O)N[C@H]1CCC[C@H]1NC(=O)c1c(F)cccc1OC,,,-0.07805127070109709
COCC(=O)N[C@@H]1CN(C(=O)Cc2ccsc2)C[C@H]1c1nccn1C,,,0.20045538683111125
COCC(=O)N[C@@H]1CN(C(=O)c2cc(F)ccc2C)C[C@H]1c1ccnn1C,,,0.2337063920388751
COCC(=O)N[C@@H]1CN(C(=O)c2nccc3ccccc23)C[C@H]1c1nccn1C,,,0.4508685617099312
COCC(=O)N[C@@H]1CN(c2ncnc3c(F)cccc23)C[C@H]1c1ccnn1C,,,0.1417525962858478
COCC(=O)Nc1ccc(Cl)c(NC(=O)N2CCS(=O)(=O)CC2)c1,3.37,,
COCC(=O)Nc1ccc(NC(=O)NCC(CO)c2ccccc2)cc1,,,-0.0024310196303435
COCC(C)(C)CN(Cc1ccn(C)n1)c1nc(C)c(C#N)s1,4.86,4.27,1.1326226219936681
COCC(C)(C)N1CCN(C(=O)c2cnc(-c3ccoc3)s2)CC1,,,0.3642204232204857
COCC(C)(C)c1noc([C@@H](C(C)C)N2Cc3ccccc3C2=O)n1,5.59,1.89,1.0820821733825179
COCC(C)(NC(=O)c1cc(-n2cccn2)ccn1)C(=O)O,,,-0.1036145549787744
COCC(C)(O)C(=O)Nc1ccc(-n2cnc(C)c2C)cc1,,,-0.06609587087862395
COCC(C)(O)c1cn(Cc2nc3ccccc3o2)nn1,,,0.006373507083044246
COCC(C)=CCN1C(=O)Nc2cc(C)ccc2S1(=O)=O,,,0.755218689317961
COCC(C)c1nc(C2(c3ccc(C)cc3)CCOCC2)no1,4.26,2.98,0.7830570437704016
COCC(C)n1ccc(NC(=O)N2CCNC(=O)C2CC(C)C)n1,,,0.4183660829541585
COCC(Cc1ccccc1)N(C)C(=O)c1cc(-c2cccs2)n[nH]1,5.54,4.49,2.1534241632294533
COCC(NC(=O)Cc1c[nH]c2cccc(OC)c12)C(=O)O,,,0.16024368887070256
COCC(NC(=O)N1CCCC(c2ncc[nH]2)C1)C1CCCO1,,,0.4330086837388862
COCC(NC(=O)N1CCC[C@H]1C(F)F)C1CCOCC1,,,0.0986660307169246
COCC(NC(=O)c1cc(S(=O)(=O)N(C)C)c[nH]1)c1cccc(Br)c1,5.07,2.48,0.9449325185056419
COCC(NC(=O)c1cc2ccc(OC)cc2nc1C)c1nnn[nH]1,,,0.226985047497474
COCC(NC(=O)c1cnc(C2(C)OCCO2)s1)c1cccc(OC)c1,,,0.48154793733073614
COCC(NC(C(=O)OC)c1cccc(C(F)(F)F)c1)c1cnn(C)c1,,,0.8304904087982744
COCC(NS(=O)(=O)c1cc(C)ccc1Cl)c1cccc(OC)c1,5.58,3.14,1.4914035749124683
COCC(OC)C(=O)N1CCCC1CSc1nnc(C)s1,,,-0.0638593012645785
COCC(Oc1cc(F)cc(F)c1)C(=O)NCC(C(=O)N1CCOCC1)c1ccccc1,5.25,2.19,0.9626409790160562
COCC(c1ccc(F)cc1)N(C)c1nc2nccnc2s1,4.44,4.02,1.2883939502812565
COCC1(C(=O)N2CCCN(c3ccc(C)nn3)CC2)CCCC1,,,0.41391742325605124
COCC1(C(=O)N2CCN(c3ccccc3C#N)CC2)CCC1,5.19,3.2,1.2137179911561642
COCC1(C(=O)NC2COc3ccccc3NC2=O)CCOC1,,,0.15089034689594374
COCC1(C(=O)NCC(O)CNC(=O)c2coc3ccccc23)CCCCO1,,,0.5165671373035363
COCC1(C(=O)Nc2ccc(CC(=O)O)cc2)CCCCC1,,,0.5231517239492847
COCC1(C(=O)Nc2cccc3[nH]nnc23)CCOCC1,,,-0.006236399666458899
COCC1(C(=O)Nc2cnc3c(F)c(F)ccc3c2)CCCCC1,5.91,1.85,1.5988962130432096
COCC1(C(=O)O)CCCN1C(=O)C1CCCN(C(=O)N2CCCC2)C1,,,0.2183096939502616
COCC1(C(=O)O)CCN(C(=O)NCCc2c(C)oc3ccccc23)C1,,,0.03944605971944505
COCC1(C)CCN(C(=O)[C@@H]2CCCN2C(=O)Nc2ccccc2)C1,,,0.39677828196995707
COCC1(C)CCN(CC(=O)Nc2nc3c(s2)CCCC3)CC1,5.02,1.82,0.7753825270721201
COCC1(C)CN(C(=O)NC2CC3(COC(C)(C)C3)C2)C1,,,0.0661465053093537
COCC1(C)CN(c2nnc(-c3cn(C)c4ccccc34)n2C)CCO1,,,0.35103532263905113
COCC1(C2CCC2)CN(C(=O)NCCc2cc(C)c(O)c(C)c2)C1,5.33,1.82,1.1740554644426853
COCC1(CC(=O)N2CC(c3cnc4ccccc4n3)C2)CC1,,,0.0936869213055438
COCC1(CC(=O)N2Cc3nnc(C)n3CC2C(=O)N(C)C)CC1,,,0.21322152717962944
COCC1(CNC(=O)c2cc(=O)[nH]c3ncn(C)c23)CCC1,,,-0.07275615679571075
COCC1(CNc2ccc(S(C)(=O)=O)cc2)CCNCC1,,,0.4649566123195669
COCC1(O)CCN(C(=O)C(=O)Nc2cc(F)c(F)c(F)c2)CC1,,,0.3339215959635804
COCC1(O)CCN(C(=O)c2cc(C(C)C)cc(C(C)C)c2O)CC1,5.0,2.45,0.8024562291115087
COCC1(O)CCN(c2ccnc3c(Cl)cccc23)CC1,,,-0.047013013650009546
COCC1(O)CN(S(=O)(=O)c2ccc3c(c2)CC(C)(C)O3)C1,,,0.46915953862676607
COCC1(c2noc(-c3cccc(C)c3O)n2)CCCCO1,4.91,3.18,1.627459826448478
COCC1(c2noc(C3C4CC5CC(C4)CC3C5)n2)CCOCC1,,,0.8818748021076456
COCC12CCCN1C(=O)N(C1CCN(C(C)C)C1=O)C2=O,,,-0.022258939460856497
COCC1CCCCN(C(=O)c2ccc(C3CCOCC3)cc2)C1,,,0.5947251275806378
COCC1CCCN(C(=O)NC2CCN(Cc3ccc(C#N)cc3)C2=O)C1,,,0.24222565483505126
COCC1CCCN(C(=O)[C@@H]2CO[C@H](CNC(=O)c3ccccc3O)C2)CC1,,,0.8648795325289932
COCC1CCN(C(=O)Cn2nc3ccccc3n2)C1,4.0,,
COCC1CN(C(=O)C(C)(O)CCc2ccccc2)CC(C)(C)O1,,,0.35161712733326544
COCC1CN(C(=O)C2(S(=O)(=O)c3ccccc3)CCCCC2)CC(C)(C)O1,5.19,3.56,1.5444466913010944
COCC1CN(C(=O)NCc2ccccc2OC2CCCC2)CC(C)O1,5.25,3.08,1.2678691507542101
COCC1CNCCN1S(=O)(=O)c1cc2cc(Cl)ccc2s1,,,0.6847124989044269
COCC1COCCN1C(=O)Cc1cccc2cccnc12,,,0.6069471503456556
COCC1COCCN1C(=O)Nc1ccnc(Oc2ccccc2)c1,,,0.5345693693833742
COCC1COCCN1C(=O)c1ccc(N2CCNC2=O)c(C)c1,,,0.0916508350258704
COCC1COCCN1C(=O)c1cccc(Oc2nccs2)c1,,,0.2563174438355902
COCC1COCCN1C(=O)c1ncc2c(F)cccn12,,,0.02369753756312315
COCCC(=O)N1CCC(NC(=O)N2CC(O)(c3ccccc3)C2)CC1,,,-0.14158382859598076
COCCC(=O)N1CCC(NC(=O)N2CCN(c3ccccc3)CC2)CC1,,,0.2728049863715373
COCCC(=O)N1CCC(NC(=O)c2ccc(C(C)(C)C)s2)CC1,,,0.6619046361194346
COCCC(=O)N1CCC(NC(=O)c2ncc(F)cc2F)CC1,,,0.1891601817728068
COCCC(=O)N1CCN(C(C)C(=O)N2CCCCC2)CC1,,,0.2520636797245047
COCCC(NC(=O)c1cc(-c2ccc(OC)cc2)nn1C)c1cncc(F)c1,,,0.7809834689567856
COCCC1(C(=O)N2CCN(S(=O)(=O)Cc3ccccc3)CC2)CC1,4.3,2.61,0.9421770393144199
COCCC1(C(=O)N2CCN(c3nc(C)ns3)CC2)CC1,,,0.2350731507335733
COCCC1(C(=O)NC2CCN(c3nc(C)cc(=O)[nH]3)C2)CCCC1,,,0.14324134612687678
COCCC1(C(N)=O)CCCN(C2CCN(C(=O)CCc3nc4ccccc4[nH]3)CC2)C1,2.3,,
COCCC1(C)CN(C(=O)c2ncsc2-c2ccccc2)C1,4.56,2.17,0.6786133083169567
COCCC1(CNC(=O)Nc2ccc(-n3ccnn3)cc2)CC1,,,0.11903290954311796
COCCC1(NC(=O)c2ccc(F)cc2)CCN(C(=O)COc2cccc(C)c2)C1,4.38,,
COCCC1COCCN1C(=O)CCc1c(C)nc(C)[nH]c1=O,,,0.0890492512436994
COCCC1COCCN1C(=O)Cc1ccc2c(c1)OCCO2,,,0.6070110609757564
COCCC1COCCN1C(=O)c1cc(C)cc2c[nH]nc12,,,0.21366605671184255
COCCCC(=O)NC1(CNC(=O)c2scnc2C(F)F)CCCCC1,,,0.357991662815926
COCCCC/C(=N\OCCN)c1ccc(C(F)(F)F)cc1,,,0.1390429511388094
COCCCN1CC2(CCN(Cc3ccc(NC(C)=O)cc3)CC2)CC1=O,2.39,,
COCCCN1CCC(NC(=O)c2cccnc2C)CC1,,,0.0804297571773079
COCCCN1CCCC(c2nccn2CC2CCC2)C1,3.63,,
COCCCNC(=O)CN(C)C(=O)CNC(=O)N1CCCC1,,,-0.043493365377023696
COCCCOc1cc(C[C@@H](C[C@H](N)[C@@H](O)C[C@H](C(=O)NCC(C)(C)C(N)=O)C(C)C)C(C)C)ccc1OC,5.01,3.05,0.7827440539226475
COCCCS(=O)(=O)N1CCN(C(=O)c2c(O)cccc2F)CC1,,,0.5377687869601764
COCCCn1cnnc1CNC(=O)Cn1ccccc1=O,2.37,,
COCCN(C(=O)C1CCC1c1ccc(F)cc1)C1CCCc2cccnc21,5.66,,1.7494990375324186
COCCN(C(=O)c1cccc2c1OCCO2)C1CCOC1,,,0.15476310520014464
COCCN(C(=O)c1ccco1)c1nc(CC(=O)Nc2ccc(Cl)cc2)cs1,,,0.820352208999936
COCCN(C)C[C@@H]1CN(C(=O)c2cnc(C)nc2-c2ccccc2)C[C@@H]1CO,3.56,,
COCCN(C1CC1)S(=O)(=O)c1cccc2ccn(C)c12,5.55,1.95,1.1969638994057854
COCCN(Cc1cc(C(C)C)on1)Cc1ccccc1Cl,4.8,,
COCCN(Cc1csnc1OC)c1ccnc2ccnn12,,,0.29692662729885994
COCCN1C(=O)C[C@H](C(=O)Nc2ccc(C3CC3)cn2)[C@H]1c1nccn1C,,,0.30858218002810867
COCCN1C(=O)C[C@H](CNC(=O)Cc2cscn2)[C@H]1c1cnn(C)c1C,,,0.11043168699404754
COCCN1C(=O)N[C@H]2CN(C(=O)C3CCN(c4ncnc5sc(C)c(C)c45)CC3)CC[C@H]21,2.57,,-0.3483053867991151
COCCN1CC(=O)N(Cc2nn(C)c(=O)c3ccccc23)C1=O,,,0.1567967433699904
COCCN1CCN(c2cc(C(F)F)nc3ccc(Cl)cc23)CC1=O,4.43,3.22,1.4666863985914065
COCCNC(=O)C1(NC(=O)CC2Sc3ccccc3NC2=O)CC1,,,0.3508837041604065
COCCNC(=O)CN(C)C(=O)c1ccccc1Oc1ccccc1C(C)C,5.53,4.21,1.313188593473804
COCCNC(=O)CN1CCN(C(=O)C2CCN(c3cnn(Cc4ccccc4)c(=O)c3)C2)CC1,1.88,,
COCCNC(=O)Cn1cc(NC(=O)[C@@H]2Cc3ccccc3N2C(C)=O)cn1,,,0.3101668911186337
COCCNC(=O)c1cccc(S(=O)(=O)NCCc2cnccn2)c1,2.93,,
COCCNCC(=O)Nc1ncc(Cc2ccc(C(F)(F)F)cc2)s1,,,0.1798934845017978
COCCNS(=O)(=O)c1cccc(CNC(=O)C2Cc3cc(Cl)ccc3O2)c1,,,0.740844947226458
COCCNc1ccc(CNC(=O)N2CCCC3(CCCC3)CC2)cc1,4.83,2.05,0.9719754204039637
COCCOC(=O)C1=C(C)NC(C)=C(C(=O)OC(C)C)C1c1cccc([N+](=O)[O-])c1,6.21,5.69,3.2474680845894475
COCCOC1CC(CO)CN(S(=O)(=O)c2cc(F)ccc2C)C1,5.52,5.08,0.7559554106974354
COCCOc1cc(NC(=O)Cc2ccc(C(=O)O)cc2)ccc1OC,,,-0.07098825441033041
COCCOc1ccc(-c2noc(-c3cccc4c3OCO4)n2)cc1F,,,0.0017050014055594517
COCCOc1ccc(Cl)cc1S(=O)(=O)NC(=O)Cc1ccc(C)cc1,4.14,3.92,0.6863173720151525
COCCOc1ccc(Cl)cc1S(=O)(=O)NC(=O)c1csc(C)c1,4.86,5.15,1.211966522420664
COCCOc1ccc(S(=O)(=O)N2CCC[C@H](C(=O)O)[C@@H]2C)cc1C,,,0.045556859950788696
COCCOc1ccc(S(=O)(=O)NC(=O)c2cn(C)c3c(Cl)cccc23)cc1,,,0.29065350693243425
COCCOc1cccc(C(=O)N(C)c2ccc(C(=O)OC)cc2)c1,4.06,3.95,0.646138808767583
COCCOc1cccc(C(=O)Nc2ncncc2C(C)C)c1,,,0.3113358242168277
COCCOc1ccccc1N1CCN(C(=O)c2cc3c(C)nn(-c4ccccc4)c3s2)CC1,5.08,,1.4149582749711676
COCCOc1ccccc1NC(=O)NCc1nnc(N)s1,2.97,,
COCCOc1ccnc(N[C@H]2CCC(=O)N[C@@H]2c2ccccc2)n1,,,0.20178295886464287
COCCOc1ncccc1NC(=O)N1CCOCC(C2CCC2)C1,,,0.605029570913485
COCCc1cc(NC(=O)C2CCCN2C(=O)Cc2ccccc2)n(C)n1,,,0.4320995186017461
COCCc1cc(NC(=O)NC2c3ccccc3CC2O)n(C)n1,,,0.0766657711236466
COCCc1ccc(OCC(O)CNC(C)C)cc1,,,0.18606826864716985
COCCc1csc(-c2ccc(Oc3ccccc3OC)cc2)n1,4.9,1.87,0.8219071183205687
COCCc1nc(C2(Nc3ccc(Cl)cc3)CCC2)no1,4.53,2.87,0.8564206860456212
COCCc1nc(CNC(=O)CSc2nc(C)n[nH]2)no1,2.79,,
COCCc1nc(CNC(=O)N(C)Cc2noc(C3CC3)n2)no1,3.2,,
COCCc1noc(C(C)NC(=O)Cn2c(C)cc(C)nc2=O)n1,2.42,,
COCCc1noc(C(C)NC(=O)c2nonc2C)n1,2.92,,
COCCc1noc(CN(C)C(=O)c2cccc(N3CCNC3=O)c2)n1,,,0.311102579743499
COCCc1noc(CN(C)Cc2c[nH]nc2C(=O)O)n1,2.64,,
COCCc1nsc(N[C@H](C)CNC(=O)c2ccns2)n1,,,0.2653085436449717
COCCn1c(-c2ccnn2C)nnc1N1CCc2ccsc2C1,,,0.5190923820152794
COCCn1cc(C(=O)Nc2cc(C(=O)NC3CC3)ccc2C)ccc1=O,,,0.0102300526214526
COCCn1cc(C(=O)Nc2ccc(-n3cnc(C)c3C)cc2)c(C)n1,,,-0.07835349396613535
COCCn1cc(C(=O)Nc2ccc(N3CCN(C)CC3)nc2)c2ccccc21,,,0.15058699422274252
COCCn1cc(NC(=O)N2CC(c3ccc(F)cc3)CC2C)cn1,,,0.44322677359502755
COCCn1cc(NC(=O)Nc2nc3c(s2)CCCCCC3)cn1,,,0.8124906540128696
COCCn1cc2c(NCCC3(C)COCCO3)ncnc2n1,,,0.2485523983620087
COCCn1cc2c(n1)C(NC(=O)C1CCOC(C)C1)CCC2,,,0.1290632621234442
COCCn1ccc(-n2ncc3c(C)n(C)c(C)c3c2=O)n1,,,-0.0214436624350557
COCCn1ccc(C(=O)NC[C@@H]2C[C@H](OC)CN2c2ccncn2)n1,,,-0.007572986248149397
COCCn1ccc(C(=O)Nc2cccc(-c3nnc[nH]3)c2)n1,,,0.2080670259760835
COCCn1ccc(NC(=O)c2cnn(-c3ccc(C(F)(F)F)cc3)c2)n1,,,0.013415305065705048
COCCn1ccnc1CN1CCC(NS(C)(=O)=O)CC1,3.55,,
COCCn1ccnc1NC(=O)c1cccnc1Oc1ccccc1Br,,,0.7276919357909057
COCCn1cncc1CN1CCN(S(C)(=O)=O)CC1,3.14,,
COCCn1nc(C(=O)N2CCO[C@H](c3cccc(F)c3)[C@H]2C)ccc1=O,,,0.6493126547451867
COCCn1nc(C)c(NC(=O)c2cc3cc(OC)ccc3cn2)c1C,,,0.3063905860611049
COCCn1nc(C)c(Nc2ncnc3c2nnn3C2CC2)c1C,,,0.2770865482143887
COCCn1nc2c(c1C(=O)N1CC(=O)Nc3ccccc3C1)C[C@H](C)O[C@@H]2C,,,0.5651348045292991
COCCn1nnc2c1CCN(C(=O)c1cnc3ccccc3c1)C2,,,0.13282317352730927
COCCn1nnnc1C1CN(C(=O)CCn2nc(C)cc2C)CCO1,3.79,,
COCCn1nnnc1NC(=O)C1CCc2ccccc2C1,4.84,2.02,0.6833327821757913
COC[C@@H](NC(=O)c1c[nH]nc1-c1cccc(Cl)c1)c1cccnc1,,,0.4532173287689011
COC[C@@H]1CN(Cc2ccc(-c3nn[nH]n3)o2)C[C@@H]1COC,,,0.336268034798474
COC[C@@H]1C[C@@H](O)CN1c1ccc2nnc(-c3cccc(F)c3)n2n1,,,0.19394997131201644
COC[C@H](O)CN1CCC([C@@H]2OCCC[C@H]2c2nc(C)no2)CC1,,,0.2946260720258851
COC[C@H](O)Cn1cc(-c2cccc(C(=O)NCc3ccc(C(=O)O)c(C)c3)c2)nn1,,,0.038559871489689354
COC[C@H]1C[C@@H](c2ncc(-c3ccc4c(c3)COc3cc5c(ccc6nc([C@@H]7CC[C@H](C)N7C(=O)[C@@H](NC(=O)OC)C(C)C)[nH]c65)cc3-4)[nH]2)N(C(=O)[C@H](NC(=O)OC)c2ccccc2)C1,,,0.8119969025210649
COC[C@H]1[C@H](OC)[C@H](OC)CN1c1cc(=O)oc2ccccc12,,,0.3972382161838284
COCc1cc(C(=O)Nc2cnn(CC(=O)N3CC(C)OC(C)C3)c2)no1,,,-0.15042382763690726
COCc1cc(CN2CCC(C(O)c3ccccc3)CC2)no1,,,0.1979378249856168
COCc1cc(Cl)cc(S(=O)(=O)N[C@]23CCC[C@H]2CNC3)c1,,,0.40305985186816873
COCc1cc(Cn2cc(-c3c4c(nn3C)CCCC4)nn2)no1,,,-0.2456361307541786
COCc1cc(Cn2cc(C34CC5CC(CC(C5)C3)C4)nn2)no1,5.23,3.09,0.9257046271095133
COCc1cc(N2CC(c3n[nH]c(C)n3)C2)nc(C(C)(C)C)n1,,,0.24930649484735617
COCc1cc(N2CC3(CC(O)CNC3=O)C2)nc(C(C)(C)C)n1,,,0.046528087613790806
COCc1cc(NC(=O)N2CCC(Cc3ccccc3)C2)ncn1,,,0.12740538546978805
COCc1cc(NS(=O)(=O)c2cc3cc(Cl)ccc3s2)ccc1OC,5.05,3.82,1.2224604523690803
COCc1ccc(C(=O)N(Cc2cccc(OC)c2OC)C2CCCC2)s1,5.58,,
COCc1ccc(C(=O)N2CCCCC2C(=O)N2CCOCC2)cc1,,,0.0458049527273929
COCc1ccc(C(=O)NC(C(=O)O)c2ccc(Cl)cc2)cc1,,,0.0691826894945612
COCc1ccc(C(=O)NCc2noc(C(N)=O)n2)s1,2.66,,
COCc1ccc(C(=O)Nc2cccc(-c3ccn[nH]3)c2)nc1,,,0.148961792503822
COCc1ccc(C2COCCN2C(=O)Nc2ccncc2)o1,,,0.5419256472557008
COCc1ccc(C2COCCN2C(=O)c2ncc(C)cc2C)o1,,,0.6471082202556901
COCc1ccc(NCc2c(C)nc3sc(C)nn23)cc1,,,0.27822598527288617
COCc1ccc(S(=O)(=O)Nc2cnc(OC)c(Br)c2)cc1,4.51,4.6,1.4467076616968966
COCc1cccc(CC(=O)N2CCC(c3nccc(C)n3)CC2)c1,4.74,2.04,0.7841980928217545
COCc1cccc(NC(=O)N2CCC(CN3CCN(C)CC3)CC2)c1,,,0.038384480831042504
COCc1ccccc1C(=O)NC1CCN(C(=O)c2ccccc2)CC1,,,0.24199904608398876
COCc1ccccc1NC(=O)c1ccc(-n2cnnc2)cc1,,,0.0821885325363716
COCc1ccccc1NCc1cnc2cccc(C)n12,,,0.3755555811714245
COCc1ccnc(NC(=O)C(C)n2ccc(C(F)(F)F)n2)c1,,,0.4733414460575498
COCc1cnc(NC(=O)N2CCCC2c2cnn(C)c2)s1,,,0.20200183330209004
COCc1cnc(NC(=O)N2CCOC(C3CCC3)C2)s1,,,0.2009678469058871
COCc1cnc(NC(=O)c2ncccc2OCC(F)(F)F)s1,,,0.36713388618198256
COCc1cnc(OC)c(C(=O)N[C@@H]2CC(Cn3cc(Cl)cn3)C[C@H]2O)c1,,,0.0771455069359904
COCc1nc(C(=O)N2CCN(C(=O)c3ccc(C)c(F)c3)CC2)cs1,,,0.7414742646220368
COCc1nc(C(=O)NC2CCN(c3ccccc3OC)CC2)cs1,,,0.3088477766471123
COCc1nc(C(=O)NCc2cccnc2)c(-c2ccccc2)s1,,,0.5675654965459929
COCc1nc(C)c(-c2nc(C3(NC(C)=O)CCCCC3)no2)s1,,,0.7068076451538978
COCc1nc(C)cc(N2CCN(CCc3ccccc3)CC2)n1,,,0.44032823214709255
COCc1nc(C2COCCN2C(=O)c2ccnc(C)c2)no1,,,-0.10489596314253274
COCc1nc(CNC(=O)CSc2nc3cc(C)ccc3[nH]2)no1,3.57,,
COCc1nc(NCc2ccc(S(N)(=O)=O)cc2)cc([C@H]2C[C@@H](N)C2)n1,2.14,,
COCc1nc(OC)cc(N2CCC(C(N)=O)(c3ccccc3)CC2)n1,,,0.6060151380322751
COCc1nc(OC)cc(N2CCN(C(=O)c3ccccc3)CC2)n1,,,0.43324314827646304
COCc1nc2n(n1)CC(NC(=O)c1cccc3c1CCC3)CC2,,,-0.0948630758212447
COCc1nc2n(n1)CCCC2NC(=O)C(C)NC(=O)Nc1ccccc1,,,0.0789965586072569
COCc1nccc(N(Cc2nc(C)cn2C)CC2CCCCC2)n1,4.78,,1.8919918361220178
COCc1nccc(NC(=O)N2CCN(c3cnccn3)CC2)n1,,,0.2809711618329635
COCc1nccc(NC(=O)NCc2cccc3c2OCC3)n1,,,0.4091511002747402
COCc1ncsc1C(=O)N1CCCC1Cc1cccc(F)c1,,,0.5453414146515725
COCc1nn(Cc2nc(N)c3c4c(sc3n2)CCCC4)c(=O)o1,5.28,2.07,0.9467453417339369
COCc1nnc(CNC(=O)c2c(C)ccc3cc(C)ccc23)[nH]1,,,0.39009816457358754
COCc1nnc(NC(=O)CN2CCC(NS(C)(=O)=O)CC2)s1,2.49,,
COCc1nnc([C@]23CC[C@H]2CCN3C(=O)c2cc(O)c3ccsc3c2)o1,5.18,2.83,1.6923554198286297
COCc1noc(CCNC(=O)Nc2cccc3nsnc23)n1,3.64,,
COCc1noc(CN2CCN(C(=O)c3cccc(N(C)C)c3)CC2)n1,,,0.2414216774666234
COCc1noc(CN2CCc3c(Br)cc(C)cc3C2)n1,4.29,1.76,0.9149531691326147
COCc1noc(CNC(=O)Nc2cc(-c3nnc(C)o3)ccc2OC)n1,3.39,,
COCc1nocc1CN1CCC(=O)N(CC2CCCC2(F)F)C1=O,4.04,3.76,0.7379142163952063
COCc1sccc1C(=O)N[C@]12CCCC[C@H]1NC(=O)C2,,,0.3644349146824656
COCn1nc(C)c(NS(=O)(=O)c2cc(C)c(Cl)cc2Cl)c1C,5.41,2.01,1.080991928654133
CON(C)C(=O)CSc1nc2sc(C)c(C)c2c(=O)n1Cc1ccccn1,4.96,,1.6852915989576558
CON(C)C(=O)c1cc(-c2cccnc2)nc2c1cnn2Cc1ccco1,4.76,4.27,1.339006146173001
CON(C)C1CCN(C2CCN(c3c(C)cc(C)cc3C)C2=O)CC1,,,0.21673462219147255
CON(C)C1CCN(c2ccnc(CSc3ccccc3)n2)CC1,,,0.3957688982539532
CON(C)S(=O)(=O)c1ccc(C(=O)Nc2nc(-c3ccc4c(c3)CCC(=O)N4)cs2)cc1,,,-0.1042546352698353
CON1CCC(C(=O)NS(=O)(=O)C(C)c2ccccc2)CC1,,,0.1152667836058057
CON1CCC(Cc2nc(-c3ccc(F)c(F)c3)no2)CC1,,,0.009309045786787
CON1CCC(N(C)C(=O)CCC2C(C)Nc3ccnn3C2C)CC1,,,0.059619240440443845
CON1CCC(NC(=O)C2CC(c3cnn(C)c3)=NO2)CC1,,,-0.011259728799047748
CON1CCC(NC(=O)c2cn(Cc3cccc(F)c3)nn2)CC1,,,0.10196924518999595
CON=C(C(=O)N[C@@H]1C(=O)N2C(C(=O)O)=C(COC(C)=O)CS[C@H]12)c1csc(N)n1,,,-0.03006300284306425
CONC(=O)C1CCN(C(=O)NC(C)c2ncc(-c3ccc(F)cc3)o2)CC1,,,0.14393133732247526
CO[C@@H](C(=O)N1CCCC1c1cn(C)nc1C)c1ccccc1,,,0.9351067307832416
CO[C@@H](C(=O)N1CCC[C@H](CO)[C@@H]1CO)c1ccccc1,,,0.4239923318521928
CO[C@@H](C)c1nc(-c2cccc(S(=O)(=O)NC(C)C)c2)no1,5.58,2.24,1.006715080820711
CO[C@@H]1CCN(c2nn3cc(-c4cccnc4)nc3s2)C1,,,0.0608489718119818
CO[C@@H]1CCOC[C@H]1NC(=O)Cc1ccn(-c2ccc(F)cc2)n1,,,0.2263477339373006
CO[C@@H]1CCOC[C@H]1NC(=O)Cc1coc2cc(Cl)ccc12,,,0.36254715195498366
CO[C@@H]1CCOC[C@H]1NC(=O)NCC1(c2ccc(F)cc2)CCC1,4.07,2.9,0.6862922973686689
CO[C@@H]1CCOC[C@H]1NC(=O)Nc1cnn(-c2ccccc2)n1,,,0.35623050924462596
CO[C@@H]1CCOC[C@H]1NC(=O)c1c(C)nn(Cc2ccccc2)c1N,,,0.4963060109156968
CO[C@@H]1CCOC[C@H]1NC(=O)c1cc(Cl)c2c(c1)OCCCO2,,,0.1775327750844247
CO[C@@H]1CCOC[C@H]1NC(=O)c1cc(Cn2cccn2)on1,,,-0.0815111135195779
CO[C@@H]1CN(S(=O)(=O)c2ccc3[nH]c(=O)[nH]c3c2)C[C@H]1O,,,0.30605596675130164
CO[C@@H]1CNC[C@H]1NC(=O)Cc1ccccc1C(F)(F)F,,,0.0370831771616375
CO[C@@H]1C[C@@H](C(=O)Nc2ccc(SC(F)F)cc2)N(C(=O)OCc2ccccc2)C1,4.74,4.86,1.0636910774706974
CO[C@@H]1C[C@@H](COc2cccnc2)N(C(=O)C2CCOCC2)C1,,,0.040910025902540746
CO[C@@H]1[C@@H](OC(N)=O)[C@@H](O)[C@H](Oc2ccc3c(O)c(NC(=O)c4ccc(O)c(CC=C(C)C)c4)c(=O)oc3c2C)OC1(C)C,,,0.10534378003980335
CO[C@H]1/C=C/O[C@@]2(C)Oc3c(C)c(O)c4c(O)c(c(/C=N/N5CCN(C)CC5)c(O)c4c3C2=O)NC(=O)/C(C)=C\C=C\[C@H](C)[C@H](O)[C@@H](C)[C@@H](O)[C@@H](C)[C@H](OC(C)=O)[C@@H]1C,6.12,,
CO[C@H]1C=CO[C@@]2(C)Oc3c(C)c(O)c4c(O)c(c(C=NN5CCN(C)CC5)c(O)c4c3C2=O)NC(=O)C(C)=CC=C[C@H](C)[C@H](O)[C@@H](C)[C@@H](O)[C@@H](C)[C@H](OC(C)=O)[C@@H]1C,6.69,2.0,1.5709671754416819
CO[C@H]1C=CO[C@@]2(C)Oc3c(C)c(O)c4c(c3C2=O)C(=O)/C(=C/NN2CCN(C3CCCC3)CC2)C(=C4O)NC(=O)/C(C)=C\C=C/[C@H](C)[C@H](O)[C@@H](C)[C@@H](O)[C@@H](C)[C@H](OC(C)=O)[C@@H]1C,6.22,2.82,1.3430287321743113
CO[C@H]1C=CO[C@@]2(C)Oc3c(C)c(O)c4c(c3C2=O)C2=NC3(CCN(CC(C)C)CC3)NC2=C(NC(=O)C(C)=CC=C[C@H](C)[C@H](O)[C@@H](C)[C@@H](O)[C@@H](C)[C@H](OC(C)=O)[C@@H]1C)C4=O,,,0.2821479000198376
CO[C@H]1CCN(C(=O)c2nc(C)nc3[nH]ccc23)C[C@H]1F,,,-0.1045428991858322
CO[C@H]1CN(C(=O)CCc2c[nH]c3ccc(C)cc23)C[C@H]1OC,,,0.25113028703625107
CO[C@H]1CN(C(=O)CCc2ccc(C)cc2C)C[C@@H]1O,3.64,,
CO[C@H]1CN(C(=O)Nc2ccc(C(=O)N3CCC(C)CC3)cc2)C[C@H]1OC,,,-0.0068278629230835
CO[C@H]1CN(C2CCN(C(=O)COCc3ccccc3)CC2)[C@H]1c1cccnc1,4.56,,
CO[C@H]1CN(C2CSCCSC2)C[C@@H]1O,3.69,,
CO[C@H]1CNCC1NC(=O)c1ccc2ccc(Cl)cc2n1,,,0.4449652447044248
CO[C@H]1CN[C@H](C(=O)NC(C)c2cc(F)ccc2N2CCN(C)CC2)C1,,,0.24037872462266258
CO[C@H]1COC[C@H]1NC(=O)N1CCN(C)CC1c1ccccc1,,,0.3615004193854822
CO[C@H]1COC[C@H]1NC(=O)NCc1cccc2c1OCCO2,,,-0.0696639050885157
CO[C@H]1COC[C@H]1NC(=O)c1c(Cl)cccc1OCC1CC1,4.72,3.0,1.7150630210337752
CO[C@H]1COC[C@H]1NC(=O)c1cccc(C(=O)N2CCCCC2)c1,,,0.28327231864220215
CO[C@H]1C[C@@H](C(=O)N2CCCC2)N(C(=O)c2ccn(Cc3ccccc3)n2)C1,5.14,2.94,1.2848557841564603
CO[C@H]1C[C@@H](C(=O)NCc2nc3c(F)c(F)ccc3[nH]2)N(C)C1,,,0.5963671311384007
CO[C@H]1C[C@@H](CN(C)C)N(c2cc(Oc3cccc(F)c3)ncn2)C1,,,0.1155419948076336
CO[C@H]1C[C@@H](CN2CCCC2)N(c2ncnc3ccccc23)C1,4.26,4.42,1.0020201033236291
CO[C@H]1C[C@@H](CNC(=O)c2cc(C)nc3c2cnn3C)N(c2ccncn2)C1,,,0.28851062307503444
CO[C@H]1C[C@@H](CNC(=O)c2cc(F)cc3[nH]cnc23)N(c2ccncn2)C1,,,0.2937593897164751
CO[C@H]1C[C@@H](N(C)C(=O)c2cccc(Cn3ccnc3)c2)C1,,,0.2534596902526866
CO[C@H]1C[C@@H]1C(=O)N1CCN(c2nc3ccccc3o2)CC1,,,0.0987372982220922
CO[C@H]1C[C@@H]2CC[C@@H](C)[C@@](O)(O2)C(=O)C(=O)N2CCCC[C@H]2C(=O)O[C@H]([C@H](C)C[C@@H]2CC[C@@H](O)[C@H](OC)C2)CC(=O)[C@H](C)/C=C(\C)[C@@H](O)[C@@H](OC)C(=O)[C@H](C)C[C@H](C)/C=C/C=C/C=C/1C,,,0.12773235187900464
CO[C@H]1C[C@@H]2CC[C@@H](C)[C@@](O)(O2)C(=O)C(=O)N2CCCC[C@H]2C(=O)O[C@H]([C@H](C)C[C@@H]2CC[C@@H](OCCO)[C@H](OC)C2)CC(=O)[C@H](C)C=C(C)[C@@H](O)[C@@H](OC)C(=O)[C@H](C)C[C@H](C)C=CC=CC=C1C,2.04,3.25,-0.5359552391609218
CO[C@H]1C[C@H](CNC(=O)Nc2c(-c3ccccc3)[nH]c3ccccc23)C1,4.85,3.91,0.8243150354140611
CO[C@H]1C[C@H](c2nnc(C)o2)N(C(=O)C2SCCc3ccccc32)C1,4.38,4.59,0.839046149857654
CO[C@H]1C[C@H](c2nnc(C)o2)N(C(=O)COc2ccc(F)cc2Cl)C1,,,0.4950311721981385
CO[C@H]1C[C@H](c2nnc(C)o2)N(C(=O)Cc2c[nH]c3ccc(Cl)cc23)C1,,,0.5060226718508242
CO[C@H]1C[C@H](c2nnc(C)o2)N(C(=O)c2cc(C(C)C)n(C(C)(C)C)n2)C1,5.27,1.83,1.1811844537755487
CO[C@H]1C[C@H](c2nnc(C)o2)N(CC2CCc3ccccc3C2)C1,4.75,3.99,0.8322574218985952
CO[C@H]1C[C@H](c2nnc(C)o2)N(Cc2nc(C(C)(C)C)cs2)C1,3.91,2.42,0.8860026404246615
CO[C@H]1O[C@@H]2O[C@@]3(C)CC[C@H]4[C@H](C)CC[C@@H]([C@H]1C)[C@@]24OO3,,,0.7048829901628783
COc1c(C(=O)N2CCC(Cc3nccs3)C2)[nH]c2ccccc12,4.87,3.17,0.9946986650790279
COc1c(C(=O)N2CCN(C3CC3)c3ccccc32)cnc2c1cnn2C,5.46,1.95,1.107693252004609
COc1c(C(=O)NC(C)c2cccc(C3CC3)c2)[nH]c(=O)[nH]c1=O,,,0.37314800085869915
COc1c(C(=O)NC2CCCCC2CO)cccc1[N+](=O)[O-],,,0.4580883754425081
COc1c(C(=O)N[C@H]2C[C@H](C)S(=O)(=O)c3sccc32)[nH]c(=O)[nH]c1=O,,,0.0567632953244028
COc1c(C)c2c(c(O)c1C/C=C(\C)CCC(=O)O)C(=O)OC2,6.58,2.24,
COc1c(C)ccc(NC(=O)Nc2cnn(CC3CCCO3)c2)c1C,,,0.2896822672572901
COc1c(C)cccc1CNC(=O)NC1CCOCC12CCCC2,5.28,3.75,0.9802434125076379
COc1c(C)cnc(CN(C)C(=O)NC2CCCOC2CC(C)C)c1C,5.41,2.67,1.3126200888061563
COc1c(C)cnc(Cn2cc(C(C)(C)NCC(C)C)nn2)c1C,,,0.2869866122425421
COc1c(Cl)cccc1C(=O)NCCc1cnn(-c2ccccc2)n1,5.02,1.95,0.9868798929418466
COc1c(F)cc(S(=O)(=O)Nc2nc3n(n2)CCCC3)cc1F,,,0.27595000216978216
COc1c(F)cccc1C(=O)Nc1ccc2c(c1)CC(C)O2,4.24,,
COc1c(F)cccc1N(C)S(=O)(=O)c1ccc(F)c2ncccc12,5.57,4.17,0.9130905499865958
COc1c(N2CCNC(C)C2)c(F)cc2c(=O)c(C(=O)O)cn(C3CC3)c12,,,-0.09177912549405436
COc1c(N2C[C@@H]3CCCN[C@@H]3C2)c(F)cc2c(=O)c(C(=O)O)cn(C3CC3)c12,,,0.08685512236280135
COc1c[nH]c(C(=O)N[C@H]2C[C@H](c3cc(=O)[nH]c(C4CC4)n3)C2)cc1=O,2.74,,
COc1c[nH]nc1-c1nc(C2CCOC2)nn1Cc1ccc(F)c(F)c1,,,0.442207359304189
COc1cc(-c2ccc(C(C)N3CCCC3)cc2)nc(N)n1,3.62,,
COc1cc(-c2nc(CC(=O)NC3CCCCC3)no2)cc2c1OCCO2,,,0.14953748611814616
COc1cc(-c2noc(CN3CCOC4(CCc5ccccc54)C3)n2)ccc1OC(F)F,,,0.4562952548901341
COc1cc(-c2noc([C@@H]3C[C@H]3c3ccc(F)cc3F)n2)ncn1,,,0.196151119627949
COc1cc(=O)[nH]cc1C(=O)N1CC=C(c2ccnn2C)CC1,,,-0.07668407449485799
COc1cc(=O)[nH]cc1C(=O)N1CCC(=O)N2CCCC21,,,0.0702729645634544
COc1cc(=O)[nH]cc1C(=O)N1CCCC1c1ccnn1C,,,0.21276410469492976
COc1cc(=O)[nH]cc1C(=O)N1CCOCC1c1ccc(F)cc1,,,0.1190827058693518
COc1cc(Br)c(CCNc2c(F)cncc2F)cc1OC,,,-0.0689203987898185
COc1cc(Br)ccc1NC(=O)C(C)c1cn(C)c2ccccc12,5.65,4.96,1.6653838937004264
COc1cc(C#N)ccc1OCC(=O)N1CCCC1C1CCCC1O,4.97,3.14,1.0200349028843492
COc1cc(C#N)ccc1S(=O)(=O)Nc1cccc(CC(=O)O)c1,,,0.06074836757039875
COc1cc(C(=O)N(C)Cc2cc(C)ccc2C)ncn1,,,0.5093274003025428
COc1cc(C(=O)N(C)Cc2cccc(=O)[nH]2)cc2c1OC(C)C2,,,0.07566201988499845
COc1cc(C(=O)N(Cc2ccccc2)C2CC(C)(C)OC2(C)C)on1,4.48,2.3,0.8463745431525018
COc1cc(C(=O)N2CCC(OC(C)C)CC2)c2ccccc2n1,4.45,3.03,1.184870665471312
COc1cc(C(=O)N2CCC(c3nncn3C(C)C)CC2)ccc1F,,,0.2594429936592713
COc1cc(C(=O)N2CCCC(S(N)(=O)=O)C2)ccc1F,,,0.22968869792925015
COc1cc(C(=O)N2CCCC3(CCCc4ccccc43)C2)ncn1,,,0.8699545582218066
COc1cc(C(=O)N2CCCCC2c2ncccn2)cc(OC)c1C,5.4,2.3,2.166410574678822
COc1cc(C(=O)N2CCCCCCC2)cc(OC)c1OC,4.95,,
COc1cc(C(=O)N2CCCc3ccnc(N(C)C)c32)ncn1,,,0.532504577784453
COc1cc(C(=O)N2CCN(C(=O)c3cc(C#N)cs3)CC2)ccc1C,,,0.6356833707590807
COc1cc(C(=O)N2CCOCC2)cc(OC)c1OC,1.81,,-0.10010606837624536
COc1cc(C(=O)NC(CO)c2ccc(C(F)(F)F)cc2)nn1C,,,0.3743182728560141
COc1cc(C(=O)NC2CCCN(c3ccccn3)C2)cc2c1OC(C)C2,5.3,4.06,0.9935353630864094
COc1cc(C(=O)NC2CCCN(c3cnn(C)c3)C2)ccc1C,,,0.807168971643435
COc1cc(C(=O)NC2CCCNC2)cc(OC)c1OC,3.1,3.04,-0.19874368145928145
COc1cc(C(=O)NCC2(N(C)C)CCCC2)cc(OC)c1OCc1ccccc1,5.19,1.93,
COc1cc(C(=O)NCCC(C)C)c([N+](=O)[O-])cc1OC,3.85,,
COc1cc(C(=O)NCCN2CCc3sccc3C2)ccc1C,4.67,4.91,0.9768548122215983
COc1cc(C(=O)NCCN2Cc3ccccc3C2)cn2cc(C)nc12,,,0.41665956659057973
COc1cc(C(=O)NCc2ccc(OCCN(C)C)cc2)cc(OC)c1OC,,,0.19107036273924094
COc1cc(C(=O)NS(=O)(=O)c2ccccc2C)ccc1Cc1cn(C)c2ccc(NC(=O)OC3CCCC3)cc12,5.18,3.99,2.3603306365966668
COc1cc(C(=O)NS(=O)(=O)c2cncc(C)c2)nnc1C1CC1,,,-0.05309092249850135
COc1cc(C(=O)N[C@H](C)c2oc3ccccc3c2C)cc(Cl)c1O,4.57,1.82,0.7261606529860887
COc1cc(C(=O)N[C@H]2CCOC[C@H]2Nc2ccnc(C)n2)ncn1,,,-0.05195165681039795
COc1cc(C(=O)N[C@H]2CC[C@@H](N(C)C(=O)c3cnc4sccc4c3)CC2)ccc1Cl,,,0.7463984963162698
COc1cc(C(=O)Nc2c(C)cccc2C(=O)O)cc2c1OCCO2,,,-0.0716667992081064
COc1cc(C(=O)Nc2cc(C(F)(F)F)n(C)n2)ccc1C,4.56,3.05,1.0543212525231387
COc1cc(C(=O)Nc2cc(Cl)cc(C(=O)O)c2)cc(OC)c1C,,,0.16875738676146626
COc1cc(C(=O)Nc2ccc(F)c(O)c2)cc(Cl)c1OC,,,0.7998356038745211
COc1cc(C(=O)O)c([N+](=O)[O-])cc1OC,2.03,,
COc1cc(C(=O)O)cc(OC)c1OC,1.88,,
COc1cc(C(=O)O)cc(OC)c1OCc1ccccc1,2.87,,
COc1cc(C(=O)O)ccc1CCNC(=O)c1cc(C)nc2onc(C)c12,,,0.0786189560406017
COc1cc(C(=O)O)ccc1CCNC(=O)c1cnc2n1CCCC2,,,-0.08281933696702336
COc1cc(C(=O)O)ccc1S(=O)(=O)N1CCn2cccc2C1,,,0.1635132674625233
COc1cc(C(C)=O)ccc1OCCCN1CCC(c2noc3cc(F)ccc23)CC1,,,0.6743718493025073
COc1cc(C(C)NC(=O)N2CCOC[C@H]2C)cc2ccccc12,4.68,4.2,0.8725904141635034
COc1cc(C(C)NC(=O)c2ccco2)ccc1S(C)(=O)=O,,,0.2262154713584598
COc1cc(C(C)NC(=O)c2cn(C)c(=O)[nH]c2=O)ccc1OC(C)C,,,0.5051156510649091
COc1cc(C(F)(F)F)nc(N2CCN(c3ccnc(C)n3)CC2)n1,,,0.5204784137244508
COc1cc(C)c(/C=C/C(C)=C/C=C/C(C)=C/C(=O)O)c(C)c1C,,,0.46554485596788947
COc1cc(C)c(C(=O)N(C)C2CCCN(c3cccnn3)C2)cc1OC,,,0.5149952667837336
COc1cc(C)c(C(C)C)cc1S(=O)(=O)Nc1c(C)n(C)n(-c2ccccc2)c1=O,5.22,,2.0956687738392867
COc1cc(C)c(C)cc1S(=O)(=O)N[C@H]1CCN(Cc2ccccc2)C1,5.05,1.84,
COc1cc(C)c(NC(=O)Cn2sc3ccccc3c2=O)cc1C(F)(F)F,5.05,3.94,0.9710899949222251
COc1cc(C)c(S(=O)(=O)Nc2c(C)c(C)nn2C)cc1Cl,,,0.4747455911863864
COc1cc(C)ccc1C(=O)N1CCC([C@@H]2CC[C@H](C(N)=O)O2)CC1,,,0.5718934721757473
COc1cc(C)ccc1C(=O)NCc1nnc2n1CCCC2,,,0.341226048072581
COc1cc(C)ccc1CNC(=O)c1ccc(F)cc1C,4.92,3.68,1.1004070675409017
COc1cc(C)ccc1NC(=O)C1CC2(C)CCCN2S1(=O)=O,5.14,2.35,1.0249267795934955
COc1cc(C)ccc1NC(=O)c1cccc(-c2ncn[nH]2)c1,4.45,4.18,0.8785600510151133
COc1cc(C)ccc1NC(=O)c1cccc2cnccc12,,,0.18638650417518646
COc1cc(C)ccc1Oc1ccc(NC(=O)NC23CC2COC3(C)C)cn1,,,0.11891447675325026
COc1cc(C)nc(N2CCCC(Nc3ccccc3)C2)n1,4.83,1.86,0.9005844397090491
COc1cc(C)nc(N2CCN(C(=O)c3cccc(C(C)C)n3)CC2)n1,5.38,3.75,1.409382639588162
COc1cc(C)sc1C(=O)N1CCC2C(CCCN2C)C1,,,0.13757591542016628
COc1cc(C=CC(=O)CC(=O)C=Cc2ccc(O)c(OC)c2)ccc1O,4.56,4.42,
COc1cc(C=O)ccc1OCC(=O)NC1CCCc2ccccc21,4.91,,
COc1cc(C=O)ccc1OCc1ncc(C)c(OC)c1C,4.47,,
COc1cc(CC(=O)NCC2(N3CCCCC3)CCOCC2)ccc1C,,,0.43081989539272897
COc1cc(CC(=O)Nc2cc(C(F)(F)F)n(C)n2)ccc1C,,,0.6692979103403522
COc1cc(CC2NC(=O)[C@@H]3C[C@@H](OC(F)F)CN3C2=O)ccc1O,,,-0.06463560124111295
COc1cc(CCC(=O)N2CCC(Cc3ccccc3)C2)on1,4.85,3.44,0.7993426211200525
COc1cc(CCC(=O)N2CCC(c3cc(C)n[nH]3)CC2)ccc1OCC(F)(F)F,5.21,1.83,0.817258773363731
COc1cc(CCNC(=O)[C@]23CNC[C@H]2CCOC3)cc(OC)c1,,,0.7277505631969283
COc1cc(CN(C)C(=O)Nc2cnc3c(c2)c(C)nn3C)sn1,,,0.5338202660497426
COc1cc(CN)ccc1O,2.49,,
COc1cc(CNC(=O)c2cc3c(o2)CCCNC3=O)ccc1Cl,,,0.3265074379970831
COc1cc(CNC(=O)c2ccc3ccccc3c2)ccc1C(=O)O,,,0.3733694056846944
COc1cc(CNC(=O)c2ccccc2S(C)(=O)=O)c2ccccc2n1,,,0.5730805941428738
COc1cc(CNS(=O)(=O)c2ccc(-c3ccc(NC(C)=O)cc3)cc2)ccn1,3.89,,-0.3975224726048836
COc1cc(CNc2ccccc2N(C)C(C)=O)nc(OC)n1,,,0.6243708848170191
COc1cc(CNc2ncnc3c2ncn3C2CC2)c2ccccc2n1,,,0.2583557495784884
COc1cc(COC(=O)c2ccnc3[nH]ccc23)ccc1Cl,,,0.6741447778370407
COc1cc(Cc2cnc(N)nc2N)cc(OC)c1OC,2.36,2.78,-0.0393080617046358
COc1cc(Cc2noc(C3CCCOC3)n2)ccc1S(C)(=O)=O,,,0.0556517829801629
COc1cc(Cl)c(C)cc1NC(=O)Nc1ccc(Oc2ccccc2C(N)=O)nc1,,,0.4648704806400279
COc1cc(Cl)c(Cl)cc1C(=O)N1CCC(C(C)CO)CC1,4.67,3.55,0.9461042555298491
COc1cc(Cl)c(S(=O)(=O)N[C@H](C(=O)O)C(C)C)cc1OC,,,0.0459626153676984
COc1cc(Cl)cc(C(=O)Nc2cnc(OC)c(C(N)=O)c2)c1,,,0.291958766424731
COc1cc(Cl)ccc1C(=O)N1CCC(c2c[nH]c3ncccc23)CC1,1.73,2.18,
COc1cc(Cl)ccc1CC1NC(=O)C(C2CC(C)(C)C2)NC1=O,5.16,2.66,1.0732749316067922
COc1cc(Cl)ccc1NC(=O)c1cccc(Nc2cnccn2)c1,4.31,,1.0332441514267896
COc1cc(Cl)ccc1S(=O)(=O)NC(C)c1nc2ccccc2n1C(F)F,5.59,,1.6371346879616469
COc1cc(F)c(C(=O)NC2CCCc3c2ccc(=O)n3C)c(F)c1,,,0.1144126134220719
COc1cc(F)c(C(=O)NCc2nnc(C(C)(C)C)s2)c(F)c1,4.87,3.07,0.9161556689468048
COc1cc(F)c(C(=O)Nc2cc(C)n(C3CCCCC3)n2)c(F)c1,4.54,1.8,1.0210891413889196
COc1cc(F)c(C(C)NC(=O)c2ccccc2OC(F)(F)F)cc1OC,5.1,3.7,1.0470229066145218
COc1cc(F)c(NC(=O)C2CCCN2C(=O)c2ccccc2O)cc1F,4.73,3.11,1.6505396483286452
COc1cc(F)c(NC(=O)N2CCOC(C)(c3ccccc3)C2)cc1F,4.86,2.26,0.7035863885479456
COc1cc(F)c(NC(=O)c2cnc3onc(C)c3c2)cc1F,,,0.1284717332297816
COc1cc(F)c(S(=O)(=O)N2c3ccc(C)cc3[C@H]3CN(C)CC[C@H]32)cc1OC,,,0.8667446186241899
COc1cc(F)c(S(=O)(=O)Nc2cnc(C(C)C)nc2)cc1F,4.64,3.97,0.821070160559521
COc1cc(F)cc(-c2noc(N3CCC(c4cnco4)CC3)n2)c1,,,0.6099836976148548
COc1cc(F)cc(CNC(=O)NCc2cc3nc(F)ccc3o2)c1,,,0.6416882000784264
COc1cc(F)ccc1N1CCN(C(=O)c2cnn(-c3ccccn3)c2C)CC1,,,0.5852768344318179
COc1cc(N)cc(OC)c1,3.96,,
COc1cc(N2CCC(N3CCN(C)CC3)CC2)ccc1Nc1ncc(Cl)c(Nc2ccccc2P(C)(C)=O)n1,2.03,2.1,
COc1cc(N2CCCC(c3nc4c(C)cccc4[nH]3)C2)nc(N)n1,4.25,,
COc1cc(N2CCCC2c2cccc3c2OCCO3)ncn1,,,0.45940798637227265
COc1cc(N2CCN(C(=O)CN3Cc4ccccc4C3=O)CC2)ccc1F,,,-0.10915363244720999
COc1cc(N2CCN(CC3(C(=O)O)CC3)CC2)ccc1F,,,0.05686504971000445
COc1cc(N2CCN(c3ncnc4c3CCCC4)CC2)ccc1F,,,0.157371133481848
COc1cc(NC(=O)C(C)c2c(F)cccc2F)cnc1OC,4.91,,1.756924782645903
COc1cc(NC(=O)CN2CCN(c3cnn(C)c3)CC2)c(OC)cc1Cl,,,0.40184077899585796
COc1cc(NC(=O)N(C)CCN2C[C@@H](C)O[C@@H](C)C2)ncn1,,,0.20042215729422702
COc1cc(NC(=O)N(C)Cc2nc3ccsc3c(=O)[nH]2)ccn1,,,0.531223346775542
COc1cc(NC(=O)N2CCCC(CO)(Cc3ccccc3)C2)ccn1,,,0.3227774603348055
COc1cc(NC(=O)N[C@H]2c3ccccc3OC[C@H]2CO)n(C)n1,,,0.14436412199537016
COc1cc(NC(=O)[C@H]2C[C@@H]2c2cccc(C)c2)ccc1C(=O)O,,,0.4542737053297456
COc1cc(NC(=O)c2ccc(F)c(Br)c2)cc(OC)c1C,,,0.5194798843535052
COc1cc(NC(=O)c2ccc(NS(=O)(=O)c3ccc(F)cc3)cc2)cc(OC)c1C,5.02,5.63,1.5952605036077028
COc1cc(NC(=O)c2nc3cnccc3s2)cc(OC)c1,,,0.23858412666745424
COc1cc(NC(C)CCCN)c2ncccc2c1,,,0.4810467785148285
COc1cc(NC2CCCN(c3ncnc4c3nnn4C)C2)cc(OC)c1,,,0.721224408653999
COc1cc(NC2CCN(c3cc(O)ncn3)CC2)cc(OC)c1,,,0.06972636643586615
COc1cc(NCC2(C3CCCCO3)CC2)ccc1OC(F)F,5.83,1.86,1.1659176218740008
COc1cc(NCCNC(=O)c2cnn3c2NCCC3)cc(OC)c1,4.74,5.02,0.8373084171941938
COc1cc(NS(=O)(=O)c2ccc(N)cc2)nc(OC)n1,4.52,4.3,0.8465275647979764
COc1cc(Nc2c(C#N)cnc3cc(OCCCN4CCN(C)CC4)c(OC)cc23)c(Cl)cc1Cl,1.84,2.08,-0.2838120896444101
COc1cc(Nc2ccc3c(c2)C2(CCCCC2)C(=O)N3)ncn1,,,0.0668487682321016
COc1cc(Nc2ncc(F)c(Nc3ccc4c(n3)N(COP(=O)(O)O)C(=O)C(C)(C)O4)n2)cc(OC)c1OC,4.27,1.92,1.0127615073119483
COc1cc(OC)c(NC(=O)N2CC(CO)(CO)C2)cc1Cl,,,0.0019690677431361027
COc1cc(OC)c(S(=O)(=O)n2nc(C)cc2C)cc1S(=O)(=O)n1nc(C)cc1C,6.3100000000000005,,2.011393196553578
COc1cc(OC)c2c(c1)N(S(=O)(=O)c1cnn(-c3ccccc3)c1)CCC2,,,0.7218702314981419
COc1cc(OC)c2ncnc(N3CCOC4(CCCC4)C3)c2c1,,,-0.24043626238858404
COc1cc(OC)cc(-c2noc(NC(C)CSC)n2)c1,4.35,3.96,1.0199584528339034
COc1cc(OC)cc(C(=O)N(C)Cc2cccc(C)c2)c1,5.37,,1.400342373215452
COc1cc(OC)cc(N2CCC(NC(=O)c3cccc(C(N)=O)c3)C2)c1,,,-0.17769738671844973
COc1cc(OC)nc(-c2cn(C3CCC(=O)NC3=O)nn2)n1,,,0.1708578140445401
COc1cc(OC)nc(C(=O)N2CCCCc3cccnc32)n1,5.44,4.97,1.032680262835469
COc1cc(OC)nc(N2CCCC(c3nc4cc(C)ccc4[nH]3)C2)n1,5.07,3.19,1.1036301558321622
COc1cc(OC)nc(N2CCCN(C(=O)c3ccsc3)CC2)n1,5.87,2.05,1.447296072610825
COc1cc(S(=O)(=O)N(CC(F)(F)F)C2CCOC2)sn1,,,0.2933829470328737
COc1cc(S(=O)(=O)N2CCCc3cccc(OC)c32)sn1,5.58,1.99,1.4957038169398094
COc1cc(S(=O)(=O)N2CCN(c3ccc(C)cc3)CC2)ccc1Cl,5.07,4.98,1.0377425948483947
COc1cc(S(=O)(=O)n2c([N+](=O)[O-])cnc2C)c(OC)cc1Br,,,0.19457228362674306
COc1cc([C@@H]2c3cc4c(cc3[C@@H](O[C@@H]3O[C@@H]5CO[C@@H](C)O[C@H]5[C@H](O)[C@H]3O)[C@H]3COC(=O)[C@H]23)OCO4)cc(OC)c1O,,,-1.2232711651108028
COc1cc([C@@H]2c3cc4c(cc3[C@H](O)[C@H]3COC(=O)[C@H]23)OCO4)cc(OC)c1OC,,,0.1575344630941155
COc1cc2c(=O)n(CC(=O)Nc3ccccc3Cl)cnc2cc1F,4.57,3.98,0.73203189205446
COc1cc2c(N(C)Cc3ncnn3C)ncnc2cc1F,,,0.15713968768677394
COc1cc2c(N3CCC(CS(C)(=O)=O)CC3)ccnc2cc1F,3.73,1.81,-0.3468588506628382
COc1cc2c(NC(C)c3ccc4[nH]c(=O)[nH]c4c3)ncnc2cc1F,,,0.3722546793140312
COc1cc2c(Nc3ccc(Br)cc3F)ncnc2cc1OCC1CCN(C)CC1,,,-0.07239869453331466
COc1cc2c(c(OC)c1OC)-c1ccc(OC)c(=O)cc1C(NC(C)=O)CC2,,,-0.8145837178055575
COc1cc2c(cc1C)CN(c1nnc(-c3cc(C)nc4[nH]cnc34)n1C)CC2,,,0.31367310996937825
COc1cc2c(cc1CN(Cc1ccccn1)CC1CCCO1)CCC2,4.26,,
COc1cc2c(cc1NC(=O)c1ccc3[nH]cnc3c1)NC(=O)CC2,,,0.3589562808644554
COc1cc2c(cc1OC)C(=O)C(CC1CCN(Cc3ccccc3)CC1)C2,4.34,3.82,1.0362775909396227
COc1cc2c(cc1OC)C(C1CC1)N(C(=O)C1CCCOC1)CC2,,,0.4966367487371581
COc1cc2c(cc1OC)C(c1cccs1)N(Cc1cnc(C3CC3)o1)CC2,,,0.2793323276792609
COc1cc2c(cc1OC)C1CC(=O)C(CC(C)C)CN1CC2,4.89,2.08,0.8639004813289441
COc1cc2c(cc1OC)CCN(C(=O)CCCc1ccncc1)CC2,,,0.3735060309247669
COc1cc2c(cc1OC)CN(C(=O)CN1CCN(c3cccnn3)CC1)CC2,,,0.1124378470783826
COc1cc2c(cc1OC)CN(C(=O)Cc1cn(C)nc1C)CC2,,,0.18412608814405895
COc1cc2c(cc1OC)CN(C(=O)Nc1ccnc(C)n1)CC2,,,0.1144062893980952
COc1cc2c(cc1OC)CN(C(=O)c1ccon1)CC2,,,-0.020832998277010607
COc1cc2c(cc1OC)CN(Cc1cc(C(F)(F)F)[nH]n1)CC2,,,0.1862813813396704
COc1cc2c(cc1OC)CN(c1nccn(C)c1=O)CC2,,,0.5806953187237425
COc1cc2c(cc1S(=O)(=O)Nc1ccc3c(c1)CN(C)C(=O)N3)OCC(=O)N2,,,0.18468086373617432
COc1cc2cc(C(=O)N[C@H](CC(N)=O)c3cccc(Cl)c3)[nH]c2cc1OC,4.2,4.76,0.9038592897792684
COc1cc2ccccc2cc1C(=O)Nc1ccc(OCCn2ccnc2)cc1,,,0.35342560780869303
COc1cc2nc(C)sc2cc1NC(=O)N1CCCC(c2ccnc(N)n2)C1,,,0.317313072187429
COc1cc2nc(N3CCN(C(=O)C4CCCO4)CC3)nc(N)c2cc1OC,,,0.22377698063673274
COc1cc2nc(N3CCN(C(=O)C4COc5ccccc5O4)CC3)nc(N)c2cc1OC,,,0.3137470718922917
COc1cc2nc(N3CCN(C(=O)c4ccco4)CC3)nc(N)c2cc1OC,,,0.3965446414161983
COc1cc2nccc(N3CCCC(c4nncn4C)C3)c2cc1OC,,,0.3173800903475111
COc1cc2nccc(Oc3ccc(NC(=O)NC4CC4)c(Cl)c3)c2cc1C(N)=O,1.78,2.04,-0.4049196121355467
COc1cc2ncnc(NC3CCCN(c4ccccc4)C3=O)c2cc1OC,,,0.561051094957605
COc1cc2ncnc(Nc3ccc(F)c(Cl)c3)c2cc1OCCCN1CCOCC1,,,0.23858260978470136
COc1ccc(-c2[nH]c3ccccc3c2CCC(=O)NCc2cc(=O)nc(SC)[nH]2)cc1,4.4,3.94,0.693623847684158
COc1ccc(-c2[nH]c3ccccc3c2CCC(=O)NS(=O)(=O)c2cccs2)cc1,4.79,4.85,1.3825429888001919
COc1ccc(-c2cc(=S)ss2)cc1,,,0.11874124218064425
COc1ccc(-c2cc(C(=O)N3CCCC(C#N)C3)[nH]n2)cc1,,,0.534203641664081
COc1ccc(-c2cc(C(=O)N3CCN(S(=O)(=O)c4ccc(C)cc4)CC3)[nH]n2)cc1,4.54,,
COc1ccc(-c2cc(C(=O)N3CCOC(C(=O)O)C3)sc2C)cc1,,,0.0747724946351876
COc1ccc(-c2cc(C(=O)NCc3nc4c(C)cccc4[nH]3)[nH]n2)cc1,3.9,4.67,0.8209703634644315
COc1ccc(-c2cc(C(=O)Nc3cn[nH]c3)c3ccccc3n2)cc1,5.07,5.66,0.9470244601913982
COc1ccc(-c2cc(C(=O)Nc3ncn(C)n3)nn2C)cc1OC,,,0.0008325108671551
COc1ccc(-c2cc(C(=O)O)[nH]n2)cc1,2.84,,
COc1ccc(-c2cc(CSCC(=O)N3CCC(C(=O)N4CCCC4)CC3)on2)cc1,,,0.2590163560205238
COc1ccc(-c2cc3ncnc(N[C@H]4CCOC4)c3s2)cc1,,,0.2943464984686247
COc1ccc(-c2ccc(C(=O)NCC3(S(C)(=O)=O)CCC3)c(F)c2)c(F)c1,,,0.518111494403816
COc1ccc(-c2ccc(C(=O)NCc3cnn4c3CNCC4)c(F)c2)cc1,,,0.2676320722295075
COc1ccc(-c2ccc(NCc3c[nH]nc3C)nc2)cc1Cl,,,0.3850395181455332
COc1ccc(-c2cccc(C(=O)N(C)C3CCCCC3)c2)cc1CO,4.84,,
COc1ccc(-c2cccnc2)cc1NC(=O)C1CC1C,,,0.6863000003728804
COc1ccc(-c2ccnc(N3CCOCC3)c2)c(F)c1,,,-0.11801447202756786
COc1ccc(-c2ccnc(NC3CCN(CC(F)F)CC3)n2)cc1,,,0.3755985256530334
COc1ccc(-c2cn(C(C)c3nnc(C)s3)nn2)cc1OC,,,0.3325748857802426
COc1ccc(-c2cn(CC(C)(F)C(C)(C)F)nn2)nn1,,,0.2785407009152579
COc1ccc(-c2cn(CCCn3ccnc3C)nn2)c(Cl)c1,,,0.6417884590046736
COc1ccc(-c2cn(CCn3[nH]c(=O)c4ccccc4c3=O)nn2)cn1,2.15,,
COc1ccc(-c2cn(Cc3cc(O)n4nccc4n3)nn2)cc1Cl,,,0.12240327435444655
COc1ccc(-c2cn([C@H]3COC[C@H]3n3cccn3)nn2)nc1,,,0.4429674754736299
COc1ccc(-c2cnn(CC3CCOC3)c2)c(CO)c1,,,0.21746672128472117
COc1ccc(-c2csc3ncnc(N4CCC[C@H]4C(=O)O)c23)cc1,,,0.18895430637563176
COc1ccc(-c2n[nH]cc2C(=O)NCCNC(=O)c2ccc(F)cc2)cc1,,,0.2614649867179499
COc1ccc(-c2n[nH]cc2CN2CCOC3(CCC3)C2)cc1,,,0.5825822365089506
COc1ccc(-c2n[nH]cc2CNC(=O)C2CC3(CCNCC3)CN2)cc1,2.11,,
COc1ccc(-c2nc(-c3cccc(C(N)=O)c3)no2)c(F)c1,,,0.5856999789184253
COc1ccc(-c2nc(-c3cnccn3)nn2C2CCCC2)cc1,,,0.3517796630156844
COc1ccc(-c2nc(-c3ncccc3-n3cccn3)no2)cc1,,,0.27829903881872203
COc1ccc(-c2nc(C(=O)Nc3ccc(F)cc3Cl)cs2)cc1OC,,,0.1558207896899697
COc1ccc(-c2nc(C)c(C(C)NC(=O)NCc3c[nH]nc3C)s2)cc1,4.37,4.37,0.7422062469028723
COc1ccc(-c2nc(C3(S(C)(=O)=O)CCCC3)no2)cn1,,,0.4438712374398717
COc1ccc(-c2nc(C3CCCN(C(C)=O)C3)no2)cc1S(=O)(=O)NC(C)C,,,0.6599130531857171
COc1ccc(-c2nc(CC3CCN(C(=O)Cc4c[nH]c5ccccc45)C3)no2)cc1,3.83,,
COc1ccc(-c2nc(CNC(=O)N3CCCC3c3ccncc3)n[nH]2)cc1,,,0.27912830366268465
COc1ccc(-c2nc(N3CCOCC3)cc3ccccc23)cn1,4.64,3.14,1.0590984310326947
COc1ccc(-c2nc3ccccc3[nH]2)cc1NC(=O)c1ccc(-c2ncn(C)n2)cc1,,,0.23068441925326644
COc1ccc(-c2nccc(N3CCN(C(C)C(=O)NC4CC4)CC3)n2)cc1,,,0.41774245012747147
COc1ccc(-c2nnc(N3CCC(OCc4cccnc4)C3)o2)cc1,,,0.33172470183193586
COc1ccc(-c2nnc(N3CCN(C(C)C(=O)NC4CC4)CC3)s2)cc1,,,0.34633860903480784
COc1ccc(-c2nnc(N3CC[C@H](OC(F)F)C3)s2)cc1,,,0.3172142560504343
COc1ccc(-c2nnc3n2CC(C)(C)CC3)c(OC)c1,5.2,2.33,1.0787368455141273
COc1ccc(-c2noc(-c3ccc4ccccc4n3)n2)cn1,,,0.0411848854341161
COc1ccc(-c2noc(C(C)Cn3ccnc3)n2)cc1,,,0.35938620818441164
COc1ccc(-c2noc(CCC(=O)N3CCC(c4c[nH]cn4)CC3)n2)cc1,,,0.46848080746505083
COc1ccc(-c2noc(CCC(=O)N3CCOCC3c3nc(C)no3)n2)cc1,,,0.7886521263857977
COc1ccc(-c2noc(CCCC(=O)Nc3cccc(Cl)c3C)n2)cc1,4.49,,
COc1ccc(-c2noc(CCCC(=O)O)n2)cc1,2.65,,
COc1ccc(-n2c(SCc3cc(C)no3)nc3ccccc3c2=O)cc1,5.11,,2.156461683438108
COc1ccc(-n2cc(C(=O)NC(C)c3cn(C)nc3C)nn2)cc1,,,0.16218996608467204
COc1ccc(-n2cc(CNC(=O)N(C)CCC3CCCCN3C)nn2)cc1,,,0.1627167356964343
COc1ccc(-n2ccc(CNC(=O)C(C)C(=O)O)n2)cc1,,,0.03850025537787105
COc1ccc(-n2ccn(C(C)C(=O)N3CCN(C(C)=O)CC3)c2=O)cc1,,,-0.2178118345606397
COc1ccc(-n2nc(C(=O)NCc3nnn(C)n3)cc2C)cc1,,,0.2828378288517748
COc1ccc(-n2nc(C(N)=O)c3c2C(=O)N(c2ccc(N4CCCCC4=O)cc2)CC3)cc1,,,0.2764780028285757
COc1ccc(-n2nnc(C(=O)Nc3ccc(N4CCOCC4)cn3)c2C)cc1,,,0.1027274468031431
COc1ccc(-n2nnnc2CNC(C)(C)c2cccc(C#N)c2)cc1,5.54,2.17,1.0081019044761943
COc1ccc(-n2nnnc2S(=O)(=O)Cc2ccc(C(=O)N3CCCCC3)cc2)cc1,,,0.4228945014767921
COc1ccc(Br)c(CN(C)C(=O)[C@@H]2CCCN2C(N)=O)c1,,,0.2749618891698891
COc1ccc(Br)c2[nH]c(C(=O)NCc3ccc(-c4nn[nH]n4)cc3)cc12,,,0.26511981354031133
COc1ccc(Br)cc1C(=O)Nc1ccccc1-c1ccccc1,5.1,3.07,
COc1ccc(Br)cc1C(=O)O,2.01,,
COc1ccc(Br)cc1C1CCCN1C(=O)c1cncnc1,,,0.5678870926112956
COc1ccc(Br)cc1S(=O)(=O)Nc1ccccc1C(C)C,6.34,,1.8928955542363624
COc1ccc(C(=O)N(C)C(C)Cc2ccccc2C)cc1S(=O)(=O)N1CCOCC1,5.76,1.91,1.3748051684990896
COc1ccc(C(=O)N2CC(c3nc(CCOCC4CC4)no3)C2)cc1,4.59,,
COc1ccc(C(=O)N2CCC(CS(N)(=O)=O)C2)c2ccccc12,,,0.35552648762104155
COc1ccc(C(=O)N2CCC(Cn3cncn3)CC2)cn1,,,0.11384173609997025
COc1ccc(C(=O)N2CCC(NC(=O)c3cccc(C)n3)CC2)cc1OC,,,0.43415783132821856
COc1ccc(C(=O)N2CCCC(c3cc(C(F)(F)F)[nH]n3)C2)cn1,,,0.34291358205650163
COc1ccc(C(=O)N2CCCC2)cc1NC(=O)C1CC(=O)N(C2CCCC2)C1,,,0.1665645740964098
COc1ccc(C(=O)N2CCN(CC(=O)N3CCOCC3)CC2)cc1,1.84,,
COc1ccc(C(=O)N2CCN(c3cc(C)ccn3)CC2)nn1,,,0.0617156792777094
COc1ccc(C(=O)N2CCOCC2)cc1Br,2.99,,
COc1ccc(C(=O)N2C[C@@H](CNC(C)=O)[C@H](c3cncn3C)C2)c(Cl)c1,,,0.07817246389170444
COc1ccc(C(=O)NC(CNS(=O)(=O)c2cnn(C)c2)c2ccccc2)cc1Cl,4.58,3.6,0.8072648099029358
COc1ccc(C(=O)NC2(c3nnc[nH]3)CCC2)c(O)c1,,,0.3055178830836113
COc1ccc(C(=O)NC2CC(NC(=O)OC(C)(C)C)C2)c(F)c1,,,0.3263481804066661
COc1ccc(C(=O)NC2CCCN(c3cc(C)nn3C)C2)cn1,,,-0.00604991619342805
COc1ccc(C(=O)NCC(=O)Nc2ccc3c(c2)CCCC(=O)N3)cc1OC,,,0.0072822150547582
COc1ccc(C(=O)NCC(=O)Nc2ccccc2-c2nc(C)c[nH]2)cc1OC,,,0.6754948733899333
COc1ccc(C(=O)NCC(C)(C)N2CCN(C)CC2)c(OC(C)C)c1,,,0.26194781981959825
COc1ccc(C(=O)NCC2(C)CCCCO2)cc1-n1cnnn1,4.46,1.97,1.232824665725189
COc1ccc(C(=O)NCC2CCN(c3ccncc3)CC2)cc1OC,,,-0.03953881919347075
COc1ccc(C(=O)NCC2CCOc3ccccc32)cc1N1CCNC1=O,4.54,4.99,0.8385498851847288
COc1ccc(C(=O)NCCCN2CCOCC2)cc1OC,2.0,,
COc1ccc(C(=O)NCc2ccc(OCCN(C)C)cc2)cc1OC,,,-0.0428236250366479
COc1ccc(C(=O)N[C@H]2CC[C@@H](NC(=O)c3cncs3)C2)cc1C,,,0.40943696213235425
COc1ccc(C(=O)Nc2cccc(-c3noc(C)n3)c2)c(F)c1,,,0.4482929418435419
COc1ccc(C(=O)Nc2ccccc2Cl)cc1C1CC1,4.04,3.17,1.5233903789861785
COc1ccc(C(=O)O)cc1,2.26,,
COc1ccc(C(=O)O)cc1Br,3.02,,
COc1ccc(C(=O)O)cc1NS(=O)(=O)c1cn(CC(C)C)cn1,,,0.34762211328292986
COc1ccc(C(=O)O)cc1OC,2.07,,
COc1ccc(C(=O)OCc2nc(N)c3c4c(sc3n2)CCCC4)cc1O,5.23,3.9,0.9237233839811457
COc1ccc(C(=O)c2ccccc2)c(O)c1,,,0.22505604179663635
COc1ccc(C(C)(C)C)cc1-c1noc(-c2cc(C)[nH]n2)n1,,,0.503553168006319
COc1ccc(C(C)(C)c2noc(-c3cc(C)[nH]n3)n2)cc1OC,4.65,3.94,0.7402316285143705
COc1ccc(C(C)=O)cc1COc1c(C)cc(C=O)cc1C,3.91,,
COc1ccc(C(C)C(=O)NC2CCN(CC3CCOC3)CC2)cc1,,,-0.09826976626479365
COc1ccc(C(C)CC(=O)NC2CCN(C3CCOCC3)C2=O)cc1,,,0.0658924512861556
COc1ccc(C(C)NC(=O)N2CCCCCC2c2ccncc2)cc1F,5.61,1.98,0.8277890867614468
COc1ccc(C(C)Nc2ncnc3nc[nH]c23)cc1Br,,,0.1293593310256089
COc1ccc(C(CC(=O)N2CCC(C)C3(CCC3)C2)NC(C)=O)cc1,5.28,2.72,1.9029976397415524
COc1ccc(C(CCO)NC(=O)NCCc2c[nH]c3ccccc23)cc1,4.63,4.87,1.0278682247799005
COc1ccc(C(CN(C)C)C2(O)CCCCC2)cc1,,,0.02777411328960425
COc1ccc(C(CN2CCCC2)NC(=O)Cn2c(=O)cnc3ccccc32)cc1,,,-0.012897352936549498
COc1ccc(C(CNC(=O)N2CCC(CO)CC2(C)C)N(C)C)cc1,,,0.2963070632834821
COc1ccc(C(CNC(=O)[C@@H]2C[C@H]2C(F)(F)F)c2c[nH]c3ccccc23)cc1,4.81,3.02,1.0763324978511701
COc1ccc(C(CO)N(C)S(=O)(=O)c2ccc3[nH]c(=O)[nH]c(=O)c3c2)cc1,,,0.1718437986682525
COc1ccc(C(NC(=O)CNC(C)c2cc(F)ccc2-n2cccn2)C2CC2)cc1,5.12,4.05,1.4454488228309499
COc1ccc(C(NC(=O)Cc2c[nH]c(=O)[nH]c2=O)[C@H]2C[C@@H](O)C2)cn1,2.74,,
COc1ccc(C(NC(=O)N2CCC3(C2)C(=O)Nc2ccccc23)c2ccc(C)cc2)cc1,5.2,,1.4577757284624235
COc1ccc(C(NC(=O)N2Cc3ccccc3C2)C2CC2)cn1,5.16,5.51,1.2201867307634857
COc1ccc(C(NC(=O)c2cc(C)nc3c2c(C)nn3C)C(=O)O)cc1,,,-0.2992420529983321
COc1ccc(C(NC(=O)c2ccc(C)[nH]c2=O)C(=O)O)cc1,,,0.0004087185566032502
COc1ccc(C(NC(=O)c2cnn3cccnc23)C2CC2)cn1,4.85,5.32,0.9759618664260612
COc1ccc(C(NS(=O)(=O)c2ccc(C)c(C)c2)[C@H]2C[C@@H](O)C2)cn1,4.55,,
COc1ccc(C(O)C(C)NC(=O)NCCOc2ccccc2)cc1,,,0.7125204156964642
COc1ccc(C)cc1-n1ccc(C(=O)NS(=O)(=O)c2cnc3c(cnn3C)c2)n1,4.43,3.1,0.8327385054316252
COc1ccc(C)cc1-n1ccc(C(=O)NS(=O)(=O)c2nnc(C)s2)n1,,,0.32447866404006886
COc1ccc(C)cc1CC(=O)NCC1(c2cnn(C)c2)CCCO1,,,0.7150014896919052
COc1ccc(C)cc1NC(=O)CC(NS(C)(=O)=O)c1ccc(Cl)cc1,5.08,1.96,1.1847781360460956
COc1ccc(C)cc1NC(=O)CNc1cccc(-n2nnnc2C)c1,,,0.6790391358754896
COc1ccc(C)cc1Nc1nc2ccccc2nc1NS(=O)(=O)c1ccc(C)cc1,3.76,,
COc1ccc(C)cc1S(=O)(=O)N1CC(O)CC1c1ccc(F)cc1,5.04,3.83,1.244695913042292
COc1ccc(C)cc1S(=O)(=O)N1CC2(CCNCC2)[C@H]2COC[C@H]21,,,0.25038955781139943
COc1ccc(C)cc1S(=O)(=O)N1CCN(C2CCOCC2)C[C@H]1C,4.46,3.67,0.7458092469509923
COc1ccc(C)cc1S(=O)(=O)NC1CC(C)(C)Oc2ccccc21,5.76,3.2,1.4577870544801872
COc1ccc(C)cc1S(=O)(=O)Nc1cc(Cl)cc(Cl)c1,5.08,,2.1001256330599958
COc1ccc(C)cc1[C@H](C)Nc1ccc(C(=O)NC2CC2)cn1,,,0.4998420839546296
COc1ccc(C)nc1NC(=O)N1CCCc2ccccc2CC1,,,0.7317174719144148
COc1ccc(C2(C(=O)NCC3CN(CC(C)C)C(=O)CO3)CCCCC2)cc1,5.52,,
COc1ccc(C2(C)NC(=O)N(c3ccc(F)c(OC)c3)C2=O)cc1,,,0.4634335601527678
COc1ccc(C2(CN)CCOCC2)cc1,3.32,,
COc1ccc(C2(CNC(=O)c3ccc(NC(=O)c4ccco4)cc3)CCOCC2)cc1,4.46,,
COc1ccc(C2(CNC(=O)c3cn(C)nc3C3CC3)CCC2)cc1,,,0.7872513332398373
COc1ccc(C2(NC(=O)C3Cc4ccccc43)CC2)cc1,5.24,5.33,1.0669894881587396
COc1ccc(C2(NC(=O)c3c[nH]c4ncc(Br)cc34)CC2)cc1,5.1,2.89,1.292030794820636
COc1ccc(C2(c3cn(C4CCC(C(=O)O)C4)nn3)CC2)cc1,,,0.31811089627919736
COc1ccc(C2(c3noc(CC4CCOCC4)n3)CCCC2)cc1OC,5.09,2.12,1.0790943123403298
COc1ccc(C23CC4CC(CC(C(=O)Nc5ncn(Cc6cccnc6)n5)(C4)C2)C3)cc1,,,0.6422353300835297
COc1ccc(C2=NOC(C(=O)N3CCN(c4ccccc4)CC3)C2)cc1,2.44,,
COc1ccc(C2=NOC(CNC(C)C(C)OC)C2)cc1F,,,0.24667575769770794
COc1ccc(C2C(=O)c3ccccc3C2=O)cc1,4.6,2.24,1.6310273814045408
COc1ccc(C2CC(=O)N(CC=CCl)C(=O)N2)cc1OC,,,0.1451831987893032
COc1ccc(C2CC(C)N(CC(=O)NCC(F)(F)F)C2)cc1,,,0.5064233868652426
COc1ccc(C2CC(c3ccccc3)=NN2C(=O)Cn2cnc(C)c2C)cc1,,,0.6593129542146514
COc1ccc(C2CCCCCN2C(=O)Nc2cc(N(C)C)ncn2)cc1,,,0.9525224895333722
COc1ccc(C2CCCN2C(=O)c2ccc(N3CCNC3=O)c(C)c2)c(OC)c1,,,0.6790908915343289
COc1ccc(C2CCCN2C(=O)c2cnc3snc(C)c3c2)cc1F,,,0.44036504865060444
COc1ccc(C2CCCN2C(=O)c2csc(=O)[nH]2)cc1F,,,0.644776625639599
COc1ccc(C2CCCN2C(=O)c2nccc3occc23)cc1F,5.26,3.91,1.4332279608340688
COc1ccc(C2CCCN2CCC(=O)Nc2ccc(C(N)=O)cc2)cc1OC,,,0.39830531433643335
COc1ccc(C2CCN(C(=O)NCc3c[nH]nc3C)C2)cc1,,,0.34506335845972846
COc1ccc(C2CCN(C(=O)c3cc4c(ccn4C)[nH]3)C2)cc1,,,0.7603850051139487
COc1ccc(C2CCN(C(=O)c3ccc(C)c(NC(=O)c4ccccc4)c3)CC2)cc1,5.27,5.07,0.9721380491601149
COc1ccc(C2CCN(C(=O)c3cnc4sccn4c3=O)CC2)cn1,,,0.0120873815335336
COc1ccc(C2CCN(S(=O)(=O)c3ccc(NC(C)=O)cc3)C2)cc1,,,0.1004433737525013
COc1ccc(C2CCN(c3nnc(Cc4cc(C)n[nH]4)n3C)CC2)cc1,,,0.43757801602741714
COc1ccc(C2CN(C(=O)Nc3ccc(C(F)(F)F)nc3)CCO2)cc1,,,0.4086335843757229
COc1ccc(C2CN(C(=O)c3cc(O)ccn3)CCN2)cc1,,,0.4456608962895939
COc1ccc(C=CC(=O)OCCC(C)C)cc1,,,0.3602715601594723
COc1ccc(C=O)cc1Cn1ncc(Cl)c(Cl)c1=O,4.2,,
COc1ccc(CC(=O)N2CC(C(N)=O)Cc3ccccc32)c(C)c1,4.7,5.43,0.8953553382204444
COc1ccc(CC(=O)N2CCC(CNC(=O)CCn3nnnc3C)CC2)cc1,3.36,,
COc1ccc(CC(=O)N2CCCC2c2ccc(OC)cn2)cc1,5.08,3.17,1.370357841496317
COc1ccc(CC(=O)N2CC[C@@H](NC(=O)c3cccnc3)[C@@H](CO)C2)cc1,3.38,,
COc1ccc(CC(=O)NC(c2ccc(F)c(F)c2)C(C)(C)N2CCCC2)cc1,4.93,4.25,1.0941355672919335
COc1ccc(CC(=O)NC2(c3nnn[nH]3)CCC2)cc1,,,0.1169490796771599
COc1ccc(CC(=O)NCC2CCC3(CCOCC3)CO2)c(C)c1,3.56,2.29,0.9093922727540915
COc1ccc(CC(=O)NS(=O)(=O)Cc2cccnc2)c(C)c1,,,0.13322473201222296
COc1ccc(CC(=O)NS(=O)(=O)c2cccc3cccnc23)cc1OC,,,0.2624068261992958
COc1ccc(CC(=O)Nc2cc(C3CCCCCC3)[nH]n2)nc1,,,0.0953542022391924
COc1ccc(CC(=O)Nc2ccc3nc(N4CCOCC4)oc3c2)cc1,,,0.4805772560240486
COc1ccc(CC(=O)O)cc1S(=O)(=O)N(C)c1ccn(C)n1,,,-0.09158863801603265
COc1ccc(CC(C)(CO)NC(=O)c2cc3c(C)cc(C)nc3s2)cc1OC,4.885,5.49,2.1644648991391024
COc1ccc(CC(C)(CO)NCc2c3c(nn2C)CCSC3)cc1,,,0.150117444098265
COc1ccc(CC(C)C(=O)N2CCC(c3cccc4cnccc34)CC2)cc1,,,0.46292936037830623
COc1ccc(CC2(C)NC(=O)N(CC(=O)N3CCNCC3)C2=O)cc1,,,0.15182151992098158
COc1ccc(CC2CCCCN2C(=O)Nc2ccncc2)cc1,,,0.3338701626916528
COc1ccc(CC2CCN(C(=O)C(C)(C)c3c(C)noc3C)CC2)cc1,,,0.8048537553188595
COc1ccc(CC2CCN(C(=O)Cn3cccn3)CC2)cc1,,,0.1502696855439505
COc1ccc(CC2CCN(C(=O)NCCCF)CC2)cc1,,,0.3873415688694485
COc1ccc(CC2CCN2C(=O)c2c(C(F)F)nc3ccccn23)cc1,,,0.6535378361215843
COc1ccc(CCC(=O)N(C)CC(C)C(=O)O)cc1OC,,,0.25359750542480053
COc1ccc(CCC(=O)N2CCCN(C(=O)c3coc(C4CC4)n3)CC2)cc1,4.63,3.15,1.1163171410954276
COc1ccc(CCC(=O)N2CCN(C(=O)Nc3ccc(OC)nc3)CC2)cc1,,,0.26197878885598663
COc1ccc(CCC(=O)N[C@H]2CCC[C@H]2C(=O)O)c(Br)c1,,,0.40742753666259046
COc1ccc(CCC(=O)Nc2nc3ccc(Cl)cc3s2)cc1OC,4.99,,
COc1ccc(CCC(=O)O)cc1OC,2.87,,
COc1ccc(CCCC(=O)N2CC(n3cc(C(C)O)nn3)C2)cc1,,,0.205074898430987
COc1ccc(CCCC(=O)NC2CCCCC2)cc1,3.82,,
COc1ccc(CCCC(=O)O)cc1,2.82,,
COc1ccc(CCCNC(=O)N2C(C)CCC2C)cc1OC,4.63,1.84,0.888690953247644
COc1ccc(CCN(C)C(=O)CN2CC(C)(C)C2(C)C)cc1OC,,,0.08283554622500469
COc1ccc(CCN(C)C(=O)C[C@@H]2CNC[C@H]2O)cc1Br,,,0.31659145582874526
COc1ccc(CCN(C)CCCC(C#N)(c2ccc(OC)c(OC)c2)C(C)C)cc1OC,4.75,1.87,1.7692529176823057
COc1ccc(CCN)cc1OC,2.47,,
COc1ccc(CCN2C(=O)NCC(C)(C)C2=O)cc1OC,,,0.5643033356728195
COc1ccc(CCN=C2NCCCCN2)c(Cl)c1OC,,,0.3049825173511944
COc1ccc(CCNC(=O)Cc2nc3csnc3c(=O)[nH]2)cc1OC,,,0.2160420467048839
COc1ccc(CCNC(=O)Cn2c(=O)oc3cc(Cl)ccc32)cc1OC,4.85,4.0,0.9762434032869394
COc1ccc(CCNC(=O)Cn2c(=O)oc3ccccc32)cc1OC,3.89,,
COc1ccc(CCNC(=O)N2CCC(C)(N3CCOCC3)CC2)c(Cl)c1,,,0.7265935564429735
COc1ccc(CCNC(=O)N2CCC[C@H]2CN2CCOCC2)cc1F,,,0.2161393768777957
COc1ccc(CCNC(=O)c2cc3c(s2)-c2ccccc2OC3)cc1OC,5.18,1.79,
COc1ccc(CCNC(=O)c2cccc(-c3ncn[nH]3)c2)cc1,,,0.4520212596846185
COc1ccc(CCNC(=O)c2cnc3scc(C)n3c2=O)cc1OC,4.13,,
COc1ccc(CCNCC(O)COc2cccc(C)c2)cc1OC,,,0.30173327788862825
COc1ccc(CCc2nnc(N3CCC(CO)CC3)n2CCN2CCN(C)C(C)(C)C2)cc1,,,0.1334310520826151
COc1ccc(CCc2nnc(NC3CCOC3)o2)cc1,,,-0.02588658417261705
COc1ccc(CCn2nnnc2N2CCCC2)cc1F,4.87,3.19,0.8131376696491233
COc1ccc(CN(C)C(=O)NCc2cccnc2-n2ccnc2)cc1,,,0.1437220042560139
COc1ccc(CN(C)C(=O)N[C@@H]2C[C@H]2c2ccc(F)cc2)cc1OC,,,0.5401073205684023
COc1ccc(CN(Cc2ccccn2)C(=O)NCC2CCN(C)C2)cc1,3.53,,
COc1ccc(CN2CCC(NC(=O)c3ccc4nc(C)n(C)c4c3)C2=O)cc1,,,0.1462343879439619
COc1ccc(CN2CCCN(CC3CCCNC3)CC2=O)cc1,,,0.16927041134878135
COc1ccc(CN2CCN(C(=O)CCNC(=O)c3ccc(C(C)(C)C)cc3)CC2)cc1,3.61,,
COc1ccc(CN2CCN(c3ccccc3OC)CC2)cc1Cn1cccn1,4.28,,
COc1ccc(CN2CCNCC2)c(OC)c1OC,,,0.0027879760725629497
COc1ccc(CN2CCNCC2)cc1,2.08,,
COc1ccc(CNC(=O)C2CCCN2C(=O)c2ccccc2O)cc1Cl,4.43,3.03,0.940038928026443
COc1ccc(CNC(=O)CNC(=O)CCCc2c[nH]c3ccccc23)cc1,,,0.12023879623949364
COc1ccc(CNC(=O)N2CC3(CC=CC3)C2C(C)C)cc1OC(F)F,5.75,2.96,1.056013626000484
COc1ccc(CNC(=O)N2CCC(C)C(n3ccnc3)C2)cc1F,4.85,3.13,1.070953147401959
COc1ccc(CNC(=O)c2ccc3c(c2)CCO3)c(C)c1OC,,,0.31969505502323114
COc1ccc(CNCCCc2ccccc2F)c(OC)c1C,4.32,,
COc1ccc(CN[C@H]2CN(C(=O)OC(C)(C)C)C[C@H]2O)cc1O,,,0.0883847908037689
COc1ccc(CNc2cc(C(N)=O)ccc2CN2C(=O)CN(C)C2=O)c(Cl)c1,5.22,1.85,0.8805208262846396
COc1ccc(CNc2cc(OC)ncn2)c(OC2CCCC2)c1,4.99,4.77,1.490581322527642
COc1ccc(CNc2nc(N3CCC[C@H]3CO)ncc2C(=O)NCc2ncccn2)cc1Cl,,,0.6929690827204231
COc1ccc(CNc2nc3c(c(=O)[nH]c(=O)n3C)n2C)cc1OC(F)F,,,0.24994502107258762
COc1ccc(CO)c(-c2cncc(N(C)C3CCNC3)n2)c1,,,0.5218050726245084
COc1ccc(COCC(=O)NC2CCn3nccc3C2)cc1,,,-0.1733905958146931
COc1ccc(COCC(=O)N[C@@H]2CC(Cn3cccn3)C[C@H]2O)cc1,,,0.2976369558465354
COc1ccc(COCC(=O)Nc2cc(C(F)(F)F)n(C)n2)cc1,,,0.4805178803153301
COc1ccc(CS(=O)(=O)CC(=O)N2CCCC2(C)C)c(C)n1,5.33,2.87,0.9034774086550148
COc1ccc(C[C@@H]2c3cc(OC)c(OC)cc3CC[N@+]2(C)CCC(=O)OCCCCCOC(=O)CC[N@@+]2(C)CCc3cc(OC)c(OC)cc3[C@H]2Cc2ccc(OC)c(OC)c2)cc1OC,,,0.489457063537013
COc1ccc(Cc2cnc(N)nc2N)cc1OC,1.81,1.91,-0.06847291433078645
COc1ccc(Cc2nc(-c3ccc(OC)nn3)no2)c(C)c1,4.11,5.47,0.9725653939111469
COc1ccc(Cl)c(CN2C(=O)NC3(CCc4ccccc4C3)C2=O)c1,4.89,4.29,1.171087513195463
COc1ccc(Cl)c(NS(=O)(=O)c2cccc(S(N)(=O)=O)c2)c1,4.33,4.64,1.098279509694164
COc1ccc(Cl)c2c1CCCC2NCc1nnc(C(C)C)[nH]1,4.77,4.06,0.6719068529562547
COc1ccc(Cl)cc1-n1cc(S(=O)(=O)N2CCC(c3cnn(C)c3)CC2)cn1,,,0.7638941836302113
COc1ccc(Cl)cc1C(=O)N1CCC(Oc2cccc(F)c2)CC1,5.34,1.97,0.9082279811533794
COc1ccc(Cl)cc1C(=O)N1CCCN(C(=O)c2cc(Cl)ccc2OC)CC1,5.21,,1.241357670910877
COc1ccc(Cl)cc1C(=O)NCCc1ccc(S(=O)(=O)NC(=O)NC2CCCCC2)cc1,4.75,4.68,1.5812277562014727
COc1ccc(Cl)cc1C(=O)NCCc1ccc(S(N)(=O)=O)cc1,3.47,,
COc1ccc(Cl)cc1C(=O)O,2.05,,
COc1ccc(Cl)cc1C(O)CNC(=O)c1cccc2c1OCC2,5.31,3.29,1.1989160792040674
COc1ccc(Cl)cc1CC(=O)N1CCC(c2nnc3ccccn23)CC1,,,0.6805411156152328
COc1ccc(Cl)cc1CNC(=O)N1CCN(CC(C)(C)O)CC1C,,,0.584915127287264
COc1ccc(Cl)cc1N1CCC(NC(=O)NCC2C(C)(C)C2(F)F)C1,5.17,2.26,1.0095183872642204
COc1ccc(Cl)cc1NC(=O)C(C)OC(=O)c1ccnc2[nH]ccc12,,,0.778349284049328
COc1ccc(Cn2cc(C(=O)N3CCCC(c4ncc[nH]4)C3)cn2)cc1OC,,,0.22439096247880722
COc1ccc(Cn2cc(C(=O)NC3CCC(=O)NC3C3CCCO3)cn2)cc1,,,0.018279876314294695
COc1ccc(Cn2cc(C(=O)NC3CCc4[nH]ncc4C3)cn2)cc1,,,-0.08102784196430325
COc1ccc(Cn2ccc(=O)n(Cc3ccc(OC)cc3)c2=O)cc1,,,0.5522745409961088
COc1ccc(Cn2ccc(NC(=O)C3C4CCCC43)n2)cc1,4.76,1.84,0.854146483630024
COc1ccc(Cn2nnc(C(=O)NCc3nnc(C(C)C)[nH]3)c2C)cc1,,,0.1710696921851535
COc1ccc(F)c(CN2C[C@H]3CC[C@@H]2CN(CC(=O)N(C)C)C3)c1,4.15,,
COc1ccc(F)c2[nH]c(C(=O)N3CCC[C@H]3C(N)=O)cc12,,,0.2741495281575966
COc1ccc(F)cc1C(=O)NC1CCN(c2ncccc2Cl)C1,5.404999999999999,3.87,1.358822462896587
COc1ccc(F)cc1C(=O)NCc1ccc(-n2ccnc2)nc1,,,0.3109041507857322
COc1ccc(F)cc1C(=O)Nc1ccc(-c2ncn(C)n2)cc1,,,0.151183032539703
COc1ccc(F)cc1C(=O)Nc1cnc2c(c1)COCC2,,,0.19903626006627118
COc1ccc(F)cc1C(C)NC(=O)NCc1cc(C)c[nH]c1=O,,,0.37349348712699587
COc1ccc(F)cc1CC(=O)N1CCC(n2cc(C3CC3)nn2)C1,,,0.3494325103801131
COc1ccc(F)cc1CC(=O)NC(C)C1(N2CCOCC2)CCCC1,4.99,3.04,1.001601437982743
COc1ccc(F)cc1CNc1[nH]ncc1C(=O)N(C)C,,,0.9906255972357662
COc1ccc(N(C(=O)c2ccccc2)C(C(=O)NC2CCCCC2)c2ccccn2)cc1,5.06,4.15,1.6076893563771857
COc1ccc(N(C)C(=O)C2CCN(C(=O)c3ccccc3)CC2)cn1,,,0.30756153635742983
COc1ccc(N(C)C(=O)Cn2ncc3ccccc3c2=O)c(OC)c1,4.77,3.02,1.0390473819536128
COc1ccc(N(C)C(=O)c2sc(CC3CC3)nc2C)nc1,,,0.6388486819286943
COc1ccc(N(C)S(=O)(=O)c2cccc3c(Cl)cc(C)nc23)cn1,5.775,1.81,1.085344480248309
COc1ccc(N(CC2CC2)C(=O)CC2CC(C)(C)CO2)cc1,5.08,3.78,1.3904045773461862
COc1ccc(N(Cc2cccs2)C(=O)CC2CCNCC2)cc1,,,0.09289992022848555
COc1ccc(N)c(OC)c1,3.02,,
COc1ccc(N)cc1,2.53,,
COc1ccc(N2CCN(C(=O)C3CCCC(=O)N3C)CC2)cc1F,,,-0.160841077123379
COc1ccc(N2CCN(C(=O)CN3CCC(c4nc(C)no4)CC3)CC2)cc1,,,0.4656607939513361
COc1ccc(N2CCN(C(=O)CN3C[C@@H]4C[C@H]3CN4)CC2)cc1,,,0.07053768976183834
COc1ccc(N2CCN(C(=O)Cc3ccccc3Cl)CC2)nc1,,,0.1308373501054984
COc1ccc(N2CCN(C(=O)Cn3[nH]cc4c(=O)ncnc3-4)CC2)cc1F,,,0.0131289503272312
COc1ccc(N2CCN(C(=O)c3cc(C)oc3C)CC2)nc1,,,0.1597006951991783
COc1ccc(N2CCN(C(=O)c3coc(C(F)(F)F)n3)CC2)nc1,,,-0.0481178244303705
COc1ccc(N2CCN(Cc3cc(=O)c(OC)co3)C(C)C2=O)cc1,2.9,,
COc1ccc(NC(=O)C(C)N2CCCC(c3n[nH]c(C4CC4)n3)C2)cc1OC,,,0.5479724831767296
COc1ccc(NC(=O)C2CC(=O)N(c3cn[nH]c3)C2)cc1OC(C)C,,,-0.0603476161306748
COc1ccc(NC(=O)C2CCCN2C(=O)CCc2ccco2)cc1,4.09,4.77,0.9173584049571921
COc1ccc(NC(=O)C2Cc3ccccc3CN2C(C)=O)cc1OCC(N)=O,,,0.9213282905855272
COc1ccc(NC(=O)CCC(C)CN(C)C)cc1-n1cnnn1,,,0.28129510070658753
COc1ccc(NC(=O)CCCn2cncn2)cc1NC(=O)c1ccco1,3.6,,
COc1ccc(NC(=O)CN2CCC(Cc3cccnc3)CC2)cc1OC,,,0.5061864655296022
COc1ccc(NC(=O)CN2CCN(c3nc[nH]c4nccc3-4)CC2)cc1S(=O)(=O)N(C)C,,,0.0557526445428407
COc1ccc(NC(=O)CN2C[C@H]3CCC[C@@]3(C(N)=O)C2)c(OC)c1,,,0.5261931861434728
COc1ccc(NC(=O)Cc2c(C)nc3nc(SC)nn3c2C)cc1Cc1ccccc1,,,0.2929834949404263
COc1ccc(NC(=O)Cc2cncnc2)cc1OCc1ccncc1,,,0.07614049226589065
COc1ccc(NC(=O)Cn2nc(C(F)(F)F)c(Cl)c2C)cn1,,,0.11035746399065414
COc1ccc(NC(=O)N2CCC(Cc3ccccc3)C2)c(C)n1,,,0.46947042236449493
COc1ccc(NC(=O)N2CCCS(=O)(=O)CC2)cc1OCC(F)(F)F,,,0.3998512134759925
COc1ccc(NC(=O)N2CCOCC2c2ccc(F)cc2)c(C)n1,,,0.26356065243549254
COc1ccc(NC(=O)N2CC[C@@H](Oc3ccccc3)C2)c(C)n1,,,0.052968170645994406
COc1ccc(NC(=O)N2CCn3c(nnc3C(C)C)C2)cc1OC,,,-0.241892347150087
COc1ccc(NC(=O)N2CCn3nnc(CCC(=O)N4CCCC4)c3C2)cc1,3.34,,
COc1ccc(NC(=O)N2Cc3ccccc3NC(=O)C2C)c(C)n1,4.54,3.71,1.5442817129369195
COc1ccc(NC(=O)NC(C)c2cccc(C#N)c2)cc1S(=O)(=O)NC1CC1,5.21,4.04,2.0664278368649915
COc1ccc(NC(=O)NC(C)c2cnn(C)c2)cc1NS(C)(=O)=O,3.94,,
COc1ccc(NC(=O)NC2CCN(c3cc(C)nn3C)C2=O)cc1OC,,,0.23447683392794316
COc1ccc(NC(=O)N[C@H]2COC[C@@H]2OC)cc1OC,3.14,,
COc1ccc(NC(=O)Nc2cc(C3CC3)n(C)n2)c2ccccc12,,,0.30513291459846625
COc1ccc(NC(=O)[C@H]2CC[C@H]2C(=O)O)cc1Cc1ccccc1,,,0.1553038235547452
COc1ccc(NC(=O)c2c[nH]c3ncccc23)c(C)n1,,,0.0439193689671796
COc1ccc(NC(=O)c2cc(-n3cccn3)ccn2)cc1-n1nnnc1C,,,0.23039399378564315
COc1ccc(NC(=O)c2cc[nH]n2)c(OCc2ccccc2)c1,4.51,4.58,1.185899526413062
COc1ccc(NC(=O)c2ccc(C)cc2)c(OC)c1,4.05,,
COc1ccc(NC(=O)c2cccc3c(Br)cccc23)cc1,3.55,,
COc1ccc(NC(=O)c2cccc3c2C(=O)NC3)cc1,,,0.5036836754442451
COc1ccc(NC(=O)c2cn(CC3CC3)nn2)c(OC)c1,,,0.33773731537615015
COc1ccc(NC(C)(C)C(=O)NCc2nc3cc(C)c(C)cc3[nH]2)cc1,4.08,,
COc1ccc(NC2(C(=O)NCc3noc(C4CC4)n3)CCCCC2)cc1,4.74,,
COc1ccc(NS(=O)(=O)c2cc(Cl)c(NC(C)=O)cc2F)cc1-n1nnnc1C,4.43,3.15,1.0685940544824264
COc1ccc(NS(=O)(=O)c2cnn3c2OCC(C)(C)C3)nc1,,,0.633038770613744
COc1ccc(Nc2nc(-c3cn(CC4CCNCC4)nn3)cs2)c(C)c1,,,0.2179468474348715
COc1ccc(Nc2nc(C(=O)NC(C)c3cccc(N4CCNC4=O)c3)cs2)cc1,,,0.5895557307286173
COc1ccc(Nc2nc(COC(=O)C3(C)CC(F)C3)cs2)cc1,,,-0.10276406737354085
COc1ccc(Nc2ncnc3[nH]ncc23)cc1OCC(F)(F)F,,,0.6431140002290102
COc1ccc(O)c(CNC(=O)Nc2cc3c(cc2N2CCCCC2)n(C)c(=O)n3C)c1,5.07,3.94,1.310154380533045
COc1ccc(O)cc1,1.84,1.93,-0.41991354164472194
COc1ccc(OC(C)C)c(NC(=O)C2C(C(=O)O)C2(C)C)c1,,,0.5076958636785361
COc1ccc(OC(F)(F)F)c(C(=O)Nc2cc3c(cc2C)OCO3)c1,5.13,5.04,1.2186616532333023
COc1ccc(OC(F)F)c(CNC(=O)c2n[nH]c3nc[nH]c(=O)c23)c1,,,0.2695719196964006
COc1ccc(OC)c(C(=O)Nc2nccnc2C2CC2)c1,,,0.457729490364731
COc1ccc(OC)c(C(O)C(C)N)c1,2.94,1.97,-0.2507441406889586
COc1ccc(OC)c(C2CCCN2C(=O)C(C)S(C)(=O)=O)c1,4.97,4.07,0.9354543604706431
COc1ccc(OC)c(C2CCCN2C(=O)CCc2nc(-c3nnc[nH]3)no2)c1,5.61,3.2,0.7418636011086024
COc1ccc(OC)c(C2CCCN2c2nc(C)cc(C#N)n2)c1,4.62,,1.4138392653582872
COc1ccc(OC)c(CN(C(=O)C2CN(C)CCO2)C2CC2)c1,,,0.6782549894756849
COc1ccc(OC)c(N)c1,2.96,,
COc1ccc(OC)c(NC(=O)c2ccc3c(c2)OCO3)c1,4.13,,
COc1ccc(OCC(=O)N2CCC(c3c[nH]cn3)CC2)cc1,,,-0.0153139248047439
COc1ccc(OCC(=O)NCC2c3ccccc3C(=O)N2C)cc1,5.27,1.86,1.3681629490817715
COc1ccc(OCC(=O)NCc2ccccc2OC)c(C=O)c1,4.05,,
COc1ccc(OCC(=O)NCc2cccs2)c(C=O)c1,3.88,,
COc1ccc(OCC(=O)Nc2cc(-c3nc4ccccc4s3)ccc2C)cc1,4.12,,
COc1ccc(OCC(=O)O)cc1,2.76,,
COc1ccc(OCc2nc(CNc3ccc4c(c3)CCCC(=O)N4)cs2)cc1,,,0.3107982419767047
COc1ccc(OCc2nnc([C@H]3C[C@@H](N)C3)n2C)c(Cl)c1,2.94,,
COc1ccc(Oc2ccc(C(=O)NCc3nncn3C(C)C)nc2)cc1,,,-0.09774116265453645
COc1ccc(S(=O)(=O)N(C)C)cc1NC(=O)C(C)N1CCC(c2ccc(O)cc2)CC1,,,0.36915656398655516
COc1ccc(S(=O)(=O)N2CC(Nc3ccc(C#N)cn3)C2)cc1,,,0.18195413226455348
COc1ccc(S(=O)(=O)N2CCC(O)(Cc3ccccc3F)CC2)cc1Cl,4.88,,1.3122707894861732
COc1ccc(S(=O)(=O)N2CCCCC2)cc1NC(=O)NCc1c(C)nc2ccccn12,5.2,1.77,0.8362719218119798
COc1ccc(S(=O)(=O)N2CCCCCC2)cc1NS(=O)(=O)c1ccc2c(c1)OCO2,5.11,4.27,2.172549957072554
COc1ccc(S(=O)(=O)N2CCN(C(=O)c3cc(=O)[nH]c4cc(F)ccc34)CC2)cc1,,,0.542366000696037
COc1ccc(S(=O)(=O)N2c3ncnn3CCC2C)cc1F,5.14,3.13,1.2786255510316349
COc1ccc(S(=O)(=O)NC(=O)c2cnc3ccnn3c2C)cn1,,,-0.0509800647151227
COc1ccc(S(=O)(=O)Nc2nc(CC(=O)N3Cc4cn[nH]c4C3)cs2)cc1,,,0.3889192202079984
COc1ccc(S(=O)(=O)Nc2ncn(-c3ccc(C#N)cc3)n2)c(C)c1,,,0.6459199924575065
COc1ccc(Sc2nsc(NC(=O)N[C@H](CO)C(C)(C)C)n2)cc1,5.98,1.8,1.0633790167300976
COc1ccc([C@@H](C)NC(=O)c2cn3c(n2)COCC3)cc1C,4.72,3.25,1.0538830805560055
COc1ccc([C@@H]2C[C@H]2C(=O)N2CCC(C(=O)N3CCOCC3)CC2)cc1,,,0.1306115583293214
COc1ccc([C@@H]2C[C@H]2C(=O)NCc2cc(F)ccc2F)cc1,4.15,3.83,0.7878261246039904
COc1ccc([C@@H]2OCC[C@H]2NC(=O)c2ccc(F)c(CSC)c2)cn1,,,0.45849126799956724
COc1ccc([C@@H]2Sc3ccccc3N(CCN(C)C)C(=O)[C@@H]2OC(C)=O)cc1,4.45,2.37,0.6434451698276712
COc1ccc([C@]2(C(=O)N3CC(N4CCCC4=O)C3)C[C@H](O)C2)cc1,,,-0.0121349614189398
COc1ccc2[nH]c(C(=O)N3CCC(c4nnc5n4CCCC5)CC3)cc2c1,,,0.14888159542280716
COc1ccc2[nH]c(C(=O)NC(C)c3c(F)cncc3F)cc2c1,,,0.38802289154999925
COc1ccc2[nH]c(C(=O)NC[C@@H]3C[C@H](OC)CN3c3ccncn3)cc2c1,5.6,3.66,1.206718776024319
COc1ccc2[nH]c(S(=O)Cc3ncc(C)c(OC)c3C)nc2c1,4.25,3.08,
COc1ccc2[nH]c([S+]([O-])Cc3ncc(C)c(OC)c3C)nc2c1,,,1.2041343530508706
COc1ccc2[nH]cc(C3CCN(c4ncnc5[nH]ncc45)CC3)c2c1,5.52,1.87,1.0785963674785966
COc1ccc2[nH]cc(CC(=O)N3CCCC3C(=O)Nc3nccs3)c2c1,,,0.448199278046699
COc1ccc2[nH]cc(CC(=O)NC3CCN(c4cc(C)nc(C)n4)CC3)c2c1,,,0.17306423045624636
COc1ccc2[nH]cc(CCNC(C)=O)c2c1,,,0.20184871528348125
COc1ccc2[nH]nc(C(=O)NC(C)c3ccccc3N(C)C)c2c1,5.44,4.61,1.671114868209409
COc1ccc2[nH]nc(NC(=O)C3(c4ccccc4)CCCO3)c2c1,4.65,4.59,1.224997156388079
COc1ccc2[nH]nc(NC(=O)c3ccn(-c4ccc(F)cc4F)n3)c2c1,4.26,4.34,0.875418408718721
COc1ccc2c(-c3ccccc3)c(C(=O)NC(C)C)oc2c1,5.005,5.08,1.682775494514103
COc1ccc2c(-c3ccccc3)c(C(=O)NC3CC(Cl)(Cl)C3)oc2c1,5.05,,0.972308441032935
COc1ccc2c(C(=O)N3CCCC(CNS(N)(=O)=O)C3)cnn2c1,,,-0.02074939352122205
COc1ccc2c(C)c(CC(=O)NCc3noc(C4CC4)n3)c(=O)oc2c1,3.72,,
COc1ccc2c(N3CCN(CCc4cnccn4)CC3)ncnc2c1F,,,-0.021027968744088597
COc1ccc2c(NC(=O)c3ccc(Cn4ccnc4)cc3)n[nH]c2c1,,,0.05123180282869245
COc1ccc2c(NCCCc3ccc4c(c3)C(=O)N(C3CCC(=O)NC3=O)C4=O)ncnc2c1,,,0.07634412066349165
COc1ccc2c(O[C@@H]3C[C@H]4C(=O)N[C@]5(C(=O)NS(=O)(=O)C6CC6)C[C@H]5C=CCCCCN(C)C(=O)[C@@H]4C3)cc(-c3nc(C(C)C)cs3)nc2c1C,2.92,2.1,0.1429447365859843
COc1ccc2c(c1)C(=O)N(CCc1ccc(S(=O)(=O)NC(=O)NC3CCCCC3)cc1)C(=O)C2(C)C,,,0.2328111925011502
COc1ccc2c(c1)C(C(=O)NC1(CC(=O)O)CCOCC1)CCC2,,,0.4856802247655324
COc1ccc2c(c1)C(C(=O)Nc1nccnc1C(C)C)CC2,4.3,2.75,1.0698632284364415
COc1ccc2c(c1)C(CCNC(=O)C(C)(O)C(F)(F)F)=CC2,4.6,4.13,0.910978015581049
COc1ccc2c(c1)C(NCc1ccc(-n3cncn3)cc1)CCCO2,,,0.5958812727366563
COc1ccc2c(c1)C(Nc1nccc3nccnc13)CCC2,5.0,4.98,1.0844350643844953
COc1ccc2c(c1)C(c1nc(-c3cn(Cc4ccccc4)nn3)no1)CCC2,,,0.5338205407253802
COc1ccc2c(c1)C1(CC1)CN(C(=O)Cn1ncc3ccccc3c1=O)C2,5.04,2.46,0.7856182032799257
COc1ccc2c(c1)C1(CC1)CN(C(=O)c1cc(F)cc3[nH]cnc13)C2,,,0.2019694739303721
COc1ccc2c(c1)C1(CC1)CN(CCOc1cccc(C(=O)O)c1)C2,,,0.2768484735415392
COc1ccc2c(c1)C1(CC1)CN(c1ncnc3ccc(S(C)(=O)=O)cc13)C2,,,0.6916278633576836
COc1ccc2c(c1)C=C(C(=O)NCc1cccc(CN3CCCC3=O)c1)CO2,,,0.19006602598443556
COc1ccc2c(c1)CC(C(=O)NCc1nnnn1-c1ccccc1)CO2,4.21,,
COc1ccc2c(c1)CC(c1nnc(-c3ccccc3F)o1)CO2,4.11,2.14,0.7966968725896951
COc1ccc2c(c1)CCC(NC(=O)c1ncc(C)cc1C)C2,,,0.7180746266832945
COc1ccc2c(c1)CCC1C2OCCN1C(=O)c1cccn1C1CC1,,,0.7101033447556487
COc1ccc2c(c1)CCCC2Cn1c(=O)[nH]c2cccnc2c1=O,5.11,,0.8490972299129291
COc1ccc2c(c1)CCCCN2C(=O)C1CC12CCS(=O)(=O)CC2,,,0.5729304565026083
COc1ccc2c(c1)CCN(C(=O)C(OC)c1ccccc1)CC2,5.29,3.17,1.3492240333868972
COc1ccc2c(c1)CCN(c1nc(C)nc3c1CCNCC3)C2,,,0.11947242577477869
COc1ccc2c(c1)CCN(c1nnc(C(C)(F)F)o1)C2C,,,-0.0264359598194361
COc1ccc2c(c1)CCN2C(=O)CC(C)c1cnn(C)c1,,,0.4055281553582381
COc1ccc2c(c1)CCN2C(=O)Cn1cc(C(N)=O)c2ccccc21,,,0.1574479273786473
COc1ccc2c(c1)CCN2C(=O)c1cccc2cnccc12,,,0.26431869165461824
COc1ccc2c(c1)CN(c1ncnc3c1ncn3CC(C)(CO)CO)CC2,,,0.002175112920859902
COc1ccc2c(c1)N(C(=O)C1CC(=O)N(c3ccc(F)c([N+](=O)[O-])c3)C1)CCCC2,5.67,2.21,1.0155040801942852
COc1ccc2c(c1)N(C(=O)CC1CCNCC1)CC2C,,,0.0553466601402468
COc1ccc2c(c1)N(C(=O)c1cccnc1)CCCC2,,,0.47743427604815236
COc1ccc2c(c1)N(C(=O)c1ccnc(C3CC3)c1)CCO2,4.38,3.07,0.8042768898469105
COc1ccc2c(c1)OC(C)(C)CN(C(=O)c1ccc(C)c(C)n1)C2,5.15,2.06,1.084143204711279
COc1ccc2c(c1)OC(C)(C)CN(C(=O)c1cnn3c1CCC3)C2,,,0.5299594644972042
COc1ccc2c(c1)OCCC2NC(=O)c1cc(C)c(C)cn1,,,0.19655843547604412
COc1ccc2c(c1)OCCN(C(=O)Nc1ncc(C)s1)C2,4.37,3.9,0.8206631765247239
COc1ccc2c(c1)[C@@H](NC(=O)N[C@H]1CCCC[C@@H]1NS(=O)(=O)C1CC1)CCC2,5.16,1.93,1.4785080087867382
COc1ccc2c(c1)[C@H](NS(=O)(=O)c1cc(F)ccc1OC(F)F)CCC2,5.73,1.91,1.1946425905924452
COc1ccc2c(c1)[C@H](n1cc(-c3ccccc3OC)nn1)CCO2,5.2,3.01,1.316528259002942
COc1ccc2c(c1)c(CC(=O)N1CCOCC1)c(C)n2C(=O)c1ccc(Cl)cc1,4.48,,
COc1ccc2c(c1)c(CC(=O)O)c(C)n2C(=O)c1ccc(Cl)cc1,4.14,,0.6210849280335143
COc1ccc2c(c1)nc(-c1c(C3CC3)noc1C)n2C,,,0.5485151021938315
COc1ccc2c(c1NC(=O)N1CCC(O)(C3CCC3)CC1)CCC2,4.54,2.46,1.4751117266044205
COc1ccc2c(ccn2CC(=O)NCC2(N3CCOCC3)CCCCC2)c1,5.11,4.79,1.013530908359571
COc1ccc2c3c1O[C@H]1C[C@@H](O)C=C[C@@]31CCN(C)C2,,,0.20017769596197837
COc1ccc2cc(C(=O)N3CCc4[nH]c(=O)c(C#N)cc4C3)[nH]c2c1,,,0.07285375383432925
COc1ccc2cc(C(=O)N3CCc4ccccc4C3)[nH]c2c1,4.7,,
COc1ccc2cc(C(=O)N3CCn4cncc4C3)n(C)c2c1,,,0.0472851571743899
COc1ccc2cc(C(=O)NC(C)(Cc3ccccc3)C(=O)O)[nH]c2n1,,,0.32617589274751496
COc1ccc2cc(C(=O)NC(C)C3(N4CCOCC4)CCCC3)[nH]c2c1,5.26,2.44,1.448013130584688
COc1ccc2cc(C(=O)NC(CC3CC3)C(=O)O)sc2c1,,,0.14685328559810523
COc1ccc2cc(C(=O)O)[nH]c2c1,2.88,,
COc1ccc2cc(NC(=O)N3CCN(C(=O)Cn4cnnn4)CC3)ccc2n1,,,0.0843368681329723
COc1ccc2cc([C@H](C)C(=O)O)ccc2c1,,,0.1172619240741919
COc1ccc2cc3[n+](cc2c1OC)CCc1cc2c(cc1-3)OCO2,,,-0.0117352245343185
COc1ccc2ccc(N3CCC(Oc4ccnc(C)c4)C3)nc2c1,,,-0.0956498432115611
COc1ccc2ccccc2c1CCNC(=O)C1CCc2nccn2C1,,,0.0346432995534477
COc1ccc2ccccc2c1CNC(=O)NC1CCN(C(C)(C)C)C1,5.09,3.76,0.8090369735136522
COc1ccc2cccnc2c1S(=O)(=O)N(C)CCN1CCCC1=O,,,0.39337581181039055
COc1ccc2cnn(CC(=O)NCC34CCC3CCN4)c(=O)c2c1,,,0.10353468536339025
COc1ccc2nc(C(=O)N(C)CCc3ccc(F)cc3)ccc2c1,5.09,2.62,1.1796231745439791
COc1ccc2nc(C(=O)NCc3ccc(-n4ccnc4)c(F)c3)ccc2c1,,,-0.08896131443231335
COc1ccc2nc(C3CC3)cc(C(=O)N3CCCC(n4ccnc4)C3)c2c1,,,0.8542574112169699
COc1ccc2nc(CN3CCCC(N4CCCC4=O)CC3)sc2c1,5.16,1.83,1.1512124282738756
COc1ccc2nc(CSc3nc4ccccc4c4nc(C)nn34)[nH]c2n1,,,0.4831358053854747
COc1ccc2nc(CSc3ncc(Oc4ccccc4)cn3)[nH]c2n1,,,0.2672362440627074
COc1ccc2nc(O)c(C=O)cc2c1,1.67,,
COc1ccc2ncc(C(=O)NCc3ccnc(OCC(F)(F)F)c3)n2n1,4.78,3.14,-0.2646484517617181
COc1ccc2nccc(C(=O)NC(CCO)C(=O)O)c2c1,,,-0.00386539232698325
COc1ccc2nccc(N3CCCC(N4CCNC4=O)C3)c2c1,1.77,1.98,
COc1ccc2ncn(CCc3n[nH]c(N)n3)c(=O)c2c1,3.15,,
COc1ccc2oc(C(=O)Nc3cnccc3Oc3ccccc3)c(C)c2c1,4.81,5.23,1.2998262672404959
COc1ccc2oc(C(C)NC(=O)Nc3ccncc3)c(C)c2c1,,,0.2312774670801894
COc1ccc2oc(C)c(C(=O)NCC3(N(C)C)Cc4ccccc4C3)c2c1,5.2,1.81,0.9436615856097059
COc1ccc2oc(CNC(=O)[C@H]3CCC[C@@H](O)C3)nc2c1,3.4,,
COc1ccc2onc(CC(=O)NCc3cc(C4CC4)n(C)n3)c2c1,,,0.889991800341128
COc1ccc2onc(CC(=O)Nc3cncnc3N3CCCC3)c2c1,,,0.2435797603112299
COc1cccc(-c2cc(CN3C(=O)c4ccccc4C3=O)no2)c1,,,0.9015901101629828
COc1cccc(-c2cc(CNC(=O)[C@H]3OC[C@H]4CCC[C@H]43)on2)c1,4.6,2.54,1.324721380461994
COc1cccc(-c2cc(NC(=O)c3cnn(CCF)c3)n(C)n2)c1,,,0.3974740444893209
COc1cccc(-c2ccc(CNC(=O)c3ccncn3)cc2)c1,,,0.3897777017793742
COc1cccc(-c2ccccc2NC(=O)C2CCN(c3cnccn3)CC2)c1,4.19,,
COc1cccc(-c2ccnn2C(C)C)c1OC,3.97,,
COc1cccc(-c2nc(-c3ccc(OC(F)F)cn3)no2)c1,,,0.37654197573699755
COc1cccc(-c2nc(C(=O)NC3CCN(c4ncccn4)CC3)c(C)[nH]2)c1,,,0.6021471701536912
COc1cccc(-c2nc(C3CCN(S(=O)(=O)c4ccc5c(c4)CCCC5)CC3)no2)c1,5.43,,
COc1cccc(-c2ncc(CNC(=O)CC3NC(=O)NC3=O)s2)c1,3.07,,
COc1cccc(-c2noc(-c3ccc(-c4ccc(O)cc4)nc3)n2)c1OC,3.66,,
COc1cccc(-c2noc(C(C)NC(=O)c3cccc(OCC(=O)O)c3)n2)c1,,,0.1960919499459366
COc1cccc(-n2cc(CN(C)C(=O)c3c[nH]nc3-n3cnnn3)cn2)c1,3.86,,
COc1cccc(-n2cc(NC(=O)c3cc(-c4ccccc4)nc4c3c(C)nn4C)nn2)c1,,,0.38372522602802145
COc1cccc(C(=O)N(C)c2ccc(S(C)(=O)=O)cc2)c1,,,0.18370258917488533
COc1cccc(C(=O)NCC(=O)NC2CC(C)(C)Oc3ccccc32)c1,5.02,2.23,0.8654840502598571
COc1cccc(C(=O)NCC(=O)NC2CCCc3nc(C)sc32)c1,,,0.34118787476639323
COc1cccc(C(=O)NCCNC(=O)C2COc3ccccc3C2)c1,4.51,4.56,0.8530616314653732
COc1cccc(C(=O)NCCNC(=O)CN2C(=O)NC(C)(C3CC3)C2=O)c1,,,0.2087012843272876
COc1cccc(C(=O)NCCNC(=O)c2cn(CC3(C)COC3)nn2)c1,,,0.21742391301476777
COc1cccc(C(=O)Nc2cc(C(F)(F)F)ccc2Cl)c1,4.82,,
COc1cccc(C(=O)Nc2ccc(CC(C)C(=O)O)cc2)c1C,,,0.538547139171773
COc1cccc(C(=O)Nc2cccc(NC(C)=O)c2C)c1F,,,0.3424156953678903
COc1cccc(C(=O)Nc2cccc(OCc3cc(=O)n4cc(C)sc4n3)c2)c1,5.3,4.57,
COc1cccc(C(=O)Nc2nnc3n2CCCC3)c1O,4.58,2.5,1.4125659480129886
COc1cccc(C(=O)O)c1,2.48,,
COc1cccc(C(C)C(=O)N2CCCC(c3cn(C)nn3)C2)c1,4.75,2.9,0.9699707977954659
COc1cccc(C(C)C(=O)N2CCc3nc[nH]c3C23CCC3)c1,,,0.561903067250953
COc1cccc(C(C)C(=O)N2CCc3nccc(O)c3C2)c1,,,0.11751212393616224
COc1cccc(C(C)C(=O)NC(C)c2nn(C)cc2O)c1,,,0.42647442389521095
COc1cccc(C(C)CC(=O)Nc2ccc(-c3nnn[nH]3)cc2)c1,,,0.1624045267027435
COc1cccc(C(CNS(=O)(=O)CCC2CCCO2)N2CCCC2)c1,,,0.5279898487944295
COc1cccc(C(CNc2nc(C)c3ccccc3n2)N(C)C)c1,4.88,4.42,1.1236178962886902
COc1cccc(C(NC(=O)CC2(CSC)CC2)c2nccn2C)c1,5.1,2.06,1.878018251855298
COc1cccc(C(O)CNC(=O)C2CCN(C(=O)c3ccccc3)CC2)c1,,,-0.10106058351366855
COc1cccc(C(O)CNC(=O)COc2ccc3ccccc3c2)c1,4.39,2.66,0.8810812182632355
COc1cccc(C(O)CNC(=O)c2ccc(N3CCCCCC3)nc2)c1,5.67,1.9,1.373715941352569
COc1cccc(C(O)CNC(=O)c2cnn(C)c2Cc2ccccc2)c1,5.33,1.92,1.3151275263858213
COc1cccc(C(OC)C(=O)N(C)C(C)c2cccc(S(N)(=O)=O)c2)c1,4.39,2.06,0.8617629207975035
COc1cccc(C)c1C(=O)N1CCC(C2CC(NC(C)=O)C2)C1,,,0.2713803990755529
COc1cccc(C2(C(=O)NC(C)Cc3cccnc3)CC2)c1,,,0.7493195703638994
COc1cccc(C2(C(=O)NCCn3cnc4ccccc43)CC2)c1,4.59,5.61,1.35880486301649
COc1cccc(C2(CNC(=O)Cc3c(C)nn(-c4nc(C)cc(C)n4)c3C)CCCC2)c1,5.77,2.34,1.3020998480852641
COc1cccc(C2(NC(=O)CCC3CCCO3)CCOCC2)c1F,,,0.40061663152465066
COc1cccc(C2(NC(=O)NCc3c4c(nn3C)CCCC4)CCC2)c1,5.17,3.1,0.9116692478428388
COc1cccc(C2=CCN(C(=O)c3noc4c3CCCCC4)C2)c1,5.0,1.8,0.894950416768718
COc1cccc(C2CC(C)CN2C(=O)NCCNC(=O)c2cccnc2)c1,,,0.6980608177886137
COc1cccc(C2CCCN2S(=O)(=O)CCCC(=O)O)c1,,,-0.006304509322503801
COc1cccc(C2CCN(C(=O)Cc3cc(C)on3)CC2)c1,5.16,4.94,1.457447321839013
COc1cccc(C2CCN(S(=O)(=O)c3ccc(C#N)c(C)c3)CC2)c1,,,0.5577832557831844
COc1cccc(C2CN(C(=O)CNC(=O)c3ccc(C)c(C)c3)CCO2)c1,4.91,5.22,0.9577037270868154
COc1cccc(C2CN(C(=O)c3ccc4c(c3)OCC(=O)N4)CCO2)c1,,,0.08690941171275525
COc1cccc(CC(=O)N2CCC(c3ccccc3OC)C2)c1,5.3,1.86,1.1438590963828932
COc1cccc(CC(=O)N2CCN(C(=O)c3cnc4ccccc4c3)CC2)c1,,,0.32176463450622184
COc1cccc(CC(=O)Nc2ccc(-n3cnc(C)c3C)cc2)n1,,,-0.10809408571187985
COc1cccc(CC(=O)Nc2ccc(F)c(-c3nc[nH]n3)c2)c1,,,0.16071705737149145
COc1cccc(CC(=O)Nc2ccc(OC)nc2C)n1,,,0.3060689997317802
COc1cccc(CC2CCN(C(=O)Nc3ccnc(C)n3)CC2)c1,3.42,1.87,-0.5740645637299653
COc1cccc(CCNC(=O)N2CCC(CS(N)(=O)=O)C2)c1OC,2.8,,
COc1cccc(CCS(=O)(=O)NCC(C)(CO)OC)c1,,,0.308754593811383
COc1cccc(CNC(=O)CC2(N3CCOCC3)CCCC2)n1,,,0.715202264855805
COc1cccc(CNC(=O)CN2CC3CC3(c3ccc(C)cc3)C2)c1,,,0.5840809614745114
COc1cccc(CNC(=O)CN2CCCC2CN2CCCCC2)c1,,,0.5506420375997269
COc1cccc(CNC(=O)Cn2cc(-c3ccc(CO)cc3)nn2)c1,,,0.1562913045851741
COc1cccc(CNC(=O)N2CCC(NC(C)=O)C2)c1OC,3.14,,
COc1cccc(CNC(=O)N2CCCC(c3ccnn3C)C2)c1OC,,,0.5438005843926448
COc1cccc(CNC(=O)NC23CC4CC(CC(O)(C4)C2)C3)n1,,,0.3346132612761573
COc1cccc(CNC(=O)NC2CCN(CCc3ccccc3)CC2)c1O,,,0.36234465151255213
COc1cccc(CNC(=O)NCC(O)c2cc(OC)cc(OC)c2)c1,,,0.4117454869212748
COc1cccc(CNC(=O)c2cccc3[nH]c(=O)[nH]c23)c1,,,0.4438605835199093
COc1cccc(CNC(=O)c2cccn(Cc3ccccc3)c2=O)n1,5.53,1.88,1.1168476339886824
COc1cccc(CNC(=O)c2cnc3ccccc3c2C)c1,,,0.445255609466083
COc1cccc(Cc2noc(Cc3cnn(-c4ccccc4)n3)n2)n1,4.65,3.76,0.8674659954635439
COc1cccc(Cc2noc([C@@H]3C[C@H]3c3ccc(F)cc3F)n2)n1,4.48,4.11,1.0148680938489485
COc1cccc(Cn2nc(C)c(C3COCCN3C)c2C)c1,,,0.46348421693378605
COc1cccc(F)c1Cn1cc(C2(O)CC[C@H]3CO[C@@H]2O3)nn1,,,0.38629126776920286
COc1cccc(F)c1NS(=O)(=O)c1c[nH]c2cc(Cl)ccc12,,,0.6011397750129
COc1cccc(N2CCCC(NC(=O)N3C[C@@H](C)O[C@@H](C)C3)C2)c1,,,0.43975735763166657
COc1cccc(N2CCN(C(=O)CCC3Cc4ccccc4NC3=O)CC2)c1,,,0.4826951091741139
COc1cccc(N2CCN(C(=O)c3cc(-c4ccccn4)no3)CC2)c1,,,0.5316062301705057
COc1cccc(N2CCN(C(=O)c3ncc(C)cc3OC)CC2)c1,,,0.2979195279935179
COc1cccc(NC(=O)CC2(C(=O)O)CCC2)c1C,,,0.2579327898220448
COc1cccc(NC(=O)N(C)Cc2nccn2Cc2ccccc2)c1,4.78,3.86,0.9725072342921953
COc1cccc(NC(=O)N2CCC(C)C(n3ccnc3)C2)c1C,4.72,1.91,0.9974127114721846
COc1cccc(NC(=O)N2CCCC(N(CCCN3CCCC3)C(=O)C(C)C)C2)c1,3.57,,
COc1cccc(NC(=O)NCc2c(C)nc3c(c2C)c(=O)[nH]n3C)c1OC,,,0.0734672250795494
COc1cccc(NC(=O)c2cc(C3CC3)nc3ccc(C)cc23)c1O,5.15,,1.999204546887031
COc1cccc(Nc2nnc(-c3sc(N4CCOCC4)nc3C)n2C)c1,,,-0.0686591956238447
COc1cccc(O)c1S(=O)(=O)NCc1cn(C2CCC2)nn1,,,0.5202340017477546
COc1cccc(OC)c1C(=O)N1CCN(C(=O)c2ccc(C)c(F)c2)CC1,,,0.5738526405328055
COc1cccc(OC)c1C(=O)NC(C)c1cnn(C(C)C)c1,4.91,3.12,0.949751981032911
COc1cccc(OC)c1C(=O)NC(C)c1csc(C)n1,4.53,2.87,0.7856644158271
COc1cccc(OC)c1C(=O)Nc1ccc(N2CCCCC2)cc1,4.06,,
COc1cccc(OC)c1C(=O)O,2.13,,
COc1cccc(OC)c1CC(=O)Nc1ccc(-c2ncn(C)n2)cc1,,,0.49198976495715085
COc1cccc(OCC(=O)N2CCC(N3CCCC3=O)CC2)c1,,,0.17131290920064784
COc1cccc(OCC(=O)NC2CCCCC2)c1,4.41,,
COc1cccc(OCC(=O)O)c1,3.23,,
COc1cccc(OCCN2CCN(C(=O)c3ccc(-n4cccn4)c(F)c3)CC2)c1,,,-0.1033918535736693
COc1cccc(OCCN2CCN(C(=O)c3scnc3C(C)(C)C)CC2)c1,2.95,5.29,
COc1cccc(OCCNC(=O)Nc2cc(-c3cccnc3)ccc2C)c1,,,0.721748330912044
COc1cccc(S(=O)(=O)CC(=O)N(C)C2CCCCC2C)c1,5.37,2.53,1.172851752504021
COc1cccc(S(=O)(=O)N2CCN(C)CC2c2ccccc2)c1,5.12,1.78,1.3577027676556503
COc1cccc(S(=O)(=O)NCC2CCN(C)C(=O)C2)c1OC,,,0.3147847252695268
COc1cccc([C@@H]2C[C@H]2CNC(=O)N2CC(N3CCCC3=O)C2)c1,,,0.27823967039954023
COc1cccc([C@@H]2C[C@H]2NC(=O)c2c[nH]c(=O)cc2OC)c1,,,0.0760848049786662
COc1cccc([C@H]2C[C@H](N(C)C(=O)Cc3csc4nc(-c5ccccc5)cn34)C2)c1,,,0.2510508693274019
COc1cccc2[nH]c(C(=O)NCC#CC3CCCCO3)cc12,4.07,4.09,0.8940551774450107
COc1cccc2[nH]cc(CC(=O)Nc3cc(N4CCN(C)CC4)ccn3)c12,,,0.25223132586401287
COc1cccc2[nH]cc(S(=O)(=O)NC(C)CCSC)c12,5.36,4.68,1.4544102483128079
COc1cccc2c(C(=O)N[C@H]3c4ccccc4CC[C@H]3O)cnn12,,,0.5478097157682386
COc1cccc2c(N3CCC(Oc4cnccn4)CC3)cc(C)nc12,,,0.014560073778837251
COc1cccc2c(N3CCOC(CN(C)C)C3)nccc12,4.45,2.44,0.9834079464206507
COc1cccc2c(NC(=O)[C@H]3CCC(=O)N3C)c(C)cnc12,,,0.1865029762870287
COc1cccc2c1C(=O)c1c(O)c3c(c(O)c1C2=O)C[C@@](O)(C(=O)CO)C[C@@H]3O[C@H]1C[C@H](N)[C@H](O)[C@H](C)O1,6.08,4.56,
COc1cccc2c1CCC2NC(=O)N1CCN(Cc2cscn2)CC1,,,0.32446751127598483
COc1cccc2c1CCCC(NC(=O)NCc1nonc1C)C2,,,0.46484540739746305
COc1cccc2c1CCCCN2C(=O)c1cc2ncccc2o1,5.31,,0.8533116946780012
COc1cccc2c1CCN(C(=O)c1cc(NC(C)=O)ccc1C)C2,,,0.5941152688602225
COc1cccc2c1CCN(C(=O)c1cccc3nc(C)nn13)C2,,,0.30556213168405943
COc1cccc2c1CCN(C(=O)c1cnc(N(C)C)cn1)C2,,,0.5229637944427529
COc1cccc2c1CN(C(=O)c1ccc(NC3CC3)nc1)C2,,,0.5735359396720944
COc1cccc2c1OCC(NC(=O)NCc1cnn(CCF)c1)C2,,,0.072821496975532
COc1cccc2c1OCC(NC(=O)c1cccc(CC(=O)O)c1)C2,,,0.1999307939903919
COc1cccc2c1ccc(=O)n2CC1CCC1(OC)OC,,,0.643950257826226
COc1cccc2cc(C(=O)N3CCC(C)CC3)c(=O)oc12,5.42,,
COc1cccc2cc(C(=O)O)c(=O)oc12,2.2,,
COc1cccc2cccc(C(=O)Nc3ccn(CC(=O)N(C)C)n3)c12,,,0.2664789677971756
COc1cccc2nc(N3C[C@H](CC(N)=O)[C@@H](O)C3)ccc12,,,0.10234056704488054
COc1cccc2ncnc(NC3CCCN(c4ncccn4)C3)c12,,,0.33621212087125135
COc1cccc2oc(C(=O)N3CCCC(c4ccc(F)c(O)c4)C3)cc(=O)c12,5.03,4.07,1.2857018963532427
COc1cccc2sc(NC(=O)C3CCCOC3C)nc12,5.2,3.13,0.9038093356919343
COc1cccc2sc(NC(=O)N3CCC(C(=O)Nc4ccncc4)CC3)nc12,,,0.36965777035246505
COc1ccccc1-c1cc(NC(=O)c2nccc(-c3ccccc3)n2)n[nH]1,,,0.5072040995377346
COc1ccccc1-c1ccc(C(=O)N2CCCNC(=O)[C@@H]2C)s1,5.29,4.02,1.1248198049342701
COc1ccccc1-c1ccc(C(C)NC(=O)C2(C(=O)O)CC2)cc1,4.26,3.19,0.8563936693898506
COc1ccccc1-c1ccc(NCCCN2CCCOC(C)C2)nn1,,,0.6660408033688645
COc1ccccc1-c1cccc(NC(=O)NC2CCc3ccc(O)cc32)c1,,,0.9128932848571221
COc1ccccc1-c1cn(C(C)c2cnc(C)cn2)nn1,4.39,3.19,0.7900021738718712
COc1ccccc1-c1cn(CC2CN(CC(C)C)CCO2)nn1,,,0.5442710974538567
COc1ccccc1-c1cn(CCn2ccnc2C)nn1,,,0.17271340146781466
COc1ccccc1-c1cn(Cc2coc(C3CC3)n2)nn1,5.15,5.25,1.387855426718581
COc1ccccc1-c1cn(Cc2nc(C(C)(C)C)cs2)nn1,5.835,3.18,1.3595088213725344
COc1ccccc1-c1cn(Cc2nc3c(o2)CCCC3)nn1,4.4,5.02,1.285297381119055
COc1ccccc1-c1cn(Cc2noc3c2CC(C)(C)CC3)nn1,6.33,1.94,1.3359732254841887
COc1ccccc1-c1csc(C2CCN(C(=O)c3cnc[nH]3)CC2)n1,,,0.6839454141730309
COc1ccccc1-c1n[nH]c(NC(=O)c2cc(-c3cnn(C)c3)ccc2F)c1C,5.42,5.91,0.9768206168285368
COc1ccccc1-c1nc(-c2ccc(-c3nnco3)cc2)no1,,,0.0537343805508456
COc1ccccc1-c1nn(C)cc1C(=O)N[C@@H](C)c1ccc(-n2cccn2)c(F)c1,4.79,4.19,1.3607641896114915
COc1ccccc1-c1nn(C)cc1C(=O)Nc1ncc(-c2ccccn2)s1,4.45,4.98,0.7134375735469839
COc1ccccc1-c1noc(C(C)NC(=O)N2CCC(C(C)O)CC2)n1,4.61,4.29,0.956600362404813
COc1ccccc1-n1c(SCC(=O)O)nnc1C1CCOCC1,2.39,,
COc1ccccc1-n1cc(C(C)NC(=O)Cc2c[nH]c(=O)[nH]c2=O)cn1,2.88,,
COc1ccccc1-n1ncc(C(=O)NCC2(Cc3ccc(F)cc3)CC2)c1C,6.215,1.79,0.806054045398849
COc1ccccc1C(=O)N1CCC(C(=O)O)C2CCCC21,,,0.08827023233944556
COc1ccccc1C(=O)NCC(=O)NC1CCN(c2ccccc2OC)CC1,4.51,5.07,1.2807172034416774
COc1ccccc1C(=O)Nc1ccc(Oc2ncncc2-c2ccccc2)cc1,,,0.8281836321466041
COc1ccccc1C(=O)O,2.73,,
COc1ccccc1C(C)(C)C(=O)N1C[C@@H]2CS(=O)(=O)C[C@@H]2C1,,,0.6096261684193963
COc1ccccc1C(C)(C)n1cc(C(C)(C)NS(C)(=O)=O)nn1,5.03,3.1,0.8096715478556581
COc1ccccc1C(C)(C)n1cc(C2CCCS(=O)(=O)C2)nn1,5.27,1.89,1.2260434515081515
COc1ccccc1C(C)(C)n1cc(COC2CCCCO2)nn1,5.44,3.02,1.7179840521473702
COc1ccccc1C(C)CC(=O)N1CCCC(c2ncc[nH]2)C1,,,0.6305432128064477
COc1ccccc1C(C)NC(=O)CN(C(C)C)S(C)(=O)=O,4.6,3.06,0.9961702606937577
COc1ccccc1C(C)NC(=O)CN1CCCC1Cn1cncn1,5.04,3.74,1.310311030228824
COc1ccccc1C(C)NC(=O)N1CC(NC(=O)C2CC2)C1,,,0.5317119555345329
COc1ccccc1C(CNC1CCc2cn[nH]c2C1)N1CCCCC1,,,0.5828074472539404
COc1ccccc1C(CO)NC(=O)c1ccccc1CNC(=O)OC(C)(C)C,5.71,2.98,1.3772954270435829
COc1ccccc1C1(C(=O)Nc2ccn(CC(=O)N3CCOCC3)n2)CCCCC1,,,0.6748110163542991
COc1ccccc1C1(CNC(=O)N2CCC(c3ccnn3C)CC2)CC1,,,0.5497570394869746
COc1ccccc1C1(CNC(=O)N2CCCN(C(=O)C3CC3)CC2)CCC1,5.27,,1.8391212134135413
COc1ccccc1C1CCCN1C(=O)c1cc(C)on1,,,0.6952135209261389
COc1ccccc1C1CCCN1CC(=O)NCc1ccc(OCC(N)=O)cc1,,,0.5596494488051416
COc1ccccc1C1CCCN1c1ccc2nncn2n1,,,0.3169299150308176
COc1ccccc1C1CCN(C(=O)c2nccc3cccnc23)C1,5.64,3.76,1.4814533546821327
COc1ccccc1C1CN(C(=O)c2cc(O)ccn2)CCO1,,,0.44267450821709
COc1ccccc1C1CN(C(=O)c2ccc(CCF)cc2)CCN1,4.61,2.08,0.7791885183568155
COc1ccccc1C1CNCCN1C(=O)CCn1nc2ccccn2c1=O,,,0.3709501867961027
COc1ccccc1CC(=O)N1CCC(NC(=O)c2cnc3[nH]nnc3c2)CC1,,,-0.1763577222901906
COc1ccccc1CC(=O)Nc1ccc2c(c1)CCCC(=O)N2,,,0.2750570530641983
COc1ccccc1CC(C)(C)C(=O)N1Cc2[nH]c(=O)[nH]c(=O)c2C1,,,0.652775434570251
COc1ccccc1CC(C)(C)NS(=O)(=O)c1cnc(N)c(C)c1,5.54,,1.2223498361877476
COc1ccccc1CC(C)N(C)c1ccnc2c1c(C)nn2C,5.76,2.17,0.7320298016976894
COc1ccccc1CC1CCCN1C(=O)C1CCN(c2cnccn2)CC1,,,0.9988841846101484
COc1ccccc1CC1CCCN1C(=O)CCn1nnc2ccccc2c1=O,5.46,2.01,1.448406147641669
COc1ccccc1CC1CCCN1C(=O)Cc1cnn2ccccc12,5.3,1.83,1.1801974596811071
COc1ccccc1CC1CCCN1C(=O)Cc1nc2ncccn2n1,,,0.5711575940155194
COc1ccccc1CC1CCCN1C(=O)c1cnn(C(C)(C)C)c1,5.58,2.39,1.2581797206996508
COc1ccccc1CCC(=O)N1CCC(Oc2ncccc2C(=O)N2CCCCC2)C1,5.01,2.95,
COc1ccccc1CCC(=O)N[C@@H]1CCN(CC(=O)N(C)C)C[C@H]1O,3.34,,
COc1ccccc1CCN1CCCC(CN(C)S(=O)(=O)N2CCCC2)C1,4.23,,
COc1ccccc1CN,2.02,,
COc1ccccc1CNC(=O)CN1CCC(CCN2CCOCC2)CC1,,,0.8191696128805402
COc1ccccc1CNC(=O)c1cccc(N(C)C)c1,4.87,,
COc1ccccc1CNC(=O)c1ccccc1OC,4.78,,
COc1ccccc1COC1CCN(C(=O)C2(C(=O)O)CCC2)CC1,,,0.5255675817494332
COc1ccccc1N(C)C(=O)c1cn2c(n1)CNCC2,,,0.3134595634876051
COc1ccccc1N1CC(C(=O)N2CCN(c3ccnc(C)n3)CC2)CC1=O,,,0.17493426034601003
COc1ccccc1N1CCC(CNC(=O)N2CCCC(CC(N)=O)C2)C1,,,0.5776931501536455
COc1ccccc1N1CCC(N2CCN(Cc3c(C)nn(C)c3C)CC2)C1=O,,,0.6140322694260631
COc1ccccc1N1CCC(NC(=O)C2CC2(Cl)Cl)C1,,,0.8332098196918545
COc1ccccc1N1CCC(NC(=O)Cc2cc(F)ccc2F)C1=O,,,0.6789244670283248
COc1ccccc1N1CCC(NC(=O)Cc2ccc(O)cc2)CC1,,,0.5065700478761217
COc1ccccc1N1CCC(NC(=O)Cc2noc3ccccc23)C1,5.28,1.94,1.0453144808495503
COc1ccccc1N1CCC(NC(=O)NCc2ccc(C(N)=O)cc2)C1=O,4.63,3.54,0.7783604918086672
COc1ccccc1N1CCC(NC(=O)c2cc(S(C)(=O)=O)ccc2F)C1,,,0.6423998983585877
COc1ccccc1N1CCC(NC(=O)c2ccc3[nH]cnc3c2)C1,,,0.5289499514139397
COc1ccccc1N1CCC(NC(=O)c2ccc3c(c2)CCC(=O)N3)CC1,,,0.3766148904855824
COc1ccccc1N1CCC(NC(=O)c2ccc3nc[nH]c3n2)CC1,,,0.4182531106624271
COc1ccccc1N1CCC(NC(=O)c2ccnn2CC(F)F)CC1,,,0.31193308819454657
COc1ccccc1N1CCC(NC(=O)c2cnc3ccc(C)cn3c2=O)CC1,,,0.6877003471209091
COc1ccccc1N1CCC(NC(=O)c2csc(NC(C)=O)n2)CC1,,,0.6106144541025194
COc1ccccc1N1CCC(NC(=O)c2sccc2-n2cnnn2)CC1,4.85,2.62,0.763978894542999
COc1ccccc1N1CCCN(C(=O)c2cnn3c2CCC3)CC1,,,0.7674962397830087
COc1ccccc1N1CCN(C(=O)C2=NN(C3CCS(=O)(=O)C3)C(=O)CC2)CC1,,,0.45556434589287587
COc1ccccc1N1CCN(C(=O)c2cc(-c3ccc(Cl)cc3)n(C)n2)CC1,,,0.18816031135993325
COc1ccccc1N1CCN(C(=O)c2cn(C(C)C)cn2)CC1,,,0.5766481905727905
COc1ccccc1N1CCN(CC(O)COc2cccc3ccccc23)CC1,4.69,2.26,1.5948782080605481
COc1ccccc1N1CCN(c2cc(C)nc3nc(C(F)(F)F)nn23)CC1,,,0.4396047814908727
COc1ccccc1NC(=O)COc1ccc(C(=O)N2CCC3CCCC32)cc1OC,,,0.6849514741040128
COc1ccccc1NC(=O)Nc1ccn(Cc2cccnc2)n1,,,0.4562014014913846
COc1ccccc1NCC(=O)N1CCN(C)c2ccccc2C1,5.47,4.79,1.331136279535336
COc1ccccc1NS(=O)(=O)c1cc(C(=O)NCC(O)c2ccccc2)ccc1C,5.88,1.88,1.3974099114996226
COc1ccccc1Nc1ncccc1C(=O)NCC1(C(N)=O)CCOCC1,4.68,5.13,0.6699731806909617
COc1ccccc1O,,,-0.12220558630398501
COc1ccccc1OC(C)CNC(=O)c1cc(=O)[nH]c2cc(F)ccc12,,,0.6468358658507347
COc1ccccc1OC1CCCN(C(=O)c2cc(O)ccn2)C1,,,0.572198995492954
COc1ccccc1OC1CCCN(c2ncnc3c2cnn3C)C1,,,0.5641411103391994
COc1ccccc1OC1CN(CC(C)(C)CN2CCOCC2)C1,3.19,,
COc1ccccc1OCC(=O)N1CCC(NC(=O)c2cc(C)oc2C)CC1,,,0.4023702488297287
COc1ccccc1OCC(O)CN1CCN(CC(=O)Nc2c(C)cccc2C)CC1,,,0.044903101671971105
COc1ccccc1OCC(O)CO,,,-0.10069113821013265
COc1ccccc1OCC(O)COC(N)=O,,,-0.0480268058561077
COc1ccccc1OCC(O)Cn1nnn(C2CCCC2)c1=O,5.15,4.4,1.0700808023317367
COc1ccccc1OCCNCC(O)COc1cccc2[nH]c3ccccc3c12,4.4,2.02,1.900953455569376
COc1ccccc1OCc1ccc(C(=O)N2C[C@H]3CCN(C)[C@H]3C2)o1,,,0.5263306467629514
COc1ccccc1Oc1c(NS(=O)(=O)c2ccc(C(C)(C)C)cc2)nc(-c2ncccn2)nc1OCCO,5.25,1.91,1.8287738444480024
COc1ccccc1Oc1cccc(OC)c1NC(=O)c1ccnc(C(N)=O)c1,4.6,3.18,1.056749049287951
COc1ccccc1S(=O)(=O)N(C)C(C)Cc1cccc(F)c1,6.04,,2.0161526589064707
COc1ccccc1S(=O)(=O)N1CCC(C)C(CC(=O)O)C1,,,0.459304321327079
COc1ccccc1S(=O)(=O)N1CCC[C@H]1c1ncn[nH]1,,,0.1401640681653073
COc1ccccc1S(=O)(=O)Nc1c(C)nn(CC(=O)O)c1C,2.75,,
COc1ccccc1[C@@H](O)Cn1cc([C@H]2COC(C)(C)O2)nn1,,,0.1379771195940586
COc1ccccc1[C@@H]1[C@H](O)CCN1c1nccn2ncc(Br)c12,,,0.6173622632992926
COc1ccccc1[C@H](O)CNC(=O)C1(c2cc(F)cc(F)c2)CCCC1,5.77,3.06,1.453409817970079
COc1ccccc1[C@H](O)CNC(=O)c1cc(C)nc(C)c1,,,0.1670779854343753
COc1ccccc1[C@H](O)CNC1CCc2cc(F)c(Cl)cc21,5.06,1.82,1.0909712065840544
COc1ccccc1[C@H]1C[C@H](NC(=O)C2(OC)CCNC2)C1,,,0.17569942911450312
COc1cccn2ncc(C(=O)NC(C)c3noc(C(F)F)n3)c12,,,1.1424651394922685
COc1cccnc1C(=O)N1CCC(c2nc(-c3ccccc3)n[nH]2)CC1,,,0.31236886943459563
COc1cccnc1C(=O)Nc1nc(C)n(-c2ccccc2)n1,,,0.7640049606106794
COc1cccnc1CNc1cc(C)c(C#N)c2nc3ccccc3n12,4.56,3.8,0.7358400239289414
COc1cccnc1N(C)C(=O)c1coc(C2CCOCC2)n1,,,0.1056093835530069
COc1ccn2c(C(=O)NCC3CCN(CC(F)(F)F)CC3)cnc2c1,,,0.0808462620643801
COc1ccnc(C(=O)NCCc2nc(-c3ccc(Cl)cc3)n[nH]2)c1,,,0.6939777353218998
COc1ccnc(C(=O)Nc2cccc(C(=O)N3CCCC3)c2C)c1,,,0.3835995010484841
COc1ccnc(C(=O)Nc2cnn(Cc3nnc4n3CCCC4)c2)c1,,,-0.0963874623367888
COc1ccnc(CC(=O)N2CCCC(c3nnc4ccccn34)C2)c1,,,0.3899427119010853
COc1ccnc(N2CCC(NC(=O)c3ccccc3C)CC2)n1,,,0.3862944195625055
COc1ccnc(N2CCN(C(C)C(=O)NCC3CCCO3)CC2)c1,,,0.6099233768832459
COc1ccnc(N2CCN(CC(=O)N3CCN(c4cnccn4)CC3)CC2)c1,,,0.288997291673447
COc1ccnc(N2Cc3ccccc3OC3(CCOCC3)C2)n1,5.19,1.97,1.007470810027887
COc1cn(-c2ccccc2)nc1-c1nc(-c2ccccn2)no1,4.3,1.95,0.8871427985922582
COc1cn(C)c(C(=O)N[C@H]2C[C@@H]2c2ccc(F)cc2F)cc1=O,,,0.2288880950262809
COc1cn(C)nc1C(C)Nc1cc(C(F)(F)F)nc2ncnn12,,,0.6058279912428783
COc1cnc(-c2noc(-c3nc4c(s3)CN(C)CC4)n2)cn1,,,0.1170139529038544
COc1cnc(C(=O)NCC(NC(=O)OC(C)(C)C)C2CC2)c(F)c1,4.79,2.91,1.2236254113516487
COc1cnc(C(=O)N[C@@H]2CCN(c3cc(=O)n(C)c(=O)n3C)C2)c(F)c1,,,0.2875515476465541
COc1cnc(C2(NCc3ccc4ccccc4c3)CCCC2)[nH]c1=O,,,0.4955997424102414
COc1cnc(C2CCCN2c2ncnc3ccccc23)[nH]c1=O,,,0.0325165373615489
COc1cnc(NC(=O)N2CCCS(=O)(=O)CC2C2CC2)s1,5.12,3.6,1.0509335546577065
COc1cnc(NC(=O)NCc2nc3c(s2)CCCC3)s1,,,0.7359328275967036
COc1cnc(NS(=O)(=O)c2ccc(N)cc2)nc1,,,0.23608718612506513
COc1cnc2ncnc(N(CC(C)C)CC3CCN(C)CC3)c2c1,,,0.33736715787141186
COc1cncc(C(=O)NC(c2ccccc2)c2cccc(S(C)(=O)=O)c2)n1,4.92,3.03,0.999868305630759
COc1cncc(C(=O)NC2CCN(c3ccccc3)C2=O)n1,,,-0.0271245486162723
COc1cncc(CCC(=O)N2CC(NC(=O)C3CC3)C(C)(C)C2)c1,,,0.1298513109985563
COc1cncc(CCC(=O)OCCC(C)(C)c2ccccc2)c1,,,0.1146791409186262
COc1cncc(CNC(=O)CCOc2ccc(C=O)cc2OC)c1,3.01,,
COc1cncc(N2CCN(C(=O)c3c(OC)cnc4ccccc34)CC2)c1,3.38,1.99,
COc1cncc(NC(=O)CN2C(=O)CCOc3ccccc32)c1,,,0.347850351599026
COc1cncc(NC(=O)N2CCN(C3CCCN(C)C3)CC2)c1,,,0.13177575673575484
COc1cnccc1CNC(=O)c1ccc2c(c1)[nH]c(=O)n2C1CC1,,,-0.0539916653606955
COc1cnccc1N1CCN(C(=O)Cc2nsc3ccccc23)CC1,,,0.2098767613175677
COc1coc(CN2CCCn3nc(C#N)cc3C2)cc1=O,2.87,,
COc1csc(C(=O)NC2CCN(CCc3ccccc3)CC2)c1,,,0.3524881119553819
COc1nc(C)cc(N2C3CCC2CC(N(C)C(=O)c2ccccc2)C3)n1,,,0.3669236535357215
COc1nc(C)ccc1C(=O)N1CCCCC1CC(=O)O,,,0.40230005625675364
COc1nc(C)nc(Cl)c1NC1=NCCN1,,,0.04078285759306575
COc1ncc(Br)cc1S(=O)(=O)N1CCC(Oc2ccccn2)C1,5.11,2.89,1.2085356302206478
COc1ncc(C(=O)N2CCC2c2cccc(F)c2)cc1Cl,5.0,3.56,1.063113270752968
COc1ncc(C(=O)NC2(C3CCN(C(=O)CCCC(C)C)CC3)CC2)cn1,,,0.3659644251281069
COc1ncc(C)cc1NC(=O)N1CCC(N(C)c2ccccc2)CC1,,,0.5186638608274075
COc1ncc(C)cc1NC(=O)c1ccc(N2CCC(C)CC2)nc1,4.66,3.97,0.8731816272101863
COc1ncc(Cl)c(N2CCN(CCc3ccccc3)CC2)n1,,,0.3953315448017859
COc1ncc(Cl)c(N2CCN(c3nc(C)cs3)CC2)n1,,,0.3575087435951687
COc1ncc(NC(=O)C(C)(C)C(F)(F)F)cc1C(N)=O,,,0.2790901955927221
COc1ncc(NC(=O)N2CCCC(CC(=O)O)C2)cc1C(N)=O,,,0.06614384057230385
COc1nccc(C(=O)N2CCCCC2Cc2ccccc2F)n1,5.14,4.69,1.6020246683563033
COc1nccc2c(NC(=O)N3CCC(O)(CC#N)C3)cccc12,,,0.1856968696249077
COc1nccc2c1CN(C(=O)CN1CCCCCC1=O)CC2,,,0.19580387853004144
COc1ncccc1-c1ncc(C)c(N(C)C)n1,3.7,,
COc1ncccc1-c1noc(-c2cc(-c3ccccc3)on2)n1,,,0.9174620173049204
COc1ncccc1C(=O)N1CCCCC1C(=O)N1CCOCC1,,,0.3715536171875832
COc1ncccc1C(=O)NC1(c2ccccc2F)CC1,4.7,1.88,0.9677029019859686
COc1ncccc1C(=O)NC1COc2ccccc2C1,,,0.24523714444498815
COc1ncccc1NC(=O)NC(CC1CCOC1)c1ccccc1,5.31,3.93,1.2970184160485698
COc1ncccc1NC(=O)c1coc2c1C(O)CCC2,,,1.0987968667650236
COc1nccnc1NS(=O)(=O)c1ccc(N)cc1,,,-0.026311703476957504
COc1ncnc(NS(=O)(=O)c2ccc(N)cc2)c1OC,,,0.6026826443041651
COc1ncnc(OC)c1C(=O)N1CCC(Cc2ccc(F)cc2)C1,4.5,1.83,0.871403866262128
COc1nn(C)cc1C(=O)N1CCCCC1CN1CCCC1=O,,,-0.02578868657915325
COc1nn(C)cc1CNC(=O)C1(c2ccccc2)CCOCC1,,,0.2464733610401179
COc1nn(C)cc1CNC(=O)C1COCCN1C1CCCC1,,,0.4862456097593052
COc1nn(C)cc1NC(=O)N1CC(Cc2ccccc2Br)C1,3.79,,-0.401605769437402
COc1nn(C)cc1NS(=O)(=O)c1c[nH]c2cc(Cl)c(Cl)cc12,,,0.18979317241206506
COc1nnc(NC(=O)N2Cc3ccccc3NC(=O)C2C)s1,,,0.64233703684309
COc1nsc(OC)c1C(=O)N1CCN(C2CC2)C(=O)C1,,,0.28107164397706913
COc1nscc1C(=O)NCc1ccc(N2CCCC2)cc1,4.4,2.14,0.5897163870284088
CP(C)(=O)C1CCN(c2ncc(C(F)(F)F)cc2S(=O)(=O)N2CCCC2C2CC2)CC1,5.55,1.94,0.9916095802087683
CP(C)(=O)c1ccc(-c2nc(C3CCOC4(CCC4)C3)no2)cc1,,,-0.03209550799189379
CS(=N)(=O)CCc1cn(Cc2ccc(OC(F)(F)F)cc2)nn1,,,-0.016551607496784655
CS(=O)(=O)C1(C(=O)N2CCC(NC(=O)NC3CC3)C2)CC1,,,0.2173643899761924
CS(=O)(=O)C1(C(=O)NCc2c(F)cccc2-n2cccn2)CC1,,,0.0386425405055858
CS(=O)(=O)C1CCCN(C(=O)Cc2ccc(F)cc2F)C1,,,0.11874831626378825
CS(=O)(=O)C1CCN(C(=O)C(c2ccccc2)c2ccccc2)C1,,,0.9741267655152266
CS(=O)(=O)C1CCN(S(=O)(=O)c2cc3c(cc2Cl)CCCC(=O)N3)C1,,,0.09087062803351735
CS(=O)(=O)CC(=O)N(CCc1ccccc1)Cc1ccccc1,4.73,3.17,0.7861951711459612
CS(=O)(=O)CC(NC(=O)c1ccc2n[nH]c(=O)n2c1)c1ccccc1,,,-0.0270934718262136
CS(=O)(=O)CC1(CC(=O)N2CCC(=O)Nc3ccccc32)CC1,,,0.11427025955878825
CS(=O)(=O)CC1(CN2CCC(c3nnc4n3CCCC4)CC2)CC1,,,0.1845515844947209
CS(=O)(=O)CC1(Cn2cnc3c(Cl)cccc3c2=O)CC1,,,0.244133363504294
CS(=O)(=O)CC1CCC(NC(=O)c2cncc(C(F)(F)F)c2)CC1,,,-0.3333428478134432
CS(=O)(=O)CC1CCC(Nc2nc(C3CCCC3)ns2)CC1,,,0.0257575347142474
CS(=O)(=O)CC1CCCCN1C(=O)CCCOC1CCOCC1,,,0.07460869750014294
CS(=O)(=O)CC1CCCCN1C(=O)c1csc2c1CCCC2,5.65,3.15,0.8291121137807624
CS(=O)(=O)CC1CCN(C(=O)c2csc(-c3ccc(Cl)cc3)n2)C1,,,0.3935421672244189
CS(=O)(=O)CCC(=O)N1C[C@@H]2CC[C@H]1C2,2.71,,
CS(=O)(=O)CCNC(=O)NCc1ccc(-n2ccnc2)c(F)c1,,,0.2399072722133803
CS(=O)(=O)CCNCc1ccc(-c2ccc3ncnc(Nc4ccc(OCc5cccc(F)c5)c(Cl)c4)c3c2)o1,5.09,5.71,1.1615180466269996
CS(=O)(=O)CC[C@@H]1N=C(C2CCOC2)c2ccc(Cl)cc2NC1=O,,,0.27481082226490705
CS(=O)(=O)CCc1cn(CC2(C(F)(F)F)CCCCC2)nn1,,,0.25405856015794026
CS(=O)(=O)Cc1c(C(=O)N2CC[C@H]3NCC[C@H]3C2)oc2ccccc12,,,0.172349986370988
CS(=O)(=O)Cc1ccc(C(=O)NCC2CCN(Cc3cccs3)CC2)o1,,,0.23358227643603674
CS(=O)(=O)Cc1ccc(CNC(=O)c2cnn3c2CCCC3)cc1,,,-0.12474714136351164
CS(=O)(=O)Cc1ccc(Cl)cc1S(=O)(=O)N1C2CCC1C(=O)NC2,,,0.3889777105263207
CS(=O)(=O)Cc1ccc(NC(=O)c2nccc3ccccc23)cc1,,,0.6310245730816881
CS(=O)(=O)Cc1ccccc1CNC(=O)C1CC12CCOCC2,,,-0.019249461732091352
CS(=O)(=O)N(Cc1ccccn1)C1CN(C(=O)CCc2c[nH]c3ccccc23)C1,3.93,,
CS(=O)(=O)N1CCC(CNC(=O)N2CCC[C@H]2C(F)F)CC1,,,0.18924588156631517
CS(=O)(=O)N1CCC(NC(=O)NCc2ccc(CCO)cc2)C1,,,0.03450669591217345
CS(=O)(=O)N1CCC(Oc2ccccc2F)CC1,3.63,,
CS(=O)(=O)N1CCN(C(=O)Cc2cncs2)Cc2ccccc21,,,0.337851749213678
CS(=O)(=O)N1CCc2c(NC(=O)NC3CC4CC4C3)cccc21,,,0.1780186757293751
CS(=O)(=O)NC1CCN(C(=O)NC(C2CCC2)C2CC2)C1,,,0.21845746086760626
CS(=O)(=O)NCC1CCCCN1C(=O)[C@H]1CCCC(=O)N1,,,0.06577345145056755
CS(=O)(=O)NCC1CCCN(C(=O)c2cc3ccccc3c(=O)o2)C1,,,0.06772257934831474
CS(=O)(=O)NCC1COCCN1C(=O)c1ccc(Oc2ccccc2)cc1,,,0.35319229912499656
CS(=O)(=O)NCCC(=O)N1CCCC(OCc2cccnc2)C1,3.43,,
CS(=O)(=O)NCc1ccc(C(=O)N2CCCCCc3ccccc32)o1,5.865,1.84,1.0601774032155147
CS(=O)(=O)Nc1cc(C(=O)N2CCC[C@@H]2C(N)=O)ccc1F,,,-0.12097864843101735
CS(=O)(=O)Nc1cc2occ(NC=O)c(=O)c2cc1Oc1ccccc1,4.85,4.97,2.364491438380205
CS(=O)(=O)Nc1ccc(-c2csc(Nc3ccc(Cn4cncn4)cc3)n2)cc1,,,0.4012478728847664
CS(=O)(=O)Nc1ccc(-c2noc(CC3CC4CC4C3)n2)cc1,,,0.36135795413657956
CS(=O)(=O)Nc1ccc(CNc2nc(-c3ccccn3)nc3ccccc23)cc1,5.21,5.65,1.1588314749310284
CS(=O)(=O)Nc1ccc(CNc2ncc(C(=O)N3CCCCC3)cc2Cl)cc1,,,0.5481014729337174
CS(=O)(=O)Nc1cccc(CNC(=O)CCN2C(=O)CCc3ccccc32)c1,,,0.5187138677134007
CS(=O)(=O)Nc1cccc(CNC(=O)N2CCC[C@H]2C(F)F)c1,,,0.23369206793978978
CS(=O)(=O)Nc1cccc(NC(=O)NCC2(O)CCCCC2)c1,3.81,,
CS(=O)(=O)Nc1cncc(C(=O)NCCOc2ccccc2-c2ccccc2)c1,4.58,3.79,0.7793064465815032
CS(=O)(=O)OCCCCOS(C)(=O)=O,,,0.06460005331844351
CS(=O)(=O)[C@@H]1CCCC[C@H]1NC(=O)c1cc2cc(Cl)sc2[nH]1,5.32,3.03,1.1164525991292067
CS(=O)(=O)c1cc(C(=O)Nc2ccc(-c3nc4ccccc4[nH]3)cc2)ccc1F,,,0.6412295338399543
CS(=O)(=O)c1cc(C(F)(F)F)ccc1C(=O)c1cnoc1C1CC1,,,0.4148784089157209
CS(=O)(=O)c1cc(CNC(=O)[C@@H]2C[C@H]2c2ccc(Cl)s2)cc(C(F)(F)F)c1,,,0.6482352488292098
CS(=O)(=O)c1cc(N2C3CCCC2CC(F)(F)C3)ncn1,,,0.3276938430315036
CS(=O)(=O)c1ccc(-c2cn3ccccc3n2)cc1,,,-0.006428088441297249
CS(=O)(=O)c1ccc(-c2nc(C3Cc4ccccc4C3)no2)cc1,,,0.04563684115520815
CS(=O)(=O)c1ccc(-c2noc(-c3cc4ccccc4[nH]c3=O)n2)cc1,,,0.1281913977529602
CS(=O)(=O)c1ccc(-c2noc(C3Cc4ccc(F)cc43)n2)cc1,,,0.320191544708446
CS(=O)(=O)c1ccc(C(=O)N2CCN(C(=O)c3ccsc3)CC2)cc1,,,-0.012936604967234398
CS(=O)(=O)c1ccc(C(=O)N2CCOc3c(Cl)cccc32)cc1,,,0.17716219730503904
CS(=O)(=O)c1ccc(C(=O)Nc2ccc(F)c(C(F)(F)F)c2)cc1,,,0.1787321589546147
CS(=O)(=O)c1ccc(C(O)CN2CCC(C(O)c3ccccc3)CC2)cc1,,,0.4058911138727712
CS(=O)(=O)c1ccc(C2=C(c3ccccc3)C(=O)OC2)cc1,3.79,3.9,0.6150217126797937
CS(=O)(=O)c1ccc(CCNC(=O)c2ccc3c(c2)OCCO3)cc1,,,0.09329891672750279
CS(=O)(=O)c1ccc(CNC(=O)N2CCC(Cn3ccnn3)CC2)cc1,,,0.0650118609413367
CS(=O)(=O)c1ccc(CNC(=O)[C@H]2C[C@@H]2c2ccncc2)s1,,,0.3339019453333501
CS(=O)(=O)c1ccc(CN[C@]23C[C@H]2COC32CCC2)cc1,,,0.058146648143521
CS(=O)(=O)c1ccc(CNc2nc(-c3ccccc3)ns2)cc1,,,0.1145033544701256
CS(=O)(=O)c1ccc(Cn2cc(C3CCOC3)nn2)cc1,,,-0.0994150287602941
CS(=O)(=O)c1ccc(Cn2nc(-c3ccc(F)cc3)ccc2=O)cc1,,,0.345484866834831
CS(=O)(=O)c1ccc(Cn2nc(-c3cccs3)c3ccccc3c2=O)cc1,5.01,3.71,0.9104434211421406
CS(=O)(=O)c1ccc(N2CCCC(N3CCNCC3=O)C2)cc1,,,0.060735620286913046
CS(=O)(=O)c1ccc(NC(=O)NC2CCN(c3ccccn3)C2)cc1,,,0.0733350214925843
CS(=O)(=O)c1ccc(NC(=O)N[C@H]2CCO[C@@H]2C2CC2)nc1,,,0.2653829959573212
CS(=O)(=O)c1ccc(NC2CCN(c3ccccc3)C2)c(S(C)(=O)=O)c1,,,0.5800984417424041
CS(=O)(=O)c1ccc(NCC(=O)N2CC3(CCNCC3)[C@H]3COC[C@H]32)cc1,,,0.020613437678163697
CS(=O)(=O)c1ccc2c(c1)CCCN2C(=O)Cc1ccco1,,,0.3213404314683331
CS(=O)(=O)c1ccc2c(c1)N(C(=O)C1OCCc3ccccc31)CCO2,4.97,3.86,1.4113461552708535
CS(=O)(=O)c1ccc2nc(NC(=O)C3CCN(c4ccccc4F)C3)sc2c1,4.34,1.88,0.8154517837625934
CS(=O)(=O)c1ccc2nc(NC(=O)c3cccn4nccc34)sc2c1,,,0.06888812169694289
CS(=O)(=O)c1ccc2ncn(CCc3ccc(F)c(F)c3)c(=O)c2c1,,,0.3787268063357163
CS(=O)(=O)c1cccc(-c2cn(CCN3CCOCC3)nn2)c1,,,0.0183127766458351
CS(=O)(=O)c1cccc(-n2cc(C3(O)CCOC3)nn2)c1,,,0.2227623790924487
CS(=O)(=O)c1cccc(NC(=O)NCC2CCN(c3ccc(F)cc3)C2)c1,5.1,4.59,1.2512829015644045
CS(=O)(=O)c1ccccc1N1CCCC1c1ccccn1,4.89,1.97,0.9569237836899265
CS(=O)(=O)c1cccnc1C(=O)N1CCC(c2ccsc2)CC1,,,0.49928752392628195
CS(=O)(=O)c1nn(Cc2ccc(C(=O)O)cc2)nc1C(F)F,,,-0.0681896498423524
CS(C)(=O)=NCC1CCN(c2cc(Oc3ccccc3)ncn2)CC1,,,0.0492487123003157
CS(C)(=O)=Nc1cnn(Cc2ccc(C(F)(F)F)cc2)c1,,,0.0615543728877066
CSC(C(=O)NC(CNS(=O)(=O)c1cnn(C)c1)c1ccccc1)c1ccccc1,5.15,3.95,1.3457681181358654
CSC(CO)C(C)NCC(O)Cn1c(-c2ccccc2)noc1=O,4.41,2.76,0.8430299446766047
CSC1(CNC(=O)C(=O)Nc2ccc3nc(-c4ccccn4)oc3c2)CCN(C)CC1,,,0.21674516397550037
CSC1(CNC(=O)C(Cc2c[nH]c3cc(F)ccc23)NC(C)=O)CCC1,,,0.7833547696603953
CSC1(CNC(=O)C2COc3cc(F)ccc3C2)CCC1,5.01,2.85,1.0370976447613245
CSC1CCN(C(=O)C(=O)Nc2cnn(-c3ncccn3)c2)CC1,,,0.16183288200781862
CSC1CCN(C(=O)CCn2cnc3c(C)cccc3c2=O)CC1,4.46,3.67,0.7303265111815079
CSC1CCN(C(=O)NC[C@H]2CCO[C@@H]2c2ccc(F)cc2)CC1,,,0.5865280072200064
CSC1CCN(C(=O)N[C@H]2CCO[C@@H]2c2nccn2-c2ccccc2)CC1,,,0.6472328543870485
CSCC(C)(O)CNc1ncccc1S(=O)(=O)NCC1CC1,4.85,,1.5447604043300454
CSCC(C)C(=O)N1CCC(C(=O)NC2CCN(c3ncccn3)CC2)CC1,,,-0.0412659322303783
CSCC(CCO)NC(=O)C(=O)Nc1ccc(C)c(N2CCNC2=O)c1,,,0.1088771675110359
CSCC1(CC(=O)N2CCOc3ccc(O)cc3C2)CC1,,,0.44678624535633016
CSCCC(=O)NC1CCN(Cc2ccccc2F)CC1,3.06,,
CSCCC(CO)NC(=O)c1ccc2c(c1)NC(=O)CCC2,,,0.1668908838199604
CSCCC(N)C(=O)O,1.87,2.42,-0.23330741359267
CSCCCC(=O)Nc1nc(-c2c(F)cc(F)cc2F)c(C)s1,,,0.42130583094110574
CSCCONC(=O)CC1Cn2nc(-c3ccccc3)cc2NC1=O,,,0.13598960449581884
CSCC[C@@H](N)C(=O)O,,,0.0361734247894083
CSCC[C@H](N)C(=O)O,,,0.18404203252474785
CSCCc1ccccc1NC(=O)N1CCn2c(nnc2-c2ccccc2)C1,,,0.4497209133210518
CSCCc1nc(-c2ccc3c(c2)C(C)(C)C(=O)N3C)n(CC2CC(C)C2)n1,5.48,4.01,1.6053145449503927
CSCc1cc(C(=O)N2CCc3[nH]cnc3C2c2ccnn2C)ccc1F,,,0.36751561654245335
CSCc1ccc(C(=O)NC2CCS(=O)(=O)CC2)o1,3.21,,
CSCc1ccccc1NC(=O)CN(C)[C@@H]1CCC[C@H]1O,4.46,3.16,1.1199401854972089
CSCc1cccnc1C(=O)N(Cc1ccccc1)C1COC(C)(C)C1,5.51,3.08,2.207381738588457
CSCc1cccnc1C(=O)Nc1cccc(C(F)F)c1Cl,4.65,2.88,0.9765121012985153
CSCc1noc(CNC(=O)c2n[nH]c(=O)c3ccccc23)n1,3.62,,
CS[C@@H]1CCCC[C@H]1NC(=O)c1ccc2c(=O)[nH]cnc2c1,,,0.5653005366967873
CSc1[nH]c(=O)c(C(=O)N2CCCC3(CCOCC3)C2)cc1C#N,4.6,2.7,1.009668268462218
CSc1[nH]c(=O)c(C(=O)N2Cc3ccccc3OCC2C)cc1C#N,4.859999999999999,,1.5335329819640668
CSc1cc2c(cc1NC(=O)N1CCCC3(CCOCC3)C1)OCCO2,4.52,3.73,0.8477305095022529
CSc1ccc(C(CNc2ncnc3cnn(C)c23)N(C)C)cc1,,,0.09053896396400754
CSc1ccc(CN2C(=O)[C@@H]3CCCN3S2(=O)=O)cc1Cl,5.2,3.06,1.1052329018893188
CSc1ccc(OCCOC(=O)c2cncc3ccccc23)cc1,,,0.0172712867208646
CSc1ccc2ncnc(N3CCC(O)(Cc4ccccc4F)CC3)c2c1,,,0.2123975081403049
CSc1cccc(Cn2nc(-c3cnn(C)c3)ccc2=O)c1,,,0.17231360509864369
CSc1ccccc1S(=O)(=O)N1CCCCC1c1cnn(C)c1,5.85,2.09,1.4401896485179995
CSc1ccnc(N2CCCC(C)(CNC(=O)C3(C)CCC3)C2)n1,5.98,5.67,1.036568765209788
CSc1cncc(C(=O)NC2CCCc3c2cnn3Cc2ccccc2)n1,,,0.48586338799150064
CSc1nc(C(=O)N2CCCC(c3ccnc(N)n3)C2)c2ccccn12,,,0.6824970477537823
CSc1nc2cc(Cl)c(Oc3cccc(Cl)c3Cl)cc2[nH]1,4.23,2.01,1.7869530779226996
CSc1nc2ccc(NC(=O)CC3(C(=O)O)CCC3)cc2s1,,,0.1107678341856102
CSc1ncc(CNC(=O)Cn2nnnc2N)n1C,3.39,,
CSc1nnnn1-c1cccc(NS(=O)(=O)c2cccc(Cl)c2O)c1,4.47,2.38,1.061829113327157
C[C@@H](C(=O)NCC1(F)CN(C(=O)c2ccc3cccnc3c2)C1)N(C)C,,,0.09247412624535675
C[C@@H](C(=O)O)N(C)S(=O)(=O)c1ccc2c(c1)n(C)c(=O)n2C,,,0.1975888396804712
C[C@@H](CCNC(=O)CC1CCC(=O)N1C)NC(=O)c1c[nH]c(=O)c2ccccc12,,,0.0846619536787348
C[C@@H](CN1CC(=O)NC(=O)C1)N1CC(=O)NC(=O)C1,3.54,1.81,-0.21065080891956445
C[C@@H](CNC(=O)CCc1cncc2ccccc12)Oc1ccc(Cl)cc1,5.25,4.68,1.1164824130635207
C[C@@H](CO)Nc1ccc(-c2ccc3c(c2)ncn3C)cn1,,,0.1530889258684062
C[C@@H](COC(=O)c1cccc(N2CCOCC2=O)c1)N1CCOCC1,,,0.25242809257422505
C[C@@H](Cn1cc(C2CCCC2)nn1)NC(=O)C1(CO)COC1,,,0.0196777177285914
C[C@@H](NC(=O)C1CCCc2ccnn21)c1ccc(Cl)cc1,5.36,5.25,1.164587171463141
C[C@@H](NC(=O)C1CCN(C(=O)OCc2ccccc2)C1)c1ccc(F)cc1,4.54,5.16,1.0507149593088052
C[C@@H](NC(=O)N(C)C1Cc2ccccc2C1)c1cccc(O)c1,4.65,4.49,0.9310970584032644
C[C@@H](NC(=O)N1CC(=O)N(CC2CC2)C1)c1cc2ccccc2o1,,,0.4369417814811459
C[C@@H](NC(=O)N1CCOCC(F)(F)C1)c1cccc(O)c1,4.5,5.11,0.7647095801703772
C[C@@H](NC(=O)N1CCc2cn[nH]c2C1)c1ccccc1Cl,4.99,3.81,0.7650613515136486
C[C@@H](NC(=O)NC(C1CC1)C1CCCCO1)c1ccc(-n2cccn2)c(F)c1,5.8,3.85,1.687956145794205
C[C@@H](NC(=O)NCC1CN(C)CCO1)c1ccc(F)cc1,,,0.2667383040806474
C[C@@H](NC(=O)NCc1nc(C(C)(C)C)co1)c1ccc(Cl)cc1,5.2,5.07,1.7620940583556632
C[C@@H](NC(=O)Nc1ccc2[nH]ncc2c1)c1cccc(Cl)c1,4.61,1.88,1.0178336113543658
C[C@@H](NC(=O)Nc1nc2c(s1)CCCCC2)c1nnc2n1CCCCC2,,,0.33583251902872036
C[C@@H](NC(=O)c1cc(-c2cn(C)nn2)on1)c1ccc(C(F)(F)F)nc1,,,0.0955601933325028
C[C@@H](NC(=O)c1cc(N2CCOCC2)ccn1)c1cccc(Cl)c1,,,0.6721724235183475
C[C@@H](NC(=O)c1cc[nH]c(=O)c1)C1CCN(C(=O)c2ccc(CF)cc2)CC1,,,-0.11863513499130475
C[C@@H](NC(=O)c1cnc(-c2nccs2)[nH]c1=O)c1cccc(F)c1,5.13,2.39,1.0165083267813568
C[C@@H](NC(=O)c1n[nH]c2ccccc12)C1CCN(C(=O)c2cnn(-c3ccncc3)c2)CC1,,,0.4097656105915485
C[C@@H](NCCCc1cccc(C(F)(F)F)c1)c1cccc2ccccc12,,,0.5647165526878786
C[C@@H](NS(=O)(=O)c1cc(Cl)ccc1OCC1CCOC1)C(=O)O,,,0.2605292203311161
C[C@@H](O)C(=O)N1CC(NC(=O)c2ccc(-c3ccccc3)[nH]2)C1,,,0.10863741104611174
C[C@@H](O)CNc1cccc(S(=O)(=O)NCc2ccccn2)n1,,,0.1387661786111922
C[C@@H](O)[C@H](N)C(=O)O,,,-0.06420480240548379
C[C@@H](O)[C@H]1C(=O)N2C(C(=O)O)=C(S[C@@H]3CN[C@H](C(=O)N(C)C)C3)[C@H](C)[C@H]12,,,-0.029879389465416052
C[C@@H](O[C@H]1OCCN(Cc2nc(=O)[nH][nH]2)[C@H]1c1ccc(F)cc1)c1cc(C(F)(F)F)cc(C(F)(F)F)c1,,,0.5218661496773882
C[C@@H](Oc1cc(-c2cnn(C3CCNCC3)c2)cnc1N)c1c(Cl)ccc(F)c1Cl,1.98,2.13,0.1869461868001639
C[C@@H](c1cccc(F)c1)n1cc(CC2(C#N)CCCCC2)nn1,5.55,1.89,1.3473148044987966
C[C@@H](c1csc2ccccc12)n1cc(CC2(O)COC2)nn1,,,0.39283259159223105
C[C@@H](c1nc(-c2ccc(C#N)cc2)cs1)[C@](O)(Cn1cncn1)c1cc(F)ccc1F,5.1,2.13,0.9319448039641262
C[C@@H](c1ncncc1F)[C@](O)(Cn1cncn1)c1ccc(F)cc1F,,,0.4528325903082821
C[C@@H]1CC(CS(=O)(=O)N(Cc2cccnc2)C2CC2)C[C@H](C)O1,,,0.29344700503175336
C[C@@H]1CCC2[C@@H](C)[C@@H](O)O[C@@H]3OC4(C)CC[C@@H]1[C@@]23OO4,1.89,2.09,-0.040493430998557
C[C@@H]1CCN(C(=O)CC#N)C[C@@H]1N(C)c1ncnc2[nH]ccc12,1.77,3.28,-0.1109434690362198
C[C@@H]1CCNC[C@@H]1N(C)c1ncnc2[nH]ccc12,1.91,,
C[C@@H]1CCO[C@H]2Cn3cc(C(=O)NCc4ccc(F)cc4F)c(=O)c(O)c3C(=O)N12,1.82,2.63,0.9446973378387009
C[C@@H]1CN(C(=O)Cn2cc(C#N)cn2)CCN1C(=O)C1CC(=O)N(C2CC2)C1,,,-0.1211535377880198
C[C@@H]1CN(C(=O)NC(c2cnn(C)c2)C2(CO)CCC2)C[C@H](C)O1,,,0.0794205613064593
C[C@@H]1CN(C(=O)NCc2ccc(Cl)c(C(F)(F)F)c2)CCN1,,,0.29037987449426245
C[C@@H]1CN(C(=O)NCc2ccc3c(c2)CC(=O)N3C)C[C@H](C)O1,,,0.2532834821964033
C[C@@H]1CN(C(=O)Nc2ccc(-n3ccc(C(F)(F)F)n3)cc2)CC[C@H](C)O1,4.68,1.88,0.776405095489163
C[C@@H]1CN(C(=O)c2ccc3c(=O)[nH]ncc3c2)CCCN1C(=O)[C@@H]1C[C@@H]1F,,,0.6880036365477307
C[C@@H]1CN(C2CCOCC2)CCN1C(=O)CCc1nc2ccccc2[nH]1,,,0.22933330980885844
C[C@@H]1CN(Cc2cn(CC3(O)CCOCC3)nn2)C[C@H](C)O1,,,0.1033129861534446
C[C@@H]1CN(Cc2cn(C[C@@H]3CCC(=O)N3)nn2)C[C@H](C)O1,,,-0.0031038943251894503
C[C@@H]1CN(Cc2noc3c2COCC3)CCN1S(C)(=O)=O,,,0.0019099634602725984
C[C@@H]1CN(c2c(F)c(N)c3c(=O)c(C(=O)O)cn(C4CC4)c3c2F)C[C@H](C)N1,,,-0.06260913462485726
C[C@@H]1COCCN1Cc1cn(-c2cccc3cnccc23)nn1,,,0.10619066425010859
C[C@@H]1COCCN1Cc1cn(C(C(=O)N(C)C)c2ccccc2)nn1,,,0.4122128580932386
C[C@@H]1COC[C@@](CO)(CNC(=O)c2c(Cl)ccc3ccoc23)N1C,4.29,2.11,0.8221416061914504
C[C@@H]1COC[C@@](CO)(CNC(=O)c2ccc3nc(N(C)C)oc3c2)N1C,,,0.1580650390262723
C[C@@H]1COC[C@@](CO)(CNC(=O)c2ccc3ncn(C)c(=O)c3c2)N1C,,,0.2658456661456129
C[C@@H]1COC[C@@](CO)(CNC(=O)c2ccccc2-n2ccc(C3CC3)n2)N1C,4.99,3.0,1.1143303694335775
C[C@@H]1COC[C@@](CO)(CNC(=O)c2ccn3nncc3c2)N1C,,,-0.00761842121836335
C[C@@H]1COC[C@@](CO)(CNC(=O)c2cncc3c2CCCC3)N1C,,,0.30416214403654745
C[C@@H]1COC[C@@](CO)(CNC(=O)c2coc(Cn3cccn3)c2)N1C,,,-0.007569620404436449
C[C@@H]1COC[C@@](CO)(CNS(=O)(=O)c2cc(C3CC3)nn2C)N1C,,,0.4417163014130723
C[C@@H]1COC[C@@](CO)(CNS(=O)(=O)c2ccc(F)c3occc23)N1C,4.83,2.39,0.8230981305374204
C[C@@H]1COC[C@@](CO)(CNS(=O)(=O)c2ccnn2-c2ccccc2)N1C,,,0.6611063424037338
C[C@@H]1COC[C@@](CO)(CNS(=O)(=O)c2cnn3c2CCCC3)N1C,4.84,3.18,0.9299681829195725
C[C@@H]1COC[C@@](CO)(CNc2nc(C(F)(F)F)c3nc[nH]c3n2)N1C,,,0.03035066677788575
C[C@@H]1COC[C@@](CO)(CNc2ncnc3cnn(C)c23)N1C,,,0.4334893283730459
C[C@@H]1C[C@@H](NCC(O)c2ccc(C(F)(F)F)cc2)c2ccccc2O1,,,0.5393473113675279
C[C@@H]1C[C@H](C(=O)O)CCN1C(=O)C1CCCc2sccc21,,,-0.062091665197703295
C[C@@H]1C[C@H](CO)CCN1C(=O)c1coc2ccc(Cl)cc12,,,0.8023010544348059
C[C@@H]1C[C@H](Cn2cc(-c3cccc(NCc4ccncc4)c3)nn2)C[C@H](C)O1,,,0.3511133565700386
C[C@@H]1C[C@H]2CN(C(=O)CCc3ccc[nH]3)C[C@H]2N1C(=O)c1cn(C)cn1,,,0.0230498516327345
C[C@@H]1C[C@H]2[C@@H]3CCC4=CC(=O)C=C[C@]4(C)[C@@]3(F)[C@@H](O)C[C@]2(C)[C@@]1(O)C(=O)CO,,,0.3847692386989414
C[C@@H]1Cn2cc(-c3cccc4c3CNC4=O)cc2C(=O)N1,,,-0.06511193881275755
C[C@@H]1O[C@@H]1P(=O)(O)O,,,-0.0644402850446972
C[C@@H]1[C@H](C(=O)N[C@H]2CCCN(C(=O)Cc3c[nH]c4cnccc34)C2)CCN1C,,,-0.0853875581209037
C[C@@H]1[C@H](N(C)CCO)CCN1C(=O)Nc1ccc(C(C)(C)C)nc1,,,0.49186794615706253
C[C@@H]1[C@H](O)[C@@H](C)C=CC=CC=CC=CC=CC=CC=C[C@H](O[C@@H]2O[C@H](C)[C@@H](O)[C@H](N)[C@@H]2O)C[C@@H]2O[C@](O)(C[C@@H](O)C[C@@H](O)[C@H](O)CC[C@@H](O)C[C@@H](O)CC(=O)O[C@H]1C)C[C@H](O)[C@H]2C(=O)O,,,0.006458898583814501
C[C@@](Cc1ccc(O)c(O)c1)(NN)C(=O)O,,,-0.12151821477281025
C[C@@]12CN(C(=O)c3ccc[nH]3)C[C@]1(C)CN(c1ncnc3c1COC3)C2,,,0.1466150327733423
C[C@@]12C[C@H](CO1)[C@@H](C(=O)NCCOc1ccc(-c3noc(=O)[nH]3)cc1)C2,,,0.08273242705686235
C[C@H](/C=C/[C@H](C)C(C)(C)O)[C@H]1CC[C@H]2/C(=C/C=C3C[C@@H](O)C[C@H](O)C3)CCC[C@]12C,1.73,2.43,-0.42056258845606803
C[C@H](C(=O)N1CCCCc2cccnc21)N1Cc2ccccc2C1=O,4.9,4.03,1.2690859370196075
C[C@H](C(=O)OCc1nnc(-c2ccc(Cl)cc2)o1)N1C(=O)c2ccccc2C1=O,,,0.7525035820206102
C[C@H](CCC(=O)O)C1CC[C@H]2[C@@H]3C(=O)C[C@@H]4CC(=O)CC[C@]4(C)[C@H]3CC(=O)[C@]12C,,,0.22499081226930945
C[C@H](CCC(=O)O)[C@H]1CC[C@H]2[C@@H]3CC[C@@H]4C[C@H](O)CC[C@]4(C)[C@H]3C[C@H](O)[C@]12C,,,0.1418663106268706
C[C@H](CCC(=O)O)[C@H]1CC[C@H]2[C@@H]3[C@@H](O)C[C@@H]4C[C@H](O)CC[C@]4(C)[C@H]3CC[C@]12C,,,0.02337358365903655
C[C@H](CCC(=O)O)[C@H]1CC[C@H]2[C@@H]3[C@H](O)C[C@@H]4C[C@H](O)CC[C@]4(C)[C@H]3CC[C@]12C,3.47,,0.17788905638637437
C[C@H](CCC(=O)O)[C@H]1CC[C@H]2[C@@H]3[C@H](O)C[C@@H]4C[C@H](O)CC[C@]4(C)[C@H]3C[C@H](O)[C@]12C,,,0.1061140330407182
C[C@H](CS)C(=O)N1CCC[C@H]1C(=O)O,,,0.2211841858976815
C[C@H](Cc1cc2c(c(C(N)=O)c1)N(CCCO)CC2)NCCOc1ccccc1OCC(F)(F)F,,,0.49138521404937063
C[C@H](Cn1cnc2c(N)ncnc21)OCP(=O)(O)O,,,0.04359423446676665
C[C@H](N)C(=O)Nc1ccccc1CN1CCOCC1,3.28,,
C[C@H](N)[C@H](O)c1cccc(O)c1,,,-0.021833955374564853
C[C@H](NC(=O)C1(C#N)CC12CCCC2)c1ccc(Br)cc1F,5.2,5.29,1.5590258669848378
C[C@H](NC(=O)C1CC(=O)N(c2ccc3c(c2)CCC3)C1)c1cccnc1,4.48,5.18,0.7195891411349558
C[C@H](NC(=O)C1CCC(C(F)(F)F)NC1=O)c1nc2ccccc2[nH]1,,,0.2630405588522676
C[C@H](NC(=O)C1CCc2cc(F)ccc21)c1cnccn1,,,0.3447346485370342
C[C@H](NC(=O)CC(C(F)(F)F)P(C)(C)=O)c1ccc(F)cc1,,,0.07614218820861629
C[C@H](NC(=O)Cc1cnn(-c2ccccc2)n1)c1ccc(C(F)(F)F)nc1,4.51,4.34,0.8998931444550102
C[C@H](NC(=O)Cn1nnc2ccccc2c1=O)c1ccc(OC(F)(F)F)cc1,4.83,2.45,0.7613637347187614
C[C@H](NC(=O)N(C)Cc1noc(O)n1)c1ccc(Cl)cc1,,,0.2590958198382266
C[C@H](NC(=O)N1CCCC(O)(C(N)=O)C1)c1cccc(OCc2ccccc2)c1,,,0.42297377171551914
C[C@H](NC(=O)N1CCCC1c1nncn1C)c1cc(Cl)ccc1Cl,,,0.5784027848246315
C[C@H](NC(=O)NC[C@H]1C[C@@H]1c1ccccc1)c1cncc(F)c1,4.25,4.16,0.80904656880076
C[C@H](NC(=O)Nc1nc2cc3c(cc2s1)OCO3)C(C)(C)O,,,0.2446956975568952
C[C@H](NC(=O)c1ccn(C)c(=O)c1)c1ccc(C(F)(F)F)nc1,,,0.064524265051148
C[C@H](NCc1cn(C)nc1-c1cc(F)ccc1F)C(=O)N(C)C,,,0.03952499963350625
C[C@H](N[C@@H](CCc1ccccc1)C(=O)O)C(=O)N1CCC[C@H]1C(=O)O,,,0.05632347808551985
C[C@H](Nc1cc(-c2ccccc2)nc2ncnn12)c1ccc(Cl)cn1,5.19,2.64,1.0988054971316183
C[C@H](Nc1ncnc2[nH]cnc12)c1cc2cccc(Cl)c2c(=O)n1-c1ccccc1,4.78,1.82,0.7423216607130012
C[C@H](O)CCNC(=O)c1cc(-c2noc(=O)[nH]2)cc2ccccc12,,,-0.1479561259855361
C[C@H](O)c1cccc(-c2cc(F)cc(Cn3ccnc3)c2)c1,,,0.1538777182122166
C[C@H](Oc1ccc(Cl)cc1Cl)C(=O)Nc1ccc(NC(=O)C2CC2)cc1,,,0.633915454125523
C[C@H](c1cccc(F)c1)n1cc(-c2ccc3cn[nH]c3c2)nn1,,,0.6172922231282723
C[C@H](c1ccccc1)N(CC(N)=O)Cc1cn(C2CCc3ccc(Cl)cc32)nn1,5.7,3.12,1.2424905494866736
C[C@H](c1ccccc1)N(CC(N)=O)S(=O)(=O)c1cnn(-c2ccccc2)c1,4.9,3.72,0.8622293883458375
C[C@H](c1ccccn1)n1cc(-c2ccn(CC(F)(F)F)n2)nn1,4.57,3.08,1.2645432079568
C[C@H]1C(=O)N(c2ccc(OC3CC3(F)F)cc2)C(=O)N1C,,,0.5498975150021199
C[C@H]1C(=O)NCCCN1C(=O)c1cnc(-c2ccccc2)s1,,,0.43566276122331166
C[C@H]1CC(=O)N[C@@H](C(=O)N2CCC[C@H]2COc2ccc(F)cc2)C1,,,0.43088041615244177
C[C@H]1CCN(C(=O)c2ccccc2Oc2cnn(C)c2)[C@@H](C)C1,4.98,2.96,1.3988770747427322
C[C@H]1CC[C@@H](C(=O)O)N1S(=O)(=O)c1ccc(N2CCCC2=O)cc1,,,0.0981092180765679
C[C@H]1CC[C@H](NC(=O)c2ccccc2SCc2cccnc2)CC1,4.95,,1.2609585262151937
C[C@H]1CC[C@H](O)CN1C(=O)c1cnc2[nH]c(=O)[nH]c(=O)c2c1,,,0.0130102966826536
C[C@H]1CN(C(=O)C(F)(F)c2c(F)cccc2F)CCN1S(C)(=O)=O,,,0.3877493858565245
C[C@H]1CN(C(=O)CCCc2ccc3[nH]c(=O)[nH]c3c2)C[C@@H]1C(=O)O,,,0.1676616461084359
C[C@H]1CN(C(=O)NCC2CCCCC2)C[C@@H]1CS(N)(=O)=O,,,0.15936360972188995
C[C@H]1CN(C(=O)c2cccc(CNc3ccncn3)c2)C[C@@H]1O,,,-0.06915382011087814
C[C@H]1CN(C)c2ccccc2CN1C(=O)Nc1cc(-c2ccsc2)nn1C,5.55,3.8,1.3248100468586048
C[C@H]1CN(C)c2ccccc2CN1C(=O)Nc1ccc(F)cc1N1CCOCC1,5.56,3.4,1.3179512285541288
C[C@H]1CN(C2CCOCC2)CCN1C(=O)c1cc(-c2cccs2)on1,,,0.6500900845064381
C[C@H]1CN(C2CCOCC2)CCN1C(=O)c1ccc(=O)n(-c2cnn(C)c2)c1,,,0.18092434931897872
C[C@H]1CN(CC(O)C2(O)CCCC2)CCN1C(=O)c1cscn1,,,0.11989013378233035
C[C@H]1CN(CCc2ccc3ccccc3c2)C[C@@H]1C(=O)N1CCOCC1,,,0.5080069283310592
C[C@H]1CN(S(=O)(=O)C2=Cc3ccccc3OCC2)C[C@@H]1CO,,,0.4434424282313654
C[C@H]1CNC(=O)[C@@]2(C/C=C/COc3ccccc3C(=O)N1)CCCNC2,,,0.06793709341121695
C[C@H]1CNC[C@@H](C(=O)NCCc2c[nH]c3c(Cl)cccc23)O1,,,0.5025955362640903
C[C@H]1COCCN1C(=O)Cn1c(C(=O)N2CCOC[C@@H]2C)cc2ccccc21,,,0.6958855930015632
C[C@H]1COc2c(C3(N)CC3)c(F)cc3c(=O)c(C(=O)O)cn1c23,,,0.7034707229148454
C[C@H]1COc2c(N3CCN(C)CC3)c(F)cc3c(=O)c(C(=O)O)cn1c23,,,0.09864721757971814
C[C@H]1CS(=O)(=O)C[C@H]1NC(=O)c1cc(-c2ccc3ccccc3c2)[nH]n1,4.67,,0.7311558741194155
C[C@H]1C[C@@H](C(=O)Nc2ccc(F)cc2-c2nc3ccccc3s2)CCN1,1.72,,0.7454239646619465
C[C@H]1C[C@@H]1C(=O)N1CCCC(NC(=O)c2nn(C)cc2Cl)CC1,,,0.24912066976836394
C[C@H]1C[C@H](NC(=O)C2(c3ccc(F)cc3F)CCC2)c2ccsc2S1(=O)=O,5.14,2.95,1.333708457386217
C[C@H]1C[C@H]2[C@@H]3CCC4=CC(=O)C=C[C@]4(C)[C@@]3(F)[C@@H](O)C[C@]2(C)[C@@]1(O)C(=O)CO,3.9,1.85,0.7684201474783721
C[C@H]1C[C@H]2[C@@H]3CCC4=CC(=O)C=C[C@]4(C)[C@H]3C(=O)C[C@]2(C)[C@@]1(O)C(=O)CO,3.94,1.85,0.867276316058683
C[C@H]1Cc2c(C(=O)NCC3(n4nccn4)CC3)n[nH]c2[C@@H](C)O1,,,0.0737371723548415
C[C@H]1Cc2c(C(=O)NCc3cc4n(n3)CCCO4)n[nH]c2[C@@H](C)O1,,,0.23580924658284647
C[C@H]1NCCO[C@@H]1c1ccc(-c2ccc(OCc3ccccn3)cc2)cc1,,,0.28622435359848414
C[C@H]1OCCN(C(=O)c2cc(C(F)(F)F)ccc2F)[C@@H]1C(N)=O,,,0.26688361016620205
C[C@H]1OCCN(C(=O)c2cc(O)nc(-c3ccccc3)c2)[C@@H]1C(=O)O,,,0.2191536175710564
C[C@H]1OCCO[C@H]1C(=O)N(Cc1ccc2c(c1)OCO2)C1CCCC1,5.12,2.93,2.054644442721053
C[C@H]1OCCO[C@H]1C(=O)Nc1cnn(-c2ccccc2)c1C(F)F,,,0.2055817697314763
C[C@H]1O[C@@H](O[C@H]2[C@@H](O)C[C@H](O[C@H]3[C@@H](O)C[C@H](O[C@H]4CC[C@@]5(C)[C@H](CC[C@@H]6[C@@H]5CC[C@]5(C)[C@@H](C7=CC(=O)OC7)CC[C@]65O)C4)O[C@@H]3C)O[C@@H]2C)C[C@H](O)[C@@H]1O,4.26,3.27,
C[C@H]1O[C@H](O[C@H]2[C@H](O)[C@@H](O)[C@@H](O[C@H]3[C@H](O)[C@@H](O)[C@H](O)O[C@@H]3CO)O[C@@H]2CO)[C@H](O)[C@@H](O)[C@@H]1N[C@H]1C=C(CO)[C@@H](O)[C@H](O)[C@H]1O,,,-0.0427379000118959
C[C@H]1[C@@H](C(F)(F)F)OCCN1C(=O)C1CC12CCNCC2,,,0.2079030526057686
C[C@H]1[C@H](NC(=O)C(=NOC(C)(C)C(=O)O)c2csc(N)n2)C(=O)N1S(=O)(=O)O,,,-0.07742001455607625
C[C@H]1[C@H](NC(=O)Cc2cnn(C)c2)CCN1C(=O)c1cccc2cn[nH]c12,,,0.07700852039193705
C[C@H]1[C@H](OC(=O)CCC(=O)O)O[C@@H]2O[C@@]3(C)CC[C@H]4[C@H](C)CC[C@@H]1[C@@]24OO3,,,0.2256338956727926
C[C@H]1[C@H]2CN(S(=O)(=O)c3csc4ccccc34)[C@]1(C(=O)O)C2,4.63,,1.7121741348570616
C[C@H]1c2cccc(O)c2C(=O)C2=C(O)[C@]3(O)C(=O)C(C(N)=O)=C(O)[C@@H](N(C)C)[C@@H]3[C@@H](O)[C@@H]21,,,0.4729743133809813
C[C@H]1c2ccccc2C[C@H]1NC(=O)N1CCC2(C1)NC(=O)NC2=O,,,0.02254566075802375
C[C@](N)(Cc1ccc(O)c(O)c1)C(=O)O,,,0.1792001188083578
C[C@](N)(Cc1ccc(O)cc1)C(=O)O,,,-0.1586287972316614
C[C@]1(O)C[C@@H](NC(=O)Nc2ccc(=O)n(Cc3cccc(F)c3)c2)C1,,,-0.023169194407755198
C[C@]1(c2ccccc2)C[C@H]1C(=O)N1CC[C@H](Nc2ccncc2C#N)C1,4.75,4.86,1.018178701363613
C[C@]12C=CC(=O)C=C1CC[C@@H]1[C@@H]2C(=O)C[C@@]2(C)[C@H]1CC[C@]2(O)C(=O)CO,,,0.24244175603800555
C[C@]12C=CC(=O)C=C1CC[C@@H]1[C@@H]2[C@@H](O)C[C@@]2(C)[C@H]1CC[C@]2(O)C(=O)CO,,,0.3688938800217352
C[C@]12C=CC(=O)N[C@@H]1CC[C@@H]1[C@@H]2CC[C@]2(C)[C@@H](C(=O)Nc3cc(C(F)(F)F)ccc3C(F)(F)F)CC[C@@H]12,,,0.6164182676789961
C[C@]12CCC3=C4CCC(=O)C=C4CC[C@H]3[C@@H]1CC[C@@]2(O)CC#N,,,0.10633680830462974
C[C@]12CC[C@@H]3c4ccc(O)cc4CC[C@H]3[C@@H]1CCC2=O,4.57,2.01,1.2598335666135714
C[C@]12CC[C@@H]3c4ccc(O)cc4CC[C@H]3[C@@H]1CC[C@@H]2O,,,0.1741252432488623
C[C@]12CC[C@@H]3c4ccc(O)cc4C[C@@H](CCCCCCCCC[S+]([O-])CCCC(F)(F)C(F)(F)F)C3[C@@H]1CC[C@@H]2O,,,0.32469755250002796
C[C@]12CC[C@H](O)CC1=CC[C@@H]1[C@@H]2CC[C@]2(C)C(c3cccnc3)=CC[C@@H]12,,,0.5028666832731394
C[C@]12CC[C@H]3[C@@H](CC[C@@]45O[C@@H]4C(O)=C(C#N)C[C@]35C)[C@@H]1CC[C@@H]2O,,,0.264583956023373
C[C@]12CN(C(=O)NCCC3CC=CC3)C[C@H]1CS(=O)(=O)C2,,,0.1406391909272001
C[N+](C)(C)CC(=O)[O-],,,0.5199036320212642
C[N+](C)(C)CCO,,,-0.13181537492849005
C[N+](C)(C)CCOC(=O)CCC(=O)OCC[N+](C)(C)C,,,-0.1429220607199932
C[N+](C)(C)CCOC(N)=O,,,0.0018865662235057548
C[N+]1(CCCCC[N+]2(C)CCCC2)CCCC1,,,0.05993370930802721
C[n+]1ccc(C(=O)NCc2ccccc2)cc1,,,-0.0985390316075688
C[n+]1ccccc1C=NO,,,0.1156140446880063
Cc1[nH]c(-c2ccccc2)nc1C(=O)OCC(=O)Nc1ccccc1C(=O)Nc1ccccc1,5.24,5.14,1.8554766443925246
Cc1[nH]c(-c2nn[nH]n2)cc1C(=O)N1CCc2ccc(C(C)(C)C)cc2C1,,,-0.020813130546513254
Cc1[nH]c(=O)[nH]c(=O)c1CCC(=O)N1CC2CCCN2c2ccccc21,,,0.606075250063656
Cc1[nH]c(=O)[nH]c(=O)c1S(=O)(=O)N1CCc2ccccc21,,,0.46188588197478986
Cc1[nH]c(=O)c(C#N)c(C)c1CCC(=O)N1CCNCC1c1cccnc1,,,0.21312432031789147
Cc1[nH]c(=O)c(C#N)c(C)c1CCC(=O)Nc1ccc2[nH]c(-c3ccco3)nc2c1,,,0.504489805622556
Cc1[nH]c(=O)c(C#N)cc1-c1ccncc1,,,-0.0139284195145589
Cc1[nH]c(=O)c(C(=O)NC2CCCN(c3cnn(C)c3)C2)cc1-c1ccccc1,4.65,4.34,1.167520343926337
Cc1[nH]c2c(C(=O)N3CCC(NC(=O)C4CC4)CC3)cccc2c1C,4.82,3.02,0.8749849797910674
Cc1[nH]c2ccc(C#N)cc2c1CCNC(=O)c1cc(CC(C)C)no1,4.71,,
Cc1[nH]c2ccc(Cl)cc2c1C(=O)N1CCOC(CC(=O)O)C1,,,-0.0220254688532055
Cc1[nH]c2ccc(F)cc2c1CCNC(=O)C1CCCc2[nH]ncc21,4.63,6.01,0.7726927927259944
Cc1[nH]c2ccccc2c1C(=O)NCCc1nc2c(s1)COCC2,,,0.6800647816229292
Cc1[nH]c2ccccc2c1C(=O)NCc1ccc(-n2ccnc2)nc1,,,0.33830839922500755
Cc1[nH]c2ccccc2c1C(=O)Nc1cc(C(F)(F)F)c2cn[nH]c2c1,,,0.4908489212953656
Cc1[nH]c2ccccc2c1C1=CCN(C(=O)Nc2cc(C)c3cn[nH]c3c2)CC1,,,0.3040937812574442
Cc1[nH]c2ccccc2c1C1CCN(C(=O)Cc2c[nH]c3ncccc23)CC1,,,0.5410847540047461
Cc1[nH]c2ccccc2c1CC(=O)N1CCC(Nc2cccnn2)CC1,,,0.662790732597353
Cc1[nH]c2ccccc2c1CC(=O)NC1CCCOC1CC(C)C,5.38,3.87,1.5016688727127687
Cc1[nH]c2ccccc2c1CCN,4.15,,
Cc1[nH]c2ccccc2c1CCNC(=O)c1cccs1,4.45,,
Cc1[nH]c2ccccc2c1SCCNC(=O)Nc1ccnn1C,,,0.24310529373166084
Cc1[nH]c2ccccc2c1SCCNC1CCCOCC1,,,0.3060317269494035
Cc1[nH]c2ccnn2c(=O)c1CC(=O)N1CCC(C)c2cccc(O)c21,4.83,3.09,0.7804422562588671
Cc1[nH]c2ncnc(NC(=O)C(CCS(C)(=O)=O)c3ccccc3)c2c1C,4.54,3.56,0.7621164431458697
Cc1[nH]c2ncnn2c(=O)c1CCC(=O)N(Cc1ccccc1)Cc1ccc(F)cc1,4.51,2.9,1.789246532230614
Cc1[nH]c2ncnn2c(=O)c1CCOC(=O)c1cncc(C(C)C)c1,1.96,2.11,-0.44418388247118634
Cc1[nH]ccc1C(=O)N(Cc1cnc(C)n1C)CC1CC12CCC2,,,0.35360983382442057
Cc1[nH]ccc1C(=O)NC(c1ccccc1)c1nccs1,4.4,3.71,1.0255874369628966
Cc1[nH]ccc1C(=O)NC1CCN(C(=O)c2ccccc2F)CC1,,,0.2075959043347135
Cc1[nH]cnc1C(=O)N=S1(=O)CCC2(CC1)CN(C(=O)CC1CC1)CCO2,,,0.22547119798058715
Cc1[nH]cnc1C(=O)NC(c1c[nH]c2cccc(F)c12)C(F)(F)F,5.19,5.91,1.1272345011573788
Cc1[nH]cnc1CC(=O)N1CCCC1c1nc(-c2ccccc2)c[nH]1,,,0.40503779240845084
Cc1[nH]cnc1CC(=O)N1CCN(C(=O)C2CC23CCOCC3)CC1,,,0.14351569922252883
Cc1[nH]cnc1S(=O)(=O)Nc1nc(C)n(-c2ccccc2)n1,,,0.0069991399363311495
Cc1[nH]nc(C(=O)N2CCC(CO)(c3ccccc3)C2)c1C,,,0.263077683301218
Cc1[nH]nc(C(=O)N2CCC(Oc3cnccn3)CC2)c1C,,,-0.13085774846967155
Cc1[nH]nc(C(=O)N2CCCC2c2nc(-c3ccc(Cl)cc3)c[nH]2)c1C,,,0.6937618147959418
Cc1[nH]nc(C(=O)N2CCCCC3(CCN(C(=O)c4cncc(Cl)c4)C3)C2)c1C,,,0.5132028668075883
Cc1[nH]nc(C(=O)N[C@H]2CC[C@H]2c2ccccc2)c1[N+](=O)[O-],,,0.7167702723807852
Cc1[nH]nc(C(F)(F)F)c1C(=O)N1CCC(CCC(N)=O)CC1,,,0.21479655466893244
Cc1[nH]nc(C(F)(F)F)c1C(=O)N1CCc2c([nH]c(=O)[nH]c2=O)C1,,,0.3941358955496779
Cc1[nH]nc(C(F)(F)F)c1C(=O)Nc1ccn(-c2ncccc2F)n1,,,0.305430275807932
Cc1[nH]nc(C(F)F)c1NS(=O)(=O)c1ccc2c(c1)CCO2,,,0.39937442066840345
Cc1[nH]ncc1C(=O)NCC1CC(C)N(c2nc3ccc(F)cc3o2)C1,,,0.8038814195068742
Cc1[nH]oc(=NS(=O)(=O)c2ccc(N)cc2)c1C,,,-0.0713960171660815
Cc1c(-c2cc(CN3CCN(C)c4cc(Cl)ccc43)on2)cnn1C,,,0.7375535929636879
Cc1c(-c2cc(COc3cccc4c3NC(=O)CO4)on2)cnn1C,,,0.3152643547076407
Cc1c(-c2ccc(O)cc2)n(Cc2ccc(OCCN3CCCCCC3)cc2)c2ccc(O)cc12,5.04,3.08,1.7528489924494723
Cc1c(-c2ccccc2)n[nH]c1C(=O)N1CC=C(c2ccnc3[nH]ccc23)CC1,,,0.1293988239611695
Cc1c(-c2ccccc2)nc2ccccc2c1C(=O)O,3.05,,
Cc1c(-c2ccccc2)oc2c(C(=O)NC(C)c3ccc4c(c3)CC(=O)N4)cccc2c1=O,,,0.9951666637092984
Cc1c(-c2ccccc2)oc2c(C(=O)OCCN3CCCCC3)cccc2c1=O,,,0.29210282616982886
Cc1c(-c2nc(-c3cccc(Cn4ccnc4)c3)no2)nnn1-c1cccc2cccnc12,5.31,1.84,1.2688046768635977
Cc1c(-c2nc(-c3ccnc(OC(C)C)c3)no2)[nH]c(=O)c2ccccc12,,,0.21786139131378013
Cc1c(-c2nc(COc3cccc(F)c3)no2)nnn1C1CCNCC1,,,0.768760403836674
Cc1c(-c2noc(CCc3cccc(O)c3)n2)c(=O)[nH]c(=O)n1C,,,0.1496027271500614
Cc1c(-n2nnnc2SC2CCCN(CC(C)(C)C)C2=O)c(=O)n(-c2ccccc2)n1C,5.18,,1.4694171161511507
Cc1c(Br)cc(C(=O)NC(CC(C)C)CN(C)C)c(=O)n1C,,,0.5305220483007256
Cc1c(Br)cccc1CCNC(=O)c1ncoc1C1CC1,5.57,2.41,0.9284594273107568
Cc1c(Br)cccc1CCNc1ncnc2c1nnn2C,,,0.30000146123894933
Cc1c(Br)cncc1NC(=O)[C@H]1C[C@@H]1c1cccc(O)c1,,,0.0987677381019907
Cc1c(C#N)c(N2CC(=O)NC(C)C2)nc2ccccc12,,,0.5152745714086723
Cc1c(C#N)c(NC(=O)CN2CCN(C(=O)c3ccco3)CC2)n(-c2ccccc2)c1C,,,0.5217553503533754
Cc1c(C(=O)N(C)C(C)CS(C)(=O)=O)sc2cccc(F)c12,4.73,4.67,0.9106096000629297
Cc1c(C(=O)N(C)Cc2ccc(F)c(Cl)c2)ccc2cncn12,,,0.4530099299274815
Cc1c(C(=O)N2C(C)CCS2(=O)=O)cnn1-c1ccccc1,5.02,2.03,1.0821666280340723
Cc1c(C(=O)N2CC(=O)N(C3CC3)C2)c2ccccc2n(C)c1=O,,,0.281200503278873
Cc1c(C(=O)N2CC(CO)Cc3ccccc32)sc2nc[nH]c(=O)c12,,,0.271343647777025
Cc1c(C(=O)N2CC(F)CC2CO)[nH]c2c(Cl)cccc12,,,0.565384998390416
Cc1c(C(=O)N2CC(NC3CCOCC3)C2)nnn1-c1ccn(C)n1,,,0.018415556711206798
Cc1c(C(=O)N2CC(O)C3(CC3)C2)nnn1Cc1ccc(C(F)(F)F)cc1,,,0.14380496215075414
Cc1c(C(=O)N2CCC(c3cccc(F)c3)C2)sc2nccn12,,,0.5858609028729365
Cc1c(C(=O)N2CCC=C(F)C2)nnn1Cc1ccc(F)cc1,,,0.6599482981774516
Cc1c(C(=O)N2CCCC(O)(C(F)(F)F)C2)c(O)nc2ccccc12,,,0.23553515338821762
Cc1c(C(=O)N2CCCC(S(N)(=O)=O)C2)nnn1-c1cccc2ncccc12,,,0.42618114292929454
Cc1c(C(=O)N2CCCC2c2nccc(N)n2)cnc2ccccc12,,,0.7190550165424447
Cc1c(C(=O)N2CCCCC2CNC(=O)Nc2ccccc2)nnn1-c1ccc2ncccc2c1,4.53,4.55,0.9898400855463222
Cc1c(C(=O)N2CCCN3c4ccccc4CC3C2)c(O)nc2ccccc12,5.0,1.9,1.0917701250692673
Cc1c(C(=O)N2CCC[C@H]2C(=O)N2CCNCC2)cnn1-c1ccncc1,,,-0.06421389086527075
Cc1c(C(=O)N2CCN(C(=O)Cc3cccc(Cl)c3)C(C)C2)[nH]c(=O)c2ccccc12,4.68,3.09,1.088173933793992
Cc1c(C(=O)N2CCN(CC3CCCO3)CC2)sc2ccccc12,,,0.5028040997899469
Cc1c(C(=O)N2CCN(Cc3ccnn3C)CC2)cnc2ccccc12,,,0.03645463219454645
Cc1c(C(=O)N2CCS(=O)(=O)CCC2C)cnn1-c1ccccc1F,,,0.11476898360725768
Cc1c(C(=O)N2CCc3ccccc3C2(C)C(F)(F)F)nnn1C,,,0.42393577766567114
Cc1c(C(=O)N2Cc3ccc(C(=O)O)cc3C2)cnn1C1CCOCC1,,,0.044289064350446355
Cc1c(C(=O)NC2(C)CCS(=O)(=O)C2)nnn1-c1ccc(F)c(Cl)c1,,,0.1017590753722877
Cc1c(C(=O)NCC2CCCC(C)(C)O2)nnn1C(C)C,5.48,3.0,1.0775603248668817
Cc1c(C(=O)NCCc2cnc(C3CC3)nc2)c2ccccc2[nH]c1=O,,,0.2777247769173471
Cc1c(C(=O)NCc2ccc3[nH]c(=O)[nH]c3c2)nnn1-c1ccccc1Cl,,,0.19376879967758026
Cc1c(C(=O)NCc2cccc3c2OCC3)nnn1-c1ccn(C)n1,4.44,5.14,0.694571848293886
Cc1c(C(=O)NCc2ccccc2CN2CCCC2)oc2ccc(F)cc12,4.88,,
Cc1c(C(=O)NCc2ccn(C)c2)cnn1-c1ccc(Cl)cc1,,,0.29306431062184674
Cc1c(C(=O)NCc2coc3ccccc23)cnn1C(C)C,5.09,,1.6509073581901734
Cc1c(C(=O)NS(=O)(=O)C2CCCc3ccccc32)cnc2ccnn12,,,0.35881554922635206
Cc1c(C(=O)Nc2ccc(N3CC(C)OC(C)C3)nc2)cccc1-c1ccc(OC(F)(F)F)cc1,1.81,,
Cc1c(C(=O)Nc2ccc(N3CCN(C)CC3)cn2)oc2c(C)cccc12,,,0.7167405121366952
Cc1c(C(=O)Nc2ccc(N3CCN(C)CC3)nc2)nnn1-c1cnn(C)c1,,,0.054577472772391694
Cc1c(C(=O)Nc2ccc(N3C[C@@H](C)O[C@@H](C)C3)nc2)cccc1-c1ccc(OC(F)(F)F)cc1,,,0.3983589426785806
Cc1c(C(=O)Nc2ccc(OC(F)(F)F)c(Cl)c2)nnn1-c1cccc2ncccc12,3.18,3.16,
Cc1c(C(=O)Nc2ccc(OCc3ccncc3)cc2)nnn1C,,,0.0102689197752519
Cc1c(C(=O)Nc2ccc3c(=O)[nH]ccc3c2)cnn1C1CCOCC1,,,0.18104134892662122
Cc1c(C(=O)Nc2ccc3ccn(C)c3c2)nnn1Cc1ccncc1,,,0.5443420718187431
Cc1c(C(=O)Nc2ccc3occc3c2)cnn1CCN(C)C,,,0.14705497346101756
Cc1c(C(=O)Nc2cccc(-c3ccn[nH]3)c2)sc2cncn12,,,0.0037107823493923
Cc1c(C(=O)Nc2cccc(-c3nnnn3C)c2)nnn1CC1CCCC1,,,0.1579025324902397
Cc1c(C(=O)Nc2cccc(C#Cc3ccccn3)c2)ccc2cncn12,,,0.4049780768861546
Cc1c(C(=O)Nc2cccnc2N2CCC(CO)CC2)sc2nccn12,,,0.2008385505465102
Cc1c(C(=O)Nc2cnc(-c3ccccc3)nc2)nnn1C,,,0.07979451525812631
Cc1c(C(=O)Nc2nc3c(s2)Cc2ccccc2-3)ccc2cncn12,,,0.0484958169569471
Cc1c(C(=O)O)cccc1-c1ccc(OC(F)(F)F)cc1,2.96,,
Cc1c(C(=O)O)oc2ccc(F)cc12,2.52,,
Cc1c(C(C)C)n[nH]c1NC(=O)C(C)(C)Nc1ccccc1,4.89,3.04,1.678536728937903
Cc1c(C(C)NC(=O)C(C)(C)n2cccc2)cnn1C,3.86,,
Cc1c(C(F)(F)F)cccc1S(=O)(=O)NC(=O)[C@@H]1C[C@H]2CC[C@@H]1O2,,,0.5662164167833664
Cc1c(C(F)(F)F)n[nH]c1CN1C[C@H]2CCCC[C@@]2(CO)C1,,,0.5727881985949402
Cc1c(C(F)(F)F)nn(C)c1NC(=O)N1CCC(O)CC(C)(C)C1,,,0.2453873269269961
Cc1c(C(N)=O)cc([N+](=O)[O-])cc1[N+](=O)[O-],,,0.013332454228828797
Cc1c(C)c2c(c(C)c1O)CCC(C)(C(=O)NCCc1nnn[nH]1)O2,3.33,,
Cc1c(C)c2c(c(C)c1O)CCC(C)(C(=O)O)O2,,,0.1378510714582681
Cc1c(C)c2c(c(C)c1O)CC[C@@](C)(CCC[C@H](C)CCC[C@H](C)CCCC(C)C)O2,,,0.3749548238310006
Cc1c(C)c2c(c(C)c1OC(=O)CCC(=O)O)CC[C@@](C)(CCC[C@H](C)CCC[C@H](C)CCCC(C)C)O2,,,0.34602548839560743
Cc1c(C=O)c2ccccn2c1CCc1ccncc1,4.63,,
Cc1c(CC(=O)N2CCOCC2CC2CC2)nnn1-c1ccccc1,,,0.9655647746141458
Cc1c(CC(=O)NS(=O)(=O)CC2CCCCC2)cnn1C,,,-0.06521330029485015
Cc1c(CN(C)C(=O)c2cc(C(F)F)ncn2)cnn1C,,,0.2200267151585704
Cc1c(CN(C)C(=O)c2nn(-c3ccccc3)c3c2CCC3)cnn1C,4.94,,1.687021640777246
Cc1c(CNC(=O)C(=O)N2CCCCO2)noc1-c1ccccc1,,,0.30055954722609296
Cc1c(CNC(=O)C(c2ccccc2)N2CCC(O)CC2)oc2ccc(F)cc12,4.74,4.83,1.3081192071328176
Cc1c(CNC(=O)c2cccc(-n3cnnn3)c2)oc2ccc(F)cc12,4.99,3.21,0.7624396046841924
Cc1c(CNC(=O)c2coc3cc(F)ccc23)noc1-c1ccccc1,,,0.44184129293729196
Cc1c(CNS(=O)(=O)Cc2ccc(Br)c(F)c2)noc1-c1ccccc1,,,0.7153407591336793
Cc1c(CNS(=O)(=O)c2cocc2Br)noc1-c1ccccc1,5.23,3.15,1.3959028026894675
Cc1c(CN[C@@H]2CC(Cn3ccnc3)C[C@H]2O)n(C)c2ccccc12,4.65,2.0,0.7649482083407878
Cc1c(CNc2cnn(-c3ccc(F)cc3F)c(=O)c2Cl)cnn1C,,,0.5243749907794496
Cc1c(Cc2ccc3c(c2)OCO3)sc2nc(-c3cccnc3)[nH]c(=O)c12,4.98,4.52,1.4086685191081496
Cc1c(Cl)c(CN2Cc3ccccc3C[C@@H]2C(=O)NC2CC2)nn1C,5.965,3.05,1.3552897013081846
Cc1c(Cl)ccc2[nH]c(C(=O)Nc3cnn(CCN(C)C)c3)cc12,,,0.368341306463439
Cc1c(Cl)ccc2ccc(N3CCCC(c4ccn[nH]4)C3)nc12,4.17,1.86,1.0655847120884672
Cc1c(Cl)cccc1C(=O)N1CCC(CNC(=O)c2cnn(C)c2)CC1,,,0.24800148585558654
Cc1c(Cl)cccc1N1CCN(Cc2nnn(C)n2)CC1,,,0.6759556612345233
Cc1c(Cl)cccc1NC(=O)N1CCC(c2cc(=O)[nH]c(=O)[nH]2)C1,,,-0.09969345086305645
Cc1c(Cl)cncc1NC(=O)N1CCCC(CCO)CC1,,,0.4289781697009067
Cc1c(Cn2cc(C3(O)CC[C@H]4CO[C@@H]3O4)nn2)noc1C1CC1,,,0.3273776041275286
Cc1c(F)cc(S(N)(=O)=O)cc1C(=O)N1CC(CO)(c2ccccc2)C1,,,0.42067580942702415
Cc1c(F)ccc(Cl)c1C(=O)NC[C@H]1CC[C@@H](c2ncn[nH]2)O1,,,0.48001815138890985
Cc1c(F)ccc2c1N(C(=O)c1cc(=O)[nH]c3cc(F)ccc13)CCC2,,,0.851646729440392
Cc1c(F)cccc1C(=O)NCC1(c2ccccc2)CCC(=O)N1,,,0.7536989491492038
Cc1c(N)cccc1Cl,2.89,,
Cc1c(N)cccc1[N+](=O)[O-],1.83,,
Cc1c(N2CCC(C3CC3)C2)ncnc1N1CCC(C2CC2)C1,3.92,2.75,0.8947218922900966
Cc1c(NC(=O)C(C)N2CCCN(Cc3nccn3C(C)C)CC2)cccc1[N+](=O)[O-],5.2,1.81,0.9419048145237221
Cc1c(NC(=O)C(F)C(F)(F)F)c(=O)n(C2CCCCC2)n1C,4.16,3.04,1.0173850073699142
Cc1c(NC(=O)C(Sc2ccccc2)c2ccccc2)cccc1[N+](=O)[O-],5.25,3.72,
Cc1c(NC(=O)C2CC(=O)Nc3cc(F)ccc32)sc2c1CCCC2,,,0.8623983596032616
Cc1c(NC(=O)CC(C2CCC2)C2CCC2)ccc(F)c1N1C(=O)CNC1=O,4.82,4.16,1.193232490755835
Cc1c(NC(=O)CN2C(=O)c3ccccc3S2(=O)=O)nnn1C,,,0.20588823506884046
Cc1c(NC(=O)Cc2ccc(F)cn2)cccc1C(=O)N1CCCC1,,,0.19128823331829814
Cc1c(NC(=O)Cn2cnc3sccc3c2=O)cnn1C1CCCC1,,,0.34139975960108165
Cc1c(NC(=O)Cn2nc(C(F)(F)F)c3c2CCC3)nnn1C,4.74,2.77,0.717348334396611
Cc1c(NC(=O)N2CC(=O)N(C)C2c2ccccc2)cccc1C(=O)N1CCCC1,,,0.6098732298212929
Cc1c(NC(=O)N2CC(=O)N(CC3CC3)C2)c(=O)n(-c2ccccc2)n1C,,,0.11703269397142896
Cc1c(NC(=O)N2CCC(F)(F)C2)nnn1Cc1ccccc1F,,,0.146384536546772
Cc1c(NC(=O)N2C[C@@H]3CS(=O)(=O)C[C@@H]3C2)cccc1N(C)C,,,0.04698464174868055
Cc1c(NC(=O)NC2CCN(C3CC3)CC2)cnn1-c1ccccc1,,,0.1973334871118926
Cc1c(NC(=O)c2cc(Cl)cn2C)cnn1C1CCCC1,4.64,3.11,1.3879859101722618
Cc1c(NC(=O)c2cc(F)cc3cccnc23)c(=O)n(-c2ccccc2)n1C,5.23,3.92,1.046305381922277
Cc1c(NC(=O)c2cc3c(C)nn(C)c3s2)cccc1C(=O)N1CCOCC1,,,-0.0555871647529414
Cc1c(NC(=O)c2cc3nccc(C(F)(F)F)n3n2)nnn1C,,,0.20320110582865658
Cc1c(NC(=O)c2ccc(OC(F)F)nc2)cnn1C1CCCC1,,,0.57179145279315
Cc1c(NC(=O)c2cccnc2)c(=O)n(-c2ccccc2)n1C,,,0.05386877772978879
Cc1c(NC(=O)c2ccn(C)c(=O)c2)cccc1C(=O)N1CCOCC1,,,0.2810375760965176
Cc1c(NC(=O)c2cn(-c3ccccc3)cn2)c(=O)n(-c2ccccc2)n1C,,,0.0395783866503243
Cc1c(NC(=O)c2cn(C[C@@H]3CCCN3)nn2)cnn1-c1ccc(F)cc1F,,,0.1550354508636127
Cc1c(NCC2(C(N)=O)CCOCC2)nn2c(C(F)(F)F)nnc2c1C,,,-0.048809563735974754
Cc1c(NCc2c[nH]nc2-c2c(F)cccc2F)cccc1NC(=O)N(C)C,,,0.43043573098297694
Cc1c(NCc2nnc(C(C)C)n2C)nn2c(C(F)(F)F)nnc2c1C,,,0.30144406980462685
Cc1c(NS(=O)(=O)c2ccc3c(c2)CC(=O)N3)cccc1-c1ncco1,4.82,2.62,0.8935146471972288
Cc1c(NS(=O)(=O)c2cnc3ccccc3c2)cccc1C(=O)O,,,0.023937066770791
Cc1c(Nc2ccc3nnc(-c4ccccc4F)n3n2)cnn1CCO,,,0.0052808804388097055
Cc1c(Nc2ncnc3ccc(F)cc23)cnn1C1CCOCC1,,,-0.1382265853938529
Cc1c(O)c(=O)ccn1C,,,0.07726104167996155
Cc1c(OC(F)(F)F)cccc1C(=O)Nc1cnn2cccnc12,,,0.2154721230945531
Cc1c(OCC(F)(F)F)ccnc1CS(=O)c1nc2ccccc2[nH]1,5.11,1.82,
Cc1c(OCC(F)(F)F)ccnc1C[S+]([O-])c1nc2ccccc2[nH]1,,,1.0337765596026736
Cc1c(OCC(F)(F)F)ccnc1C[S@@+]([O-])c1nc2ccccc2[nH]1,,,0.950893232410658
Cc1c(OCC(F)(F)F)ccnc1C[S@@](=O)c1nc2ccccc2[nH]1,4.17,1.85,
Cc1c(S(=O)(=O)N(C)Cc2cc(-c3ccccc3)[nH]n2)cnn1C,,,0.7618165331353551
Cc1c(S(=O)(=O)N2CCC(n3ccnc3)CC2)cnn1C,,,0.0540461894503447
Cc1c(S(=O)(=O)N2CCCC(C)C2C(=O)O)oc2ccc(F)cc12,4.38,4.04,0.6558892875741367
Cc1c(S(=O)(=O)NC2(c3ccccc3)COC2)cnn1C,,,0.331219856798729
Cc1c(S(=O)(=O)NC2CC(C(=O)O)C2)c2ccccc2n1C,,,0.3724815904887412
Cc1c(S(=O)(=O)N[C@]23CCC[C@H]2CNC3)coc1C(=O)N(C)C,,,0.3775453736269579
Cc1c(S(=O)(=O)Nc2cc(C)n(C3CCCCC3)n2)cnn1C,5.56,3.29,0.9556819724348635
Cc1c(S(N)(=O)=O)sc(C(=O)N[C@@H](C)c2ccc(F)cc2OC(F)F)c1Cl,,,0.9981608370405637
Cc1c([C@H]2[C@H](CNC(=O)c3ccc(C4CC4)nc3O)CC(=O)N2C)cnn1C,,,-0.0945205421001707
Cc1c[nH]c(-c2ccccc2NC(=O)c2c[nH]c(C(F)(F)F)c2)n1,,,0.515145224059455
Cc1c[nH]c(-c2ccccc2NC(=O)c2cc(C(N)=O)co2)n1,2.55,1.98,
Cc1c[nH]c(=O)c(CNC(=O)NC(c2ccccc2)C2CCCC2)c1,4.96,2.71,0.8933426165732794
Cc1c[nH]c(=O)n1-c1cccc(-c2noc(-c3cnc(N(C)C)c(Cl)c3)n2)c1,,,0.5774008152014305
Cc1c[nH]c(C(C)NC(=O)c2cc(Cl)ccc2C)n1,3.82,,
Cc1c[nH]c(C2(NC(=O)Nc3cccc(C(N)=O)c3)CCC2)n1,,,-0.04571664225175705
Cc1c[nH]c(C2(NC(=O)c3ccc4c(c3)CCC(=O)N4)CCC2)n1,,,-0.085539488226463
Cc1c[nH]c(CC(N)=O)c1C(=O)NC(CO)Cc1ccccc1,,,0.08284942449886035
Cc1c[nH]c2nccc(-c3ccc4c(c3)C(=O)NCCO4)c12,1.74,,
Cc1c[nH]cc1C(=O)NC1(c2ncccn2)CCOCC1,,,0.12961236873004375
Cc1c[nH]nc1C(=O)N1CCC(c2ccc3[nH]ccc3c2)CC1,,,-0.06335644321517686
Cc1c[nH]nc1C(=O)N1CCCC1(C)Cc1ccc(OC(F)(F)F)cc1,5.64,,1.3512475441695917
Cc1c[nH]nc1C(=O)NC(CCN(C)C(=O)c1cccc(C(F)F)c1)C(C)C,,,0.6078773273506445
Cc1cc(-c2cc(C(=O)NCc3ccnc(-n4cccn4)c3)c3c(C)noc3n2)c(C)s1,5.59,3.5,1.1535013249680517
Cc1cc(-c2cc(C(=O)Nc3cccc(Cn4ccnc4)c3)c3c(C)noc3n2)c(C)o1,5.35,1.84,1.2619221706593593
Cc1cc(-c2ccc(C(F)(F)F)cc2CO)ccc1N1CC(=O)NCC1=O,,,-0.1325934312060676
Cc1cc(-c2cccc3c2CN(C2CCC(=O)NC2=O)C3=O)c2cc(C(=O)O)[nH]c2c1,,,0.07625406821483115
Cc1cc(-c2ccccc2)n(-c2ccc(C(=O)N(C)C)cc2)n1,4.61,2.82,0.787239246847393
Cc1cc(-c2nc(-c3ccc(N4CCCCC4)cc3)no2)ccn1,,,-0.1335440690114065
Cc1cc(-c2nc(-c3ccc4c(c3)CCO4)no2)c2cnn(C(C)C)c2n1,,,0.1904658040202699
Cc1cc(-c2nc(C3(c4ccncc4)CCC3)no2)ccc1-n1cnnn1,,,0.1464637961380487
Cc1cc(-c2nc(C3CC3)no2)ccc1NC(=O)C1CCCN1C(=O)C(C)C,,,0.6945748537245715
Cc1cc(-c2nc(Cn3c(C(C)C)nc4ccccc43)no2)n[nH]1,,,0.40451373495032183
Cc1cc(-c2nc3ccc(S(C)(=O)=O)cc3[nH]2)cc(C)c1O,,,0.6570363350839454
Cc1cc(-c2nnc(N3CCN(CC(F)F)CC3)n2C)c2ccccc2n1,,,0.1441922396224703
Cc1cc(-c2nnc(NC3CCc4ccccc4C3)o2)no1,,,0.2715773622521984
Cc1cc(-c2nnn(CCN3CCOC(C)C3)n2)ccc1F,,,0.3706282959783702
Cc1cc(-c2noc(-c3cnc4snc(C)c4c3)n2)ccc1-n1cncn1,3.1,1.79,
Cc1cc(-c2noc(-c3coc4ccc(F)cc34)n2)cnc1N,,,0.4637840811026718
Cc1cc(-c2noc(-c3noc4c3CCCC4)n2)c(C)o1,4.22,1.8,0.7445556495604824
Cc1cc(-c2noc(=O)[nH]2)cc(C(=O)NC(C)c2cccs2)n1,,,0.08280252056531455
Cc1cc(-c2noc(C(C)N3CCC(C)C(n4ccnc4)C3)n2)ccc1F,,,0.12140638598853037
Cc1cc(-c2noc(C3CCCN3S(=O)(=O)c3cccs3)n2)ccc1O,5.74,,1.0992989090955712
Cc1cc(-c2noc(CN(C)S(=O)(=O)c3ccc4ccccc4c3)n2)cc(C)n1,,,0.4887290103706128
Cc1cc(-n2c(C)cc(C(=O)NC3(Cc4ccc(Cl)cc4)CCOC3)c2C)no1,5.53,1.82,1.1519519654122443
Cc1cc(-n2cc(-c3cc4c(s3)CCNC4)nn2)ccc1F,,,0.2553456006806133
Cc1cc(-n2cccn2)ccc1CNc1ncnc2c1CN(C)CC2,,,-0.1089199181663167
Cc1cc(-n2cccn2)nc(NC[C@]2(CO)COC[C@@H](C)N2C)n1,,,0.3334115456880652
Cc1cc(-n2nc(C)cc2NC(=O)c2cc(C(C)(C)C)nn2C)nc(C)n1,,,0.1295744009654593
Cc1cc(/C=C/c2ccc3cc(N(C)C)ccc3[n+]2C)c(C)n1-c1ccccc1,1.98,1.83,
Cc1cc(=O)[nH]c(SC(C)C(=O)N2CCN(C(=O)c3ccc[nH]3)CC2)n1,2.59,,
Cc1cc(=O)[nH]c2cc(C(=O)NCC3(c4nccn4C)NC(=O)NC3=O)ccc12,,,0.0016086334795757
Cc1cc(=O)[nH]cc1C(=O)N1CCNC(=O)C1c1ccccc1C(F)(F)F,,,0.19127077379280577
Cc1cc(=O)[nH]cc1C(=O)NC1(c2ccc(Cl)cc2)CCCCC1,4.78,3.02,1.3987148396822895
Cc1cc(=O)[nH]cc1C(=O)NCc1cccc(C(N)=O)c1,,,0.22001509470114136
Cc1cc(=O)[nH]cc1C(=O)Nc1cccc(-c2ccn[nH]2)c1,,,0.0477889256265135
Cc1cc(=O)c(-c2noc([C@@H]3C[C@H]3c3ccc4c(c3)OCCO4)n2)c2n1CCC2,,,0.17465788966266488
Cc1cc(=O)c(C(=O)N2[C@@H]3CC[C@H]2C[C@H](CNc2ncccn2)C3)n[nH]1,,,0.0283837130877284
Cc1cc(=O)c(C(=O)NC2c3ccccc3CCC2C(C)C)c[nH]1,5.09,3.21,1.1631067386774483
Cc1cc(=O)c(C(=O)NCc2cccc(N3CCOCC3)n2)cn1C1CC1,,,0.4578345558464151
Cc1cc(=O)cc(C(=O)NCCCc2csc(N)n2)[nH]1,2.48,,
Cc1cc(=O)n(-c2ccccc2)n1C,,,-0.08608224014741925
Cc1cc(=O)oc2cc(OCC(=O)NC(C)(C)c3nnc[nH]3)ccc12,,,0.003991663274895099
Cc1cc(=O)oc2cc(OCC(=O)Nc3ccc(OCc4cnccn4)cc3)ccc12,,,0.0415335630278285
Cc1cc(=O)oc2cc(OCC3CCNCC3)ccc12,4.78,3.12,0.7886635422893384
Cc1cc(=O)oc2cc(Oc3ccnc4ccnn34)c(Cl)cc12,,,-0.07281839682051655
Cc1cc(Br)c2ccccc2c1NC(=O)c1cn(CCN(C)C)nn1,4.87,1.85,0.7878780435918404
Cc1cc(Br)cc(S(=O)(=O)Nc2cccc3cc[nH]c23)c1,5.3,,1.6087603343520944
Cc1cc(Br)ccc1-n1cc(C2(O)CCCN(C(=O)Cc3cccn3C)CC2)nn1,,,0.4475262011081991
Cc1cc(Br)ccc1N,2.88,,
Cc1cc(Br)ccc1N(C)S(=O)(=O)c1cnn(C(C)C)c1,5.2,1.81,1.214717908396839
Cc1cc(Br)ccc1NC(=O)CCSc1ccccc1,4.46,,
Cc1cc(Br)cn2c(CNCC(CO)c3cccnc3)cnc12,,,0.22791465179341794
Cc1cc(C#N)c(=O)[nH]c1C(=O)N(Cc1cnn(C)c1)C(C)C,,,0.19332414734145725
Cc1cc(C(=O)N(C)C2(C(F)(F)F)CC2)nn1C(C)(C)C,5.58,3.15,1.2710961785255517
Cc1cc(C(=O)N(CCOc2ccccc2)CC2CCCO2)ccc1N1CCOCC1,4.38,,
Cc1cc(C(=O)N2C3CCC2CC(N(C)C(=O)c2ccccc2)C3)cnn1,,,0.528070991349909
Cc1cc(C(=O)N2CC(O)CC2c2ccccc2)cc(S(N)(=O)=O)c1C,,,0.5085875874636017
Cc1cc(C(=O)N2CC(c3n[nH]c(=O)n3C)C2)c2ncccc2c1,,,0.0788579644112923
Cc1cc(C(=O)N2CC(n3cncn3)C2)cc(C=O)c1O,2.33,,
Cc1cc(C(=O)N2CCC(=O)N3CCCC32)ccc1-n1cnnn1,,,0.031813033967355346
Cc1cc(C(=O)N2CCC(C(F)(F)F)C2)nc2nc(O)[nH]c(=O)c12,,,-0.04774948166751275
Cc1cc(C(=O)N2CCC(NC(=O)C3CCCCC3)CC2)ccc1-n1cncn1,,,-0.02249911814647355
Cc1cc(C(=O)N2CCC(O)(c3ccc(F)cc3)C2)c2c(C)n[nH]c2n1,,,-0.0209243371799735
Cc1cc(C(=O)N2CCC(O)(c3ccc(F)cc3)C2)c2n[nH]cc2c1,,,0.6470604129210578
Cc1cc(C(=O)N2CCC(Oc3ccccc3Cl)C2)ncn1,,,0.3249815412725801
Cc1cc(C(=O)N2CCC(c3ccnn3C)CC2)ccc1Cl,,,0.42370087185638056
Cc1cc(C(=O)N2CCC(c3nn[nH]n3)C2)c(C)n1C1CC1,,,0.06239013546403515
Cc1cc(C(=O)N2CCC(n3c(=O)[nH]c4ccccc43)CC2)c2c(C)noc2n1,,,0.40919541663016645
Cc1cc(C(=O)N2CCC3(CC2)CC3C(=O)O)c2cc(Br)ccc2n1,,,-0.1408444233742273
Cc1cc(C(=O)N2CCC3(CCc4ccccc4O3)CC2)ccn1,,,-0.2318030408071069
Cc1cc(C(=O)N2CCC=C(c3ccccc3)C2)c2c(C)nn(C)c2n1,,,0.5253766526444242
Cc1cc(C(=O)N2CCCC(CNC(=O)c3cccc4nn[nH]c34)C2)nc2ccccc12,3.8,2.06,0.781959653068921
Cc1cc(C(=O)N2CCCC(c3nc4c(s3)CCCC4)C2)cc(O)n1,,,0.0716312991911996
Cc1cc(C(=O)N2CCCCC(C3CN(C(=O)c4cncc5nc[nH]c45)C3)C2)cc2nn[nH]c12,,,0.20641915977619318
Cc1cc(C(=O)N2CCCCC2c2cccc(O)c2)n2ncnc2n1,,,0.35643481554998546
Cc1cc(C(=O)N2CCCN(C(=O)CC3CCCC3)CC2)ccc1O,5.06,,1.318362464903975
Cc1cc(C(=O)N2CCCN(C(=O)Cc3cccc(F)c3)CC2)ccn1,,,0.34964454993211613
Cc1cc(C(=O)N2CCCN(S(=O)(=O)N(C)C)CC2)nn1-c1ccc(Cl)cc1Cl,5.19,3.18,0.9988662985781025
Cc1cc(C(=O)N2CCC[C@H](NC(=O)c3c[nH]nc3N)C2)ccc1F,,,0.02270760229246175
Cc1cc(C(=O)N2CCN(C(=O)C3CC3)CC2(C)C)cc(C)c1OCC(=O)O,,,0.22857132981977302
Cc1cc(C(=O)N2CCN(C(=O)Nc3ccnn3C3CCS(=O)(=O)C3)CC2)c(C)o1,,,0.2673862519366028
Cc1cc(C(=O)N2CCN(C(=O)c3ccc(C)o3)[C@H](C)C2)n[nH]1,,,0.3241561646251948
Cc1cc(C(=O)N2CCN(C3CCCN(C)C3)CC2)[nH]n1,,,0.2759433979697988
Cc1cc(C(=O)N2CCN(CC3CC3)c3ccccc32)cc(O)n1,,,0.5261007713615691
Cc1cc(C(=O)N2CCN(c3ccc(C(N)=O)cc3)CC2)c(C)cc1Cl,,,0.39898124649572775
Cc1cc(C(=O)N2CCOC3(CCS(=O)(=O)CC3)C2)oc1C,,,0.1227548154724473
Cc1cc(C(=O)N2CCOCC2(C)C2CC2)n2nc(C)cc2n1,,,0.3166818969438079
Cc1cc(C(=O)N2CCOCC2)ccc1NC(=O)c1ccc2c(c1)ncn2C,,,-0.027520538696223798
Cc1cc(C(=O)N2CCOc3ccncc32)nn1C(C)C,,,0.6823840895479055
Cc1cc(C(=O)N2CCc3nc(N(C)C)sc3C2)ncn1,,,-0.0854399380745187
Cc1cc(C(=O)N2C[C@@H]3C[C@H]2CN3C(=O)C2CC3(CCC3)C2)c(C)cc1Cl,5.2,1.84,1.2325971550034054
Cc1cc(C(=O)N2Cc3ccccc3C[C@H]2C(N)=O)nc(C)n1,,,0.06354975001657451
Cc1cc(C(=O)N=S(C)(=O)C2CCN(C(=O)C3CCCCCC3)CC2)cc(C)c1C#N,,,0.40914371813040973
Cc1cc(C(=O)NC(C)C)ccc1NC(=O)N1CCc2ccccc2C(C)(C)C1,,,0.8166970129580895
Cc1cc(C(=O)NC(C)C2CCCN(CC(=O)NC(N)=O)C2)no1,,,0.36347416338536004
Cc1cc(C(=O)NC(C)Cc2nc(-c3ccccc3)no2)n(C)n1,,,-4.055439667539024e-06
Cc1cc(C(=O)NC(C)c2nc(Cc3ccccc3)no2)[nH]n1,,,0.3973296583947642
Cc1cc(C(=O)NC(CO)Cc2c[nH]c3ccccc23)cc([N+](=O)[O-])c1,,,0.6795784299686838
Cc1cc(C(=O)NC(CO)c2ccccc2C(F)(F)F)oc1C,5.68,1.93,1.276622395453884
Cc1cc(C(=O)NC2(c3ccc(F)cc3F)CCOCC2)co1,,,0.7221967804298068
Cc1cc(C(=O)NC2(c3ccccn3)CC2)nn1-c1cccc(Cl)c1,5.23,2.03,1.0291158264029225
Cc1cc(C(=O)NC2CC(C)(C)OC2(C)C)c2cnn(C(C)C)c2n1,,,0.43473005227888406
Cc1cc(C(=O)NC2CC3CN(C(=O)OC(C)(C)C)CC3C2)n(CC(F)(F)F)n1,,,0.7815167537747993
Cc1cc(C(=O)NC2CCN(C(=O)c3ccc(NC(N)=O)cc3)CC2)c(C)o1,,,0.09026971705648165
Cc1cc(C(=O)NC2CCN(c3ccccn3)C2)ncn1,2.42,1.93,-0.35131135557894705
Cc1cc(C(=O)NC2CCN(c3ncccc3F)CC2)c(C)o1,,,0.51152623608878
Cc1cc(C(=O)NC2COC(C)(C)C2)n(C2CCOCC2)n1,,,0.266459791428012
Cc1cc(C(=O)NCC2CCn3ncc(C(N)=O)c3C2)ncn1,,,0.02540372296288865
Cc1cc(C(=O)NCCOc2ccc(C(F)(F)F)cn2)c2c(=O)[nH]n(C)c2n1,,,0.6064861445615379
Cc1cc(C(=O)NCCc2cnn(-c3ccccc3)c2)n(C)n1,,,-0.1440015323787186
Cc1cc(C(=O)NCCc2nnc(C)n2C)cc(C)c1F,,,0.2615568829884923
Cc1cc(C(=O)NC[C@@H]2CC(=O)N(C(C)(C)C)[C@H]2c2cnn(C)c2)cs1,5.0,2.35,1.6370918759896111
Cc1cc(C(=O)NCc2c3c(nn2C)CCCC3)nc(C)n1,,,0.1710962081189489
Cc1cc(C(=O)NCc2cc(Br)c3c(c2)OCCO3)[nH]n1,,,0.15330460739617316
Cc1cc(C(=O)NCc2cc(OCC(F)F)ccn2)c2n[nH]cc2c1,,,0.5023248399964843
Cc1cc(C(=O)NCc2ccc(-n3ccnc3)nc2)c2cnn(C(C)C)c2n1,,,0.2343361774607412
Cc1cc(C(=O)NCc2cccc(-c3cccnc3)c2)n(C)n1,1.79,3.25,
Cc1cc(C(=O)NCc2cccnc2-n2ccnc2)c2c(C)noc2n1,,,-0.008949970274964698
Cc1cc(C(=O)NCc2nc(N)nc(N(C)C)n2)c(-c2ccccc2)o1,4.08,,
Cc1cc(C(=O)NNCc2ccccc2)no1,,,0.4077632289065096
Cc1cc(C(=O)NS(=O)(=O)c2ccc3c(c2)N(C)CCC3)oc1C,4.38,2.4,1.1006807253726203
Cc1cc(C(=O)N[C@@H]2CCN(Cc3nc(C(C)C)no3)C[C@H]2O)no1,3.09,,
Cc1cc(C(=O)N[C@H]2CCC[C@H]2n2ccnc2)c2n[nH]cc2c1,,,0.5970136304358964
Cc1cc(C(=O)Nc2cc(C(N)=O)n(C)c2)c2c(C)n[nH]c2n1,,,0.06323894262069975
Cc1cc(C(=O)Nc2cc(C3CCCOC3)nn2C)c(C)o1,,,0.1829102524210252
Cc1cc(C(=O)Nc2ccc(N3CCOCC3)cn2)c2c(=O)[nH]n(C)c2n1,,,0.0033513063137704
Cc1cc(C(=O)Nc2ccc(OCC(=O)O)c(Cl)c2)n(C2CCOCC2)n1,,,0.007402483821719749
Cc1cc(C(=O)Nc2ccc(OCCO)cc2)c(C(F)(F)F)o1,,,0.09213954621679575
Cc1cc(C(=O)Nc2ccc(OCc3ccccc3)cc2)ccn1,1.79,3.15,
Cc1cc(C(=O)Nc2cccc(C(=O)N3CCOCC3)c2C)co1,,,-0.11721489960297214
Cc1cc(C(=O)Nc2ccccc2NCC(F)(F)F)c2c(c1)C(C)CCN2,5.74,1.8,1.4926832230185982
Cc1cc(C(=O)Nc2cnn(-c3ccccc3)c2)ccc1-n1cncn1,,,0.5242087455395964
Cc1cc(C(=O)Nc2cnn(C)c2C)nc2ccccc12,,,0.8369941210809283
Cc1cc(C(=O)Nc2ncc(C3CCNCC3)s2)n(C2CCOCC2)n1,,,0.2524065717442511
Cc1cc(C(=O)Nc2ncn(CC(=O)O)n2)c2c(C)nn(C)c2n1,,,-0.016803588435951998
Cc1cc(C(=O)O)ccc1S(=O)(=O)Nc1c(C)cccc1C(N)=O,,,0.4714001357669804
Cc1cc(C(=O)OCCCn2c(=O)[nH]c3ccccc3c2=O)ccc1NC(=O)c1ccco1,4.25,3.89,0.6472217719035307
Cc1cc(C(C)(C)C)cc(C)c1CC1=NCCN1,,,0.11976122576197609
Cc1cc(C(C)C)nc(N2CCN(C(C)c3nc(C4CC4)no3)CC2)n1,5.89,2.06,1.6346901451423066
Cc1cc(C(F)(F)F)c2cc(C(=O)Nc3ccc4c(c3)NC(=O)CS4)oc2n1,,,0.6412108020874364
Cc1cc(C(F)(F)F)nc(N2CCC(c3ccncc3)CC2)n1,,,0.584457200300716
Cc1cc(C(F)(F)F)nc(N2CCN(CC(=O)Nc3ccc(F)cc3)CC2)n1,4.56,2.1,0.9895403060648328
Cc1cc(C(F)(F)F)nn1CC(=O)NCCc1nc(-c2ccccc2)n[nH]1,,,0.5647426763326064
Cc1cc(C(F)(F)F)nn1CC(=O)N[C@H]1Cc2ccccc2[C@@H]1O,,,0.3277430854234624
Cc1cc(C(F)(F)F)nn1CC(=O)Nc1ccc2c(c1)CC(=O)N2C,,,0.028045852841677953
Cc1cc(C(F)(F)F)nn1CCNC(=O)NC1CC12CCOCC2,,,0.5326517049732414
Cc1cc(C(F)F)n2ncc(C(=O)N3Cc4ccccc4[C@@H]3C)c2n1,5.04,1.86,0.8327566431481055
Cc1cc(C(N)=O)ccc1NC(=O)N1CCc2[nH]c3c(Cl)cc(Cl)cc3c2C1,,,0.1468865794757954
Cc1cc(C)c(-c2ccc3nc(CO)n(C)c3c2)c(C)c1,4.09,3.53,1.001179407253
Cc1cc(C)c(C#N)c(NCc2ccc3c(c2)CNC3)n1,4.46,3.55,0.7242666769125057
Cc1cc(C)c(C(=O)N(Cc2cnn(C)c2)CC(C)C)c(C)n1,4.26,2.85,0.8474828800068683
Cc1cc(C)c(C(=O)NCc2ccc(-n3ccnc3)c(F)c2)o1,,,0.06833139661492539
Cc1cc(C)c(C(=O)Nc2ccc(OCC(=O)N3CCOCC3)cc2)cc1C,2.77,,
Cc1cc(C)c(C(=O)Nc2cccc(-c3nnc[nH]3)c2)o1,,,0.6331179273376089
Cc1cc(C)c(C(=O)Nc2nc(O)c3c(n2)CCCC3)c(C)n1,,,0.03844685342305745
Cc1cc(C)c(C(=O)O)cc1NC(=O)CN1CCCCC1=O,,,0.36815353002583495
Cc1cc(C)c(C)c(OCCC(=O)N2CCCC2C2CCCN2C)c1,,,0.432002029988355
Cc1cc(C)c(C)c(S(=O)(=O)NC(=O)c2cn(C)nn2)c1C,,,0.3180117359154667
Cc1cc(C)c(CC(=O)N2CCN(C(=O)c3ccc(O)cc3)CC2)c(C)c1,,,0.2753311461132506
Cc1cc(C)c(CNC(=O)N2CCC(O)(c3ccn[nH]3)CC2)c(C)c1,,,0.24579310869726823
Cc1cc(C)c(Cn2nnc(C(C)(C)S(C)(=O)=O)n2)c(C)n1,,,0.1125440795957994
Cc1cc(C)c(N)c(C)c1,1.82,,
Cc1cc(C)c(NC(=O)CN2CCN(c3cccc(F)c3)CC2)c(C)c1,,,0.538134818088281
Cc1cc(C)c(NC(=O)CN2CCN(c3cncc4ccccc34)CC2)c(C)c1,,,-0.0788856338046193
Cc1cc(C)c(NC(=O)N2CCCC(F)(F)CC2)c(C)n1,,,0.49126235807968055
Cc1cc(C)c(NC(=O)N2CCc3nc(C)n(C)c3C2)cc1Cl,,,0.2673686916969124
Cc1cc(C)c(NC(=O)c2cc(S(C)(=O)=O)cc(C)c2C)c(C)n1,,,0.0297479089184646
Cc1cc(C)c(NC(=O)c2ccc(N(C)C)nc2)c(C)n1,,,0.31608412775366457
Cc1cc(C)c(S(=O)(=O)Nc2cc(C(=O)NC(C)c3cccnc3)ccc2C)c(C)c1,5.880000000000001,1.86,1.0287332982345871
Cc1cc(C)c(S(=O)(=O)Nc2ccn(CC(F)F)n2)cc1C(=O)O,,,6.872454370999981e-05
Cc1cc(C)c2c(c1)CN(C(=O)Cn1c(C)cc(O)cc1=O)CC2,,,0.3964544728901809
Cc1cc(C)c2nc(C3CC3)cc(C(=O)N3CCN4C(=O)NCC4C3)c2c1,4.91,2.88,0.6372968152915722
Cc1cc(C)c2nc(NC(=O)CCOC3CCOCC3)sc2c1,4.68,3.66,0.9162161281889132
Cc1cc(C)c2ncc(C#N)c(N3CCC(O)(c4ccn[nH]4)C3)c2c1,,,0.8336830942015638
Cc1cc(C)cc(-c2nnc(NC(=O)N3CCNC(=O)C3C(C)C)s2)c1,5.04,5.14,1.8692256583115534
Cc1cc(C)cc(-n2nc(C(=O)NC(C)(C)CN3CCOCC3)cc2C)c1,5.75,,1.2602543818232945
Cc1cc(C)cc(-n2nc(NC(=O)c3ccc(=O)n(C)c3)cc2C)c1,,,-0.0131106319783914
Cc1cc(C)cc(C(=O)N2CCCC(c3ncon3)C2)c1,,,0.7277426763870352
Cc1cc(C)cc(C(=O)N2CCCCC2C(=O)N2CCS(=O)(=O)CC2)c1,,,0.551512513307858
Cc1cc(C)cc(C(=O)N2CCN(C(=O)c3ccc4nccn4n3)C[C@@H]2C)c1,,,0.07280266088097781
Cc1cc(C)cc(C(=O)N2CCN(C(=O)c3cnc4cc[nH]c4c3)CCC2C)c1,4.73,3.68,0.8462014589529894
Cc1cc(C)cc(C(=O)N2CCN3CCOCC3(CO)C2)c1,,,0.0269662423589848
Cc1cc(C)cc(C(=O)NCC(=O)Nc2ccc(Cn3ccnc3)cc2)c1,,,-0.1786643854937914
Cc1cc(C)cc(C(=O)NCc2ccc3c(c2)OCO3)c1,4.84,,
Cc1cc(C)cc(C(=O)Nc2nc(CS(C)(=O)=O)no2)c1,,,0.12962499495221438
Cc1cc(C)cc(C(=O)O)c1,1.97,,
Cc1cc(C)cc(C2CCN(C(=O)c3ccc(C(N)=O)o3)C2)c1,,,0.3426682687446021
Cc1cc(C)cc(CNC(=O)NCC2CCCC(C)O2)c1,4.61,3.92,0.9776740050059467
Cc1cc(C)cc(Cc2noc(C(C)NS(C)(=O)=O)n2)c1,,,0.5106547211953465
Cc1cc(C)cc(N(CCC#N)C(=O)c2cn3ncccc3n2)c1,5.43,3.59,0.8055307863635554
Cc1cc(C)cc(N2CCN(C(=O)c3ccccc3-n3cncn3)CC2=O)c1,3.95,,
Cc1cc(C)cc(OCC(=O)N2CCN(C(=O)c3cc(F)ccc3F)CC2)c1,,,0.7027162394508697
Cc1cc(C)cc(OCC(=O)N2CCN(C3CCC(C#N)C3)CC2)c1,,,0.5793143184063745
Cc1cc(C)cc(OCC(=O)N2CCN(Cc3nc(COc4ccc(F)cc4)no3)CC2)c1,,,0.7455678441204862
Cc1cc(C)cc(OCC2CNC(=O)O2)c1,,,0.12270068769735787
Cc1cc(C)cc(OCCNC(=O)N2CCN(CC(C)(C)O)CC2C)c1,,,0.4821862209193746
Cc1cc(C)cc(OCc2nnc(N3CCc4ccc(O)cc4C3)n2Cc2cccs2)c1,5.07,2.2,1.2311171855453718
Cc1cc(C)n(-c2ccc(-c3nc(C)nn3C3CCN(C(=O)OC(C)(C)C)CC3)cc2)n1,5.2,1.92,0.9958669911134637
Cc1cc(C)n(-c2ccc(-c3nc(C4CCCCCC4)n(CCF)n3)nc2)n1,,,0.8407453300732595
Cc1cc(C)n(-c2ccc(C(=O)N3CCC(=O)N4CCCC43)cn2)n1,,,0.23163429836151705
Cc1cc(C)n(-c2ccc(C(=O)NC3C[C@@H](O)[C@@H](O)C3)cc2)n1,,,0.2502207637964037
Cc1cc(C)n(-c2ccc(C(=O)Nc3ccc4[nH]nc(C(N)=O)c4c3)cn2)n1,,,0.7225641984669597
Cc1cc(C)n(-c2ccc(CC(=O)Nc3cnc4cnccn34)cc2)n1,,,-0.1035991787391548
Cc1cc(C)n(-c2ccc(CNC(=O)C3CC34CCOCC4)c(C(F)(F)F)c2)n1,,,0.403221856233662
Cc1cc(C)n(-c2ccc(Cl)c(C(=O)NC3CCS(=O)(=O)C3)n2)n1,,,0.1680689971222365
Cc1cc(C)n(-c2ccc(NC(=O)C3(C)CC(F)(F)C3)cc2F)n1,,,0.5065559105923348
Cc1cc(C)n(-c2ccc(NCC3CCCC3NS(C)(=O)=O)nn2)n1,,,0.5861694635084899
Cc1cc(C)n(C(C)C(=O)NC2CCN(C(=O)CCc3ccccc3)CC2)n1,4.85,1.96,0.8573628772800524
Cc1cc(C)n(CC(=O)NCC2CCN(C(=O)c3csc(N)n3)CC2)n1,3.08,,
Cc1cc(C)n(CC(=O)Nc2ccc3c(c2)C(=O)NCC3)n1,,,0.2782774975585418
Cc1cc(C)n(CC(C)CNC(=O)COc2ccccc2C=O)n1,4.82,,
Cc1cc(C)n(CCCC(=O)N2CCCC2c2ccco2)n1,5.08,3.97,1.9054184377185388
Cc1cc(C)n(CCCC(=O)N2CCO[C@H]3COCC[C@H]32)n1,5.22,,0.0598543057533271
Cc1cc(C)n(CCCC(=O)N2Cc3cnn(C)c3CC(C)(C)C2)n1,5.12,3.1,1.4695862747499977
Cc1cc(C)n(CCCNC(=O)N2CCC(CS(N)(=O)=O)C2)n1,3.14,,
Cc1cc(C)n(CCN(C)C(=O)c2cccc(-c3cncc(C(=O)O)n3)c2)n1,1.81,,
Cc1cc(C)n(CCNS(=O)(=O)c2cc(-c3ccno3)ccc2C)c(=O)n1,4.05,,
Cc1cc(C)n(Cc2ccc(C(=O)N3CCC(c4nncn4C)CC3)cc2)n1,,,0.09021794219885626
Cc1cc(C)n(Cc2ccc(C(=O)N3CCn4ncnc4C3)cc2)n1,,,0.3631138913675243
Cc1cc(C)n(Cc2cccc(C(=O)N(C)Cc3snnc3C)c2)n1,4.87,,
Cc1cc(C)n(Cc2nnc(N3CC(C)(C)OC(C)(C)C3)n2C)n1,,,0.11243428713493822
Cc1cc(C)n2nc(C(=O)N(C)C3CCCc4c3cnn4C)nc2n1,,,0.29948931722833755
Cc1cc(C)n2nc(C)c(C(=O)N3CCN(c4ccccc4)C(=O)C3)c2n1,,,0.09457501627264955
Cc1cc(C)n2nc(NC(=O)N3CCC4(CNc5ccccc54)C3)nc2n1,,,0.09532406475147315
Cc1cc(C)n2nc(NC(=O)NCc3cccc(=O)[nH]3)nc2n1,,,-0.0915526525133453
Cc1cc(C)n2nc(SCc3ccccc3C(=O)NCc3ccc(NC(N)=O)cc3)nc2n1,,,0.0419364229358287
Cc1cc(C)n2ncc(-c3noc(C4(c5cccnc5)CC4)n3)c2n1,5.66,5.26,1.0383189380996285
Cc1cc(C)nc(-c2noc(C(CC(C)C)N3CCCCC3=O)n2)c1,4.67,3.71,1.5720753614010772
Cc1cc(C)nc(-n2[nH]c(C(=O)N3CCCCCO3)cc2=O)n1,,,0.046401428655711646
Cc1cc(C)nc(-n2nc(C(=O)NC3COC(C)(C)C3)cc2C)n1,,,0.42374556670704794
Cc1cc(C)nc(C(=O)N2CCn3c(n[nH]c(=O)c3=O)C2)c1,,,0.3331494376884426
Cc1cc(C)nc(N2CCN(c3nc(C(F)(F)F)c(Br)s3)CC2)n1,,,0.6966296498080453
Cc1cc(C)nc(NS(=O)(=O)c2ccc(N)cc2)n1,,,0.2106126654066724
Cc1cc(C)nc(SCc2ccc(C(=O)NCc3noc(C4CC4)n3)o2)n1,4.39,,
Cc1cc(C2(C(=O)NC3CCOC34CCOCC4)CC2)on1,,,0.14591508196665565
Cc1cc(C2CC2)nc(NC(=O)c2nc3ccccc3cc2C2CC2)n1,5.83,1.82,1.5996526778953644
Cc1cc(C2CCC2)ncc1C(=O)NCC1CCN1C(=O)C1(C)COC1,,,0.3844877887461562
Cc1cc(C2CCCCC2)n(O)c(=O)c1,,,0.13913700917148764
Cc1cc(C2CCCN(C(=O)c3cc4c(C)cccn4c3)C2)[nH]n1,,,0.7043049062911487
Cc1cc(C2CCCN2C(=O)CCc2nc(-c3ccco3)no2)no1,5.03,4.43,0.8383337331893612
Cc1cc(C2CCCN2C(=O)Cc2nc(-c3ccco3)oc2C)no1,4.52,4.74,0.8714526535718503
Cc1cc(C2CCCN2C(=O)Cn2cnc3c(oc4ccccc43)c2=O)no1,,,0.602737406057062
Cc1cc(C2CCN(C(=O)C3CCCN(C(=O)c4ccc5[nH]ncc5c4)C3)CC2)[nH]n1,,,0.07435438234093805
Cc1cc(C2CCN(C(=O)NCc3ccc(F)cc3Cl)CC2)on1,,,0.6236420096805414
Cc1cc(C2CCN(C(=O)Nc3cnn4cccnc34)CC2)ccc1Br,,,0.8264486704658468
Cc1cc(C2CCN(S(=O)(=O)c3ccccc3-c3ccccc3)CC2)on1,,,0.21636529886105374
Cc1cc(C=Cc2ccc3cc(N(C)C)ccc3[n+]2C)c(C)n1-c1ccccc1,3.2,1.96,
Cc1cc(C=O)c(C)n1-c1ccc(F)c(F)c1F,4.61,,
Cc1cc(C=O)c(O)c(C(=O)N2CCCC(c3cc(C)n[nH]3)C2)c1,3.62,,
Cc1cc(C=O)cc2c1OC1(C=C2)Oc2ccccc2C(=O)N1C,5.1,2.38,
Cc1cc(CC(=O)N2CCCNC(=O)C2Cc2ccccc2)on1,,,0.5428602201890304
Cc1cc(CC(=O)Nc2ccc3c(c2)CCN3C(N)=O)n[nH]1,,,0.1061170958115018
Cc1cc(CC(C)NC(=O)C2CCCN(C(=O)Cc3ccccc3)C2)n[nH]1,,,0.16062414470483596
Cc1cc(CC(C)NC(=O)N2CCCC(c3n[nH]c(C4CC4)n3)C2)n[nH]1,,,0.03307079230524475
Cc1cc(CC(C)NC(=O)NC2CCc3c(Cl)cccc32)n[nH]1,,,0.8029681779909998
Cc1cc(CC(C)NC(=O)NC2COc3c2ccc(C)c3C)n[nH]1,4.62,3.99,1.4527502133233463
Cc1cc(CC(C)NC(=O)c2cc(C3CC3)nc3c2c(=O)[nH]n3C)n(-c2ccccc2)n1,4.81,4.93,1.3166938428751398
Cc1cc(CC(C)Nc2ncc(F)c(-c3ccsc3)n2)n[nH]1,4.62,1.96,1.1404889372858085
Cc1cc(CCC(=O)N2CCc3c(cnn3-c3ccccc3)C2)no1,,,0.26234856462516554
Cc1cc(CCC(=O)NC2CCC(C)(C)CC2c2ccccc2)on1,4.96,3.19,0.9744452871957359
Cc1cc(CCC(=O)NS(=O)(=O)c2ccc3c(c2)COC3)no1,,,0.1681594401095468
Cc1cc(CCC(=O)N[C@@H]2CC(Cn3ccnc3)C[C@H]2O)cc(C)n1,,,0.3556358642527301
Cc1cc(CCNC(=O)C2CC(=O)N(c3cn[nH]c3)C2)nn1C,,,0.34752258104906203
Cc1cc(CN(C)C(C)c2ncc(-c3ccccc3)o2)no1,,,0.7223093546400772
Cc1cc(CN(C)Cc2cccc(O)c2)c(C)c(CN2CCN(C)CC2)c1,3.97,,
Cc1cc(CN(CCc2nn[nH]n2)c2ccccc2)n[nH]1,,,0.16781348732316265
Cc1cc(CN2CCC(c3nnc[nH]3)CC2)on1,2.69,,
Cc1cc(CN2CCCN(C(=O)c3cc(C4CC4)nn3C)CC2)no1,,,0.15438480005548338
Cc1cc(CN2CCN(C(=O)C3CCN(CC(F)(F)F)CC3)CC2)no1,,,0.0758676265534691
Cc1cc(CN2CCN(C(=O)NCc3ccc(-n4ccnc4)c(F)c3)CC2)on1,,,-0.28852233774437974
Cc1cc(CN2CCN(C(=O)c3cc4cccc(C)c4o3)CC2)no1,,,0.5787212180457902
Cc1cc(CNC(=O)C2CCN(c3cccc(C(N)=O)n3)CC2)[nH]n1,,,0.0683077495544976
Cc1cc(CNC(=O)Cc2cc(F)cc3c2OCOC3)cc(=O)[nH]1,,,0.2351560607745264
Cc1cc(CNC(=O)N2CCCC3(C=Cc4ccccc4O3)C2)no1,4.79,,1.5485582642244782
Cc1cc(CNC(=O)NC2CCc3c(Br)cccc32)on1,4.96,5.32,0.8279891365909777
Cc1cc(CNC(=O)NC[C@H]2C[C@@H]2C2CCCCC2)n(C)n1,,,-0.0181738910464254
Cc1cc(CNC(=O)N[C@@H]2CCc3cc(F)ccc32)no1,,,0.6819556322827067
Cc1cc(CNC(=O)N[C@H]2CC2(C)C)nc(N2CCCC2)n1,,,0.4070294768524023
Cc1cc(CNC(=O)Nc2ncn(C(C)(C)C)n2)ccc1F,,,0.2641524317776803
Cc1cc(CNC(=O)[C@H]2CC[C@H]2C(=O)O)ccc1-c1ccccc1,,,0.5656589887610637
Cc1cc(CNC(=O)[C@H]2Cc3ccccc3O[C@@H]2C(F)F)cc(=O)[nH]1,,,0.14348597556034698
Cc1cc(CNC(=O)c2cccn3c(=O)[nH]nc23)n(C)n1,,,0.011701700559086248
Cc1cc(CNC(=O)c2cn3nccc3nc2C)cc(C)n1,,,0.014385197984208552
Cc1cc(CNC(C)c2cccc(-n3cccn3)c2)cc(C)n1,,,0.1299013930483294
Cc1cc(CNCc2csc(-c3ccc(C(F)(F)F)cc3)n2)n(C)n1,,,0.23589541351723053
Cc1cc(CN[C@@H]2CC(Cn3cccn3)C[C@H]2O)ccc1Oc1cccnc1,,,0.1268779099014365
Cc1cc(CNc2ccc(Cl)c(C#N)n2)nc(N2CCCC2)n1,5.02,2.36,1.2260187970356484
Cc1cc(CNc2nc(-c3cccnc3)nc(C)c2C)n(C)n1,,,0.21922509606405235
Cc1cc(COCC(=O)N2CCCN(c3ccccc3F)CC2)no1,5.06,2.85,1.443674150357999
Cc1cc(CS(=O)(=O)N2CC(O)Cc3ccccc32)on1,,,0.5312229230246898
Cc1cc(CS(=O)(=O)N2CCc3c(cccc3C(C)C)C2)no1,5.13,1.9,1.3160412922017244
Cc1cc(C[C@@H]2COC[C@@H]2NC(=O)COCc2nc3ccccc3[nH]2)on1,3.81,,
Cc1cc(C[C@@H]2COC[C@@H]2NC(=O)c2cc(C)c3nc(N)sc3c2)on1,3.79,,
Cc1cc(Cc2nc(-c3cccc(N4CCNC4=O)c3)no2)no1,,,0.588181035699449
Cc1cc(Cc2nnc(N3CCOC4(CCC4)C3)n2CC2CCCCO2)[nH]n1,,,0.22951499849903056
Cc1cc(Cl)c(C(=O)N2CCN(C(=O)c3ccc(=O)[nH]c3)CC2)cc1C,,,-0.017614055180801197
Cc1cc(Cl)c(NC(=O)N2CCCC(C3CCCCO3)C2)cc1Cl,5.18,1.97,1.0894930892001318
Cc1cc(Cl)cc(C(=O)N(C(C)CS(C)(=O)=O)C2CC2)c1,5.33,3.72,1.3331378654222297
Cc1cc(Cl)cc2c1CN(C(=O)c1cc(-c3cnn(C)c3)no1)CC2,,,0.3498381325247689
Cc1cc(Cl)ccc1Cc1noc(Cc2ccc(O)cc2)n1,,,0.6686027066911683
Cc1cc(Cl)ccc1OCC(=O)NCc1ccncc1,2.93,,
Cc1cc(Cl)ccc1OCC(=O)O,2.96,,
Cc1cc(Cn2c(-c3ccccc3)nnc2N2C[C@H]3CCC[C@H]3C2)no1,5.01,3.06,1.1971982570654798
Cc1cc(Cn2cnc3c(oc4ccccc43)c2=O)ncn1,,,-0.0614064742280285
Cc1cc(Cn2cnc3c2c(=O)n(C)c(=O)n3C)nc(C)n1,,,0.1787150324703589
Cc1cc(Cn2nnc(C(=O)NCc3ccc(Cl)cc3)c2C)on1,,,0.2930852757006288
Cc1cc(F)c(Br)cc1NS(=O)(=O)c1cccc(Cl)c1O,4.65,2.2,0.6123006521232477
Cc1cc(F)c(C(=O)NC(c2nn[nH]n2)C2CC2)cc1F,,,0.19055641129392464
Cc1cc(F)c(NC(=O)c2cc3nccnc3cc2F)c(Cl)c1,,,0.3283247945720305
Cc1cc(F)c(S(=O)(=O)Nc2cnn(C3CCCC3)c2C)cc1F,,,0.4150641340631282
Cc1cc(F)c2c(c1)NC(C(=O)NCC1CC13CCSCC3)C2,5.66,2.03,1.2369287920253416
Cc1cc(F)c2nc(O)cc(C(=O)NC3CCCN(c4ccn(C)n4)C3=O)c2c1,,,0.2775008235935762
Cc1cc(F)cc(C)c1S(=O)(=O)Nc1cc(C(N)=O)n[nH]1,,,0.18752779057161229
Cc1cc(F)cc(S(=O)(=O)NC(=O)[C@H]2C[C@@H]2C2CCC2)c1,4.99,4.36,1.1290296937789916
Cc1cc(F)cc2[nH]c(C(=O)N3CCCC(O)(Cn4ccnn4)C3)cc12,,,0.6493372846651966
Cc1cc(F)cc2c1N(S(=O)(=O)c1n[nH]c3ncccc13)CCC2,5.57,3.18,1.2158517460736167
Cc1cc(F)cc2c1S(=O)(=O)N(Cc1cnn(CCF)c1)C2=O,,,0.28235365713328753
Cc1cc(F)ccc1-c1cnc(C(=O)N2CCNC(C)(C)C2)cn1,,,0.3410422729956014
Cc1cc(F)ccc1-c1nnc([C@@H]2CCCO[C@H]2c2ccnn2C)o1,4.79,2.5,0.824525548597906
Cc1cc(F)ccc1-n1cc(O)c(C(=O)NCc2ccc(C)n(C)c2=O)n1,4.49,1.89,0.798145170521908
Cc1cc(F)ccc1-n1ccc(NC(=O)NCCS(=O)(=O)Nc2ccccc2)n1,6.63,1.87,0.997954262632684
Cc1cc(F)ccc1-n1nc(Cn2cncn2)nc1C1CCCC1O,,,0.09755322253196319
Cc1cc(F)ccc1C(=O)N1CCN(C(=O)c2ccc(Cl)cc2)CC1,,,0.5074931541230844
Cc1cc(F)ccc1C(=O)NCC1CN(c2ncnn3cccc23)CCCO1,,,0.8714626524611158
Cc1cc(F)ccc1C1C(=O)NCCN1C(=O)Nc1cc(N(C)C)cc(C(F)(F)F)c1,4.6850000000000005,4.09,1.403612554484072
Cc1cc(F)ccc1C1CCCN1C(=O)NCC1CNC(=O)C1,,,0.11727726563649031
Cc1cc(F)ccc1C1CCCN1C(=O)c1cnn(C)c1N,,,0.7109317171576496
Cc1cc(F)ccc1C1CCN(c2ccc(C(=O)N(C)C)nn2)CC1,,,0.2386868926424277
Cc1cc(F)ccc1CC(C)NC(=O)N1CCCC(C2CCCCO2)C1,5.81,1.9,1.310671942186803
Cc1cc(F)ccc1Cc1noc(C2CCc3nccn3C2)n1,3.96,1.93,0.7804441714208497
Cc1cc(F)ccc1[C@@H](C)NC(=O)c1ccc(C#N)n1C,5.32,,1.7298164558196332
Cc1cc(F)ccc1[C@H](C)n1cc(C(C)(O)Cc2ccccc2)nn1,5.41,2.82,1.297768168271415
Cc1cc(F)ccc1[C@H](C)n1cc(C2COCCN2)nn1,,,0.45375932320317286
Cc1cc(N(C)CC(=O)N2CCN(C)CC2)nc(-c2cccs2)n1,,,0.058778749971501704
Cc1cc(N)c2cc(NC(=O)c3ccc(Cl)cc3)ccc2n1,,,0.1052041958388414
Cc1cc(N)n2ncc(C(=O)NCc3cccc(O)c3F)c2n1,4.35,4.36,0.6553920071658192
Cc1cc(N2CC(n3ccnn3)C2)nc(-c2ccccn2)n1,,,-0.18201633982735074
Cc1cc(N2CCC(C(O)c3ncc[nH]3)CC2)n2c(nc3ccccc32)c1C#N,,,0.466705704956968
Cc1cc(N2CCC(N3CCCC(c4nc5c(s4)CCCC5)C3)C2=O)n(C)n1,,,0.8799647638465942
Cc1cc(N2CCC(Nc3ccc(C(=O)NC4CCCC4)cc3C)C2=O)n(C)n1,,,-0.10282331902823019
Cc1cc(N2CCC(Nc3nccc(-c4cnccn4)n3)CC2)nc(C)n1,,,0.035851607431215654
Cc1cc(N2CCC(Oc3cnccn3)CC2)nc(-c2cccc([N+](=O)[O-])c2)n1,,,0.5961893971094567
Cc1cc(N2CCCC(NC(=O)N3CCC(n4cc(Cl)cn4)C3)C2)n(C)n1,,,0.3870814333639313
Cc1cc(N2CCCC(NC(=O)N3CCc4cccc(C)c4C3)C2)n(C)n1,,,0.8922364730036466
Cc1cc(N2CCCC(c3n[nH]c(-c4ccccc4)n3)C2)ncn1,5.05,5.5,0.7163928759587066
Cc1cc(N2CCCC2Cn2cnc3ccccc32)nc(CO)n1,,,0.0750117171942012
Cc1cc(N2CCCCC2C)ccc1NC(=O)N1CC[C@H]2CN(C)C[C@H]21,,,0.26323536546405174
Cc1cc(N2CCCCC2CNC(=O)c2ccccc2)nc(C)n1,,,0.47112385600777495
Cc1cc(N2CCC[C@@H]2C(=O)O)nc(N2CCOCC2)n1,2.24,,
Cc1cc(N2CCN(C(=O)CC3C=CCC3)CC2)nc(N)n1,3.03,,
Cc1cc(N2CCN(C(=O)NCCc3ccco3)CC2)nc(C(C)C)n1,,,0.23745757601921869
Cc1cc(N2CCN(C(=O)c3ccc(C(N)=O)nc3)CC2)nc(C(C)C)n1,,,0.2288067987479699
Cc1cc(N2CCN(C(=O)c3ccc4c(=O)n5c(nc4c3)CCCCC5)CC2)n2ncnc2n1,,,0.1044048721601883
Cc1cc(N2CCN(C(=O)c3ccnn3C(C)C)CC2)nc(C(C)C)n1,,,0.0961568459577298
Cc1cc(N2CCN(C(C(=O)O)C3CC3)CC2)n2ncnc2n1,,,0.1234406105299678
Cc1cc(N2CCN(CC3CN(C(C)C)CCO3)CC2)c2ccccc2n1,,,0.10633347007132934
Cc1cc(N2CCN(c3ccc4nccnc4n3)CC2)nc(C(C)C)n1,,,0.0207883386036271
Cc1cc(N2CCN(c3ncccc3C(N)=O)CC2)ncn1,,,0.11886192678610005
Cc1cc(N2CCN(c3nnc(C)c(C)c3C(N)=O)CC2)ncn1,,,-0.1388731790136742
Cc1cc(N2CCNC2=O)ccc1NC(=O)CCNC(C)C,,,0.0647986706579541
Cc1cc(N2CCOCC2)ccc1NC(=O)NCc1cccnc1-n1ccnc1,,,-0.07593469899503799
Cc1cc(N2C[C@H](O)C[C@H]2c2n[nH]c(-c3ccccc3)n2)ncn1,,,0.1262885848988784
Cc1cc(NC(=O)C(C)Nc2cccc(C3CNC(=O)C3)c2)on1,,,0.0835583697878714
Cc1cc(NC(=O)C(c2ccccc2)N(C)CCCn2ccnc2)no1,4.97,3.05,1.0208148699399637
Cc1cc(NC(=O)C2(C)CCCO2)n(-c2cccc(Br)c2)n1,5.09,4.67,1.2023586799700339
Cc1cc(NC(=O)C2=C(O)c3ccccc3S(=O)(=O)N2C)no1,3.89,4.22,0.8634980450843244
Cc1cc(NC(=O)C2CC2)sc1C(=O)N(C)c1cn[nH]c1,,,0.2906910379724905
Cc1cc(NC(=O)C2CCCCO2)ccc1S(=O)(=O)N(C)C,,,0.5009188922371193
Cc1cc(NC(=O)C2CCCc3nn(C)cc32)nc(-c2ccccc2)n1,,,0.7615305772720307
Cc1cc(NC(=O)C2CCN(C)C2=O)ccc1Oc1ccncc1,,,-0.0825709739123803
Cc1cc(NC(=O)C2NCCOc3ccccc32)cnc1C,,,0.5945049577740329
Cc1cc(NC(=O)CCc2c[nH]nn2)cnc1N1CCCCC1C,5.4,2.2,1.1198680756311654
Cc1cc(NC(=O)CN(C)c2ccc(F)c(Cl)c2)n(C2CCS(=O)(=O)C2)n1,4.88,3.7,1.0575339333377027
Cc1cc(NC(=O)CN2CCN(C3CCc4ccc(F)cc43)CC2)no1,,,0.42334269191195073
Cc1cc(NC(=O)COc2ccc3c(c2)C(=O)N(C2CCC(=O)NC2=O)C3=O)n(C)n1,,,0.036583864949088
Cc1cc(NC(=O)N2CC3(CCC3)C2C2CCOCC2)n(C)n1,,,0.1928046734670505
Cc1cc(NC(=O)N2CCC(C#Cc3cccc4c3CN(C3CCC(=O)NC3=O)C4=O)CC2)no1,,,0.3938105304745385
Cc1cc(NC(=O)N2CCCC2(CO)CC(C)C)ccn1,,,0.7865627299927325
Cc1cc(NC(=O)N2CCCCC2c2cn[nH]c2)nn1-c1ccccc1,,,0.3615934668004551
Cc1cc(NC(=O)N2[C@@H]3CC[C@H]2C[C@@H](c2nccn2C)C3)on1,,,0.3185486255200511
Cc1cc(NC(=O)NC(c2ccccn2)C2CC2)cc(C)n1,,,0.3982480185648283
Cc1cc(NC(=O)NCCN2CCOC(C)(C)C2)nn1C,,,0.1219236743804322
Cc1cc(NC(=O)NCc2ccc(S(N)(=O)=O)cc2)n(C2CCCC2)n1,3.71,,
Cc1cc(NC(=O)NCc2cccc(C3(C)NC(=O)NC3=O)c2)ccc1-c1ccncc1,,,0.30367629976288907
Cc1cc(NC(=O)NCc2cccc(Oc3ccccc3F)c2)n(C2CCS(=O)(=O)C2)n1,5.14,1.86,0.9287884807844986
Cc1cc(NC(=O)[C@@H](N)C(C)(C)C)cc(S(N)(=O)=O)c1,,,0.07646948268522014
Cc1cc(NC(=O)[C@H]2OCCO[C@H]2C)nn1-c1cccc(Cl)c1,,,0.42218003631734563
Cc1cc(NC(=O)c2cc(C(F)(F)F)nn2C)ccc1OCCO,,,-0.10933080142471795
Cc1cc(NC(=O)c2cc3cccnc3[nH]2)ccc1OCCN(C)C,,,0.2483100912553874
Cc1cc(NC(=O)c2ccc(Cl)c3cccnc23)n(C)n1,4.77,4.1,1.2300064306219223
Cc1cc(NC(=O)c2ccc(F)cc2Cl)sc1C(=O)NCC(=O)O,,,-0.08611847667320295
Cc1cc(NC(=O)c2ccc(N3CCC(O)CC3)cc2)nn1C(C)C,,,0.22894577775738978
Cc1cc(NC(=O)c2cccc(C(=O)N3CCCC3)n2)n(-c2nc3ccccc3s2)n1,,,0.31519885715656853
Cc1cc(NC(=O)c2cccc(C)c2Cl)n(-c2ccccc2)n1,4.63,3.85,1.3139142568874864
Cc1cc(NC(=O)c2cccc3cn[nH]c23)cc(N2CCN(C(C)C)CC2)c1,,,0.625462433777529
Cc1cc(NC(=O)c2ccccc2C)ccc1C(=O)O,3.44,,
Cc1cc(NC(=O)c2ccn3nccc3n2)ccc1N1CCNCC1,,,0.0884851442765866
Cc1cc(NC(=O)c2nn[nH]c2-c2ccccc2)cc(N2CCN(C(C)C)CC2)c1,,,0.706106202167374
Cc1cc(NC(c2ccccc2)c2nnc[nH]2)cc(C)c1Cl,4.85,3.19,0.774082502766616
Cc1cc(NC2CCN(c3ccccc3C(F)(F)F)C2=O)n2ncnc2n1,,,0.1122712728489892
Cc1cc(NC2CCN(c3ncccc3F)C2)nc(C)n1,,,-0.0232753273830013
Cc1cc(NCCCN2C(=O)CCC2=O)nc(C2CCC2)n1,,,0.5394422388303017
Cc1cc(NCCc2ccccc2S(N)(=O)=O)ncc1S(=O)(=O)N1CC2CCC2(C)C1,6.325,3.08,1.1097821756521975
Cc1cc(NCc2cc(C)nc3c2CCCC3)cc(C(N)=O)c1,,,0.4612062836584412
Cc1cc(NCc2ccc(C(C)(C)C)nc2)ncc1S(=O)(=O)N1CC2(CC=CC2)C1,,,0.8606349813026589
Cc1cc(NCc2ccc(S(N)(=O)=O)cc2C)nc(C2CCC2)n1,,,0.3741966719182881
Cc1cc(NCc2cccc3c2OCCCO3)ncc1S(N)(=O)=O,,,0.39750651363534845
Cc1cc(NCc2ccccc2OC(C)C)cc(C(N)=O)c1,5.42,3.44,1.2059297126393722
Cc1cc(NCc2cccnc2OC(C)C)n2nc(C)c(Br)c2n1,,,-0.1768420678015581
Cc1cc(NS(=O)(=O)CC2(OC(C)C)CCOC2)n(-c2ccccn2)n1,,,0.2716521546249253
Cc1cc(NS(=O)(=O)CCc2cccc(F)c2)cnc1C,5.23,2.19,0.6826616530672535
Cc1cc(NS(=O)(=O)c2cc(C)c(F)c(C)c2)n(-c2ccc([N+](=O)[O-])cc2)n1,4.91,4.73,1.0262823408822173
Cc1cc(NS(=O)(=O)c2cc(F)ccc2OC(C)C)cnc1C,5.63,,1.954412091118387
Cc1cc(NS(=O)(=O)c2ccc(C)c(C(N)=O)c2)cc(C(=O)O)c1,,,0.107953463119314
Cc1cc(NS(=O)(=O)c2ccc(N)cc2)no1,,,0.08319773075854475
Cc1cc(NS(=O)(=O)c2ccc(OCC(=O)O)c(F)c2)nn1C(C)C,,,0.247896853775525
Cc1cc(N[C@@H](Cc2ccccc2)C(=O)O)n2ncnc2n1,,,0.04085884223226255
Cc1cc(N[C@@H]2CCN(c3cc(=O)n(C)c(=O)n3C)C2)nc(-c2ccccn2)n1,,,0.2893993721946972
Cc1cc(Nc2ncnc3onc(C)c23)ccc1Oc1cccnc1,,,0.1401865326470478
Cc1cc(O)c(C(C)C)cc1Cl,,,0.14398409283099958
Cc1cc(O)c(C(C)C)cc1NC(=O)c1ccc(S(=O)(=O)N2CCCCCC2)cc1,,,0.15961962097039623
Cc1cc(O)cc(=O)n1CC(=O)Nc1cccc(N2C(=O)CCCC2=O)c1,,,0.0422471856530592
Cc1cc(O)cc(=O)n1CCC(=O)N1CCOCC1c1cc(F)cc(F)c1,,,0.21470573211976304
Cc1cc(O)cc(=O)n1CCC(=O)NC[C@]12C[C@H]1COC21CCC1,,,0.07735746781599395
Cc1cc(O)cc(=O)n1CCC(=O)N[C@@H]1CN(C)C[C@H]1c1cncn1C,,,0.00295530957620405
Cc1cc(O)cc(C)c1Cl,,,0.042543993408884706
Cc1cc(O)ccc1CC(=O)N1CCC(C(N)=O)(c2ccccc2)C1,,,0.4087227377966392
Cc1cc(O)ccc1Cl,,,0.049327168557879
Cc1cc(O)n2ncc(C(=O)NC(C)CCc3ccccc3F)c2n1,4.84,1.88,0.8104449466211915
Cc1cc(O)nc(S)n1,2.05,1.86,-0.22850845821971832
Cc1cc(OC(C)c2ccccc2)ccc1NS(=O)(=O)c1ccc(C(=O)N(C)C)cc1,,,0.9845295061722608
Cc1cc(OCC(=O)O)ccc1NC(=O)C1OCCc2ccccc21,,,0.25395857317428105
Cc1cc(OCC(=O)O)ccc1NC(=O)c1cc(C2CC2)n(C)n1,,,0.0592179814078507
Cc1cc(OCC(=O)O)ccc1NC(=O)c1cc2ccccc2[nH]1,,,0.1117331371244943
Cc1cc(OCc2ccc(C=O)o2)ccc1[N+](=O)[O-],3.38,,
Cc1cc(Oc2ccc(NC(=O)[C@H]3C[C@@H]3C3CCOCC3)cc2)n[nH]1,,,0.2242801064856925
Cc1cc(Oc2ccc(Oc3ccccc3)nc2)nc(-c2cccnc2)n1,,,0.6698523299837497
Cc1cc(S(=O)(=O)N2CCCc3cc(F)c(F)cc32)cnc1N,5.5,3.77,1.3147897104882864
Cc1cc(S(=O)(=O)NC(=O)C(C(C)C)N2CCCCC2)sc1C,,,0.5605659461002416
Cc1cc(S(=O)(=O)NC(=O)C(C)Oc2ccccn2)cc(C)c1C,4.52,4.23,0.7422981979506984
Cc1cc(S(=O)(=O)NCC2CCOC3(CCC3)C2)c(F)cc1F,4.64,,0.9895860650613981
Cc1cc(S(=O)(=O)NCCc2cc(C(C)(C)C)on2)ccc1C#N,5.84,1.81,1.379671694745485
Cc1cc(S(=O)(=O)Nc2ccc(N3CCCC3=O)cc2)cnc1N,5.41,1.83,1.1467557346046284
Cc1cc(S(=O)(=O)Nc2cccc3c2OCCC3)sc1C,5.99,3.01,1.4223286992100728
Cc1cc(S(N)(=O)=O)cc(C(=O)NC2(C)CCCOC2)c1C,,,0.2639848412437044
Cc1cc(S(N)(=O)=O)ccc1CNC(=O)C(C)c1ccccc1C,,,0.7070774073515016
Cc1cc(S(N)(=O)=O)ccc1CNC(=O)NC1CCCCCC1,,,0.2113079523845302
Cc1cc(S(N)(=O)=O)ccc1CNc1ccc2nnc(-c3ccccc3)n2n1,,,0.0781276982552152
Cc1cc(S(N)(=O)=O)oc1C(=O)NC(C)c1cc(Cl)cc2c1OCC2,5.42,1.87,1.0417105932198854
Cc1cc(SCC(=O)Nc2ccc(N(C)C)cc2)nc2ccccc12,5.62,,1.352441873819984
Cc1cc(SCc2ccn(C)c(=O)c2)nc(-c2ccccn2)n1,,,0.0577846329772666
Cc1cc([C@@H](C)NC(=O)c2cc(C(F)F)ncn2)ccc1F,,,0.34180553345738846
Cc1cc2c(N3CC(NS(=O)(=O)N4CCC4)C3)nccn2n1,,,0.5380619382676857
Cc1cc2c(cc(C(=O)N[C@H]3COC[C@H]3n3cccn3)n2CC(F)(F)F)s1,5.55,2.13,1.3305499484751433
Cc1cc2c(cc1C)C(C(=O)NCc1nnc3n1CCC(C(F)(F)F)C3)CO2,,,0.2562421408605902
Cc1cc2c(cc1C)N(C(=O)COc1cccnc1)CC2,,,0.2548510034130706
Cc1cc2c(cc1O)CCN(C(=O)C1(c3ccc4c(c3)OCO4)CCOCC1)C2,5.27,,1.3071402075845893
Cc1cc2c(o1)CC(C)(C)CC2NC(=O)Cn1cc(C(=O)O)cn1,,,0.286509116191389
Cc1cc2c(o1)CC(C)(C)CC2NC(=O)c1c[nH]c2ccccc2c1=O,5.29,,1.8253863455867756
Cc1cc2c(s1)=Nc1ccccc1NC=2N1CCN(C)CC1,,,0.16751444263507034
Cc1cc2cc(-n3cc(C4CCS(=O)(=O)C4)nn3)ccc2[nH]1,,,0.1693686430695587
Cc1cc2cc(C(=O)N3CCC(C)(NC(=O)c4ccc5c(c4)nnn5C)C3)ccc2cn1,,,0.20278401615512903
Cc1cc2cc(C(=O)N3Cc4ccccc4C[C@H]3C(N)=O)oc2cc1C,4.26,1.92,0.8473184453369609
Cc1cc2cc(CCNC(=O)C(=O)c3c[nH]c4ccccc34)c(=O)[nH]c2cc1C,4.61,,
Cc1cc2cc(CNC(=O)CC(C)CC(=O)NCc3ccc4[nH]c(C)cc4c3)ccc2[nH]1,,,0.7275318827043422
Cc1cc2cc(CNC(=O)CNC(=O)c3ccco3)ccc2[nH]1,,,0.0344472990090214
Cc1cc2cc(CNC(=O)c3cccc([N+](=O)[O-])c3)ccc2[nH]1,,,0.3865814673890968
Cc1cc2cc3c(C)cc(=O)oc3c(C)c2o1,,,0.5161735979781703
Cc1cc2cc[nH]c2cc1NC(=O)N1CCc2cc(Cl)ccc2C1,,,0.8754242720134492
Cc1cc2cc[nH]c2cc1NC(=O)c1coc(C2CCOCC2)n1,,,0.3882146217088643
Cc1cc2ccc(C(=O)N3CC(F)CC3c3nn[nH]n3)cn2c1,,,0.1883204284802312
Cc1cc2ccccc2n1CC(=O)N1CCCC1C(C)(C)O,4.78,2.51,1.0258028766734943
Cc1cc2ccccc2n1CC(=O)N1CCNC(=O)C1c1ccccc1,4.33,3.76,0.6449818936582647
Cc1cc2ccccc2n1CC(=O)Nc1cccc(N2C(=O)CN(C)C2=O)c1,4.44,3.88,0.9271137236112197
Cc1cc2ccccc2nc1NCc1ccc(N2CCN(C)CC2)nc1,,,0.31880711422150776
Cc1cc2n(n1)C(C(F)(F)F)CCN2C(=O)c1ncn(-c2ccccc2)n1,,,0.28490094945613303
Cc1cc2n(n1)CCN(c1nnc(Cn3ccc4ccccc43)n1C)C2,,,0.22872457476761865
Cc1cc2nc(C)c(CCC(=O)N3C[C@@H](F)C[C@H]3CO)c(C)n2n1,,,0.2311266057203368
Cc1cc2nc(NC(=O)C(=O)NCC3CC3)sc2cc1F,,,0.6129764495378586
Cc1cc2nc3c(=O)[nH]c(=O)nc-3n(C[C@H](O)[C@H](O)[C@H](O)CO)c2cc1C,,,0.036662820581676095
Cc1cc2nccc(NC(=O)N3CCC(c4ccco4)C3)n2n1,,,0.4055726128823725
Cc1cc2oc(C(=O)NCc3ccncc3)c(C)c2cc1C,3.48,,
Cc1cc2oc(C(=O)O)c(C)c2cc1C,3.5,,
Cc1cc2scc(CC(=O)N3C[C@H]4CCC[C@@]4(C(N)=O)C3)c2s1,,,0.6970969024922372
Cc1ccc(-c2c[nH]cc2C(=O)NCC2(N3CCOCC3)CCCCC2)s1,5.3,5.28,1.1143930382186267
Cc1ccc(-c2cc(C(=O)N3CC(C)OC(c4ccsc4)C3)[nH]n2)cc1,4.91,1.85,0.8846417601616239
Cc1ccc(-c2cc(C(=O)N3CCN(c4ccc(F)cc4)CC3)c3ccccc3n2)o1,4.33,,
Cc1ccc(-c2cc(C(=O)N3CCNC(C)(C)C3)[nH]n2)cc1,,,0.4738992929849889
Cc1ccc(-c2cc(C(=O)Nc3ccc(Nc4ncccn4)cc3)[nH]n2)o1,,,0.43468828206982246
Cc1ccc(-c2cc(C(=O)Nc3cccc(C(=O)NCCC(N)=O)c3)c3ccccc3n2)o1,4.58,4.25,1.1723388983818577
Cc1ccc(-c2cc(C(=O)O)c3ccccc3n2)o1,3.31,,
Cc1ccc(-c2ccc(=O)[nH]n2)cc1S(=O)(=O)NCc1ccccc1CO,,,0.10393195044805556
Cc1ccc(-c2ccc(C#N)s2)cc1NC(=O)NCc1ccc(C(=O)N2CCN(C)CC2)cc1,,,0.2399632041303146
Cc1ccc(-c2ccc(C(=O)N(C)CC(C)c3nnn[nH]3)c(F)c2)cc1,,,0.6646654004625043
Cc1ccc(-c2ccc(C(=O)NCC3(C)CCCCO3)cc2)nn1,,,-0.0630080120426062
Cc1ccc(-c2ccc(C(=O)NCC3(O)CCOCC3)c(F)c2)cc1C,,,0.57715538703123
Cc1ccc(-c2ccc(C)c(NC(=O)[C@@H]3CCOC3)c2)o1,4.56,3.76,1.052926936466136
Cc1ccc(-c2ccc(C)cn2)nc1,1.77,2.88,-0.28386077943560145
Cc1ccc(-c2ccc(CNC(=O)Cn3cncn3)cc2)s1,,,0.19245886668753379
Cc1ccc(-c2cccc(NC(=O)CN(C)C(=O)C3CC3)n2)cc1,,,0.2821625159460201
Cc1ccc(-c2cccc(NC(=O)c3cnc(N4CCNCC4)o3)n2)cc1,,,0.1967802599458167
Cc1ccc(-c2ccncc2)cc1NC(=O)c1cccc(C(N)=O)c1,,,0.0859235442080815
Cc1ccc(-c2cn(C(C)C(=O)Nc3cccc(C#N)c3)nn2)cc1,,,0.5438643665700633
Cc1ccc(-c2cn(CC3CNC(=O)C3)nn2)cc1C(=O)Nc1ccccc1,,,0.05071058081889075
Cc1ccc(-c2cncc(C(=O)NC3CCS(=O)(=O)CC3)c2)cc1,,,0.13289069656768215
Cc1ccc(-c2cncc(C(=O)NCc3cscn3)c2)cc1,4.22,3.97,1.016023923977844
Cc1ccc(-c2cncc(F)c2)cc1NC(=O)N[C@H]1C[C@@]1(C)OC(C)C,5.63,3.19,0.8117432913076541
Cc1ccc(-c2cncc(F)c2)cc1NC(=O)c1ccc2[nH]c(=O)oc2c1,3.4,3.27,
Cc1ccc(-c2csc(NC(=O)c3nn(C)cc3Cl)n2)c(C)c1,4.96,2.93,1.0598687168875298
Cc1ccc(-c2csc3nc(CC(=O)N(C)Cc4ccccc4F)[nH]c(=O)c23)s1,,,0.4092149854317702
Cc1ccc(-c2n[nH]c(NC(=O)CC3=CCCCC3)c2C)o1,5.08,3.19,1.0605059360079838
Cc1ccc(-c2nc(-c3ccc(C(=O)NC4CC4)cc3)no2)nc1C,,,0.5622439506312092
Cc1ccc(-c2nc(-c3cccnn3)n(CC(F)F)n2)cc1Br,4.37,5.44,1.354927304962652
Cc1ccc(-c2nc(C(=O)N3CCC4CCC(C3)S4(=O)=O)cs2)o1,,,0.6424044951280709
Cc1ccc(-c2nc(C(=O)N3CCCN(Cc4cnn(C)c4)CC3)cs2)n1C,,,0.5085293326915491
Cc1ccc(-c2nc(C(=O)NCc3cnccc3C)cs2)cc1,,,0.4877812517396568
Cc1ccc(-c2nc(C(C)Oc3ccc(Br)cc3Cl)no2)cn1,4.16,2.46,0.8122390354030371
Cc1ccc(-c2nc(C)c(C(=O)N3C4C=CCC3CC4)s2)o1,5.915,2.48,1.751649186871541
Cc1ccc(-c2nc(C)c(C(=O)NCCN3CCOCC3)s2)c(Br)c1,,,0.7165070879950212
Cc1ccc(-c2nc(C3(NC(=O)c4ccccc4)CCC3)no2)cn1,,,0.5607224492849645
Cc1ccc(-c2nc(CC(=O)N3CCC(O)C(F)(F)C3)cs2)cc1,,,0.35857467818538047
Cc1ccc(-c2nc(CCNC(=O)c3c(C(F)(F)F)n[nH]c3C)co2)cc1,,,0.6964247050178828
Cc1ccc(-c2nc(CN3CCOC(c4ccnn4C)C3)co2)cc1,,,0.372062927401029
Cc1ccc(-c2nc(NC(=O)C3CCCc4[nH]ncc43)sc2C)s1,,,0.44552093972631823
Cc1ccc(-c2nc3ccccc3s2)cc1N,3.9,,
Cc1ccc(-c2ncc(Cl)cc2-c2ccc(S(C)(=O)=O)cc2)cn1,,,0.1510025581792608
Cc1ccc(-c2nn(-c3ccccc3)cc2CN(C)C(=O)c2ccc(OCC(N)=O)cc2)cc1C,,,0.3182657285114713
Cc1ccc(-c2nn(C)cc2CN2CCN3CCCC3C2)o1,,,0.1506447031933369
Cc1ccc(-c2nn(CCC#N)cc2C(=O)Nc2ccc(F)c(C(N)=O)c2)cc1C,4.66,4.49,0.7979585970393914
Cc1ccc(-c2nnc(NCc3c4c(nn3C)CCC4)o2)cc1,,,-0.05407759371800845
Cc1ccc(-c2nnc(SCCCn3ccnc3)o2)c(C)c1,,,0.455639845032331
Cc1ccc(-c2nnc(SCCN3CCC(F)(F)CC3)o2)cc1,5.05,1.86,1.037193297652226
Cc1ccc(-c2nnn(CC(=O)NC34CCC(CC3)C4)n2)cc1,,,0.7344085826363267
Cc1ccc(-c2noc(C3(C#N)CCOCC3)n2)cc1Cl,4.21,2.91,0.6625928227974082
Cc1ccc(-c2noc(C3(C)CCC(=O)NC3)n2)cc1Cl,4.99,1.85,1.1392099259140562
Cc1ccc(-c2noc(C3CC34CCOC4)n2)cc1N1CCCC1,4.55,1.83,0.9106628626091284
Cc1ccc(-c2noc(CC3CNCCS3(=O)=O)n2)cn1,,,0.2456888211966565
Cc1ccc(-c2noc(CN3CCCCS3(=O)=O)n2)nc1C,,,0.6389110627943246
Cc1ccc(-c2noc(Cc3ccn(CC(F)(F)F)n3)n2)c(=O)[nH]1,,,-0.023366568126511604
Cc1ccc(-n2[nH]c(C(=O)NC(C)(C)C(C)(C)O)cc2=O)cc1,1.76,2.09,
Cc1ccc(-n2[nH]c(C)c(N/N=C3/C=CC=C(c4cccc(C(=O)O)c4)C3=O)c2=O)cc1C,3.25,1.89,-0.872698727093991
Cc1ccc(-n2c(=O)c3ccccc3n3c(SCc4nc(C)no4)nnc23)c(C)c1,,,0.8125156495225042
Cc1ccc(-n2cc(C(=O)N3CC4CCCN4Cc4ccccc43)nn2)cc1,4.97,3.2,0.8082956309824825
Cc1ccc(-n2cc(CN(C)C(=O)c3ccc4c(C#N)c[nH]c4c3)nn2)c(C)c1,,,-0.08588460775201046
Cc1ccc(-n2ccc(Cn3cc(C4CC4)nn3)n2)cc1,4.04,3.27,-0.2697085284804557
Cc1ccc(-n2cnc(=O)n2CCC2CCNC2)cc1Cl,,,0.6723884733794729
Cc1ccc(-n2cnnc2)c(C(=O)N2CCc3cc(F)ccc32)c1,,,0.2695180636263266
Cc1ccc(-n2cnnc2SCC(=O)N(C)CC(C)c2nnn[nH]2)cc1,,,0.0850308630492736
Cc1ccc(-n2cnnc2SCC(=O)N2CCc3ccccc32)cc1Cl,5.02,1.82,1.0208447129230787
Cc1ccc(-n2nc(C(=O)Nc3ccc4c(C(N)=O)c[nH]c(=O)c4c3)c3c2CCC3)c(F)c1,,,0.360541310453967
Cc1ccc(-n2nc(C(C)C)cc2NC(=O)C2CC(=O)N(C3CC3)C2)cc1,,,0.442932029618658
Cc1ccc(-n2nc(C)cc2NC(=O)CN2CCOCC3(CCCC3)C2)cc1,5.82,4.49,1.532328134238756
Cc1ccc(-n2nc(C)cc2NC(=O)[C@H]2CCO[C@@H]2C2CC2)nn1,,,0.5148770825576525
Cc1ccc(-n2ncc3c(=O)n(CC(O)C4(O)CCC4)cnc32)cc1,,,0.0699780309097234
Cc1ccc(-n2nnc(C(=O)Nc3cccnc3C3CC3)c2C)cc1,,,-0.2780557777135155
Cc1ccc(-n2nnnc2NCC(O)C2CCOCC2)cc1,,,0.015987503183514648
Cc1ccc(/C(=C\CN2CCCC2)c2ccccn2)cc1,,,0.21445674633155534
Cc1ccc(/C=C2/C(=O)C3(C)CCC2C3(C)C)cc1,3.96,1.93,1.5357826606612934
Cc1ccc(Br)c(C(=O)NC2CC(NC(=O)c3c(O)noc3C)C2)n1,,,0.05452595593774615
Cc1ccc(Br)c(S(=O)(=O)N2CCC(c3cnn(C)c3)CC2)c1,,,0.017306302164875005
Cc1ccc(Br)cc1C(=O)N1CCN(Cc2ccc(F)cc2F)C(=O)C1,,,0.829158530753096
Cc1ccc(Br)cc1C(=O)NCCNc1ccc(C#N)cn1,,,0.6967063490783063
Cc1ccc(Br)cc1C(=O)Nc1nc2c(s1)C[C@@H](N)CC2,,,-0.0211974928024668
Cc1ccc(Br)cc1Cc1noc(CN2CCCCC(O)C2=O)n1,5.46,3.27,1.2339577593831472
Cc1ccc(Br)cc1NC(=O)c1cnn2c1CC(CNC(=O)OC(C)(C)C)CC2,5.17,2.06,0.990712556730596
Cc1ccc(C#N)c(N2CCCC(c3ccncc3)C2)n1,4.52,1.96,0.8703866130923369
Cc1ccc(C#N)cc1S(=O)(=O)N1CCOC(C2CCC2)C1,4.84,2.03,0.8204328274677869
Cc1ccc(C(=O)N(C)C(C)c2cccc(-c3nn[nH]n3)c2)n1C,,,0.1261745311082517
Cc1ccc(C(=O)N(C)C)cc1NC(=O)N(C)C1(C(F)(F)F)CC1,4.4,3.06,1.3657655171471998
Cc1ccc(C(=O)N(C)Cc2cn(-c3ccc(F)cc3Cl)nn2)cc1,4.28,3.05,0.6966494921974951
Cc1ccc(C(=O)N2CC3(CC(O)CNC3=O)C2)cc1Cl,,,-0.1073232353106481
Cc1ccc(C(=O)N2CCC(C)(N3CCOCC3)CC2)n1C,,,-0.0652407811095563
Cc1ccc(C(=O)N2CCC(N3C(=O)CCC3C(=O)NCc3ccccc3)CC2)s1,4.45,,
Cc1ccc(C(=O)N2CCC(NC(=O)C34CCOC(C)(C3)C4)C2(C)C)[nH]1,,,0.05195456523445955
Cc1ccc(C(=O)N2CCC(NC(=O)c3n[nH]c4c(C)cccc34)C2)nc1,,,0.2776750346171908
Cc1ccc(C(=O)N2CCC(Nc3ncnc4[nH]c5ccccc5c34)CC2)cc1,1.91,1.8,
Cc1ccc(C(=O)N2CCC(c3ccncn3)CC2)nc1C,,,0.4860036808063805
Cc1ccc(C(=O)N2CCC(c3n[nH]c(=O)o3)CC2)nn1,,,0.1282302973375447
Cc1ccc(C(=O)N2CCC(c3nnc[nH]3)C2)c(O)c1C,,,0.21349282059403116
Cc1ccc(C(=O)N2CCCC(n3ccnn3)C2)c(F)c1Cl,4.45,3.83,0.7845254229210017
Cc1ccc(C(=O)N2CCCC3(C2)NC(=O)NC3=O)c2ncccc12,,,0.37581370488387716
Cc1ccc(C(=O)N2CCCCC2c2nc(=O)[nH][nH]2)nc1C,,,0.08749860648401814
Cc1ccc(C(=O)N2CCN(C(=O)NC(C)C3CCCOC3)CC2)s1,,,0.21838998142370125
Cc1ccc(C(=O)N2CCN(C(=O)c3ccc(Cl)cc3F)CC2)nn1,,,0.024473818709744848
Cc1ccc(C(=O)N2CCN(C(C)CC(=O)O)CC2)c(O)c1,,,0.047946971343816105
Cc1ccc(C(=O)N2CCN(c3ccc([N+](=O)[O-])cc3)CC2)cc1Cl,3.82,,
Cc1ccc(C(=O)N2CCN(c3ncccn3)CC2)o1,3.73,,
Cc1ccc(C(=O)N2CCOC3(CCOCC3)C2)c2ncccc12,,,0.5930617622579063
Cc1ccc(C(=O)NC(CC(=O)NCc2cc(C(N)=O)no2)c2ccccc2)cc1,,,0.27910271894231287
Cc1ccc(C(=O)NC(c2nccn2C)C(C)C)s1,4.6,,
Cc1ccc(C(=O)NC2(c3ccccc3F)COC2)cn1,4.42,2.14,0.7130263560011079
Cc1ccc(C(=O)NC2CC2)cc1NC(=O)Cc1ccc(=O)[nH]c1,,,-0.0397843116266414
Cc1ccc(C(=O)NC2CC2)cc1NC(=O)c1nc(-c2ccc(C(F)(F)F)cc2)sc1C,,,0.1303220920554429
Cc1ccc(C(=O)NC2CCN(C(=O)C3(n4cnnn4)CCCCC3)CC2)cc1,,,0.5177813771102453
Cc1ccc(C(=O)NC2CCN(C(=O)c3nnc(C)s3)CC2)cc1,,,0.0197648743491441
Cc1ccc(C(=O)NC2CCc3ccccc3C2)cc1NS(C)(=O)=O,5.11,3.89,0.9192603833019453
Cc1ccc(C(=O)NCC2CC2)cc1NC(=O)c1c(C)nn(C)c1-n1cccn1,,,0.8062671043114633
Cc1ccc(C(=O)NCC2CC2)cc1NC(=O)c1cn2cccnc2n1,,,0.13500728154242106
Cc1ccc(C(=O)NCCc2ccn(-c3ccccc3)n2)cc1Cl,5.23,1.88,0.9934813102365366
Cc1ccc(C(=O)NCc2cc(-c3ccccc3Cl)on2)cc1[N+](=O)[O-],4.58,2.27,0.7061505124279006
Cc1ccc(C(=O)NCc2cc(=O)[nH]c(C3CC3)n2)cc1Cl,,,-0.0097597582780574
Cc1ccc(C(=O)NCc2nn(C)c3ccccc23)c(Cl)c1,5.67,1.96,1.3898736589541711
Cc1ccc(C(=O)N[C@H]2CC[C@@H](C(N)=O)C2)c2c1CCC2,,,0.7057651948960455
Cc1ccc(C(=O)N[C@H]2COC[C@@H]2N2CCOCC2)c(C)n1,2.75,,
Cc1ccc(C(=O)Nc2ccc(-c3nc(-c4ccccc4)n[nH]3)cc2)c(C)n1,5.28,5.36,0.9692783122405352
Cc1ccc(C(=O)Nc2ccc(-c3nc4cc(F)ccc4s3)cc2C)nn1,2.88,2.23,-0.2539471368708552
Cc1ccc(C(=O)Nc2ccc(C(=O)N3CCOCC3)cn2)cc1F,,,0.13969074116507404
Cc1ccc(C(=O)Nc2ccc(C(=O)NC3CCCC3)cc2C)c(=O)[nH]1,,,0.1074726561299547
Cc1ccc(C(=O)Nc2ccc(CN3CCN(C)CC3)c(C(F)(F)F)c2)cc1C#Cc1cnc2cccnn12,3.1100000000000003,2.22,
Cc1ccc(C(=O)Nc2ccc(F)c(N3CCCNC3=O)c2)cn1,,,0.1683082816039636
Cc1ccc(C(=O)Nc2ccc3c(c2)CN(CC(N)=O)CC3)c(Cl)c1,,,0.2165747541633447
Cc1ccc(C(=O)Nc2ccc3ccn(CCN(C)C)c3c2)cc1,,,0.38623197004220977
Cc1ccc(C(=O)Nc2ccc3oc(=O)n(C)c3c2)c(F)c1,,,0.36348047253384674
Cc1ccc(C(=O)Nc2cccc(CN=S3(=O)CCCC3)c2)nn1,,,0.055944835036716004
Cc1ccc(C(=O)Nc2cccc(CNC(=O)c3ccc4nc(N(C)C)oc4c3)c2)cc1,4.19,1.84,0.748126855633323
Cc1ccc(C(=O)Nc2cccc(Oc3ccnc4ccccc34)c2)c(=O)[nH]1,,,0.7347337403202159
Cc1ccc(C(=O)Nc2cnc(N(C)C)nc2)cc1N1CCOCC1,,,0.2705957164984635
Cc1ccc(C(=O)Nc2n[nH]c3c(Cl)cccc23)c(C)c1,4.57,3.76,0.7902905876064518
Cc1ccc(C(=O)Nc2nc(-c3ccc4c(c3)C(C)C(=O)N4)cs2)nc1,,,0.21181538499137964
Cc1ccc(C(=O)Nc2ncnc3c2c(C)c(C)n3CC2CCCO2)s1,4.6,3.51,0.8548385416032672
Cc1ccc(C(=O)Nc2nnc(C34CC5CC(CC(C5)C3)C4)s2)nn1,,,0.7982488425211217
Cc1ccc(C(=O)O)cc1,1.98,,
Cc1ccc(C(=O)O)cc1C#Cc1cnc2cccnn12,2.06,,
Cc1ccc(C(=O)O)cc1Cl,2.88,,
Cc1ccc(C(=O)O)o1,2.32,,
Cc1ccc(C(=O)c2cc(O)c(O)c([N+](=O)[O-])c2)cc1,,,0.25550690528374154
Cc1ccc(C(=O)c2ccc(CC(=O)O)n2C)cc1,,,0.2119353724334859
Cc1ccc(C(C)(C)CNC(=O)c2ccn(C)c2-c2ccccc2)nc1,5.71,,2.327173850950692
Cc1ccc(C(C)(C)NC(=O)c2ccc3nc(C)n(C)c3c2)cn1,,,0.0347049130783259
Cc1ccc(C(C)(C)NC(=O)c2ccc3nncn3c2)cn1,,,-0.01553369365382725
Cc1ccc(C(C)C)c(O)c1,,,-0.046790587103791303
Cc1ccc(C(C)C)cc1O,,,0.3380948605568451
Cc1ccc(C(C)N(C)C(=O)NCc2cccc(Cn3cnc4ccccc43)c2)cc1,,,0.8720864428993571
Cc1ccc(C(C)NC(=O)CN2CCOC3(CCOCC3)C2)cc1C,3.97,2.96,1.0131979178993042
Cc1ccc(C(C)NC(=O)N2CCCC(CC(N)=O)C2)cc1F,,,0.6994738876219735
Cc1ccc(C(C)NC(=O)NCC2CCCS(=O)(=O)C2)cc1C,,,0.579209442787156
Cc1ccc(C(CNC(=O)C2CCS2(=O)=O)N(C)C)cc1,,,0.384580590551267
Cc1ccc(C(CNC(=O)CNc2cccnc2)N(C)C)cc1,,,0.1226997857038417
Cc1ccc(C(CNC(=O)c2ccc3ncnn3c2)N(C)C)cc1,,,0.33475747315678983
Cc1ccc(C(F)(F)F)cc1NC(=O)c1ccc2ncccc2c1,,,0.4396148792645084
Cc1ccc(C(F)(F)F)cc1S(=O)(=O)N1CCOCC12CCOC2,4.63,2.26,0.8547958841492356
Cc1ccc(C(F)(F)F)cc1S(=O)(=O)Nc1cccnc1,4.57,4.62,1.031636591138494
Cc1ccc(C(N)=O)cc1NC(=O)C1CCCN(C(=O)Cc2ccc(F)cc2)C1,,,0.39031353707229555
Cc1ccc(C(N)=O)cc1NC(=O)c1ccnc(C2CC2)c1,,,0.2460180329253388
Cc1ccc(C(N)=O)cc1NC(=O)c1cnn(CCC(F)(F)F)c1,,,-0.0978941941814042
Cc1ccc(C(NC(=O)c2cc(=O)n(C)c3ccccc23)C(=O)O)cc1,,,0.32175984736019614
Cc1ccc(C)c(-c2nccn2C2CCNC2)c1,3.34,,
Cc1ccc(C)c(-n2c(C)nnc2SCC(=O)NCCCn2cccn2)c1,,,0.5809171859533865
Cc1ccc(C)c(-n2cnc3cc(C(=O)N4CC(O)(C5CC5)C4)ccc32)c1,,,0.4217114731821335
Cc1ccc(C)c(-n2cnc3cc(C(=O)NCc4ccccc4Cl)ccc32)c1,4.4,,
Cc1ccc(C)c(-n2cnc3cc(C(=O)O)ccc32)c1,3.0,,
Cc1ccc(C)c(-n2ncc(NC(C)c3csc(C)n3)c2C)c1,5.28,2.12,1.2043513137613981
Cc1ccc(C)c(C(=O)N2CC(N(C)C)C3(CCOCC3)C2)c1,,,0.19544113124995044
Cc1ccc(C)c(N(C)S(=O)(=O)c2ccc3c(cnn3C(C)C)c2)c1,5.65,4.63,1.3023390839490179
Cc1ccc(C)c(N2CCN(C(=O)c3ccc4nc(-c5ccco5)c(-c5ccco5)nc4c3)CC2)c1,4.39,,
Cc1ccc(C)c(N2CCNCC2)c1,3.41,,
Cc1ccc(C)c(N2N=C(C(=O)N3CCC4CC3CO4)CCC2=O)c1,,,-0.0350127649550247
Cc1ccc(C)c(NC(=O)C(c2ccccc2)N2CCC(c3nnc4ccccn34)CC2)c1,5.04,5.5,1.9950890181814955
Cc1ccc(C)c(NC(=O)N2CCCC3(CCOC3)C2)c1,4.8,,1.76514727994354
Cc1ccc(C)c(OC2CCN(C(=O)Nc3ccc(F)cc3)CC2)c1,,,0.1098844837312161
Cc1ccc(C)c(OCCCC(C)(C)C(=O)O)c1,,,0.43256970455028165
Cc1ccc(C)c(S(=O)(=O)NCC(=O)N2CCC(C3CCCO3)C2)c1,5.14,1.88,0.9528942937813573
Cc1ccc(C)c(S(=O)(=O)NCC2(CO)CCOCC2)c1,,,0.4097462669103633
Cc1ccc(C)c2c(C)c(C(=O)N3CC(S(C)(=O)=O)C3)oc12,,,0.5215925768340856
Cc1ccc(C2(C(=O)NC(Cc3ccccc3)C(=O)O)CCOCC2)cc1,,,0.06980922112260485
Cc1ccc(C2(C)NC(=O)N(Cc3cnns3)C2=O)cc1C,4.78,1.97,0.799003733893915
Cc1ccc(C2(CNC(=O)N3CCCC(C)(O)C3)CC2)c(C)c1,4.9,1.98,0.8936070162227018
Cc1ccc(C2(CNC(=O)N3CCOC(CN(C)C)C3)CC2)c(C)c1,,,0.5621881901358687
Cc1ccc(C2(CNC(=O)[C@@H]3NC[C@@H](O)[C@H]3O)CCCC2)c(C)c1,,,0.4036309161770073
Cc1ccc(C2(F)CN(c3nc4nccnc4s3)C2)cc1,,,0.0991734096077344
Cc1ccc(C2(NC(=O)c3ccc(F)c(S(C)(=O)=O)c3)CCC2)cc1,5.31,2.03,1.337113673183449
Cc1ccc(C2(c3noc(Cn4cc(C)cn4)n3)CCOCC2)cc1,4.13,3.18,0.7334316090096182
Cc1ccc(C2CC(C)N(C(=O)Nc3ccc(S(C)(=O)=O)nc3)C2)cc1,,,0.6540164115143055
Cc1ccc(C2CC(C)N(S(=O)(=O)Cc3cccc(C#N)c3)C2)cc1,5.38,2.01,0.9917441160480817
Cc1ccc(C2CCCCCN2C(=O)CCc2ccc(C(=O)O)cc2)o1,,,0.36884613135338734
Cc1ccc(C2CCCCN2C(=O)Cc2ccn(C)n2)o1,,,0.6772811916026535
Cc1ccc(C2CCN(C(=O)CCC(=O)N3CCOCC3)CC2)cn1,,,0.04469473254061525
Cc1ccc(C2CCN(C(=O)c3ccncn3)CC2)cn1,,,0.3016183672502856
Cc1ccc(C2CCN(CC(=O)Nc3cccc(F)c3)CC2)cn1,,,0.5009999694997025
Cc1ccc(CC(=O)N2CCCn3nncc3C2)cc1Cl,,,0.6409865158236903
Cc1ccc(CC(=O)N2CCN(C(=O)Cc3cncn3C)CC2)cc1,,,0.1678874729608236
Cc1ccc(CC(=O)N2CCN(C(=O)Cc3nc(C)n[nH]3)CC2)cc1,,,0.09788774015402785
Cc1ccc(CC(=O)N2CCN(CCS(N)(=O)=O)CC2)cc1,,,-0.0175149399783406
Cc1ccc(CC(=O)NC2C(=O)NCC23CCOCC3)cc1Cl,,,0.10549286200789615
Cc1ccc(CC(=O)NC2CCN(Cc3ccc(C#N)cc3)C2=O)cn1,,,0.30428751788650155
Cc1ccc(CC(=O)NCC2CCN(CC(O)c3ccccc3)CC2)cn1,,,0.0846908326788362
Cc1ccc(CC(=O)NS(=O)(=O)c2ccn(-c3ccccc3)n2)cc1,4.16,3.86,0.7419123314135666
Cc1ccc(CC(C)(C)NCc2ccc3cc[nH]c3n2)cc1,,,0.36745287837493035
Cc1ccc(CC(C)C(=O)N2CCO[C@H](C)[C@H]2C(N)=O)cc1,,,0.0372717866705716
Cc1ccc(CC(C)C(=O)NC2CCN(C(=O)c3ccncc3)CC2)cc1,,,0.2476193044400337
Cc1ccc(CC2CCN(C(=O)CC3CC(=O)NC3=O)CC2)cc1C,,,0.0095517696623257
Cc1ccc(CN(C(=O)c2ncc(F)cn2)C(C)C)cc1,4.9,2.72,0.9228239355913933
Cc1ccc(CN(CCO)C(=O)C2C3CCC2(c2ccnn2C2CCC2)C3)o1,,,0.8781025825281481
Cc1ccc(CN2C(=O)CCC2C(=O)N2CCC(c3nc(C)no3)CC2)cc1,,,0.7741632633076432
Cc1ccc(CN2C(=O)CCC2C(=O)NCc2cn(C)cn2)cc1,,,0.5062854201711907
Cc1ccc(CN2C(=O)CCC2C(=O)Nc2ccc(N3CCc4sccc4C3)nc2)cc1,,,0.4335696625633943
Cc1ccc(CN2C(=O)NC(C)(CC(C)C)C2=O)c(C)n1,,,0.6859268031208615
Cc1ccc(CN2CC(C(=O)N3CC(CC(N)=O)C3)CC2=O)cc1,,,0.0291076704225583
Cc1ccc(CN2CC(C(=O)N3CCCn4nc(-c5ccccc5)cc4C3)CC2=O)cc1,5.48,,
Cc1ccc(CN2CCC(CNC(=O)c3n[nH]nc3C)CC2)o1,2.88,,
Cc1ccc(CN2CCNC(=O)C2CC(=O)N2CCC3(CC2)COC(=O)O3)o1,2.97,,
Cc1ccc(CNC(=O)COc2ccc(S(=O)(=O)NC(=O)Cc3ccc(C)cc3)cc2)cc1,4.35,2.77,1.6616452298710742
Cc1ccc(CNC(=O)N2CCCN(S(C)(=O)=O)CC2)nc1C,4.63,1.89,1.044309022811745
Cc1ccc(CNC(=O)N2CCN(c3ncnc4ccsc34)CC2)s1,1.84,2.25,
Cc1ccc(CNC(=O)NC2(C)Cc3ccccc3C2)c(=O)n1C,5.09,3.12,1.1965609102049557
Cc1ccc(CNC(=O)NCCc2nnc(C3CCCO3)[nH]2)s1,,,0.0810101232063776
Cc1ccc(CNC(=O)NCc2cc(C(F)(F)F)n(C)n2)nc1,,,0.3932715264547316
Cc1ccc(CNC(=O)Nc2nnc(-c3ccccn3)s2)c(OC(C)C)c1,4.78,4.38,1.9097324918231169
Cc1ccc(CNC(=O)c2cc(-c3ccccc3)no2)c(=O)n1C,,,0.35998857952043994
Cc1ccc(CNC2CC(C)(C)OC2(C)C)c(-n2cc(Cl)cn2)n1,,,0.5251917032046693
Cc1ccc(CNCC2(C(O)c3ccccc3)CC2)c(-c2cnn(C)c2)c1,,,0.6419503122721848
Cc1ccc(CNc2nc3ccccc3n2C(C)C)nc1,4.9,4.83,1.7271760254766504
Cc1ccc(COC(=O)Cc2coc3c(F)c(F)ccc23)cn1,,,0.23815975878335177
Cc1ccc(CSc2nc3c(c(=O)[nH]2)CCC3)cc1,4.09,,
Cc1ccc(CSc2nnc(-c3ccccn3)n2Cc2ccco2)cc1Br,5.79,4.99,1.4683996761645504
Cc1ccc(Cc2nnc(NC(=O)NC(C)CC(=O)Nc3cccc(N4CCCC4)c3)s2)cc1,,,0.8883893391743994
Cc1ccc(Cc2noc(CC3CC(=O)Nc4ccccc43)n2)cc1C,4.4,4.68,0.9620613809586508
Cc1ccc(Cl)c(C(=O)Nc2cccc(CN3CCCC3)c2)c1,4.82,,
Cc1ccc(Cl)c(CO)c1NCc1cc(=O)n2ccsc2n1,,,0.7016090918449067
Cc1ccc(Cl)c(Nc2ccccc2C(=O)O)c1Cl,,,0.40104559215787017
Cc1ccc(Cl)c(OCC(=O)N2CCCNC(=O)[C@@H]2C)c1,,,0.9673514368633388
Cc1ccc(Cl)c(OCC(O)CNC(C)(C)C)c1,,,0.4896966290847381
Cc1ccc(Cl)c(S(=O)(=O)N2CCN(C(=O)C3CC3)C2)c1Cl,5.88,3.55,1.45433756868803
Cc1ccc(Cl)cc1C(=O)Nc1ccccc1-c1nn[nH]n1,,,0.3290563513725586
Cc1ccc(Cl)cc1N1CCC(CNC(=O)c2cccn3c(=O)[nH]nc23)C1,,,0.6780246614259898
Cc1ccc(Cl)cc1NC(=O)C(C)N1CCOC2(CCOC2C)C1,4.54,2.62,1.2708661523641769
Cc1ccc(Cn2nc(C)c(CCC(=O)N3CCCCC3CCNS(C)(=O)=O)c2C)cc1,,,0.9195934101259949
Cc1ccc(Cn2nccc2NS(=O)(=O)c2cnc3c(c2)c(C)nn3C)cc1,4.2,3.14,0.7825971348822804
Cc1ccc(Cn2nnc(C3(C(F)(F)F)CCCN3)n2)cc1C,5.06,2.99,0.7726634741374143
Cc1ccc(F)c(Br)c1C(=O)NCC(C)(C)C1CCOCC1,5.14,,1.674275198284211
Cc1ccc(F)c(CC(=O)N2CCN(c3cc(N4CCOCC4)ncn3)CC2)c1,,,0.08685365142525556
Cc1ccc(F)c(CC(=O)NC[C@H]2CC[C@@H](c3ncn[nH]3)O2)c1,,,0.08470413214075145
Cc1ccc(F)c2[nH]c(C(=O)NC(CC3CC3)C(=O)O)cc12,,,0.5954666021089364
Cc1ccc(F)c2[nH]c(C(=O)Nc3cccc(C4(C)NC(=O)NC4=O)c3)cc12,5.0,,1.4434182348672902
Cc1ccc(F)c2c1CCCN2C(=O)c1nc(-c2cnn(C)c2)oc1C,5.28,4.74,1.3842903462365168
Cc1ccc(F)c2oc(C(=O)NCC3CCC34CCOCC4)cc12,5.48,1.84,1.3429159792125722
Cc1ccc(F)cc1-c1nc(-c2cn(CC3CCCNC3)nn2)cs1,,,0.5057483425071022
Cc1ccc(F)cc1C(=O)Nc1ccnn1C1CCS(=O)(=O)C1,,,0.107855732833122
Cc1ccc(F)cc1S(=O)(=O)N[C@H]1CCN(c2cc(=O)n(C)c(=O)n2C)C1,,,0.6577458855105522
Cc1ccc(N(C)C(=O)C2CCN(C(=O)CCc3ccccc3)CC2)c(F)c1,5.44,1.92,1.179255243276876
Cc1ccc(N(C)C(=O)[C@H]2C[C@@H]2c2ccc(OC(F)F)cc2)nn1,4.61,2.2,0.7667284392488394
Cc1ccc(N(C)C(=O)c2ccc(C(=O)NC3CC3)cc2)nc1,,,0.25765999100023473
Cc1ccc(N(C)C(=O)c2coc3c2C(=O)NCCC3)nn1,,,0.0634402982905425
Cc1ccc(N(C)S(=O)(=O)c2ccc3c(c2)sc(=O)n3C)cc1,5.04,2.07,1.2714730384588635
Cc1ccc(N(CC2=NCCN2)c2cccc(O)c2)cc1,,,0.09129377090496225
Cc1ccc(N2C(=O)N(Cc3cc(=O)n(C)c(=O)n3C)C(=O)C2C)cc1,,,0.1969198127393953
Cc1ccc(N2CC(C(=O)NCc3ccc4c(c3)OCO4)CC2=O)cc1C,4.21,,
Cc1ccc(N2CC(C(=O)O)CC2=O)cc1C,2.54,,
Cc1ccc(N2CC(c3nc(-c4nnc(C5CC5)[nH]4)no3)CC2=O)c(F)c1,,,0.0492909275890364
Cc1ccc(N2CCC(NC(=O)C3COc4ccc(O)cc4O3)C2=O)cc1,,,0.2611736780984054
Cc1ccc(N2CCC(NC(=O)c3n[nH]c(=O)c4ccccc34)C2=O)cc1,,,0.019918767040497547
Cc1ccc(N2CCCC(NC(=O)c3[nH]c4ccccc4c3Cl)C2)nn1,,,0.39685046981831523
Cc1ccc(N2CCCC(n3cc(C(=O)N(C)C)nn3)C2=O)cc1,,,-0.026897799968140304
Cc1ccc(N2CCCN(C(=O)c3ccc4c(c3)ncn4C)CC2)nn1,,,0.2890883506718783
Cc1ccc(N2CCOCC2)cc1NC(=O)N1CCCN(C(=O)C2CC2)CC1,,,0.490562321438166
Cc1ccc(NC(=O)C(=O)N2C[C@@H]3[C@H](C2)[C@H]3NC(=O)CCc2ccncc2)cc1,,,0.05212520739642135
Cc1ccc(NC(=O)C2(c3ccc4c(c3)OC(F)(F)O4)CC2)nc1-c1cccc(C(=O)O)c1,5.03,4.07,2.4206993617102723
Cc1ccc(NC(=O)C2CC(=O)N(C3CCCCC3)C2)c(C)c1,,,0.3174153685211203
Cc1ccc(NC(=O)C2CCCN(C(=O)C3(c4cccc(C(F)(F)F)c4)CC3)C2)nc1,5.9,2.1,0.663666058528486
Cc1ccc(NC(=O)C2CCCN(CC(F)(F)F)C2)cc1-n1cnnn1,5.08,3.18,1.298421605693586
Cc1ccc(NC(=O)C2CCCN(CCN3C(=O)NC4(CCCC4)C3=O)C2)nc1,,,0.11836654933004695
Cc1ccc(NC(=O)C2CCCN(Cc3ncnn3C)C2)nc1,,,-0.03779009234515255
Cc1ccc(NC(=O)C2CCCN2C(=O)Cc2ccccc2)cc1C(N)=O,,,0.1595470339094422
Cc1ccc(NC(=O)C2CCN(C(=O)C3CCn4cncc4C3)CC2)nc1,,,0.0028080505314595494
Cc1ccc(NC(=O)C2CCN(S(=O)(=O)c3ccc4[nH]c(=O)[nH]c4c3)CC2)nc1,,,0.2191553635608861
Cc1ccc(NC(=O)CCC(=O)N2CCc3sccc3C2)cc1C(=O)O,,,0.0447876749702013
Cc1ccc(NC(=O)CN(C)C(=O)c2cccc(-n3ccnc3)c2)cc1,,,0.0375794019798979
Cc1ccc(NC(=O)CN2CCCC2(C)C(=O)O)c(F)c1,,,0.4396578315135781
Cc1ccc(NC(=O)CN2CCNC(=O)CC2(C)C)cc1F,,,0.16995731577481532
Cc1ccc(NC(=O)Cc2nc3sc4c(c3c(=O)[nH]2)CCCS4)cc1,,,0.2612294913975664
Cc1ccc(NC(=O)Cn2nnc(-c3ccccc3)n2)c(-c2nc(C3CC3)n[nH]2)c1,5.51,2.08,0.7617053763654835
Cc1ccc(NC(=O)N2CCC(Cc3cnn(C)c3)C2)cc1F,,,0.2833759819039342
Cc1ccc(NC(=O)N2CCCC2c2cccnc2)c(C)n1,,,0.28677701371600917
Cc1ccc(NC(=O)N2CCN(C(=O)c3ccc(OCC(=O)O)cc3)CC2)cc1,,,-0.005951822037298901
Cc1ccc(NC(=O)N2CCN(C(=O)c3cnc4cccnn34)CC2)cc1Cl,,,0.1995674188705738
Cc1ccc(NC(=O)N2CCN(c3cnccn3)CC2)cc1OCC(F)F,,,0.5720143088194581
Cc1ccc(NC(=O)N2CCOC3(CCOC3)C2)c(C)n1,,,-0.0661954209375602
Cc1ccc(NC(=O)N2Cc3cnc(C(C)(C)C)nc3C2)cc1,3.56,,
Cc1ccc(NC(=O)NC[C@H]2C[C@@H]2C(F)(F)F)c(N(C)C)n1,,,0.4850371654555058
Cc1ccc(NC(=O)c2ccc(CN3CCN(C)CC3)cc2)cc1Nc1nccc(-c2cccnc2)n1,,,0.19638656736658525
Cc1ccc(NC(=O)c2ccc(Cn3cccn3)cc2)cc1N1C(=O)CNC1=O,,,0.0949551131574692
Cc1ccc(NC(=O)c2ccc(OC(F)F)cn2)cc1NC(=O)c1ccncc1,,,0.28368107540900117
Cc1ccc(NC(=O)c2ccc3c(c2)nnn3C)cc1-c1ncco1,,,0.19424161943151164
Cc1ccc(NC(=O)c2cccc3cc(O)ncc23)cc1NC(=O)CN1CCCCC1,,,0.35955083317407677
Cc1ccc(NC(=O)c2cccn(C)c2=O)c2cccnc12,4.11,2.09,0.8161378305481566
Cc1ccc(NC(=O)c2cn(C(F)(F)CO)nn2)cc1Cl,,,0.29208811786676014
Cc1ccc(NC(=O)c2cncc(F)c2)cc1C(=O)NC(C)C,,,0.2125883839457378
Cc1ccc(NC(=O)c2coc(C(F)(F)F)n2)cc1C(=O)N1CCOCC1,,,0.31100600865160233
Cc1ccc(NC(=O)c2nc(-c3cn(-c4ccc(C)cc4)nn3)no2)cc1,1.66,,
Cc1ccc(NC(=O)c2ncn(-c3ccccc3)n2)cc1C(=O)N1CCOCC1,,,-0.10431490662693405
Cc1ccc(NC(=O)c2nnc(C3CC3)o2)cc1OCCC(C)C,5.16,1.87,1.3226805580418652
Cc1ccc(NC(=O)c2nnc(CN3CCC(N4CCCC4)C3)s2)cc1,,,0.2216166479047121
Cc1ccc(NC(C)c2c[nH]cn2)cc1-c1nnnn1C1CC1,,,0.5594895416511683
Cc1ccc(NCc2c(C)nn(C)c2C)cc1S(C)(=O)=O,,,0.0552269684392763
Cc1ccc(NCc2c[nH]nc2-c2ccsc2)cc1C(N)=O,,,0.2950786802764524
Cc1ccc(NCc2cccc3ccccc23)cc1-n1cnnn1,5.12,2.33,0.9077340336988566
Cc1ccc(NCc2ncnn2CC(C)C)cc1C(=O)NC(C)C,,,0.2536154117421463
Cc1ccc(NS(=O)(=O)c2ccc(C)c(NS(=O)(=O)CCOC(C)C)c2)c(C)c1,5.69,1.96,1.4181658911259962
Cc1ccc(NS(=O)(=O)c2ccc3c(c2)NC(=O)C(CC(=O)N2CCCC2)CS3)c(C)c1,5.2,2.62,
Cc1ccc(NS(=O)(=O)c2cccc(C(=O)NC(C)CCC(=O)O)c2)cc1,,,0.0818759636035864
Cc1ccc(Nc2nccc(N(C)c3ccc4c(C)n(C)nc4c3)n2)cc1S(N)(=O)=O,,,0.43246015987977565
Cc1ccc(O)c(CNc2ccc(C(=O)N3CC(C)OC(C)C3)cc2)n1,,,0.28120286148121065
Cc1ccc(O)c([C@H](CCN(C(C)C)C(C)C)c2ccccc2)c1,5.06,1.86,2.17172112193708
Cc1ccc(O)cc1,,,0.0157300460144961
Cc1ccc(O)cc1C(=O)N1CCCC(C)(NC(=O)c2coc(=O)[nH]2)C1,,,0.3010008100921512
Cc1ccc(O)cc1C(=O)N1CCCC2c3nc[nH]c3CCC21,,,0.28686102176580136
Cc1ccc(OC2CCN(c3nn4c(C)nnc4c4ccccc34)CC2)cc1,,,0.1055820565785597
Cc1ccc(OCC(=O)N2CCN(C(=O)c3coc4c3COC4)CC2)cc1,,,0.35229383571789324
Cc1ccc(OCCC(=O)N2C[C@@H]3CS(=O)(=O)C[C@@H]3C2)cc1C,4.28,3.26,1.2560084768577464
Cc1ccc(OCCC(=O)Nc2ccc(F)c(-n3nnnc3C3CC3)c2)cc1,,,0.35936883154923305
Cc1ccc(OCCCC(=O)N2C[C@H](CC(N)=O)[C@@H](O)C2)c(C)c1,,,0.1750314020512676
Cc1ccc(OCc2nc(CC(=O)NC(CO)c3ccccn3)cs2)cc1,,,0.32544860496939926
Cc1ccc(Oc2ccc(CN)cc2)cc1,2.83,,
Cc1ccc(Oc2ccc(NC(=O)N3CCCC(CN4CCC(C)CC4)C3)cc2)nn1,,,-0.031869717685164445
Cc1ccc(S(=O)(=O)CC(=O)N2CCOC(c3ccc(F)cc3)C2)cc1C,6.115,1.84,1.3984177179651742
Cc1ccc(S(=O)(=O)CC(C)NC2CCC23CCCC3)cc1,5.13,3.06,1.3152930962216667
Cc1ccc(S(=O)(=O)CCC(=O)NC2CCCC2)c(C)c1,,,0.6280439055876266
Cc1ccc(S(=O)(=O)N(C)C(C)c2ccccn2)c(C)c1,4.91,3.0,1.069181639716531
Cc1ccc(S(=O)(=O)N(C)C)cc1-c1nc(C(C)c2ccco2)no1,,,0.8421870369464391
Cc1ccc(S(=O)(=O)N(C)Cc2ccn(C(C)C)n2)cc1C,5.85,1.87,1.4647717287646072
Cc1ccc(S(=O)(=O)N(C)Cc2nnc3n2CC(C)(C)CC3)cc1,,,0.609081402325694
Cc1ccc(S(=O)(=O)N2CCC(C(=O)Nc3cccc(C(C)(F)F)c3)CC2)c(C)c1,,,0.5494794132620189
Cc1ccc(S(=O)(=O)N2CCC2C(F)(F)F)cc1C(=O)O,,,0.009467090299588499
Cc1ccc(S(=O)(=O)N2CCCC(CCO)CC2)c(F)c1,,,0.5651572137266289
Cc1ccc(S(=O)(=O)N2CCCCC2)cc1NCc1cccnc1C,,,0.7593085099047181
Cc1ccc(S(=O)(=O)N2CCCCC2)cc1NS(=O)(=O)c1cccc(Cl)c1O,5.37,4.0,2.2125636938514006
Cc1ccc(S(=O)(=O)N2CCNCC2)cc1,3.56,,
Cc1ccc(S(=O)(=O)N2[C@H]3CC[C@@H]2CN(C)CC3)cc1F,,,0.18335508754597274
Cc1ccc(S(=O)(=O)NC(=O)C2CC23CCc2ccccc23)c(C)c1,4.3,4.15,1.434960093544456
Cc1ccc(S(=O)(=O)NC(=O)C2CCCN(C(C)C)C2)c(F)c1,,,0.23678131031352762
Cc1ccc(S(=O)(=O)NC(=O)NN2CC3CCCC3C2)cc1,,,0.4550861857901122
Cc1ccc(S(=O)(=O)NC(=O)NN2CCCCCC2)cc1,,,0.14649318942386017
Cc1ccc(S(=O)(=O)NC(=O)c2c(-c3ccc(C(F)(F)F)cc3)noc2C)cc1,4.41,2.02,1.2481171549043149
Cc1ccc(S(=O)(=O)NC(=O)c2cccc(-c3ccncc3)n2)cc1,,,0.3589379518124015
Cc1ccc(S(=O)(=O)NC(C(=O)NCc2n[nH]c3ccccc23)C(C)C)cc1,5.48,,
Cc1ccc(S(=O)(=O)NC(C)(CO)c2ccccc2)c(F)c1,,,0.7039020145398448
Cc1ccc(S(=O)(=O)NC(Cc2ccccc2)C(=O)NCCC(N)=O)c2ccccc12,5.39,2.06,1.211113868787592
Cc1ccc(S(=O)(=O)NC2CCNC23CCCC3)c2ncccc12,,,0.4483351490749939
Cc1ccc(S(=O)(=O)NCC(O)c2ccc(O)cc2)c(C)c1,4.7,3.78,0.6388501622424685
Cc1ccc(S(=O)(=O)NCCC(=O)N2CCNC(=O)C2)cc1C,3.69,,-0.2582788773875018
Cc1ccc(S(=O)(=O)NCCN(C)Cc2nocc2C(C)C)cc1,5.68,3.03,1.4222223615276568
Cc1ccc(S(=O)(=O)NCc2noc(C(N)=O)n2)c(C)c1,3.8,,
Cc1ccc(S(=O)(=O)Nc2ccc(Oc3ccc(C)nn3)cc2)cc1,5.46,1.8,1.0594799151844547
Cc1ccc(S(=O)(=O)Nc2cccc3nccnc23)cc1Cl,5.12,5.14,1.2781310002190274
Cc1ccc(S(=O)(=O)c2cnc3ccccc3c2N2CCN(c3ccccc3)CC2)cc1C,5.67,,
Cc1ccc(S(C)(=O)=O)cc1C(=O)Nc1ccc(-n2cc(CO)nn2)cc1,,,-0.0505112485816334
Cc1ccc(S(C)(=O)=O)cc1C(=O)Nc1ccc(N2CCOC2=O)cc1,,,0.04764664660002316
Cc1ccc(S(N)(=O)=O)c(C(=O)NC2CCCOCC2)c1,,,0.24554968245952202
Cc1ccc(SC(C)C(=O)NCc2cccnc2)cc1,3.95,,
Cc1ccc(SC(C)C(=O)O)cc1,3.0,,
Cc1ccc(SCC(F)(F)F)c(NC(=O)C(=O)N(C)CCN2CCCC2=O)c1,5.36,1.94,1.3505520134816644
Cc1ccc(SCCC(=O)NC2CCC(=O)NC2=O)cc1,,,0.2329854362381316
Cc1ccc([C@@H]2C[C@H]2C(=O)Nc2ncc(C3CCNCC3)s2)cc1,,,0.5837390860745212
Cc1ccc([C@@H]2O[C@H](CO)[C@@H](O)[C@H](O)[C@H]2O)cc1Cc1ccc(-c2ccc(F)cc2)s1,,,0.22917757398456096
Cc1ccc([C@H](O)CNc2ccc(S(N)(=O)=O)c3cccnc23)cc1,,,0.3678291654351329
Cc1ccc([N+](=O)[O-])c(C)c1C(=O)N1C[C@@H]2C[C@H]1CN2C(=O)CCF,,,0.20687719277257344
Cc1ccc([N+](=O)[O-])cc1C(=O)N[C@H]1CC[C@H]1c1ccccc1,5.11,3.93,1.041308744610428
Cc1ccc([N+](=O)[O-])cc1S(=O)(=O)N1CC(N2CCOCC2)C1,,,0.3256243031563151
Cc1ccc2[nH]c(C(=O)N3CCC(Oc4cccc(C#N)c4)CC3)c(C)c2c1,,,0.3789893113992016
Cc1ccc2[nH]c(C(=O)N3CCNC(=O)C3c3ccccc3F)cc2c1,5.17,,2.3927174272201484
Cc1ccc2[nH]c(C(=O)N[C@@H]3CCCN(S(=O)(=O)C4CC4)C3)cc2c1C,5.175,4.21,1.6462769448272194
Cc1ccc2[nH]c(C(=O)Nc3cc(C(C)C)[nH]n3)c(C)c2c1,4.27,4.58,0.8846000401647158
Cc1ccc2[nH]c(C(NC(=O)Cn3nnnc3N)C(C)C)nc2c1,3.73,,
Cc1ccc2[nH]c(C3CCCN(C(=O)c4cccn(C)c4=O)C3)nc2c1,,,0.30918584406783467
Cc1ccc2[nH]c(C3CCCN(C(C(=O)O)C4CC4)C3)nc2c1,,,-0.07273818157331839
Cc1ccc2[nH]c(C3CCCN3C(=O)c3ccc(C(C)C)nc3)nc2c1,,,0.0692987687960641
Cc1ccc2[nH]c3c(c2c1)CC(Nc1nc(C)ns1)CC3,,,0.0813492257978975
Cc1ccc2[nH]cc(CC(=O)NC(C)(C)CS(C)(=O)=O)c2c1,,,0.616340257287144
Cc1ccc2[nH]cc(CCNC(=O)NC3CCC(F)(F)C3)c2c1,,,0.5057780144619505
Cc1ccc2[nH]cc(CCNC(=O)NC3CCCn4nccc43)c2c1,,,0.43430442256491397
Cc1ccc2c(C(=O)N3Cc4cn[nH]c4CC(C)(C)C3)cnn2c1C,,,0.6953920122531349
Cc1ccc2c(C(=O)NC3COC4CC3C4)cc(-c3cnn(C)c3)nc2c1C,4.27,4.38,1.3773745940573685
Cc1ccc2c(C)c(C(=O)O)oc2c1C,3.13,,
Cc1ccc2c(C)cc(N3CCN(c4ccnc(C)n4)CC3)nc2c1,,,1.018377713948028
Cc1ccc2c(C3=CCN(C(=O)C(=O)Nc4ccc(N5CCCC5=O)c(Cl)c4)CC3)c[nH]c2c1,,,0.204510434552479
Cc1ccc2c(CC(=O)N3CCC(F)(C#N)C3)c[nH]c2c1,,,-0.10994725054641849
Cc1ccc2c(CC(=O)N3CCC(O)(C4CCC4)CC3)coc2c1,,,0.7488804337157414
Cc1ccc2c(CC(=O)NCC3(O)CCS(=O)(=O)C3)coc2c1C,,,0.3173355576671674
Cc1ccc2c(CCC(=O)N3CCN(C(=O)C4CCCN4C)CC3)c[nH]c2c1,,,-0.0182948380306848
Cc1ccc2c(CCC(=O)Nc3cccc(C(=O)Nc4ccncc4)c3)c[nH]c2c1,,,0.3149123285902033
Cc1ccc2c(Cl)cc(Cl)c(O)c2n1,,,-0.11362196016196685
Cc1ccc2c(O)c(C(=O)N3CC(C)CC(C(=O)O)C3)cnc2n1,,,0.3231189279418079
Cc1ccc2c(c1)C(=O)N(C(C)C(=O)Nc1ccccc1)C2=O,,,1.293829182101602
Cc1ccc2c(c1)C(=O)N(CC(=O)NC1(C)CC=CCC1)C2=O,5.33,1.85,0.8418397717544472
Cc1ccc2c(c1)C(NC(=O)CCCn1cnc3c(N)ncnc31)C(C)C2,,,0.2577578327190504
Cc1ccc2c(c1)C(NC(=O)N1CCc3c(ncn3-c3ccccc3)C1)CO2,,,0.2243666808462492
Cc1ccc2c(c1)C1CN(C)CCC1N2C(=O)c1cncc(-c2ccc3c(c2)CCO3)c1,,,0.5902356700361937
Cc1ccc2c(c1)CC(C(=O)Nc1ncc(Cl)cc1O)S2(=O)=O,4.1,2.3,0.6804983297189531
Cc1ccc2c(c1)CCC2NS(=O)(=O)c1cnn(Cc2ccccc2)c1,5.18,2.13,0.94764936896556
Cc1ccc2c(c1)CCCN2S(=O)(=O)c1ccc2c(c1)NC(=O)CC(=O)N2,5.04,2.01,0.740235192998171
Cc1ccc2c(c1)CCN(c1ncc(S(N)(=O)=O)cc1C(F)(F)F)C2,,,0.33919608978034327
Cc1ccc2c(c1)CN(C(=O)Nc1cc(C)n(C(C)C)n1)CCO2,5.42,2.97,1.8306575317383984
Cc1ccc2c(c1)OC(C)CN2C(=O)c1cnc(C(=O)O)cn1,,,-0.0212545128721143
Cc1ccc2c(c1)SC(C(=O)NCC(N1CCNCC1)C(F)(F)F)C2,,,0.5999927197898924
Cc1ccc2c(c1)[C@@H](NC(=O)Cc1ccc(-n3cnnn3)cc1)CCC2,,,0.49413607181148383
Cc1ccc2c(c1)[C@H](NC(=O)c1ccc(C)nn1)CCC2,4.7,2.44,1.111231201870979
Cc1ccc2c(c1)[C@H]1CN(C)CC[C@H]1N2C(=O)c1cc2n(c1)CCCNC2=O,,,-0.04039784580962585
Cc1ccc2c(c1)c(=O)n(C)c1nnc(CN3C(=O)C(=O)N(C45CC6CC(CC(C6)C4)C5)C3=O)n21,,,0.0669812584717292
Cc1ccc2c(c1)nc(-c1cnn(Cc3ccccc3)c1)n2C,,,-0.0345482222236621
Cc1ccc2c(c1)nc(CNC(=O)CN1CCOCC1)n2C,,,0.37006665031572056
Cc1ccc2c(c1)nnn2S(=O)(=O)c1ccc(Cl)cc1Cl,,,0.2327291613099171
Cc1ccc2cc(-c3c[nH]c4cnccc34)cnc2c1C,,,0.39256336546034076
Cc1ccc2cc(C(=O)N(C)C3CCS(=O)(=O)C3)ccc2n1,,,-0.2550138122074346
Cc1ccc2cc(C(=O)N3CCOC(COC(C)C)C3)ccc2n1,,,0.0166533204172387
Cc1ccc2cc(C(=O)N3Cc4cccc(Br)c4C3)[nH]c2c1,,,0.23460084416364874
Cc1ccc2cc(C=O)c(N3CCCCC3)nc2c1,4.79,,
Cc1ccc2cccc(S(=O)(=O)N3CCC=C(c4cnn(C)c4)C3)c2n1,5.915,3.21,1.417262349668556
Cc1ccc2cccnc2c1C(=O)Nc1ccc2c(=O)n(C)cnc2c1,,,0.30464201541785607
Cc1ccc2cccnc2c1S(=O)(=O)Nc1cccc(CC(=O)O)c1,4.95,2.47,0.9886640892097971
Cc1ccc2nc(-c3ccc(NC(=O)c4conc4C)cc3)sc2c1,,,0.0529769174433564
Cc1ccc2nc(-c3cccs3)cc(C(=O)Nc3cccc(C(=O)N(C)CC(N)=O)c3)c2c1,4.56,4.43,1.479723270867371
Cc1ccc2nc(C(=O)Nc3ccc(N4CCN(C)CC4)nc3C)ccc2c1,,,0.2514743860812625
Cc1ccc2nc(CN3CCN(C)C(c4ccccc4)C3)[nH]c2c1C,4.47,,
Cc1ccc2nc(CNc3ccc(CCC(C)C)cc3)cc(=O)n2c1,,,0.28839947042332403
Cc1ccc2nc(COC(=O)C(O)c3cc(Cl)cc(Cl)c3)cc(=O)n2c1,,,0.39786074900445156
Cc1ccc2nc(NC(=O)N3CCc4cn[nH]c4C3)sc2n1,3.13,3.69,
Cc1ccc2nc(NC(=O)c3cccn3Cc3ccncc3)sc2c1,,,0.7342216891351799
Cc1ccc2ncc(-c3noc(-c4cccc(NC(=O)C5CCCO5)c4)n3)n2c1,,,0.04967489396770805
Cc1ccc2ncc(C(=O)N[C@H]3CC[C@H](Oc4ccccc4)CC3)n2c1,,,0.8226590849558699
Cc1ccc2ncccc2c1NC(=O)c1nc2c(s1)CN(C)CC2,,,-0.151456143778749
Cc1ccc2ncccc2c1S(=O)(=O)N[C@H]1CNC[C@@H]1c1ccccc1,,,-0.1392597349733388
Cc1ccc2ncnc(N3CCCCC3c3cc[nH]n3)c2c1,,,0.41696829628898346
Cc1ccc2ncnc(NC3CCN(C(=O)c4ccco4)CC3)c2c1,1.83,3.21,
Cc1ccc2oc(-c3noc([C@]45CNC[C@H]4CCOC5)n3)cc2c1,3.9,3.53,0.8245062642619366
Cc1ccc2oc(=O)n(Cc3noc(C(=O)NCCCc4ccccc4)n3)c2c1,5.09,2.05,
Cc1ccc2oc(C(=O)N(C)C3CCCCC3S(C)(=O)=O)cc2n1,4.87,3.56,0.9296851429717752
Cc1ccc2oc(C(=O)N[C@H]3CCC[C@H]3C(=O)O)cc2c1,,,0.6291024436792766
Cc1ccc2oc(CN(Cc3ccco3)C(=O)Nc3ccc4c(c3)C(=O)N(C)CC4)cc2c1,4.96,1.93,1.3289929907784521
Cc1ccc2oc(CN(Cc3ccco3)C(=O)c3ccc4[nH]c(=O)[nH]c4c3)cc2c1,5.33,1.84,1.050957163516307
Cc1ccc2oc(NCC3(OC(C)C)CCOC3)nc2c1,,,0.6992855642089268
Cc1ccc2sc(C(=O)Nc3cccc(C(N)=O)c3)cc2c1,,,0.5449023651593559
Cc1ccc2sc(CNC(=O)c3csc(C(C)C)n3)nc2c1,5.2,3.01,0.8530398946893497
Cc1ccc2snc(C(=O)NC(c3cnn(C)c3)C(C)C)c2c1,5.78,6.21,2.2753426337777194
Cc1cccc(-c2c(C)n[nH]c2NC(=O)c2cnn(C3CCC3)c2)c1,,,0.1528822668689665
Cc1cccc(-c2ccc(CNC(=O)N3CCN4C(=O)NCC4C3)cc2)c1,,,0.2588272351528646
Cc1cccc(-c2cncc(C(=O)N(C)c3cccnc3)c2)c1,4.85,3.98,0.7684006872369273
Cc1cccc(-c2cncc(C(=O)N3CCc4ccc(S(=O)(=O)N5CCCC5)cc43)c2)c1,5.38,1.94,0.7177635687609181
Cc1cccc(-c2cncc(C(=O)NCc3cnnn3C)c2)c1,,,0.108372773610839
Cc1cccc(-c2cncc(C(=O)Nc3ccccc3C(N)=O)c2)c1,4.92,5.72,1.0962756092217303
Cc1cccc(-c2n[nH]c(NC(=O)Cc3cccc(OCc4cccnc4)c3)n2)n1,,,0.41783280249385424
Cc1cccc(-c2nc(-c3cc(N4CCN(C)CC4)ccn3)no2)c1O,,,0.2225385809119021
Cc1cccc(-c2nc(C(=O)NC3(c4nnc[nH]4)CCC3)c(C)[nH]2)c1,,,0.4998286145047116
Cc1cccc(-c2nc(Cc3cc(C)no3)n(C3CCS(=O)(=O)CC3)n2)c1,,,0.42696185654510593
Cc1cccc(-c2nnc(C(C)N(C)Cc3cscn3)o2)c1,,,0.6517574290094011
Cc1cccc(-c2nnc3n2CC(C(=O)NCc2scnc2C)CC3)c1,,,0.0059188985405654
Cc1cccc(-c2noc(C3CCCN3C(=O)C(C)NC(=O)c3ccccc3)n2)c1,5.6,,
Cc1cccc(-c2noc(C3CN(C)C(=O)c4ccccc43)n2)c1,5.59,,2.0383389924777777
Cc1cccc(-n2nc(Cc3ccccc3)nc2[C@H]2C[C@@H](O)C2)c1,4.68,4.88,1.3193231038519424
Cc1cccc(-n2nc3c(c2NC(=O)Cc2ccccc2)CSC3)c1,5.3,5.63,1.8364191114127357
Cc1cccc(=O)n1CC(C)(O)C(=O)N1CCC(CC(F)(F)F)CC1,,,0.5502951568570836
Cc1cccc(C(=O)N(C)C2CCNC2)c1NC(=O)c1ccncc1,,,0.27926879552869405
Cc1cccc(C(=O)N2CCCN(C(=O)c3cc(=O)n(C)cn3)CC2)c1,,,-0.08664120711664375
Cc1cccc(C(=O)N2CCCN(C(=O)c3ncccc3N)CC2)c1,,,0.25333730365499274
Cc1cccc(C(=O)N2CCCN(C(=O)c3nn(C)c(C)c3Cl)CC2)c1,4.67,1.96,0.7838589147714421
Cc1cccc(C(=O)N2Cc3ccccc3C(n3cccn3)C2)n1,,,0.6137067091805161
Cc1cccc(C(=O)NC2CCCCN(C(=O)c3nc[nH]n3)C2)c1,,,0.010043300634840446
Cc1cccc(C(=O)NCc2ccc(CN3CCCC3=O)cc2)c1F,,,0.5653963884250988
Cc1cccc(C(=O)NCc2nnc(C(F)(F)F)s2)c1C,,,0.6911652266871933
Cc1cccc(C(=O)Nc2cc(N3CCN(C)CC3)ccn2)n1,,,0.4275080839706955
Cc1cccc(C(=O)Nc2ccc(CC(=O)N(C)C)cc2)c1F,,,0.2300659545061356
Cc1cccc(C(=O)O)c1NC(=O)C(O)(c1ccccc1)c1ccccc1,4.68,4.03,0.9691418235416944
Cc1cccc(C(=O)O)c1NC(=O)c1ccc2c(c1)C(=O)N(C)C2=O,,,0.0696982922956997
Cc1cccc(C(C)(C)C(=O)NCc2nnnn2-c2ccc(F)cc2)c1,5.44,5.36,1.9181148415120968
Cc1cccc(C(C)(C)CNc2nccc3c2nnn3C)n1,,,0.7794028123913342
Cc1cccc(C(C)(C)NC(=O)Nc2c(C)ccn(C)c2=O)c1,,,0.6492500487778772
Cc1cccc(C(C)C(=O)NC2CC(=O)N(CCN3CCOCC3)C2)c1,,,0.1850980454011669
Cc1cccc(C(C)CNC(=O)N2CCO[C@H]([C@@H](O)CO)C2)c1,,,-0.044551138767860494
Cc1cccc(C(C)NC(=O)N(C)Cc2nnc[nH]2)c1C,,,0.15323612183569293
Cc1cccc(C(C)NC(=O)c2cc(-c3ccccc3O)[nH]n2)c1C,4.94,,1.3761333517270793
Cc1cccc(C(NC(=O)C2Cc3ccccc3O2)C(=O)O)c1C,,,0.2204111113550776
Cc1cccc(C(NC(=O)Cc2n[nH]c3c2CCCC3)C(=O)O)c1C,,,0.0888481751185934
Cc1cccc(C(NC(=O)N2CCC(Cn3cccn3)CC2)C(C)(C)C)c1,5.6,1.97,1.4975685933659715
Cc1cccc(C(NC(=O)N2CCNC(=O)C2C)c2cccc(C)c2)c1,4.63,3.79,1.134305647322507
Cc1cccc(C)c1-n1cc(CNC(=O)C(F)(F)F)nn1,5.24,3.05,0.9465839268684269
Cc1cccc(C)c1C1CCCN1C(=O)NC(c1ccccc1)C1CCOC1,5.64,,1.5740487187289962
Cc1cccc(C)c1C1CCCN1C(=O)NCc1nccn1CC(C)C,5.48,3.74,1.4373929060778199
Cc1cccc(C)c1CC(=O)Nc1[nH]nnc1C(=O)N1CCCC1,,,0.5915288983675526
Cc1cccc(C)c1CN(C)C(=O)C1CC(=O)N(c2cn[nH]c2)C1,,,0.9828720698235885
Cc1cccc(C)c1CN(C)C(=O)NCc1ncnn1-c1ccccc1,5.02,4.09,1.170564014807682
Cc1cccc(C)c1N,2.57,,
Cc1cccc(C)c1NC(=O)C(C)N,,,-0.11563804927908676
Cc1cccc(C)c1NC(=O)C(CC(C)C)n1cccc1C=O,5.43,,
Cc1cccc(C)c1NC(=O)C1CCCCN1C,2.98,,0.40014284594085875
Cc1cccc(C)c1NC(=O)CN1CCCC1,3.67,,
Cc1cccc(C)c1NC(=O)CN1CCCC1=O,1.84,,
Cc1cccc(C)c1NC1=NCCCS1,,,0.3002766133586314
Cc1cccc(C)c1NS(=O)(=O)c1ccc(NS(=O)(=O)c2ccnn2C)cc1,4.56,3.07,1.259707446087571
Cc1cccc(C)c1OCC(=O)N[C@@H](Cc1ccccc1)[C@@H](O)C[C@H](Cc1ccccc1)NC(=O)[C@H](C(C)C)N1CCCNC1=O,,,1.0964899392133398
Cc1cccc(C)c1OCC(=O)N[C@H](Cc1c[nH]cn1)C(=O)O,,,0.27770125899567705
Cc1cccc(C)c1OCC(C)N,,,0.20163913848641693
Cc1cccc(C2(C(=O)N3CCC(N(C)CC(=O)O)CC3)CCC2)c1,,,0.14436289523270499
Cc1cccc(C2(C(=O)N[C@@H]3COC[C@H]3O)CCCC2)c1,,,0.3063482463643868
Cc1cccc(C2CCCN2C(=O)CCc2c(C)nc(C)[nH]c2=O)c1,,,0.583436642760026
Cc1cccc(C2CCCN2C(=O)CCc2cnn(C)c2)c1C,4.86,3.9,1.1361086352644327
Cc1cccc(C2CCCN2C(=O)CCn2c(=O)n(C)c3ccccc32)n1,5.31,2.84,1.158126142001105
Cc1cccc(C2CCCN2C(=O)NCc2ccsc2)n1,4.48,4.53,0.8385299914374544
Cc1cccc(C2CCN(C(=O)COc3cccc(NC(=O)C4CC4)c3)C2)c1,5.02,3.84,0.9693367389908103
Cc1cccc(C2CCN(C(=O)c3ccc4c(c3)C(=O)N(C)C4=O)C2)c1,,,0.28407555448630123
Cc1cccc(CC(=O)NC2CCN(C3CCCCC3)C2=O)c1Cl,4.88,3.6,1.2404580636439542
Cc1cccc(CC(NC(=O)c2nn[nH]c2C2CC2)C2CC2)c1,4.87,2.68,1.1463155394878193
Cc1cccc(CC2(O)CCN(C(=O)c3c(C)[nH]c4ccccc34)CC2)c1,5.45,1.84,1.0941590078146537
Cc1cccc(CC2(O)CCN(C(=O)c3cn4ccccc4n3)CC2)c1,4.38,3.1,1.6004458710914509
Cc1cccc(CN(C)C(=O)CC2CC(=O)Nc3ccccc32)n1,,,0.34502676053082354
Cc1cccc(CN(C)C(=O)CCn2cc(C#N)c(=O)[nH]c2=O)c1C,4.26,3.56,0.6660992384334663
Cc1cccc(CN2CCN(C(c3ccccc3)c3ccc(Cl)cc3)CC2)c1,,,0.7924848885070828
Cc1cccc(CNC(=O)Cc2noc(-c3cc(Cc4ccccc4)ccc3O)n2)c1,,,0.8406175083093853
Cc1cccc(CNC(=O)N2CCN(c3cc(N4CCOCC4)ncn3)CC2)n1,,,0.0778404533148613
Cc1cccc(CNC(=O)c2ccc(-c3nnc4ccc(NC(=O)C5CCC5)cn34)cc2)c1,2.85,,
Cc1cccc(COc2ccc(C(C)NCC3=Nc4ccccc4S(=O)(=O)N3)cc2)c1,,,0.535264353260095
Cc1cccc(COc2ccc(NC(=O)CC3CCCN3)c(C)c2)c1,,,0.17065791214063544
Cc1cccc(Cc2c[nH]cn2)c1C,,,0.14169633166166273
Cc1cccc(Cl)c1S(=O)(=O)N1CC(N2CCNC2=O)C1,4.98,3.18,1.4488489968420757
Cc1cccc(Cl)c1S(=O)(=O)N1C[C@@H]2C(=O)NC(=O)[C@@H]2C1,,,0.47680416589187163
Cc1cccc(Cl)c1S(=O)(=O)Nc1cc2n(n1)CCCC2,6.0,1.95,1.4524082175843098
Cc1cccc(Cn2nccc2NC(=O)c2cnc3snc(C)c3c2)c1,4.74,1.87,1.2540903224463356
Cc1cccc(N(C)C(=S)Oc2ccc3ccccc3c2)c1,4.67,3.13,2.238695610914635
Cc1cccc(N(C)S(=O)(=O)c2cnn(C3CCC3)c2)n1,4.59,2.89,0.6861457673304374
Cc1cccc(N2CC(C(=O)N(C)c3ccc(Cl)cn3)CC2=O)c1C,5.17,3.61,1.9837417815210208
Cc1cccc(N2CCCC(NC(=O)c3nn[nH]c3C3CC3)C2=O)c1,,,0.0312461775889459
Cc1cccc(N2CCCC(n3cc(-c4cncn4C)nn3)C2=O)c1,,,0.1445672606760303
Cc1cccc(N2CCN(C(=O)CN3CCOCC3=O)CC2)c1C,,,0.04055031570015605
Cc1cccc(N2CCN(C(=O)c3cccc(OCC(N)=O)c3)CC2)c1,,,-0.011241522805492649
Cc1cccc(N2CCN(C(=O)c3cn(CC4CC4)nn3)CC2)c1,,,0.2494765615947803
Cc1cccc(NC(=O)C2CCCN(Cc3csnn3)C2)n1,,,0.532953885900985
Cc1cccc(NC(=O)C2CCCN(c3nc4ccccc4s3)C2)n1,4.77,2.89,0.821400156612573
Cc1cccc(NC(=O)C2CSCN2C(=O)C2CC(C)OC(C)C2)c1C,,,0.2000347635751858
Cc1cccc(NC(=O)CN2CCN(C(C(=O)O)C3CC3)CC2)c1C,,,0.06685477530051215
Cc1cccc(NC(=O)N2CCCC(c3nc4cc(C)ccc4[nH]3)C2)c1,4.86,5.33,1.1473014162050623
Cc1cccc(NC(=O)N2CCN(C(=O)C3CC(C)OC3C)CC2)c1,,,-0.04333148252020125
Cc1cccc(NC(=O)N2CCN(C(=O)c3cnc4snc(C)c4c3)CC2)c1,,,0.5837393030720918
Cc1cccc(NC(=O)N2CCN(S(N)(=O)=O)CC2)c1F,,,-0.1353100896665707
Cc1cccc(NC2CCN(C(=O)C3CCCN(C(=O)c4ccc(F)cc4)C3)CC2)c1,,,0.7095083565372958
Cc1cccc(NC2CCN(C(=O)c3ccc(=O)[nH]n3)CC2)c1,,,-0.1181488394642823
Cc1cccc(NC2CCN(C(=O)c3ccc(C#N)c(O)c3)CC2)c1,,,0.35042917881919317
Cc1cccc(NC2CCN(C(=O)c3ccc(O)nc3)CC2)c1,,,0.035294275426637906
Cc1cccc(NC2CCN(C(=O)c3n[nH]c4ccc(Cl)cc34)CC2)c1,,,0.350085748767924
Cc1cccc(NCC2CCCN2C(=O)c2nnn(-c3ccc(OC(F)F)cc3)c2C)n1,,,0.45253130498087
Cc1cccc(NS(=O)(=O)c2cccc(C(=O)Nc3ccc4c(c3)C(=O)NCC4)c2)c1,5.33,4.83,1.0809099145074899
Cc1cccc(Nc2ccncc2S(=O)(=O)NC(=O)NC(C)C)c1,4.65,4.04,1.2442342845664733
Cc1cccc(O)c1,,,0.23143487759628095
Cc1cccc(OC(C)C(=O)N2CCCC2c2ncc[nH]2)c1,,,0.3742466555566719
Cc1cccc(OC(C)C(=O)N2CCOC(C(C)O)C2)c1,,,-0.0013682567224561
Cc1cccc(OC2CCN(C(=O)[C@@H](N)Cc3ccc(O)cc3)CC2)c1,3.74,,
Cc1cccc(OC2CCN(C(=O)c3ccc(-n4cnnn4)cc3)CC2)c1,3.94,,
Cc1cccc(OCCc2noc(C3CN(C(=O)c4ccsc4)C3)n2)c1,5.05,1.84,
Cc1cccc(OCc2cn(CCC3CCOCC3)nn2)c1,,,0.5828270042155697
Cc1cccc(Oc2ccccc2C(=O)N2CCCC(C(O)C(F)(F)F)C2)c1,5.4,6.07,2.0978573124305964
Cc1cccc(Oc2ccccc2C(=O)NC2CNC(=O)C2)c1,,,0.3639440295004563
Cc1cccc(S(=O)(=O)N2CC(c3ccccc3)OCC2(C)C)c1C#N,6.325,2.99,0.8090622835194738
Cc1cccc(S(=O)(=O)N2CC=C(c3c[nH]c4ncccc34)CC2)c1,,,0.6428918291043607
Cc1cccc(S(=O)(=O)NC(c2c(C)nn(C)c2C)C(F)(F)F)c1,4.97,3.96,1.1204801168044083
Cc1cccc(S(=O)(=O)NCC(O)c2cccc3ccccc23)c1,5.904999999999999,2.8,1.3115912665983789
Cc1cccc(S(=O)(=O)Nc2cccc(N3CCNC3=O)c2C)c1,5.09,1.85,0.8500073070091376
Cc1cccc([C@@H]2C[C@H]2C(=O)N(CC(C)C(=O)O)C2CC2)c1,,,0.33149682699338534
Cc1cccc([C@H](C)c2c[nH]cn2)c1C,,,0.3847941623111285
Cc1cccc2[nH]c(C3CCCN3C(=O)c3c[nH]c(=O)[nH]3)nc12,2.59,,
Cc1cccc2[nH]c(CNC3CCc4cn[nH]c4C3)cc12,,,0.13906654945625574
Cc1cccc2c(=O)n(Cc3ncnn3C(C)C)cnc12,,,0.3134143674596197
Cc1cccc2c(CC(=O)N3Cc4ccccc4C[C@H]3C(N)=O)c[nH]c12,4.48,5.25,0.7104526389361003
Cc1cccc2c(N3CCCC(c4cc(C(N)=O)[nH]n4)C3)ncnc12,,,0.22325867830691856
Cc1cccc2c(N3CCN(CC(=O)O)CC3)ncnc12,,,-0.1006829051312274
Cc1cccc2c1CCN(CC(C)(O)c1ccc(S(C)(=O)=O)cc1)C2,,,0.651037167580884
Cc1cccc2c1CN(C(=O)C1CCCN(S(=O)(=O)c3ccc([N+](=O)[O-])cc3)C1)CC2,5.84,2.84,0.8475992788602214
Cc1cccc2c1N(C(=O)CCc1nc(C3CCCC3)no1)CCC2,5.859999999999999,3.82,1.5448982119828103
Cc1cccc2c1N(C1CC1)CCN2C(=O)Cc1nc2ncccn2n1,,,0.5884453602016266
Cc1cccc2c1N(C1CC1)CCN2C(=O)c1cc(-c2ccco2)[nH]n1,6.26,1.8,1.128182869974331
Cc1cccc2c1N(C1CC1)CCN2C(=O)c1cccnc1O,,,0.6712599622690356
Cc1cccc2c1OC(C(=O)NS(=O)(=O)c1ccc3c(c1)CCCC3)C2,4.95,2.08,0.879091842432028
Cc1cccc2c1OCC(NC(=O)N1CCN(S(C)(=O)=O)[C@@H](C)C1)C2,,,0.45560659178696167
Cc1cccc2c1OCC[C@H]2NC(=O)NCc1ccccc1CC(F)(F)F,,,0.7200309897051265
Cc1cccc2c1sc(=O)n2CC(=O)N1CCCCC1C,5.23,3.85,1.401144700839712
Cc1cccc2cc(C(=O)N3CCCN(S(C)(=O)=O)CC3)oc12,4.93,4.04,0.8647511626501823
Cc1cccc2cc(C(=O)N3CCC[C@H](N(C)C(=O)c4cnc5ccccc5c4)C3)nn12,5.54,,1.718805481226608
Cc1cccc2cc(C(=O)Nc3cccc4c3CNCC4)nn12,,,0.4764966159767582
Cc1cccc2cc(C=O)c(Oc3ccc(F)cc3)nc12,4.57,,
Cc1cccc2nc(C3CCN(Cc4nnnn4C4CC4)CC3)oc12,,,0.36214796264970944
Cc1cccc2nc(CNC(=O)c3ccc4c(c3)[nH]c(=O)n4C)n(C)c12,,,0.011495823552930107
Cc1cccc2nc(CNc3ncnc4c3cnn4C(C)(C)C)n(C)c12,,,0.5056986929361473
Cc1cccc2nc(N3CC(n4cc(CO)nn4)C3)oc12,,,0.2814478707620035
Cc1cccc2ncc(CNC3CCCN(C(=O)Cc4ccccc4)C3)n12,,,0.7357851900066331
Cc1cccc2ncnc(N3CCC(OCCO)CC3)c12,,,0.018523000915412598
Cc1cccc2ncnc(Nc3ccc4[nH]ccc4c3)c12,,,-0.2642514136447715
Cc1cccc2oc(C(=O)N3Cc4cnn(C)c4CC(C)(C)C3)cc12,5.61,,1.2591764989655252
Cc1cccc2oc(C(=O)NCc3ccn(C4CCCC4)n3)cc12,5.0,3.1,1.0389214936868671
Cc1cccc2sc(N3CCN(CCS(N)(=O)=O)CC3)nc12,,,0.20109805654985524
Cc1cccc2sc(NC[C@H]3CC(=O)N(C)[C@@H]3c3ccncc3)nc12,,,0.3158277521902037
Cc1ccccc1-c1cc(C(=O)Nc2cc3ccccc3nn2)c2cnn(C(C)C)c2n1,,,0.6386836602321512
Cc1ccccc1-c1cc(N2CCN(C)CC2)ncc1N(C)C(=O)C(C)(C)c1cc(C(F)(F)F)cc(C(F)(F)F)c1,4.67,2.83,1.4468229772287642
Cc1ccccc1-c1nn(-c2ccccc2)cc1C(=O)NCc1ncnn1-c1ccccc1,5.3,5.39,1.6106821234099817
Cc1ccccc1-c1nnsc1C(=O)N[C@H]1CCCC(F)(F)[C@@H]1O,3.98,3.07,1.1099548596257702
Cc1ccccc1-c1noc(C(C)N2CCCC2c2c(C)nn(C)c2C)n1,5.91,3.24,0.6010036546434441
Cc1ccccc1-c1nsc(NC2CC[C@H](O)[C@H](O)C2)n1,,,0.20178533679456107
Cc1ccccc1-n1c(C)nnc1SCCOc1ccc(C#N)cc1,5.36,5.83,1.2691105551040018
Cc1ccccc1-n1cc(-c2c[nH]c(C=O)c2)nn1,3.46,,
Cc1ccccc1-n1cc(C(=O)NC2CC(Cl)(Cl)C2)cn1,,,0.6876651626768711
Cc1ccccc1-n1nc(C)c(CNC(=O)Cc2cncn2C)c1C,,,-0.0065312717826064015
Cc1ccccc1-n1ncc(C(=O)N2CCN(C(=O)c3ccccc3)CC2)c1N,,,-0.0192520980833405
Cc1ccccc1-n1ncc(C(=O)NS(=O)(=O)c2ccccc2)c1C(F)(F)F,5.12,4.22,1.9760615741074754
Cc1ccccc1-n1nccc1NC(=O)N(C)CC1CCOC1,,,0.5234939439612345
Cc1ccccc1C(=O)N1CC(n2cc(C#N)c(=O)[nH]c2=O)C1,,,0.1773622745889501
Cc1ccccc1C(=O)N1CCC(Cc2ccccc2)CC1,2.19,,
Cc1ccccc1C(=O)N1CCCC(CO)(Cc2ccccc2)C1,4.85,,1.5985267998634265
Cc1ccccc1C(=O)N1CCc2ccccc2C1,1.78,,
Cc1ccccc1C(=O)NC(C(=O)N1CC(=O)N(C)C1)C(C)C,,,0.288734832232028
Cc1ccccc1C(=O)NC1CCN(C(=O)C(C)Oc2cccc(CO)c2)CC1,,,0.35824603942249683
Cc1ccccc1C(=O)NC1CCN(C(=O)C2(S(C)(=O)=O)CC2)CC1,,,0.25980656478964925
Cc1ccccc1C(=O)NC1CCN(C(=O)CC2CCCCO2)CC1,,,0.09371816809756825
Cc1ccccc1C(=O)NC1CCN(C(=O)c2cnn3cccnc23)CC1,,,0.3308290425023961
Cc1ccccc1C(=O)NC1CCN(c2cnc3ccccc3n2)CC1,,,0.3917238826470997
Cc1ccccc1C(=O)NCC(=O)N1CCC(c2ccccc2)CC1,,,0.6865126297211877
Cc1ccccc1C(=O)NCC(=O)NC1CCN(C(=O)Nc2ccccc2)CC1,,,0.15377787613570776
Cc1ccccc1C(=O)Nc1cc(C)n(-c2ccc(F)cc2F)n1,,,0.9238257949454438
Cc1ccccc1C(=O)Nc1ccc(C(=O)N2CCCC(O)c3cc(Cl)ccc32)c(C)c1,5.62,,
Cc1ccccc1C(=O)O,2.61,,
Cc1ccccc1C(C)C(=O)NCc1nc(C(N)=O)co1,,,0.1932465904579598
Cc1ccccc1C(C)C(=O)NCc1nccc(C(F)(F)F)n1,4.43,4.1,1.691998044759606
Cc1ccccc1C(C)Cc1nc(-c2ncoc2C)no1,4.61,1.86,1.0254897812421535
Cc1ccccc1C(C)NC(=O)N1CCC(c2nc3ccccc3[nH]2)CC1,4.62,5.01,1.2666191018596602
Cc1ccccc1C(CN(C)C)NS(=O)(=O)c1c(C)cnn1C,,,0.6098241675233734
Cc1ccccc1C(NC(=O)c1nccnc1C)C(C)(C)C,5.06,1.87,0.9578264197022421
Cc1ccccc1C(NCc1ccc(-c2nn[nH]n2)o1)C(C)C,,,0.3681921888808058
Cc1ccccc1C(O)Cn1cc(CN2CCCC2)nn1,,,0.2751572582613142
Cc1ccccc1C(OCC(O)CNC1CCC(=O)NC12CCC2)c1ccccc1,4.95,2.51,1.3340759787818581
Cc1ccccc1C(OCCN(C)C)c1ccccc1,,,0.3099385893116796
Cc1ccccc1C1(C(=O)N2CCCC(O)(c3c[nH]nn3)C2)CCCC1,5.21,2.59,0.9250426997543308
Cc1ccccc1C1(F)CCN(C(=O)C2CCc3[nH]nnc3C2)C1,,,0.2008168149918749
Cc1ccccc1C1CCCN1CC(=O)Nc1ccccc1C(N)=O,5.455,1.82,1.1179220506171266
Cc1ccccc1C1CCN(C(=O)NCC2CCCS(=O)(=O)C2)C1,,,0.32914206007822755
Cc1ccccc1C1CCN(c2cc(C3CC(N)C3)nc(N)n2)CC1,2.84,,
Cc1ccccc1C1CN(C(=O)C2Cc3c(O)cccc3N2)CCO1,,,0.4374809790131565
Cc1ccccc1C1CN(C(=O)c2ccc(-c3cc[nH]n3)s2)C(C)CO1,4.9,2.62,0.7876841234543049
Cc1ccccc1C1CN(C(=O)c2nn[nH]c2C2CCCN2)CCO1,,,0.2526445886198765
Cc1ccccc1C1CN(c2ccc(C=O)cn2)CCO1,3.79,,
Cc1ccccc1CC(=O)N[C@H]1c2ccccc2OC[C@H]1CO,,,0.5669117665298813
Cc1ccccc1CC(CO)CNC(CC(C)C)c1ccccn1,4.92,2.78,1.4148625410446105
Cc1ccccc1CCCn1cc(CN2CCC(O)CC2)nn1,,,0.5569344186813285
Cc1ccccc1CCN(Cc1ncc[nH]1)C(=O)c1ccc2c(c1)SCC(=O)N2,,,0.2873338768529119
Cc1ccccc1CN(Cc1cccnc1)C(=O)c1cccc2[nH]ncc12,4.87,3.69,0.8832422674158624
Cc1ccccc1CNC(=O)CN1CCN(c2ccnc3nncn23)CC1,3.03,,
Cc1ccccc1CNC(=O)Cc1noc([C@]23CC[C@H]2CNC3)n1,,,0.4491430118290293
Cc1ccccc1COc1ccccc1C(=O)Nc1cccc(-c2ccc(=O)[nH]n2)c1,,,0.6795369623637915
Cc1ccccc1Cc1cnc(NC(=O)[C@@H]2CC[C@H](C(=O)O)O2)s1,,,0.12109842943105754
Cc1ccccc1Cc1nnc(N2CCN3C(=O)NCC3C2)n1C,,,0.4028556458594485
Cc1ccccc1N1CCN(C(=O)Nc2c(C)nn(C)c2C)CC1,,,0.1952895915330898
Cc1ccccc1NC(=O)NC(C)C1(O)CN(C(=O)OC(C)(C)C)C1,4.68,4.27,1.3208621139114862
Cc1ccccc1NCCC(=O)N1CCC2(CC1)CC(O)CNC2=O,,,0.4956406285545758
Cc1ccccc1NS(=O)(=O)c1ccc(C(=O)NCC2CCC3(CCCCC3)O2)cc1,,,0.8450063399481303
Cc1ccccc1Nc1nc(CN2CCO[C@H](C)[C@H]2C(N)=O)cs1,4.65,3.17,0.6684294060663456
Cc1ccccc1Nc1nc(Cl)c(C=O)s1,4.56,,
Cc1ccccc1OCC(O)CN1CC23CCCCC2(CN(C)C3)C1,,,0.9178468452003832
Cc1ccccc1OCc1nnc(SCc2nccc(N)n2)n1-c1ccccc1,4.73,4.27,1.1737908355313678
Cc1ccccc1S(=O)(=O)N1CC(c2nc(CCN(C)C(=O)C3CCOCC3)no2)C1,5.33,1.86,
Cc1ccccc1[C@H]1C[C@H](NC(=O)C(=O)NCc2nccn2CCCc2ccccc2)C1,,,0.3752372525256601
Cc1cccn2c(=O)c(C(=O)N3Cc4ccccc4C[C@H]3C(N)=O)cnc12,,,-0.09088682266258766
Cc1cccn2c(=O)c(C=O)c(NCc3ccccc3)nc12,3.86,,
Cc1cccn2c(=O)c(C=O)c(Sc3ncccn3)nc12,3.25,,
Cc1cccn2c(=O)cc(CNC(C)c3ccc(OCc4cccnc4)cc3)nc12,,,0.5178362362732158
Cc1cccn2c(=O)cc(COC(=O)c3cc4cc(Br)ccc4[nH]3)nc12,5.16,2.21,1.0548085784251118
Cc1cccn2c(=O)cc(Cn3cc(C(O)c4ccccc4)nn3)nc12,4.74,3.1,0.7748698994455152
Cc1cccn2c(CC(=O)N3CCC(=O)N4CCCCCC43)cnc12,,,0.4444233163175857
Cc1cccn2c(NC(=O)c3ccc4c(c3)NC(=O)CCC4)c(-c3ccccc3)nc12,,,0.5440474900232402
Cc1cccn2cc(-c3ccc(NC(C)c4cnn(C)n4)cc3)nc12,4.4,4.12,0.8376122165363855
Cc1cccn2cc(-c3cccc(NC(=O)Nc4ccn(CCCC(=O)N(C)C)n4)c3)nc12,4.87,5.31,2.0907549054868078
Cc1cccn2cc(C(=O)N3CCCC(Cn4cncn4)C3)cc12,,,0.24328028604805202
Cc1cccn2cc(C(=O)Nc3c4c(nn3C)CCCC4)cc12,4.73,3.46,1.1512735647357606
Cc1cccn2cc(CC(=O)N3CCc4ccnc(O)c4C3)nc12,,,0.03261046623168165
Cc1cccn2cc(CC(=O)NC3CCCOc4cc(F)ccc43)nc12,5.45,3.77,1.3911766347731125
Cc1cccn2cc(COc3ccccc3C(=O)Nc3cccc(C(=O)NCC(N)=O)c3)nc12,,,0.6697831709437496
Cc1cccnc1C(=O)NS(=O)(=O)c1cccc(Cl)c1Br,4.51,4.31,0.8960354596853464
Cc1cccnc1C(F)(F)C(=O)N(CC1CCOC1)C1CC1,5.29,2.54,0.9408697796817658
Cc1cccnc1C(NC(=O)N1CC(=O)N(CC2CC2)C1)C(C)C,5.35,,1.1629945284363443
Cc1cccnc1C(NC(=O)c1csc2cncn12)C(C)(C)C,6.23,1.93,1.2565237294621925
Cc1cccnc1CCNC(=O)N1CCC(c2cncn2C)CC1,,,0.5122320078703706
Cc1cccnc1N(C)C(=O)c1cccnc1N1CCOCC1,,,0.39570418114421724
Cc1cccnc1N1CCN(C(=O)CN2CC(=O)NC2=O)CC1,2.76,,
Cc1cccnc1NCc1nc(C(F)(F)F)n2c1CCCC2,5.1,4.03,1.0673342961115855
Cc1cccnc1S(=O)(=O)NCC(OC1CCCC1)C(F)(F)F,5.69,1.82,1.5186856212729103
Cc1ccn(-c2ccc(C(=O)N3CCNC(=O)C3c3ccccc3F)cc2)n1,,,0.49897872364441404
Cc1ccn(-c2ccc(CNC(=O)c3c(C)ncnc3C)cn2)n1,,,-0.13538788590537074
Cc1ccn(-c2ccc(N3CCCC3c3cccnc3)nn2)n1,,,0.6956384338784454
Cc1ccn(-c2ccc(NC(=O)c3cccnc3)cc2)n1,,,0.16287138366118845
Cc1ccn(-c2cccc(C(=O)NCCc3ccc(C(=O)O)cc3)c2)n1,,,0.035761362253536495
Cc1ccn(-c2ccccc2NC(=O)N2CCN(CC(F)(F)F)CC2)n1,,,0.40006579999510633
Cc1ccn(C)c(=O)c1NC(=O)C1CN(C(=O)C2CCCCC2)C1,,,0.05560174601771835
Cc1ccn(C)c1C(=O)N1CCC(CC(=O)N2CCCC2)CC1,,,0.3401762704707308
Cc1ccn(CC(=O)Nc2nn(Cc3ccccc3F)cc2Br)c(=O)c1,,,0.5952211290508462
Cc1ccn(CCCNc2cc(C(C)C)ncn2)n1,3.16,,
Cc1ccn2c(=O)c(C(=O)N3CCN(C4CC4)c4c(C)cccc43)cnc2c1,5.54,1.83,1.2753959168138584
Cc1ccn2c(NC(=O)C(C(C)C)N3CCCC3=O)nnc2c1,,,0.2377404121411651
Cc1ccn2cc(-c3ccc(NS(=O)(=O)c4cccs4)cc3)nc2c1,,,0.6560212701732819
Cc1ccn2cc(C(=O)N3CCc4c(cnn4C)C3C(=O)N(C)C)nc2c1,,,0.1021721507288567
Cc1ccn2cnnc2c1NC(=O)C1CCOc2ccccc21,,,0.07870014177790785
Cc1ccn2ncc(C(=O)N3CCC(CS(N)(=O)=O)C3)c2c1,,,-0.1273308702905087
Cc1ccn2ncc(C(=O)N3CCCCCC3C=Cc3ccccc3)c2n1,5.69,2.79,1.48626019486241
Cc1ccn2ncc(C(=O)NC3CCCN(CC(F)(F)F)C3=O)c2n1,,,0.4752259404212491
Cc1ccn2ncc(C(=O)NC3CCCc4[nH]c(=O)ccc43)c2n1,,,0.1154165998072751
Cc1ccn2ncc(C(=O)NC3CCc4ccccc4OC3)c2n1,,,0.5177522782332669
Cc1ccn2ncc(C(=O)NCC(F)(F)c3ccc(F)cc3F)c2c1,5.43,,1.1890252517328146
Cc1ccn2ncc(C(=O)N[C@H]3C[C@H](c4ccccc4Cl)C3)c2c1,,,0.6444567532723919
Cc1ccn2ncc(C(=O)Nc3cc4n(n3)CCCC4)c2n1,,,0.15985726855448368
Cc1ccn2ncc(C(=O)Nc3ccc(OCc4cccc(C#N)c4)c(F)c3)c2n1,,,0.3982247136911188
Cc1ccn2ncc(C(=O)Nc3ccccc3-n3cccn3)c2n1,,,0.6306142530024905
Cc1ccnc(-c2cn(Cc3cccc4ccccc34)nn2)n1,5.83,3.25,1.1325037927541355
Cc1ccnc(-c2n[nH]c(C(C)NC(=O)C3CCC(F)(F)C3)n2)c1,,,0.15814497115860315
Cc1ccnc(-c2noc(C3CN4CC5CC4(CO3)C5)n2)c1,,,0.3367405659387105
Cc1ccnc(-c2noc(CC3CCN(C(=O)Cn4ccnc4C)CC3)n2)c1,,,0.7095323414729398
Cc1ccnc(-c2noc(COc3ccc(F)c(S(C)(=O)=O)c3)n2)c1,,,0.6676923336722553
Cc1ccnc(-n2nc(C)cc2NC(=O)N[C@H]2CCCO[C@@H]2c2cnn(C)c2)c1,,,0.2422154344074096
Cc1ccnc(C(=O)N2CC3CCC(NC(=O)c4cccc(-c5n[nH]c(=O)[nH]5)c4)(C3)C2)c1,,,0.1886047204344185
Cc1ccnc(C)c1NC(=O)C1CCN(C(=O)c2ccc(F)cc2F)CC1,,,-0.14214116972190174
Cc1ccnc(C)c1NC(=O)C1CCN(c2nc3ccccc3o2)CC1,,,0.0476684192674781
Cc1ccnc(C2CCN(C(=O)C(Cc3ccccc3)NC(N)=O)CC2)n1,,,0.6569947808647753
Cc1ccnc(C2CCN(C(=O)c3ccnc(-n4ccnc4)c3)CC2)n1,,,0.0689190488020699
Cc1ccnc(C2CCN(C(=O)c3cnn(CCC(F)(F)F)c3)CC2)n1,,,0.1663990829835969
Cc1ccnc(COC(=O)Cc2csc3ccc(Br)cc23)n1,4.93,,0.8634296065262579
Cc1ccnc(Cn2c(=O)c(C(F)(F)F)cn(C)c2=O)n1,,,0.3003726523246424
Cc1ccnc(N)c1,2.9,,
Cc1ccnc(N2CCN(C(=O)C3CCN(C)C(=O)C3)CC2)c1,,,0.11902949508079995
Cc1ccnc(N2CCN(C(=O)c3cc(F)ccc3-n3cccn3)CC2)c1,,,0.40052485975404295
Cc1ccnc(N2CCN(C(=O)c3oc(C(C)C)nc3C)CC2)c1,,,0.39196830671222693
Cc1ccnc(N2C[C@H]3[C@](C(F)(F)F)(CCCS3(=O)=O)C2)n1,,,0.15195360732669838
Cc1ccnc(NC(=O)C(C)c2cccc(C(=O)c3ccccc3)c2)c1,4.64,,
Cc1ccnc(NCc2ccc(N3CCOC(C)C3)nc2)c1,,,0.2117331655223384
Cc1ccnc(NS(=O)(=O)c2ccc(N)cc2)n1,,,0.21960808591617634
Cc1ccnc(OC2CCN(c3ncc(C(=O)N4CCOCC4)cc3Cl)CC2)c1,,,0.0782788695084495
Cc1ccnc2c1CCN2C(=O)Cc1csc(NC(=O)C(C)(C)C)n1,,,0.7920501671036355
Cc1ccnc2c1NC(=O)c1cccnc1N2C1CC1,,,0.2279113605620764
Cc1ccnc2ccc(-c3ccc(N4CCC(O)C4)cc3)cc12,1.74,,
Cc1ccnc2ccc(C(=O)Nc3cccc(-c4[nH]nc5c4COCC5)c3)cc12,,,0.7191042939186656
Cc1ccnc2nc(C(=O)N(Cc3ccco3)C3CCCC3)nn12,4.42,2.47,0.9066976767180183
Cc1ccncc1C(=O)NC1COCCN(C(=O)C(c2ccccc2)C2CC2)C1,,,0.304762499459739
Cc1ccncc1CC(=O)NC1CCCN(C(=O)c2cccc(O)c2)CC1,,,0.11895696806249145
Cc1ccncc1CC(=O)N[C@H]1Cc2ccccc2[C@@H]1O,,,0.0799196111487039
Cc1ccncc1CC(=O)Nc1nc(C2CC2)c(Cc2ccc(F)cc2)s1,,,0.5038091233069057
Cc1ccncc1CNc1ccc(C(=O)N2CCCCC2C)c(Cl)c1,,,0.35593977617317235
Cc1ccncc1N1CCN(C(=O)c2ccc(C(C)C)[nH]c2=O)CC1,,,-0.1777501192789643
Cc1ccncc1NC(=O)CC(C)(C)NC(=O)c1cccc2[nH]ccc12,,,0.3190368109299217
Cc1ccncc1NC(=O)Cc1ccc(S(N)(=O)=O)cc1,,,0.30703586557740653
Cc1ccnn1-c1ccc(C(=O)Nc2nc(-c3cccc(-n4cnnn4)c3)cs2)cc1,3.84,3.24,-0.0102707628333702
Cc1ccnn1CC(=O)N1CCCC(N(C)C(=O)Cc2n[nH]c3c2CCCC3)C1,,,0.23207085187989754
Cc1ccoc1C(=O)N1CCCCC1c1nc(-c2ccccc2)c[nH]1,5.53,2.04,1.1613158822427987
Cc1ccoc1C(=O)NCc1ccc(-n2ccnc2)nc1,,,-0.1219556425427054
Cc1ccoc1CN(C)C(=O)Cn1ccc2c(=O)n(C)c(=O)n(C)c21,,,0.6733690972710765
Cc1ccsc1C(=CCCN1CCC[C@@H](C(=O)O)C1)c1sccc1C,,,0.7373168583251828
Cc1ccsc1C(=O)N1C[C@@H]2CN(C(=O)C(C)c3cnn(C)c3)C[C@@H]2C1,,,0.46772580989957113
Cc1ccsc1CCNC(=O)C[C@@H]1NC(=O)c2ccccc2NC1=O,,,0.4401225371997271
Cc1ccsc1CNC(=O)N1CCC(N(C)CCCO)CC1,,,0.1421243360080905
Cc1cn(-c2c(F)cccc2F)nc1C(=O)NS(=O)(=O)c1ccc2c(c1)CCC(=O)N2,,,0.42075549637761667
Cc1cn(-c2c(F)cccc2F)nc1C(=O)N[C@H]1CC[C@@H](C(N)=O)C1,,,0.536837059106281
Cc1cn(-c2cc(NC(=O)c3ccc(C)c(Nc4nccc(-c5cccnc5)n4)c3)cc(C(F)(F)F)c2)cn1,,,0.5398000162780014
Cc1cn(-c2ccc(Cl)cc2)nc1NC(=O)NCc1ccc(CS(=O)(=O)NC(C)C)cc1,,,0.7433466252028393
Cc1cn(-c2ccc(F)cc2)nc1C(=O)N1Cc2ccccc2C[C@H]1C(N)=O,,,0.7046377703550637
Cc1cn(-c2ccc(F)cc2)nc1C(=O)Nc1ccc2[nH]nc(C(N)=O)c2c1,5.87,6.25,1.3912412754318118
Cc1cn(-c2ccccc2)nc1NC(=O)C1CC12CCOCC2,,,0.4168477244623534
Cc1cn(-c2ccccc2Cl)nc1C(=O)NCc1nccs1,4.73,3.19,1.0016070264908943
Cc1cn(-c2cccnc2)nc1NC(=O)c1cn(C2CCS(=O)(=O)C2)nc1C(C)C,,,0.0785410536748802
Cc1cn(C(C)C)nc1NC(=O)Cc1c(C)nn(CC2CC2)c1C,,,0.23613381601641925
Cc1cn(C(C)C)nc1NC(=O)Cc1cn2c(n1)CCCC2,4.49,1.88,0.7008273442787326
Cc1cn(C(C)C)nc1NC(=O)c1cccn1Cc1ccncc1,4.97,3.08,1.1166518007657702
Cc1cn(C)nc1C(=O)NS(=O)(=O)CCC1CCCCC1,,,0.30193565149884505
Cc1cn(C)nc1C(=O)Nc1cc(-c2ccco2)nn1C(C)C,,,0.7205140048824936
Cc1cn(C)nc1C(=O)Nc1ccc(-c2csc(C(F)(F)F)n2)cc1,,,0.339985752446863
Cc1cn(C)nc1CN1CCCC(N2CCNCC2=O)C1,,,0.5554217792373699
Cc1cn(C)nc1CNC(=O)c1nc(S(C)(=O)=O)n2ccccc12,,,0.21785313509089693
Cc1cn(C)nc1CS(=O)(=O)Cc1c(C)cc(C(C)(C)C)cc1C,6.27,2.3,1.4814020304608784
Cc1cn(C2CCCCC2)nc1NC(=O)NCc1ccccc1CC(F)(F)F,5.32,1.8,1.1623787042097977
Cc1cn(C2CCCCC2)nc1NC(=O)c1ccc(NC(C)C)nc1,5.09,5.25,0.8043097953374949
Cc1cn(C2CCOCC2)nc1C(=O)NCc1cccc(N2CCOCC2)n1,,,0.06042161112611975
Cc1cn(C2CCOCC2)nc1C(=O)N[C@@H]1C[C@H]1c1ccc(F)cc1,,,0.2031577276784424
Cc1cn(CC(=O)N2CCC(C(=O)O)CC2)nc1C(F)(F)F,,,0.04062790480670022
Cc1cn([C@@H]2C[C@@H](O)[C@H](CO)O2)c(=O)[nH]c1=O,,,0.32035627418158735
Cc1cn([C@H]2C=C[C@@H](CO)O2)c(=O)[nH]c1=O,1.9,1.89,-0.172723996413963
Cc1cn([C@H]2C[C@H](N=[N+]=[N-])[C@@H](CO)O2)c(=O)[nH]c1=O,,,0.05591495434759105
Cc1cn2c(CN(C)C(=O)C3CCCc4c(O)cccc43)c(C)nc2s1,,,0.2284699727854728
Cc1cn2c(n1)CCC(NCc1ccc(N(C)c3ccccc3)nc1)C2,,,0.4659127686483643
Cc1cn2c(n1)CN(C(=O)Nc1ccc(N3CCNCC3)cc1)CC2,,,-0.006528656743972849
Cc1cn2cc(C(=O)N(C)C3CCC(F)(F)CC3)ccc2n1,,,0.2513232001576714
Cc1cn2ccc(C(=O)N3C[C@H](Cc4ccccc4)[C@@H](O)C3)cc2n1,,,0.3616942140233783
Cc1cn2ccc(NC(=O)NC[C@H]3C[C@@H]3C(F)(F)F)cc2n1,,,0.48852112713674056
Cc1cn2ccnc(C(=O)NCCOc3cc(F)cc(F)c3)c2n1,,,0.4827577072509498
Cc1cn2nc(-c3cc(=O)n4cc(N5CCNC6(CC6)C5)ccc4n3)cc(C)c2n1,,,-0.08395250419426971
Cc1cn2nc(C(=O)N3CC(c4ccccc4)C4COCCC43)cc2c(=O)[nH]1,,,0.3147577651999185
Cc1cn[nH]c1,,,-0.0549471214547717
Cc1cnc(-c2cccc(NC(=O)c3cnccn3)c2)o1,,,0.16793343091483326
Cc1cnc(-c2cn(CC3COc4ccccc4O3)nn2)c(C)c1,4.98,2.53,0.6655437652335369
Cc1cnc(-c2noc(C3CC3c3ccc4c(c3)OCCO4)n2)nc1,,,0.0612974277718135
Cc1cnc(C(=O)N2CCC(c3ncc4n3CCCC4)CC2)cc1C,,,0.0589126518968544
Cc1cnc(C(=O)N2CCCC(c3nccn3C)C2)c(C)c1,,,0.9794875381395642
Cc1cnc(C(=O)N2CCCNC(=O)C2Cc2ccccc2)cc1C,,,0.5483250935120062
Cc1cnc(C(=O)N2CCNC(=O)C2c2cccs2)c(C)c1,,,0.4117274493255274
Cc1cnc(C(=O)N2C[C@@H]3CN(c4cc(C)ncn4)C[C@]3(C)C2)cn1,,,-0.08732699593668015
Cc1cnc(C(=O)NC2CCc3ccccc3-n3ccnc32)c(C)c1,5.29,,1.220187291513695
Cc1cnc(C(=O)NCCc2ccc(S(=O)(=O)NC(=O)NC3CCCCC3)cc2)cn1,,,0.5290227222203877
Cc1cnc(C(=O)N[C@H]2c3ccccc3C[C@@H]2O)cc1C,5.19,3.13,1.063813451897968
Cc1cnc(C(=O)O)c[n+]1[O-],,,-0.04003142614771525
Cc1cnc(C(C)Nc2ccc3c(c2)CCCC(=O)N3)o1,,,-0.09503510849427105
Cc1cnc(CCNC(=O)c2cccc(-n3[nH]c(=O)ccc3=O)c2)nc1,,,-0.07678680619504115
Cc1cnc(N)c(-c2ccc(OC(C)C)cc2)c1,3.85,,
Cc1cnc(N2CCCC3c4ncn(C)c4CCC32)nc1,,,0.0167448955776011
Cc1cnc(N2CCN(C(=O)c3ccc(O)cc3)CC2)nc1C,,,0.032670409460866946
Cc1cnc(N2CCN(C(=O)c3cccc4c(=O)c(C)c(-c5ccccc5)oc34)CC2)s1,,,0.4700165019671983
Cc1cnc(NC(=O)C2=C(O)c3ccccc3S(=O)(=O)N2C)s1,4.68,4.75,0.8921423020675263
Cc1cnc(NS(=O)(=O)c2cc(C(F)(F)F)nn2C)cn1,,,0.43767958669644214
Cc1cnc(Nc2ccc(OCCN3CCCC3)cc2)nc1Nc1cccc(S(=O)(=O)NC(C)(C)C)c1,,,0.7336668872541199
Cc1cnc(OC2CCN(c3nc(C)nc4[nH]ccc34)CC2)nc1,,,-0.0733655388110017
Cc1cnc(S(=O)(=O)Cc2cc(C(F)(F)F)nn2C)c(C)c1,4.84,2.13,1.1943828636420355
Cc1cnc(S(C)(=O)=O)nc1C(=O)N1CCOCC1CC(C)C,,,0.0165292997677791
Cc1cnc2c(C(=O)NC3CCc4nc(-c5ccc(F)cc5F)cn4C3)cnn2c1,,,0.6196810644877309
Cc1cnc2c(C(=O)Nc3ccc(Oc4nnn[nH]4)cc3)cnn2c1,1.64,,
Cc1cnc2c(S(=O)(=O)N[C@H]3C[C@@](C)(O)C3)cccc2c1,,,0.33522830253844643
Cc1cnc2c(c1)N(C(=O)CCc1ccc(C#N)cc1)CCN2C,,,0.5150858035614022
Cc1cnc2c(cnn2CC(=O)NC2(c3ccccc3Cl)CC2)c1,5.45,3.73,1.608263330322302
Cc1cnc2nc(C(=O)N3CCOCC3(C)C3CC3)nn2c1,,,0.3071018778013266
Cc1cncc(-c2cn(CCn3cc(C#N)cn3)nn2)c1,,,0.050389444426884505
Cc1cncc(-c2nc(CCc3ccc(OC(F)F)cc3)no2)c1,,,0.42805863199995303
Cc1cncc(C(=O)N2C3CCC2CC(CC(F)(F)F)C3)c1O,,,0.1373213452672378
Cc1cncc(C(=O)N2CCN(CCc3ccccc3)CC2)c1,,,0.2363349913964561
Cc1cncc(C(=O)Nc2ccc(N3CC(C)OC(C)C3)nc2)c1,,,0.24373008048822953
Cc1cncc(C)c1NC(=O)NCCC(=O)N1CCCCC1,,,0.0659756658464173
Cc1cncc(CC(=O)N2CC3(CC(NC(=O)[C@H]4CCCO4)c4nccn43)C2)c1,,,0.0076421037579338
Cc1cncc(CN2C(=O)NC(c3cccc(C(F)(F)F)c3)C2=O)n1,,,0.445815282102368
Cc1cncc(CN2CCC(=C3c4ccc(Cl)cc4CCc4cccnc43)CC2)c1,,,0.2397036709723162
Cc1cncc(S(=O)(=O)N2CCCC(c3c[nH]nn3)C2)c1,,,0.1303035095008807
Cc1cncc(S(=O)(=O)Nc2ncccc2OC(C)C)c1,,,0.37997286131450736
Cc1cnccc1-c1ccc(C(=O)NCC2(C#N)CCCC2)s1,,,-0.1037727095380549
Cc1cnccc1C(=O)NCC1(C)CCOC2(CCC2)C1,,,0.10135682916262145
Cc1cnccc1CCN1CCN(c2ncnc3c2cnn3C)CC1,,,-0.0150618625478467
Cc1cnccc1CNC(=O)C1CCC(NC(=O)CC2CCCC2)CC1,,,0.16383232281956614
Cc1cnccc1CNC(=O)c1ccccc1N1CCOCC1,,,0.13434038146845675
Cc1cnccc1OC1CCN(C(=O)NC2CCOC3(CCOCC3)C2)CC1,,,0.1225180314293166
Cc1cnccc1OC1CCN(C(=O)c2cnc3c(c2)nnn3C)CC1,,,0.25650133559077876
Cc1cnccc1OC1CCN(Cc2cn(-c3ccccc3)nn2)CC1,,,0.2552088194779402
Cc1cnn(-c2ccc(OCC(O)Cn3cccn3)cc2)c1,,,-0.0049733046009731025
Cc1cnn(-c2ccncc2N2C(=O)NC3(CC(c4ccccc4Cl)C3)C2=O)c1,4.78,3.18,1.5090482538725105
Cc1cnn(C)c1CC(=O)N(C)C1CCN(C(=O)C2(C(C)C)CC2)CC1,,,0.16095312662314404
Cc1cnn(C)c1NC(=O)NCC(C)(O)c1cccc(F)c1,,,0.5490477353203657
Cc1cnn(C)c1S(=O)(=O)N(C)CCNc1ccccn1,4.68,3.1,0.9124347373406794
Cc1cnn(C)c1S(=O)(=O)N1CC(c2cccc(Cl)c2)C1,4.5,3.69,0.9679830266951741
Cc1cnn(C)c1S(=O)(=O)N1CCC=C(c2cnn(C)c2)C1,,,0.36830858636407493
Cc1cnn(C)c1S(=O)(=O)NC(=O)C1CCC=CCCC1,,,0.514416220634359
Cc1cnn(C2CCCN(C(=O)CCc3c(-c4ccccc4)[nH]c4ccc(F)cc34)C2)c1,5.28,2.49,1.224145942086421
Cc1cnn(C2CCCN(C(=O)CCn3cnc4c(N)ncnc43)C2)c1,,,0.0404177394363014
Cc1cnn(C2CCN(C(=O)NCC(C)c3ccc(F)cc3)C2)c1,4.46,2.26,0.7722344305883864
Cc1cnn(C2CCN(C(=O)c3cc(-c4ccccc4)no3)C2)c1,4.65,4.29,0.809791134432987
Cc1cnn(C2CCN(C(=O)c3ccc4oc(=O)[nH]c4c3)C2)c1,,,0.3374232999468433
Cc1cnn(C2CCN(C(=O)c3sc4ncccc4c3N)C2)c1,,,0.4781321526408679
Cc1cnn(C2CCN(S(=O)(=O)c3cccc(CC#N)c3)CC2)c1,,,0.5958847745217539
Cc1cnn(CC2CN(C(=O)NC(C)c3ccc(C)c(F)c3)CCO2)c1,4.93,3.02,1.384068456983577
Cc1cnn(CCC(=O)N2CCC(C(=O)O)C3CCCC32)c1,,,0.0546763671446934
Cc1cnn(CCC(=O)N2CCCN(C(=O)c3ccc(Cl)cc3)CC2)c1,4.67,3.76,0.8490906080909773
Cc1cnn(CCC(=O)N2CCOC(c3noc(C)n3)C2)c1,,,0.0035132625977181003
Cc1cnn(CCS(=O)(=O)Cc2ccc(C)c(C#N)c2)c1,,,0.6224468344171251
Cc1cnn(Cc2cc(C(=O)Nc3cccc(-c4nnc[nH]4)c3)no2)c1,,,0.0745132689426045
Cc1cnn2c(-c3ccccc3)cc(N3CCN(c4nccn5cnnc45)C(C)C3)nc12,,,0.325185614839021
Cc1coc(C(=O)N2CC3(CCOCC3)CCC2CO)c1,,,0.1973412359231782
Cc1coc(C)c1C(=O)N1CCN(C(=O)c2cccnc2)CC1,,,0.09643999235680956
Cc1conc1C(=O)N[C@@H]1CC(Cn2ccnc2-c2ccccc2)C[C@H]1O,,,-0.021805724494940656
Cc1conc1CNc1nn2cc(C3CCCC3)nc2s1,,,0.7693329118189314
Cc1conc1CS(=O)(=O)N(C)C(c1ccccc1)C(F)(F)F,5.22,3.0,0.9514411715350959
Cc1conc1CS(=O)(=O)NC(C)c1oc2ccccc2c1C,5.61,4.08,1.7234073410664486
Cc1conc1NC(=O)CCc1c(-c2ccc(F)cc2)[nH]c2ccccc12,,,0.7196158819659071
Cc1conc1NS(=O)(=O)c1c(C)cc(C(C)(C)C)cc1C,5.81,3.7,1.8145595038467723
Cc1csc(-c2ccc(C(=O)NCC(C)c3ncc[nH]3)cc2)n1,,,0.11826735177140289
Cc1csc(-c2ccc(NC(=O)c3cc(S(C)(=O)=O)ccc3C)cc2)n1,,,0.03561881180254314
Cc1csc(-c2cccc(S(=O)(=O)N3CCCC3CO)c2)n1,5.01,3.47,1.0169837923980758
Cc1csc(=O)n1CC(=O)NC1CCN(C(=O)COc2ccccc2)CC1,,,0.03701497549871905
Cc1csc(C(=O)N2CCC3(CC2)CN(C(=O)CC2CCC2)C3)c1Cl,,,-0.099860952043088
Cc1csc(C(=O)Nc2cccnc2N2CCOCC2)c1Cl,,,0.38798561404241455
Cc1csc(C(C)(C)NC(=O)c2cc3c(C)c(C)ccc3[nH]2)n1,5.35,3.11,1.1020711466659856
Cc1csc(C(C)CNC(=O)c2ccc[nH]2)n1,3.75,,
Cc1csc(C(C)N2CCN(CC(O)c3ccc(F)cc3Cl)CC2)n1,4.57,1.83,0.7707640835745379
Cc1csc(C(O)(CC(=O)N2CCC(c3ccccc3C)CC2)C(F)(F)F)n1,4.98,1.86,1.0326808204849538
Cc1csc(C(O)(CC(=O)Nc2nncn2C)C(F)(F)F)n1,,,-0.015302860619878553
Cc1csc(C)c1S(=O)(=O)Nc1c2c(nn1C)CCCC2,,,0.3639751046169692
Cc1csc(CC(C)n2cc(-c3ccc4c(c3)CN(C3CCC(=O)NC3=O)C4=O)nn2)n1,,,-0.06695905508489966
Cc1csc(CN(C)CCCc2nccn2C)n1,3.41,,
Cc1csc(CN2CCN(S(C)(=O)=O)CC2)n1,3.2,,
Cc1csc(CNC(=O)c2cc(C(=O)OC(C)(C)C)n(-c3ccccc3)n2)n1,5.61,3.77,1.4469975900623586
Cc1csc(N(C)C(=O)CN2CCc3ccccc3C2=O)n1,,,0.6174645152628333
Cc1csc(N2CCN(C(=O)c3cc(F)ccc3F)CC2)n1,,,0.6158240606653661
Cc1csc(NC(=O)C(C)N2CCC3(CC2)C(=O)NCCCN3C)n1,4.26,,
Cc1csc2c(=O)n(CC(=O)N3c4ccccc4CCC3C)cnc12,5.33,4.34,1.425670045704996
Cc1csc2c(N3CCC(O)(C(N)=O)CC3)nc(C3CC3)nc12,,,0.22254082939090555
Cc1csc2nc(CC(=O)NC3CCCc4cnccc43)cn12,,,0.3228011933689347
Cc1csc2nc(Cc3c[nH]c4ncccc34)[nH]c(=O)c12,,,0.6432313941826429
Cc1csc2ncc(C(=O)N[C@@H]3c4ccccc4C[C@@H]3O)c(=O)n12,,,0.668356777814451
Cc1csc2ncc(C(=O)O)c(=O)n12,2.11,,
Cc1cscc1C(=O)N1CCN(C(=O)Cc2c[nH]c3ccccc23)CC1,,,0.6421450758126412
Cc1cscc1C(=O)NC1CC2(CN(C(=O)c3cc(F)c[nH]3)C2)n2ccnc21,,,0.45921280061807335
Cc1cscc1C(=O)Nc1cccc(-c2nnc(C)n2C)c1,,,0.1144889788612939
Cc1n[nH]c(-c2ccccc2)c1NC(=O)c1csc(-c2ncccn2)n1,,,0.37666491296883636
Cc1n[nH]c(C(=O)N2CC(O)(c3ccccc3F)C2)c1O,,,0.3041841475390478
Cc1n[nH]c(C(C)C)c1C(=O)NC1CCC(Cc2ccccc2)C1,4.68,2.89,0.7815476100584745
Cc1n[nH]c(C)c1C(C)C(=O)N1CCCCC1c1nnc([C@H]2CCCO2)o1,,,0.46357812972933465
Cc1n[nH]c(C)c1C(C)C(=O)N1CCN(c2ccccn2)CC1,,,0.44794206937350056
Cc1n[nH]c(C)c1C1CCCN1C(=O)CNC(=O)c1cccnc1,,,0.19779054878963315
Cc1n[nH]c(C)c1C1CCCN1C(=O)c1cccc(Oc2cnccn2)c1,,,0.42593196531444727
Cc1n[nH]c(C)c1CC(=O)N1CCC1c1cccc(F)c1,,,0.2757883813190083
Cc1n[nH]c(C)c1CC(=O)NC[C@]12CNC[C@@]1(C(F)(F)F)C2,,,0.1071510569765054
Cc1n[nH]c(C)c1CC(=O)N[C@H]1CN(CC(F)(F)F)C[C@@H]1c1ccccc1,,,0.3855060525892711
Cc1n[nH]c(C)c1CCC(=O)N1CCN(C(=O)Cc2c[nH]c3ccccc23)CC1,,,0.5364425915862903
Cc1n[nH]c(C)c1CCCN1C(=O)NC(Cc2cn(C(C)C)nn2)C1=O,,,0.12839225706262855
Cc1n[nH]c(C)c1CCNC(=O)C1(C)CCOc2ccccc21,,,0.32820980796691557
Cc1n[nH]c(C)c1CNC(=O)c1ccc(Oc2ccc(C(C)C)cc2)nc1,4.07,3.25,-0.3311793452945323
Cc1n[nH]c(C)c1S(=O)(=O)Nc1cccc(C(F)(F)F)c1,4.71,,1.7767584148159234
Cc1n[nH]c(C2CCCN(C(=O)Nc3ccc(-c4ccn[nH]4)cc3)C2)n1,3.05,,
Cc1n[nH]c(CN2Cc3cnn(-c4ccccc4)c3CC(C)(C)C2)n1,,,0.19887755130535517
Cc1n[nH]c(N2CCN(C(C)C(=O)N3CCCCC3)CC2)n1,,,0.5360663652240673
Cc1n[nH]c(NC(=O)CCc2nc3sc4c(c3c(=O)[nH]2)CCC(C)C4)c1C#N,,,0.2619194339184292
Cc1n[nH]c(NC(=O)c2ccn(-c3c(F)cccc3F)n2)c1-c1ccc2c(c1)OCCO2,4.95,5.21,1.3077585592797174
Cc1n[nH]c(SCC(=O)N(C)Cc2csc(-c3ccccc3)n2)n1,4.24,,
Cc1n[nH]c(SCC(=O)N(C)Cc2nc(-c3ccncc3)no2)n1,3.73,,
Cc1n[nH]c(SCC(=O)NC(c2ccccc2)c2nnc(N)s2)n1,2.74,,
Cc1n[nH]c2c1CC(NC(=O)c1cc3sccc3[nH]1)CC2,,,0.1812862323496535
Cc1n[nH]c2c1CC(NC(=O)c1n[nH]c3c1COc1ccccc1-3)CC2,,,0.33291621522273857
Cc1n[nH]c2c1CN(C(=O)c1ccc3c(c1)C(=O)Nc1ccccc1O3)CC2,,,0.10653566518575235
Cc1n[nH]c2cc(C(=O)N3CC(CCNC(=O)c4c[nH]nn4)C3)ccc12,,,-0.1360502812542516
Cc1n[nH]c2cc(C(=O)N3C[C@H](O)[C@@H](N(C)C(=O)[C@H]4CCN(C)C4)C3)ccc12,,,-0.15001046922185785
Cc1n[nH]c2ccc(-c3cc4n(c3)C(C3CC3)CNC4=O)cc12,1.73,3.19,-0.4236347821637323
Cc1n[nH]c2ccc(-c3ccc(N4CCC(C(N)=O)CC4)nc3)cc12,2.87,,
Cc1n[nH]c2ccc(C(=O)NCC3(Cc4ccc(F)cc4)CCCC3O)cc12,3.03,,
Cc1n[nH]c2ccc(C(=O)NCCn3c(=O)[nH]c4ccccc43)cc12,3.26,2.6,
Cc1n[nH]c2ccc(NC(=O)C(=O)NC(CN3CCCC3)c3ccccc3)cc12,,,-0.0594310062060308
Cc1n[nH]c2ncc(NC(=O)C3CCCN3C(=O)C(C)C)cc12,,,0.5953100274669029
Cc1n[nH]cc1CC(=O)NCC1CC1NC(=O)c1n[nH]c2ncccc12,,,0.0762167198038343
Cc1n[nH]nc1C(=O)N(C)C1CCCN(C(=O)c2cccc3c2CCCCC3)C1,,,0.5946667605857853
Cc1n[nH]nc1C(=O)N1CCC2(CC1)C(=O)N(C)C(=O)N2C,3.33,,
Cc1n[nH]nc1Cn1cc(C2(O)CCC(C)(C)CC2)nn1,,,0.16684387898993255
Cc1nc(-c2c(C)noc2C)sc1C(=O)Nc1cccc(-c2cn[nH]c2)c1,4.53,5.18,1.1505157445823335
Cc1nc(-c2c[nH]c(C(=O)N3CCc4[nH]nc(C)c4C3)c2)cs1,,,0.0370869319965414
Cc1nc(-c2c[nH]c(C(=O)NCc3ccc(Br)s3)c2)cs1,,,0.5407488986656132
Cc1nc(-c2c[nH]c3cc(Cl)ccc23)n(C2CCOCC2)n1,,,0.6008803908429713
Cc1nc(-c2ccc(C(C)N3CCOCC3)cc2)n(C)n1,2.56,,
Cc1nc(-c2ccc(CCNC(=O)c3cccn(C)c3=O)s2)cs1,4.87,1.89,0.9283715785759268
Cc1nc(-c2ccc(CNC(=O)CC3C(=O)N(C)C(=O)N3C)cc2)no1,3.47,,
Cc1nc(-c2ccc(CNC(=O)CN3CCN(C)C(=O)C3)cc2)no1,,,-0.013263662022282796
Cc1nc(-c2ccc(Cl)cc2)sc1C(=O)NC(CC(F)F)C(=O)O,,,-0.0291183907220795
Cc1nc(-c2ccc(F)cc2)sc1C(C)NC(=O)C1CC(F)(F)CN1,,,0.4156160530093602
Cc1nc(-c2ccc(NC(=O)N3CC(c4ccccc4)C4CCCC43)cc2)cc(=O)[nH]1,4.89,5.15,1.0394496292939595
Cc1nc(-c2ccc(NC(=O)N3CC[C@@H](F)C3)cc2)cs1,,,0.057216041347308004
Cc1nc(-c2ccc(NC(=O)NC(CO)c3cnn(C)c3)cc2)cc(=O)[nH]1,,,-0.15385335714758866
Cc1nc(-c2ccc(OCC(C)C)c(C#N)c2)sc1C(=O)O,,,0.3771242393003791
Cc1nc(-c2ccc3c(c2)CCN3C(=O)c2cccc(COc3ccccc3C(N)=O)c2)cs1,,,0.5596936939992248
Cc1nc(-c2ccc3c(c2)CCN3C(=O)c2nc(C)n(C)n2)cs1,,,0.47962957205797313
Cc1nc(-c2cccc(C(=O)Nc3ccccc3CC(=O)O)c2)cs1,,,0.5975657751474656
Cc1nc(-c2cccc(CNC(=O)C3(O)CCOCC3)c2)cs1,,,0.37808117078845704
Cc1nc(-c2cccc(CNC(=O)[C@H]3C[C@@H]3c3ccncc3)c2)n[nH]1,,,0.1634756893664624
Cc1nc(-c2cccc(NC(=O)CC(Cc3ccccc3)C(=O)O)c2)oc1C,,,0.5598658831588618
Cc1nc(-c2cccc(NC(=O)N3CCC(F)(CO)C3)c2)n[nH]1,,,0.06458767197931155
Cc1nc(-c2cccc(NC(=O)c3cccc(NC(N)=O)c3)c2)n[nH]1,,,0.0600746965286389
Cc1nc(-c2cccc(NC(=O)c3cnn(C)c3)c2)[nH]c1C,,,0.111514564069445
Cc1nc(-c2ccccc2)c(C(=O)N2C[C@@H]3C[C@H]2CN3C(=O)C2CCCC3(CCC3)O2)s1,5.43,3.02,1.1249487478880011
Cc1nc(-c2ccccc2)c(C(=O)Nc2ccc(F)c(C(N)=O)c2)s1,3.94,3.07,0.7724712336604409
Cc1nc(-c2ccccc2)ccc1C(=O)NC1CCC(C(=O)O)CC1,,,0.271860954412283
Cc1nc(-c2ccccc2NC(=O)N2CCC(CN(C)C)C2)no1,,,0.16182181434788384
Cc1nc(-c2ccccn2)nc(NCC2(C)CCOC2)c1C,,,0.3027668362972274
Cc1nc(-c2cccnc2)[nH]c(=O)c1CC(=O)N1CCCN(C)CC1,,,0.21627592995679068
Cc1nc(-c2cccnc2)[nH]c1C(=O)NCCOCC1CCOC1,,,-0.23163758263660114
Cc1nc(-c2cccnc2)cc(N2Cc3ccccc3C2)n1,,,0.36847609727408526
Cc1nc(-c2ccco2)ccc1C(=O)N1CCC(F)(F)C(CO)C1,,,0.171942888765616
Cc1nc(-c2cccs2)sc1C(=O)N1CCCC(N2CCNC2=O)C1,4.69,3.01,1.182632860185219
Cc1nc(-c2cn(CC(=O)N3c4ccccc4CC3C)nn2)cs1,,,0.7031839753219136
Cc1nc(-c2cnn(-c3ccccc3C)c2)n(C2CCOC(C)(C)C2)n1,,,0.4897256254364376
Cc1nc(-c2cnn(C)c2)oc1C(=O)N(CC1CC1)c1cccnc1,,,0.2611488058091543
Cc1nc(-c2cnn(C)c2)sc1C(=O)N1CCC(C(F)(F)F)C1,,,0.18453963235438095
Cc1nc(-c2ncccn2)sc1C(=O)N1CCCCCO1,5.0,3.11,1.0189112151182318
Cc1nc(-c2nnc[nH]2)sc1C(=O)N1CCC(C(=O)Nc2ccc3c(c2)OCO3)CC1,,,0.10939494530477771
Cc1nc(C(=O)N2CCC(Oc3ccc(Cl)cc3)CC2)c[nH]1,,,0.033435704090199955
Cc1nc(C(=O)N2CCN(C(c3ccc(F)cc3)c3ccc(F)cc3)CC2)cs1,3.61,,
Cc1nc(C(=O)N2CCN(CC(=O)Nc3ccc(F)cc3)CC2)c(C)[nH]1,,,0.17240673368980503
Cc1nc(C(=O)N2CCOCCC2C)nn1-c1ccc(F)cc1,,,0.21257897753613064
Cc1nc(C(=O)N2CCn3ncnc3C2)nc(N2CC[C@@H](N(C)C)C2)c1C,,,0.0175707506541901
Cc1nc(C(=O)N2Cc3ccccc3C[C@H]2C(N)=O)c(C)s1,,,0.4933345030999364
Cc1nc(C(=O)NC(C)C(C)(C)c2ccccc2)nn1-c1nnc(C(F)(F)F)[nH]1,5.54,2.48,1.3733736417477305
Cc1nc(C(=O)NC2CC(F)(F)C2)nn1-c1ccccc1C(C)C,5.88,2.86,1.10165612939681
Cc1nc(C(=O)NCC(=O)O)c(O)c2ccc(Oc3ccccc3)cc12,,,0.23191146512886293
Cc1nc(C(=O)NCC2(CO)COCCN2C)ccc1C#N,,,0.07324145704352306
Cc1nc(C(C)(C)NC(=O)Cc2ccc(C(=O)O)cc2)no1,,,0.1352743953467737
Cc1nc(C(C)(C)NC(=O)c2ccc(OCC(=O)O)cc2)sc1C,,,-0.033251172643932556
Cc1nc(C(C)(NC(=O)C2C(C)(C)C2(C)C)C2CC2)no1,,,0.806846012961208
Cc1nc(C(C)NC(=O)N2CCC(Nc3ccccc3)C2)no1,,,0.1419755684196691
Cc1nc(C(C)NC(=O)c2cc3cccnc3nc2C2CC2)[nH]c1C,,,0.3688491151672049
Cc1nc(C(C)NC(=O)c2cccn2C)c(C)s1,3.79,,
Cc1nc(C(F)(F)F)ccc1C(=O)N1CCCN(C(=O)C2CC2)CC1,4.02,1.87,0.677162744030819
Cc1nc(C)c(C(=O)NC(C)(c2ccc(Br)cc2)C(C)C)o1,4.82,3.07,0.7675710478953462
Cc1nc(C)c(C(=O)NCC(=O)N2CCC(Cc3ccccc3)CC2)o1,,,0.5972852897378658
Cc1nc(C)c(C(=O)NCCc2nc(-c3ccccc3)c(C)s2)s1,,,0.2386134904347977
Cc1nc(C)c(C(=O)Nc2c(C(=O)N3CCOCC3)oc3ccccc23)o1,,,0.32497156762962787
Cc1nc(C)c(CN2CCCCC2CN2CCCC2=O)[nH]1,,,0.24583161672695175
Cc1nc(C)c(CNC(=O)CC2CCOC2)s1,3.42,,
Cc1nc(C)c(CNc2nc3c(cnn3-c3ccccc3)c(=O)[nH]2)o1,,,0.23498942598112466
Cc1nc(C)c(Cl)c(O)c1Cl,,,0.0440240416930291
Cc1nc(C)c(F)c(N2CCN(c3cnn(C)c3)CC2)n1,,,0.29433314633969987
Cc1nc(C)n(CC2CCCN(C(=O)Nc3cccc(F)c3C)C2)n1,,,0.32747970619848144
Cc1nc(C)n(Cc2cn(Cc3ccc(Cl)cc3C)nn2)n1,,,0.5059916631906946
Cc1nc(C2CC2)ccc1C(=O)Nc1nnc(-c2ccccc2)s1,,,0.7730995193454019
Cc1nc(C2CC2)oc1C(=O)N(C)Cc1n[nH]c([C@H]2C[C@H](F)CN2)n1,,,-0.0144340430306053
Cc1nc(C2CC2)oc1C(=O)N[C@H]1CCC[C@H]1Oc1cn[nH]c1,,,0.2224526086817937
Cc1nc(C2CCCCN2S(=O)(=O)c2ccccc2Cn2cncn2)n[nH]1,,,0.3582801249266443
Cc1nc(C2CCCN(C(=O)C34CC5CC(C3)CC(c3ccc(C)c(C)c3)(C5)C4)C2)n[nH]1,,,0.20378710184523396
Cc1nc(C2CCCN(C(=O)c3ccc4c(c3)[nH]c(=O)n4C)C2)sc1C,,,-0.05847214914411429
Cc1nc(C2CCCN2C(=O)N[C@@H](C)c2cc(Cl)ccc2Cl)no1,4.82,4.29,0.9862286263774087
Cc1nc(C2CCCN2CC(=O)N2CCCCC2C)cs1,5.06,3.16,1.0042037116574485
Cc1nc(C2CCCO2)sc1C(=O)Nc1cccc(-c2ccn[nH]2)c1,,,0.3166712470407604
Cc1nc(C2CCCOC2)sc1C(=O)Nc1cncnc1N1CCCC1,,,0.4901841569955172
Cc1nc(C2CCN(C(=O)Nc3ccc(Br)c(C)n3)C2)n[nH]1,,,-0.1662852590493497
Cc1nc(C2CCN(C(=O)c3cc(F)c(F)cc3Br)C2)n[nH]1,,,0.3807187934829694
Cc1nc(C2CCNCC2)sc1C(=O)NCc1ccccc1CC(F)(F)F,,,0.5562492989066865
Cc1nc(C2CN(C(=O)C3(c4ccccc4F)CCCC3)CCO2)no1,4.99,2.68,0.8501246623342762
Cc1nc(C2CN(c3nc(-c4ccccc4C)ns3)C2)n[nH]1,,,0.351192235803793
Cc1nc(C2CN(c3nc4ccccc4n4cncc34)C2)n[nH]1,,,0.0867683262539851
Cc1nc(C2COCCN2C(=O)Nc2cc(C(=O)NC3CC3)ccc2C)no1,,,0.12774080334957424
Cc1nc(CC(=O)Nc2sc3c(c2C#N)CCCCCC3)c(C)s1,6.41,4.94,1.196933129914372
Cc1nc(CC(C)C)c(C(=O)NC(CO)CC2OCCO2)s1,,,0.14088137948665924
Cc1nc(CC2CCCN(C(=O)c3c(O)cccc3F)C2)no1,,,0.18483239409201807
Cc1nc(CC2CCN(C(=O)Cc3ccc(C)c(Cl)c3)CC2)no1,,,0.9100715957906892
Cc1nc(CCNC(=O)N(C)[C@@H]2CS(=O)(=O)C[C@H]2O)nc2c1CCC2,3.18,,
Cc1nc(CCNC(=O)c2ccc(F)c(O)c2F)c(C)o1,,,0.20695185946072714
Cc1nc(CN(C)S(=O)(=O)c2ccc(C(C)(C)C)cc2)no1,4.91,1.86,0.8481655866221538
Cc1nc(CN2CCC(C(=O)NCc3cccnc3)CC2)cs1,,,0.0454020483219072
Cc1nc(CN2CCC(CNC(=O)CN3C(=O)CN(C)C3=O)CC2)oc1C,,,0.1510051222114602
Cc1nc(CN2CCC(CNC(=O)c3[nH]nc4c3CCCC4)CC2)oc1C,,,0.1625339298962137
Cc1nc(CN2CCC(CNC(=O)c3c(C)oc4nc[nH]c(=O)c34)CC2)oc1C,,,0.15876371019329566
Cc1nc(CN2CCCC(N(C)C(=O)c3cccc(C)c3O)C2)no1,,,0.33638371425936736
Cc1nc(CN2CCN(C(=O)c3ccc(-n4cnnn4)cn3)CC2)n[nH]1,,,-0.0531994080898833
Cc1nc(CN2CCN(C(=O)c3cccc4ccnn34)CC2)n[nH]1,,,-0.09537300834993831
Cc1nc(CN2CCN(C(=O)c3ccco3)CC2)nc2ccccc12,,,0.4560306641549152
Cc1nc(CN2CCN(C(=O)c3csc4ccccc34)CC2)n[nH]1,,,0.1646978453733343
Cc1nc(CN2CCN(C(C(=O)O)C3CC3)CC2)oc1C,,,0.05804818075392105
Cc1nc(CN2CC[C@@H](Nc3ncccc3C#N)[C@H](O)C2)cs1,3.77,,
Cc1nc(CNC(=O)C2(c3cccc(F)c3)CCOCC2)nc2ccccc12,5.36,1.83,1.3709415270872312
Cc1nc(CNC(=O)NC2CCCCc3cc(Br)ccc32)no1,4.97,5.27,1.315734003739912
Cc1nc(CNC(=O)Nc2cccc(S(N)(=O)=O)c2)nc2c1CCCC2,4.35,,
Cc1nc(CNC(=O)c2cc[nH]c(=O)c2)oc1-c1ccc(Cl)cc1,,,0.01582860748833005
Cc1nc(COc2cccc(C(=O)NC3CCN(C(=O)C4CC4)CC3)c2)no1,,,0.11346653981856025
Cc1nc(COc2ccccc2)sc1C(=O)N1CCC(C(N)=O)CC1,,,0.5756572019573576
Cc1nc(Cc2nc(-c3ccc(N4CCCCC4)cc3)no2)c(C)s1,,,0.7639955208755072
Cc1nc(Cn2cc(C(O)Cc3ccccc3)nn2)cs1,,,0.20503682626593056
Cc1nc(F)ccc1NC(=O)NC1CCCc2sc(-c3ccc(F)cc3)nc21,5.28,5.78,1.2682707988594766
Cc1nc(N(C)C)ncc1C(=O)NCc1noc(-c2ccco2)n1,3.96,,
Cc1nc(N(C)CCN(C)C(=O)CCc2ncc[nH]2)ccc1[N+](=O)[O-],5.09,1.83,0.7967495660654107
Cc1nc(N)c2c(C)c(C(=O)Nc3nccn3C3CC3)sc2n1,,,0.23038533127102837
Cc1nc(N)ncc1C(=O)N1CCN(Cc2ccc3c(c2)OCO3)C(=O)C1,2.75,,
Cc1nc(N2CCC(C3CC3)C2c2n[nH]c(=O)n2C)cc2nncn12,,,0.29667241451698634
Cc1nc(N2CCC(O)(CN3CCCCC3)CC2)ccc1C#N,,,0.48100878255347523
Cc1nc(N2CCC(O)(c3nccn3C)CC2)c2cnn(C)c2n1,,,-0.041609671779888
Cc1nc(N2CCN(C(=O)C3CCCN3C)CC2)c2cc[nH]c2n1,,,0.1922344761854885
Cc1nc(N2CCN(C(=O)CCc3ccco3)CC2)c2cnn(C)c2n1,,,0.3575868153798325
Cc1nc(N2CCN(C(=O)Cc3cccc(O)c3)CC2)sc1C,4.7,3.15,0.8556645574055446
Cc1nc(N2CCN(C(=O)c3ccccc3CCC(=O)O)CC2)no1,,,-0.0938605409267065
Cc1nc(N2CCN(Cc3ccn(C(C)C)n3)CC2)c2cnn(C)c2n1,,,0.08875002927306075
Cc1nc(N2CCOCC2)ccc1NC(=O)c1cccc(CS(C)(=O)=O)c1,,,0.3961372734267263
Cc1nc(N2CCc3ccc(F)cc32)c2cnn(C)c2n1,3.75,3.02,1.724881771685144
Cc1nc(N2CCn3c(nnc3-c3ccccc3)C2)nc(C)c1CC(C)C,,,0.4113016234842837
Cc1nc(NC(=O)C2CN(C)CCO2)sc1Cc1ccc(F)cc1F,5.55,,1.254165806300505
Cc1nc(NC(=O)NCc2c(C3CC3)cnn2C)sc1Cc1ccc(F)cc1,,,0.36193997255571303
Cc1nc(NC(=O)[C@@H]2C[C@H](C)CC(=O)N2)n(-c2ccc(F)cc2C)n1,,,0.19011059709775815
Cc1nc(NC(C)c2cccc(N3CCOC3=O)c2)c2cn[nH]c2n1,,,0.1179718093079308
Cc1nc(NC2CC2)sc1C(=O)NCc1ccc(F)cc1,,,0.37008139200112866
Cc1nc(NCC2(C)CCCCC2O)cc(-c2ccccn2)n1,4.85,2.01,0.9616624772832232
Cc1nc(NCCn2cnccc2=O)c2c(CC(C)C)csc2n1,,,0.2863319452461931
Cc1nc(NCc2cc(F)c(Cl)cc2F)c2cnn(C)c2n1,,,0.4182591545576029
Cc1nc(NCc2ccc(N3CCOC(C)C3)nc2)c2c(C)csc2n1,2.05,3.27,
Cc1nc(NCc2cnn(C)c2)sc1Cc1c(F)cccc1F,,,0.422518863681839
Cc1nc(Nc2ncc(C(=O)Nc3c(C)cccc3Cl)s2)cc(N2CCN(CCO)CC2)n1,1.74,2.67,-0.5114068602990536
Cc1nc(O)c2c(n1)CN(c1ncnc3c1CN(C)CC3)C2,,,-0.021862859226862652
Cc1nc(O)ccc1C(=O)N1CCCc2ccccc2CC1,,,0.716561088545572
Cc1nc(O)n(C2CCN(C(=O)C(c3ccccc3)N3CCCCC3=O)CC2)n1,,,0.0016537168944173002
Cc1nc(O)n(C2CCN(C(=O)C3C4CCC3(c3ccnn3C)C4)CC2)n1,,,0.1844090638776473
Cc1nc(S(=O)(=O)NC2(c3ccc4c(c3)OCCO4)CC2)cn1C,4.2,3.51,1.5544982489787889
Cc1nc(S(=O)(=O)NCCCn2ccc(=O)[nH]c2=O)c2n1CCCC2,,,0.07741751157590811
Cc1nc(S(=O)(=O)Nc2cnn(C(C)C)c2)c(-c2ccccc2)o1,4.79,4.33,1.3686378676846638
Cc1nc(SCC(=O)N(C)Cc2ccco2)c2c(C)c(C)sc2n1,4.77,,
Cc1nc(SCC(=O)O)c2c(C)c(C)sc2n1,3.88,,
Cc1nc2c(Br)cccc2c(=O)n1C1CCC(=O)NC1=O,,,0.4026896338620758
Cc1nc2c(C(=O)N3CCS(=O)(=O)CCC3C)cccc2o1,,,0.04451269307919536
Cc1nc2c(C(=O)N3C[C@H]4COC[C@@]4(c4ccccc4)C3)ccnc2[nH]1,,,0.22626156327686245
Cc1nc2c(C(=O)NCc3ccc(Cl)c(C)c3)ccnc2[nH]1,,,-0.3106803675134149
Cc1nc2c(C)cc(C(=O)Nc3ccc(OC4CCNCC4)cc3)cn2n1,,,0.4522675329860525
Cc1nc2c(CNCc3ccc4c(c3)C(=O)NC4)cccc2o1,,,0.0231292777509423
Cc1nc2c(NC(=O)c3ccc4c(c3)C(C)CO4)cccc2c(=O)n1C1CCC(=O)NC1=O,,,0.49953728211833726
Cc1nc2c([nH]1)-c1ccccc1N(C(=O)c1ccc(NC(=O)c3ccccc3-c3ccccc3)cc1)CC2,5.69,3.09,0.9349289490311568
Cc1nc2c([nH]1)-c1ccccc1NCC2,2.96,,
Cc1nc2c([nH]1)[C@H]1CCCN(C(=O)c3sc(C4CCCNC4)nc3C)[C@H]1CC2,,,0.0931925309749838
Cc1nc2c(c(C)c1CC(=O)N1Cc3ccccc3C[C@H]1C(N)=O)c(=O)[nH]n2C,,,0.1677233377505662
Cc1nc2c(c(N3CCN4CC(F)(F)C[C@@H]4C3)n1)CCNCC2,,,0.1442644268649465
Cc1nc2c(c(NCC3(S(N)(=O)=O)CCC3)n1)CCCC2,,,0.1111331107485367
Cc1nc2c(cc1C(=O)NCC1Cc3ccccc3O1)c(C)nn2C,,,0.5022571648873639
Cc1nc2c(cc1NS(=O)(=O)c1ccns1)c(C)nn2C,,,0.2293582641425305
Cc1nc2c(o1)CCCC2Cc1nc2cn(C(F)F)nc2c(=O)[nH]1,,,0.2007912791970839
Cc1nc2c(s1)C(N(C)S(=O)(=O)c1cnc(-c3ccccc3)nc1)CCC2,,,0.5771351549270952
Cc1nc2c(s1)CC(C(=O)NCC(=O)N(C)C1CCCNC1)CC2,,,0.0741222363100817
Cc1nc2c(s1)CCCC2CNC(=O)NC1CC(NS(C)(=O)=O)C1,,,0.519371367620898
Cc1nc2c3c(ccc2[nH]1)N(C(=O)C1CCCc2sc(N)nc21)CCC3,,,0.031459226391180095
Cc1nc2c3ccccc3nc(SC(C)C(=O)N(C)C(C)C)n2n1,5.925000000000001,3.05,1.455067244496929
Cc1nc2cc(-n3cc(CN4CCOC[C@H]4C)nn3)ccc2s1,,,0.26572256938327676
Cc1nc2cc(=O)[nH]n2c(C)c1CC(=O)N1CCC(Cn2cccn2)CC1,,,0.1159237784745769
Cc1nc2cc(C(=O)N3CC(Oc4ccccc4Cl)C3)ccc2s1,3.68,,
Cc1nc2cc(C(=O)N3CCC(c4c[nH]c5ccccc45)CC3)ccc2c(=O)[nH]1,,,0.1109495119746436
Cc1nc2cc(C(=O)N3CCN(c4ccnnc4)CC3)ccc2c(=O)[nH]1,,,0.0511218424051693
Cc1nc2cc(Cl)ccc2cc1C(=O)NC(C)C(=O)N1CCS(=O)(=O)CC1,,,0.19187768819626227
Cc1nc2cc(F)c(F)cc2n1CC(=O)Nc1cccc(N2CCNC2=O)c1,,,-0.1407230250378012
Cc1nc2cc(F)ccc2cc1C(=O)Nc1ccc(CNC(N)=O)cc1,,,-0.11193454916680536
Cc1nc2cc(N(C)C(=O)c3cc(-c4ccc(Cl)cc4)nn3CC3CC3)ccc2[nH]1,5.4,2.14,1.0589413269386694
Cc1nc2cc(NC(=O)CC3(C(=O)O)CCC3)ccc2s1,,,0.1946124143859516
Cc1nc2cc(NC(=O)c3cc(N4CCOCC4)ccn3)ccc2n1C(C)CO,,,0.04091371688966795
Cc1nc2cc(NC(=O)c3cccc4ncccc34)ccc2n1C,,,0.24083337969091995
Cc1nc2cc(NC(=O)c3nccnc3N)ccc2n1C,,,0.2066608152154425
Cc1nc2cc(NS(=O)(=O)c3cnc4c(c3)c(C)nn4C)ccc2o1,,,0.5424836576624231
Cc1nc2cc(O)nn2c(C)c1CCC(=O)N[C@@H](CO)c1ccccc1,,,-0.009326722641394454
Cc1nc2ccc(-c3cccc(S(N)(=O)=O)c3)cc2cc1O,4.33,4.54,0.7200721987674945
Cc1nc2ccc(-n3cc(C4CCCNC4)nn3)cc2s1,,,0.1880033923441253
Cc1nc2ccc(C(=O)N(C)CC(=O)N3CCC(C(=O)O)CC3)cc2nc1C,,,0.05061926033371719
Cc1nc2ccc(C(=O)NC3(c4ccc(F)cc4)CCOCC3)cc2o1,,,0.0208982598942435
Cc1nc2ccc(C(=O)Nc3cn(C)nn3)cc2nc1C,,,-0.0682287085081463
Cc1nc2ccc(C(=O)Nc3nnc(-c4ccccn4)[nH]3)cc2n1C,,,-0.1972584837991467
Cc1nc2ccc(N3CCC(c4ccncn4)CC3)nn2n1,,,0.1104156172250282
Cc1nc2ccc(NC(=O)Cc3cccc4ncccc34)cc2o1,,,-0.0035388080476532
Cc1nc2ccc(NC(=O)N3CC(C(F)(F)F)OC(C)(C)C3)cn2n1,,,0.296187735561706
Cc1nc2ccc(NC(=O)N3CC4(CCCC4)c4ccccc43)cn2n1,,,0.6299322197745612
Cc1nc2ccc(NC(=O)NC3COC4(CCCC4)C3)cc2s1,,,0.46388657590111176
Cc1nc2ccc(NC(=O)c3cc(C4CC4)nn3C)cn2n1,,,0.2404710958855099
Cc1nc2ccc(NC(=O)c3ccc(C(=O)N4CCOCC4)cc3)cn2n1,,,0.1621870628244776
Cc1nc2ccc(NC(=O)c3cnn(-c4ccc(F)cc4)c3C)cn2n1,,,0.2598029276316082
Cc1nc2ccc(S(=O)(=O)N3CCCC34CCNC4)cc2s1,,,0.19140063850187186
Cc1nc2ccccc2c(=O)n1CC(=O)N1CCN(c2cccc(F)c2)CC1,,,0.25132666183911895
Cc1nc2ccccc2c(C(=O)NC2CC(C)N(C(=O)c3n[nH]c(=O)[nH]c3=O)C2)c1C,,,0.22829475151122125
Cc1nc2ccccc2c(C)c1C(=O)N1CCN(C(=O)C2CC2)C1,,,0.4099190642866181
Cc1nc2ccccc2c(C)c1CC(=O)N1CCCC(Cc2nccn2C)C1,,,0.5486176208513112
Cc1nc2ccccc2c(NC(=O)CCC2CCOCC2)c1C(C)C,,,0.17372809597823574
Cc1nc2ccccc2cc1C(=O)NCCc1cccc(C(=O)O)c1,,,0.1072786181136687
Cc1nc2ccccc2n1CCNC(=O)NC1CCOC(C(C)(C)C)C1,,,0.49345022744381806
Cc1nc2ccccc2n1Cc1ccc(Cl)cc1,,,0.460647497303399
Cc1nc2ccccn2c1CC(=O)N1CCCN(S(C)(=O)=O)CC1,3.12,,
Cc1nc2ccccn2c1CNC(=O)NCc1nnc2n1CCC2,,,0.1990704429298732
Cc1nc2ccccn2c1CNC(=O)[C@]12CNC[C@H]1COC2,,,0.17494694493572238
Cc1nc2ccccn2c1CNC(=O)c1c(-c2ccccc2Cl)noc1C,4.53,3.11,1.4702138058000036
Cc1nc2ccccn2c1CSc1nnc2n(C)c3ccccc3n12,3.52,3.23,-0.4249548190225249
Cc1nc2ccnn2cc1C(=O)Nc1cc(C(N)=O)ccc1N1CCCCC1,4.8,3.69,0.9523833408025963
Cc1nc2cnn(C)c2cc1C(=O)N1CCC(Oc2ccc(Cl)cc2)CC1,,,-0.2603906910850891
Cc1nc2n(c(=O)c1CCN1CCC(c3noc4cc(F)ccc34)CC1)CCCC2,,,0.19004496536265256
Cc1nc2n(c(=O)c1CCN1CCC(c3noc4cc(F)ccc34)CC1)CCCC2O,,,0.2418955849707502
Cc1nc2n(c(=O)c1CCN1CCc3cnc(N)nc3C1)CCCC2,,,-0.0911962584404349
Cc1nc2n(n1)CC(C(=O)N(CC(C)C)c1ccc(F)cn1)CC2,,,0.682490391876489
Cc1nc2n(n1)CC(C(=O)NCCc1cc3ccccc3[nH]1)CC2,,,-0.0378210334066324
Cc1nc2n(n1)CC(c1nc(-c3ccc4[nH]c(=O)[nH]c4c3)no1)CC2,,,0.1032391579195919
Cc1nc2n(n1)CCN(C(=O)Nc1ccc(C3CCC3)cn1)C2,,,0.0729941026862815
Cc1nc2nc(N)nn2c(C)c1CC(=O)NC1c2ccccc2CC1O,,,0.20200258060501186
Cc1nc2nc(N)nn2c(C)c1CCC(=O)N1CCc2cc(Cl)ccc21,,,0.5739072230593356
Cc1nc2nc(SCc3ccc(C(F)(F)F)nc3)nn2c(C)c1C,5.1,2.41,0.8951659560249473
Cc1nc2ncccn2c1C(=O)N1CCC(c2nccn2CC(N)=O)CC1,3.13,,
Cc1nc2ncnn2c(C)c1CCC(=O)NC1(C)CC=CCC1,,,0.07568774319221641
Cc1nc2scc(C)n2c(=O)c1S(=O)(=O)Nc1cccc(C(F)(F)F)c1,5.92,3.82,1.1462869330692012
Cc1nc2sccn2c(=O)c1CCN1CCN(C)CC1C,,,0.17759038121841536
Cc1nc2sccn2c1C(=O)N1CCOc2ccccc2C1CO,,,0.2086135345158301
Cc1nc2sccn2c1C(=O)NCc1ccc(S(N)(=O)=O)cc1,1.72,,
Cc1nc2sccn2c1C(=O)NCc1cnn(CC2CCC2)c1,,,0.1260605240974701
Cc1nc[nH]c1-c1nnc(N2CCN(c3ncccn3)CC2)n1C,,,-0.11542816813704779
Cc1ncc(-c2ccccc2)cc1NC(=O)c1nccnc1N,,,0.4853264433788744
Cc1ncc(C(=O)N(CC2CCCCC2)c2ccccn2)c(C)n1,4.97,2.17,1.4920917047928903
Cc1ncc(C(=O)N(CCC(=O)O)CC2CCCO2)c(C)n1,,,0.12920721869910914
Cc1ncc(C(=O)N2CC(c3ccc(F)cc3)C2)c(C)n1,,,0.11043694992774294
Cc1ncc(C(=O)N2CCN(C3CCOCC3)CC2)c(C(C)C)n1,,,0.1853582313716484
Cc1ncc(C(=O)NCCc2csc(-c3ccccc3)n2)c(C)n1,,,0.27514327204713096
Cc1ncc(C(=O)NCCc2nc(-c3ccccn3)cs2)c(C)n1,,,0.08385858813225311
Cc1ncc(C(=O)NCCc2nnc(-c3ccccc3)n2C)c(C)n1,,,-0.01693100543400835
Cc1ncc(C(=O)Nc2ccc(OCC(=O)O)cc2C)c(C)n1,,,0.06637754605752841
Cc1ncc(C(=O)Nc2cccc(-c3noc(C)n3)c2)c(C)n1,,,0.20622283596822094
Cc1ncc(C(F)(F)F)cc1C(=O)N=S1(=O)CCCC2(CCCN2)C1,,,0.4489432601474439
Cc1ncc(CN(C)Cc2nc3cc(C(F)(F)F)ccc3[nH]2)o1,,,0.3112502486318576
Cc1ncc(CNC(=O)C2C3CCC2(c2ccnn2C)C3)c(N)n1,,,0.42304424907082716
Cc1ncc(CO)c(C=O)c1O,,,0.09882455535141729
Cc1ncc(CO)c(CO)c1O,,,-0.004400247341016454
Cc1ncc(COP(=O)(O)O)c(C=O)c1O,,,-0.09718026536259465
Cc1ncc(C[n+]2csc(CCO)c2C)c(N)n1,,,-0.0519623501607561
Cc1ncc(Cl)cc1CC(=O)Nc1ccc2ncnn2c1,,,0.1898029656402225
Cc1ncc(NC(=O)c2cccc3c2oc(=O)n3C)cn1,,,0.40893455916214067
Cc1ncc(S(=O)(=O)NCCN2CC=C(C(C)(C)C)CC2)cc1C#N,,,0.7233032712197764
Cc1ncc([N+](=O)[O-])cc1C(=O)N1CCCC(c2ccc(F)c(F)c2)C1,,,0.7345939773510377
Cc1ncc([N+](=O)[O-])n1CC(C)O,,,0.09554281622501534
Cc1ncc([N+](=O)[O-])n1CC(O)CCl,,,-0.03959636388171175
Cc1ncc([N+](=O)[O-])n1CCO,,,0.32811316418549197
Cc1ncc2c(n1)CCC(NC(=O)N1CC3(CCCC3)c3cc4c(cc3C1C)OCCO4)C2,,,0.47200500358408914
Cc1ncc2ccc(C(=O)N3CCN(C(=O)N(C)C)CC3(C)C)cn12,,,-0.0596446370520156
Cc1ncc2ccc(C(=O)Nc3cc(F)ccc3F)cn12,,,-0.0844912242621967
Cc1ncc2ccccc2c1C(=O)Nc1nc(-c2cnn(C)c2)n[nH]1,,,0.23547581340275714
Cc1ncc2n1CC(C(=O)NCc1cnn(CCF)c1)CC2,,,0.11523317044611345
Cc1ncc2n1CCC(C(=O)Nc1cnn(C3CCCC3)c1)C2,,,0.16633821629850304
Cc1nccc(C(=O)N(c2nc3ccccc3o2)C2CC2)n1,,,0.48463886283491464
Cc1nccc(C(=O)N2CC3(CC(NC(=O)CC4C=CCC4)c4nccn43)C2)n1,,,0.0994449037059225
Cc1nccc(CNC(=O)N2CCC(c3nc4ccccc4s3)CC2)n1,,,0.00485443201350335
Cc1nccc(N(CCC2CCCC2(F)F)Cc2c(C)cnn2C)n1,2.91,2.08,
Cc1nccc(N2CCC(Oc3ccc(C(F)(F)F)cn3)CC2)n1,,,0.35294564782819304
Cc1nccc(N2CCN(C(=O)C3(C)OCCc4ccccc43)CC2)n1,,,0.6641689750290168
Cc1nccc(N2CCN(C(=O)C3=Cc4ccccc4OC3)CC2)n1,,,0.8043845913350398
Cc1nccc(N2CCN(C(=O)COc3c(C)cccc3C)CC2)n1,,,0.2650620741668122
Cc1nccc(N2CCN(C(=O)c3cc(=O)c4ccc(F)cc4o3)CC2)n1,,,0.47184697847005996
Cc1nccc(N2CCN(C(=O)c3cc4cccnc4s3)CC2)n1,4.91,5.98,0.996887053650557
Cc1nccc(N2CCN(C(=O)c3ccc(C(N)=O)s3)CC2)n1,,,0.29119765129264424
Cc1nccc(N2CCN(C(=O)c3ccc(NC4CC4)nc3)CC2)n1,4.97,5.46,1.1224364923292547
Cc1nccc(N2CCN(C(=O)c3cnn(-c4ccccc4F)c3C)CC2)n1,1.9,2.12,-0.2550781458727588
Cc1nccc(N2CCN(CC(=O)Nc3ccnn3Cc3cccs3)CC2)n1,,,0.1755847323765402
Cc1nccc(N2CCN(Cc3noc(C4CCCCC4)n3)CC2)n1,,,-0.1310944213050489
Cc1nccc(N2CCN(c3cc(N4CCCC4CO)ncn3)CC2)n1,4.72,5.4,0.8296120046162812
Cc1nccc(NC(=O)C2CCCN(S(=O)(=O)c3ccccc3)C2)n1,,,0.44621673151822694
Cc1nccc(NC(=O)N2CCCC(Cc3nnn[nH]3)C2)n1,,,-0.0007136378079322016
Cc1nccc(NC(=O)N2CCCC(c3n[nH]cc3NC(=O)C3CCCC3)C2)n1,,,0.16533485262792771
Cc1nccc(NC2CCN(c3ccc(F)c(Cl)c3)C2)n1,,,0.8132653628620224
Cc1nccc(NCc2cc3n(n2)CCN(S(C)(=O)=O)C3)n1,2.83,,
Cc1nccc(NCc2cccc(C(=O)Nc3cc(-c4cccc(F)c4F)n[nH]3)c2)n1,,,0.3818704503667617
Cc1ncccc1-n1nc(C2CCCO2)nc1-c1ccc2c(c1)C(C)(C)C(=O)N2C,,,0.1955223540928688
Cc1ncccc1CCNC(=O)c1coc2c1C(=O)NCCC2,,,0.6050458133103549
Cc1ncccc1Cc1nc(-c2ccc(NS(C)(=O)=O)cc2)no1,1.77,2.37,-0.3634017544299711
Cc1ncccc1NC(=O)[C@H](C)NC(=O)c1cc[nH]c1C,,,0.1436894807527487
Cc1ncccc1NC(=O)c1ccn(-c2cccc(Cl)c2)n1,,,0.39118208402598903
Cc1ncccc1OCc1nnnn1CC1CCOCC1,,,-0.027135571422700448
Cc1nccn1-c1cc(C(=O)N[C@@H]2CC(Cn3cccn3)C[C@H]2O)ccn1,,,0.055428447611842346
Cc1nccn1-c1ccc(CNC(=O)CN2C(=O)NC3(CCc4ccccc43)C2=O)cc1F,,,0.1629642052840474
Cc1nccn1-c1ccc(CNC(C)c2c[nH]cn2)cc1F,,,-0.028212997164049902
Cc1nccn1-c1ccc(NC(=O)c2cnc(C3CCNCC3)o2)cn1,,,0.2522958419961069
Cc1nccn1-c1cncc(N2CCC(NCCO)CC2)n1,,,-0.14700283178011628
Cc1nccn1-c1nccc(NCCN2CCCCC2)n1,,,0.0523407576585862
Cc1nccn1-c1ncccc1CNC1CCCc2ccc(F)cc21,4.69,3.9,0.8589815484191956
Cc1nccn1CC(=O)N1CC(CC2COCC(=O)N2)c2ccccc21,,,0.2645544135355114
Cc1nccn1CC(=O)NC1(c2noc(C3CC3)n2)CCCC1,,,0.09972318785482415
Cc1nccn1CC1CCCN(S(=O)(=O)N(C)C(C)C)C1,4.47,,
Cc1nccn1CC1CCc2c(c3ccccc3n2C)C1=O,,,0.0328653331923842
Cc1nccn1CCNC(=O)N1CCC(n2cc3ccccc3n2)C1,,,0.1931688588594464
Cc1nccnc1C(C)NC(=O)c1ccccc1-c1ccc(C(F)(F)F)cc1,5.22,,1.2802856476263185
Cc1nccnc1CCNc1ncnc2sc(C(F)(F)F)nc12,,,0.18392857175728441
Cc1nccnc1N1CCN(C(=O)C2CCN(C(C)C)CC2)CC1,,,0.2101828147043463
Cc1nccnc1N1CCN(C(=O)C2CCc3cccnc32)CC1,,,0.20835871724714708
Cc1ncn(-c2ccc(NC(=O)C3CC(C(C)C)=NO3)cc2)c1C,,,-0.014355315029320748
Cc1ncn(-c2ccc(NC(=O)C3Cc4ccccc4NC3=O)cc2)c1C,,,0.2233617831942792
Cc1ncn(-c2ccc(NC(=O)C3Cc4nccn4C3)cc2)c1C,,,0.012115336363065249
Cc1ncn(-c2ccc(NC(=O)CCCn3cncn3)cc2)c1C,,,0.21551379953892125
Cc1ncn(-c2ccc(NC(=O)CNC(=O)Cc3ccccc3)cc2)c1C,,,0.1648446878715421
Cc1ncn(-c2ccc(NC(=O)Cc3ncn(C)n3)cc2)c1C,,,0.0977460226098798
Cc1ncn(-c2ccc(NC(=O)c3cc(-c4ccncc4)[nH]n3)cc2)c1C,,,0.25135482019236793
Cc1ncn(-c2ccc(NC(=O)c3cccc(NC(N)=O)c3)cc2)c1C,,,-0.12963440848117164
Cc1ncn(-c2ccc(NC(=O)c3cn(CCC(C)C)nn3)cc2)c1C,,,0.1306802042979627
Cc1ncn(-c2ccc(NC(=O)c3cnc(-c4ccoc4)s3)cc2)c1C,,,0.18333816805795045
Cc1ncn(C)c1C(=O)N1CCN(CC(=O)N2CCCC2)CC1,2.22,,
Cc1ncn(CCNC(=O)c2cncc(O)c2)c1C,2.28,,
Cc1ncnc(N2CCC3(CC2)CC3c2nnc(-c3cccc(F)c3)o2)c1C#N,,,0.25776915309181914
Cc1ncnc(N2CCc3nc(C(C)C)ncc3C2)c1C,,,0.1442767543574177
Cc1ncncc1C(=O)N1CCC(N(C(=O)c2cncnc2C)C2CC2)C1,,,0.19850573309642855
Cc1ncncc1C(=O)Nc1ccc(-c2nc3ccccc3[nH]2)cc1,,,0.2703629787613587
Cc1ncoc1C(=O)NCCN(C1CCOCC1)C1CCCN(C(=O)C2CC2)C1,3.69,,
Cc1ncoc1CNC(=O)C1(C)CCc2c(C)c(O)c(C)c(C)c2O1,,,0.578027497978196
Cc1ncoc1CNC(=O)c1ccc(Cl)c(N2CCNC2=O)c1,,,0.16958215335728816
Cc1ncoc1CNS(=O)(=O)c1cccc2c1OCCO2,,,0.3574964665010459
Cc1ncsc1C(=O)NCC1CCN(CC(O)c2ccccc2)CC1,,,0.13538562124007342
Cc1ncsc1CCCl,,,0.14752786637412552
Cc1ncsc1CN(Cc1ccccc1)C(=O)NC1CCCCC1,4.66,,
Cc1nn(-c2ccc(Cl)cc2)c(C)c1CC(=O)N1CCN(c2nc[nH]n2)CC1,,,0.33554922445733737
Cc1nn(-c2ccc(Cl)cc2)c(C)c1CNCC1(CO)CC1,,,0.5872262163194397
Cc1nn(-c2ccc(Cl)cc2Cl)c(C)c1CC(=O)N1CC(CO)c2ccccc21,,,0.4961622184580219
Cc1nn(-c2ccccc2)c(C)c1CNCc1cc(C2CC2)no1,,,0.49377709389780056
Cc1nn(-c2ccccc2)c(C)c1CNc1cccc(OCC(N)=O)c1,,,0.3427148443101546
Cc1nn(-c2ccccc2)c(Oc2ccc(Br)cc2)c1C=O,4.31,,
Cc1nn(-c2ccccc2)c(Sc2ccc(Cl)cc2)c1C=O,4.98,,
Cc1nn(-c2ccccc2)cc1C(=O)N1CCC(NS(C)(=O)=O)C1,,,0.0644452707889944
Cc1nn(-c2ccccc2)cc1CNC(=O)c1cc(-c2ccncc2)nc2ccccc12,5.15,5.72,0.9212546353494209
Cc1nn(-c2ccccc2)cc1CNC(C)c1c[nH]cn1,,,-0.0012129333494683495
Cc1nn(-c2ccccc2)cc1CNc1cccc(C(=O)N2CCC(O)CC2)c1,,,0.5658605931724207
Cc1nn(-c2ccccc2)cc1NC(=O)CC(C)(O)C1CC1,,,0.2530385953371336
Cc1nn(-c2ccccc2)cc1NC(=O)c1cc2c(C(F)(F)F)cc(=O)[nH]c2o1,5.8100000000000005,6.15,1.0379310685043457
Cc1nn(-c2ccccc2)cc1NCC(=O)N1CCC2(CC1)OCCO2,,,0.3251158415836553
Cc1nn(-c2ccccn2)c(C)c1CNC[C@H]1CCCN1S(C)(=O)=O,,,0.4816924799108683
Cc1nn(-c2cnn(C)c2)nc1C(=O)N(C)C1CCN(c2ccncc2)C1,,,0.36374853555925696
Cc1nn(C(C)(C)C)c2nc(C(C)C)cc(C(=O)Nc3ccc4c(c3)NC(=O)CC4)c12,,,-0.354479777398614
Cc1nn(C(C)(C)C)cc1C(=O)NC(C)c1cccc(N2CCCC2)c1,,,0.1491197218374119
Cc1nn(C(C)(C)C)cc1C(=O)NC1CC2(CCN(C(=O)c3cc(F)c(F)c(F)c3)C2)C1,,,0.1887483527261576
Cc1nn(C(C)(C)C)cc1C(=O)NCCCc1nnc2n1CCCCC2,,,0.0511582037787996
Cc1nn(C(C)(C)C)cc1C(C)NC(=O)N1CCOc2cccc(F)c2C1,5.44,2.0,1.2401267900030795
Cc1nn(C(C)(C)C)cc1C(C)NC(=O)N1Cc2ccccc2C1,,,0.8472411479457332
Cc1nn(C(C)C)c(C)c1CN1CCC(C(O)c2nccn2C)CC1,,,0.3324708172895733
Cc1nn(C(C)C)c(C)c1CN1CCCC2(CCS(=O)(=O)C2)C1,,,0.7371984921617141
Cc1nn(C(C)C)c(C)c1CNc1ccc(C(N)=O)c(F)c1,,,0.2779450147114477
Cc1nn(C(C)C)c(C)c1S(=O)(=O)Nc1noc2c1CCCC2,4.58,2.85,0.8820641872434541
Cc1nn(C(C)C)c2[nH]c(=O)cc(C(=O)N3CCC(Oc4ccc(Cl)cc4)CC3)c12,,,0.0450634474628309
Cc1nn(C(C)C)cc1C(=O)N(CC(C)C(=O)O)C1CC1,,,-0.18594469570174915
Cc1nn(C(C)C)cc1C(=O)NC(Cc1c[nH]c2ccccc12)C(=O)O,,,-0.016173315745931602
Cc1nn(C(C)C)cc1C(=O)Nc1cccc(C(=O)N2CCCCC2C(=O)O)c1,,,0.3693665912365828
Cc1nn(C(C)C)cc1S(=O)(=O)NC1CCC2CCNC1C2,,,0.3237013475792475
Cc1nn(C(F)F)c(C)c1CC(=O)N1CCC(=O)Nc2ccccc21,,,0.7018312377948626
Cc1nn(C(F)F)c(C)c1CC(=O)N1CCc2[nH]ncc2C1,,,0.1545969221407606
Cc1nn(C(F)F)c(C)c1CC(=O)NC1(c2ccccc2)COC1,,,0.07137503252928494
Cc1nn(C)c(-n2cccn2)c1C(=O)NC1CC(=O)N(C2CC2)C1,,,0.010748696197773201
Cc1nn(C)c(-n2ccnc2C)c1C(=O)NC(CC(C)(C)C)C(F)(F)F,,,0.26434627066910943
Cc1nn(C)c(=O)c(C(=O)N2CCOC(c3ccccc3)CC2)c1C,,,0.3049043958192097
Cc1nn(C)c(=O)c(C(=O)N2CCc3c(Cl)cc(F)cc3C2)c1C,,,0.6011745482123694
Cc1nn(C)c(=O)c(C(=O)Nc2ccc(OCC(=O)O)c(Cl)c2)c1C,,,0.036428554607409805
Cc1nn(C)c(C)c1-c1cc(C(=O)N2CCc3c(F)ccc(F)c3C2)[nH]n1,,,0.49403921447571664
Cc1nn(C)c(C)c1-c1cc(C(=O)Nc2cccc(-c3nnnn3C)c2)[nH]n1,,,0.6685444490029022
Cc1nn(C)c(C)c1C(=O)N(C)Cc1cc(-c2ccccc2)[nH]n1,,,0.26605651712243594
Cc1nn(C)c(C)c1C(=O)NCc1c(C)c2ccccc2n1C,1.85,2.28,
Cc1nn(C)c(C)c1C(=O)N[C@@H](CC(=O)O)c1ccc2ccccc2c1,,,-0.07382175265365015
Cc1nn(C)c(C)c1C(=O)Nc1ccc(C(=O)N(C)C)cn1,,,0.15602679172058165
Cc1nn(C)c(C)c1C(C)C(=O)N(C)Cc1ccc(C(=O)O)cc1,,,0.1875019573755354
Cc1nn(C)c(C)c1C(C)C(=O)N1CCCC1C(C#N)c1ccccc1,,,0.806710578611236
Cc1nn(C)c(C)c1C(O)CNC(=O)N[C@H]1Cc2ccccc2[C@H]1C,,,0.19553623392069902
Cc1nn(C)c(C)c1C1CCCN1C(=O)c1ccc(Cl)cn1,,,0.3182926161054218
Cc1nn(C)c(C)c1CC(C)NC(=O)NCc1ccc(-n2ccnc2)nc1,,,-0.03540574108540695
Cc1nn(C)c(C)c1CC(C)c1nc(-c2ccc3c(c2)CCO3)no1,,,0.8033181327112373
Cc1nn(C)c(C)c1CC(C)c1nc(-c2cccs2)no1,,,0.7756453449842521
Cc1nn(C)c(C)c1CCC(=O)NC(C)c1nnc(CC(=O)O)[nH]1,2.51,,
Cc1nn(C)c(C)c1CCC(=O)Nc1ccc(Oc2nnn[nH]2)cc1,2.44,,
Cc1nn(C)c(C)c1CNC(=O)N1CCC(CCc2ccc(F)cc2F)CC1,,,0.0675730131228331
Cc1nn(C)c(C)c1CNC(=O)NC(C)c1ccc2c(c1)OCCO2,,,0.26846623614063836
Cc1nn(C)c(C)c1OCC(=O)N1CCC(c2ccc(Cl)cc2)C1,,,0.350356641414042
Cc1nn(C)c(C)c1S(=O)(=O)NC(=O)c1ccnn1C1CCCC1,,,0.21946609092269131
Cc1nn(C)c(C)c1S(=O)(=O)Nc1ccc2c(c1)NC(=O)CC2,,,0.1466587466708417
Cc1nn(C)c(C)c1[C@@H]1OCC[C@H]1NC(=O)c1c[nH]nc1C1CC1,,,0.1368638060253585
Cc1nn(C)c(Cn2cnc(C(C)(C)C)c2)c1S(N)(=O)=O,,,-0.0794495980315113
Cc1nn(C)c(N2CCN(CC(=O)N(C)Cc3ccc(F)cc3)CC2)c1C#N,,,0.4495630794458967
Cc1nn(C)c(N2CCOCC2)c1CNC1CCOC12CCCCC2,,,0.69515298408543
Cc1nn(C)c(NC(=O)CCn2cnc3c2c(=O)n(C)c(=O)n3C)c1C,,,-0.05259020569488855
Cc1nn(C)c(NS(=O)(=O)Cc2ccc(Cl)c(F)c2)c1C,,,0.400089538003101
Cc1nn(C)c(Oc2cccnc2)c1NC(=O)C1CCCn2nccc21,,,0.30536601929616514
Cc1nn(C)c(Oc2cccnc2)c1NC(=O)c1ccc(N2CCCC2)nn1,,,0.25765973765193073
Cc1nn(C)c(S(=O)(=O)Nc2cc3n(n2)CCC3)c1C(F)F,4.35,4.08,0.9383829996029848
Cc1nn(C)c(Sc2ccccc2)c1C(=O)Nc1cccc(N2C(=O)NCC2C)c1,5.85,3.22,1.0344633616215488
Cc1nn(C)c2[nH]c(=O)c(CCC(=O)NCc3ccc(CN4C(=O)NC(C)(C)C4=O)cc3)c(C)c12,,,-0.028064743424078397
Cc1nn(C)c2c(=O)n(C)c(NCCC3CCC(C)C3)nc12,,,0.7179875136326188
Cc1nn(C)c2c1N(C(=O)CCc1cncc(F)c1)CCO2,,,0.09528137965756141
Cc1nn(C)c2c1N(C(=O)c1cccc3c1CCOC3)CCO2,,,0.053028174154151
Cc1nn(C)c2cc(NCC(O)CC3(O)CCCCC3)ccc12,,,-0.031010596942299098
Cc1nn(C)c2nc(-c3ccccc3)cc(C(=O)NCc3ncnn3-c3ccccc3)c12,4.6,3.83,1.0861048938316997
Cc1nn(C)c2nc(C(=O)N[C@@H]3CC(Cn4cc(Cl)cn4)C[C@H]3O)ccc12,,,0.19209348716395
Cc1nn(C)c2nc(C3CC3)cc(C(=O)Nc3nccn(C)c3=O)c12,4.42,3.62,1.003366393253189
Cc1nn(C)c2ncc(C(=O)N3CCCC3c3cccc(F)c3)cc12,5.31,1.88,0.8225208104710451
Cc1nn(C)c2ncc(NC(=O)N3CCSC4CCC43)cc12,,,0.4743548844358983
Cc1nn(C)c2nccc(N3CCCC(CS(C)(=O)=O)C3)c12,,,-0.10099409929471935
Cc1nn(C)c2nccc(OCC(=O)NCC(=O)OC(C)(C)C)c12,,,-0.08051662642709764
Cc1nn(C)c2sc(C(=O)NCc3cccnc3-n3ccnc3)cc12,,,0.19887067603015754
Cc1nn(C)cc1C(=O)NCC1CCCN(c2ccncc2)C1,3.3,,
Cc1nn(C)cc1C(=O)Nc1ccc(Cc2ccncc2)cc1,,,-0.0162404239118642
Cc1nn(C)cc1C(C)NC(=O)NCc1ccc(-n2ccnc2)c(F)c1,,,0.11990386119439114
Cc1nn(C)cc1C1CCCN1C(=O)COc1cccc(C=O)c1,4.17,,
Cc1nn(C)cc1C1CCCN1C(=O)c1cnn(C2CCC2)c1,3.31,2.88,7.91238000337896e-05
Cc1nn(C)cc1CC(=O)NC1CC2(CCN(C)CC2)Oc2ccccc21,,,0.17161843627024845
Cc1nn(C)cc1S(=O)(=O)N1CC2(CCNCC2)[C@H]2COC[C@H]21,,,-0.03605061653127765
Cc1nn(C)cc1S(=O)(=O)NC(=O)c1ccc(-n2ccc(OCC(C)(C)C(F)(F)F)n2)nc1N1C[C@@H](C)CC1(C)C,1.98,2.23,-0.5114571336703417
Cc1nn(C2CCOCC2)c(C)c1-c1nc(C2CCN(C(=O)OC(C)(C)C)CC2)cs1,,,0.1308247189754093
Cc1nn(C2CCOCC2)c(C)c1C(=O)N1CCOCC1CC1CC1,,,0.39491478965364396
Cc1nn(C2CCOCC2)c(C)c1C(=O)N[C@H](C)c1csc2ccccc12,,,0.7418923928118462
Cc1nn(CC(=O)N2CCCC(c3ccnn3C)C2)c2ncccc12,,,0.23548644247965758
Cc1nn(CC(=O)N2CCCn3nncc3C2)c2ncccc12,,,-0.08055480701165506
Cc1nn(CC(=O)N2CCN(C(=O)c3ccc(Cl)cc3F)CC2)c(=O)n1C,,,-0.0263380560919975
Cc1nn(CC(=O)N2CCN(C)c3ncccc3C2)c2ncccc12,,,0.303395227708046
Cc1nn(CC(=O)N2C[C@H](Cc3ccccc3)[C@@H](O)C2)c(=O)n1C,,,0.14779711146756014
Cc1nn(CC(=O)N2c3ccc(Cl)cc3CC2C)c(=O)o1,,,0.646573259338862
Cc1nn(CC(=O)Nc2ccc3c(c2)OCCNC3)c(=O)n1C,,,0.4504383954619403
Cc1nn(CC(C)C)c(C)c1S(=O)(=O)N1CCC(C(=O)O)c2ccccc21,4.66,1.85,0.7573099424812784
Cc1nn(CC(F)(F)F)c(C)c1CC(=O)NC1CCCc2cnn(C(C)C)c21,,,0.2631603725716115
Cc1nn(CC(F)F)cc1-c1nc(C2CCc3ccccc32)no1,5.23,3.96,1.094839468763539
Cc1nn(CC2CC2)c(C)c1CC(=O)N[C@H]1CCC[C@H]1n1ccnc1,,,0.4679105342386419
Cc1nn(Cc2c(Cl)cccc2Cl)c(SCC(=O)O)c1C=O,4.45,,
Cc1nn(Cc2ccc(Cl)cc2)c(Cl)c1C=O,4.18,,
Cc1nn(Cc2ccc(F)cc2)c2sc(C(=O)NC3CC34CC(O)C4)cc12,4.77,3.66,0.8078590942692225
Cc1nn(Cc2cccc(Cl)c2)cc1C(=O)NCc1ccc(C(=O)NCC(N)=O)cc1,,,0.1155603613728474
Cc1nn(Cc2cccc3c2CCOC3)c(C)c1C1CCCC(=O)N1,,,0.06987844298810675
Cc1nn(Cc2ccccc2)c(N)c1C(=O)Nc1cnc2[nH]ccc2c1,,,0.0048781669146727
Cc1nn(Cc2ccccc2Cl)c(C)c1C(=O)N1CC(C)CC(C(=O)O)C1,,,0.12378934987741666
Cc1nn(Cc2ccccc2Cl)c(C)c1C(=O)Nc1cccc(-c2noc(=O)[nH]2)c1,,,0.5582220782101789
Cc1nn(Cc2nc(CC3CC3)no2)c(=O)c(C#N)c1C,,,0.3123186505254997
Cc1nn2c(C(=O)N3CCC(Oc4ccc(Cl)cc4)CC3)c(C)nc2s1,,,0.0276852780949437
Cc1nn2c(c1C(=O)NC(C)CCN1CCOC1=O)CCCC2C,,,0.10483954581960225
Cc1nn2cc(-c3cccc(-c4ncc[nH]4)c3)cnc2c1S(N)(=O)=O,,,0.0434011033521658
Cc1nn2cc[nH]c(=O)c2c1C(=O)N1CCC(C(=O)OC(C)(C)C)C1,,,0.488667945944569
Cc1nn2ccccc2c1C(=O)N1CCn2nc3c(c2C1)CCCC3,,,0.3696700361823588
Cc1nn2cccnc2c1S(=O)(=O)N(C)c1ccccc1N(C)C,,,0.6485247848164377
Cc1nn[nH]c1NC(=O)C(C)N1C(=O)C2CCCCC2C1=O,,,0.337867452708408
Cc1nnc(-c2ccc(C(=O)N3CCC(c4ccncc4)CC3)cc2)o1,,,0.5741402781128047
Cc1nnc(-c2ccc(C(=O)N3CCNC(Cc4ccc(F)cc4)C3)cc2)n1C,,,0.25541721511847815
Cc1nnc(-c2cccc(-c3noc(C4(C)CCCO4)n3)c2)[nH]1,,,0.9719476134901588
Cc1nnc(-c2cccc(-c3noc(C4CC(=O)N(c5ccc6c(c5)CCC6)C4)n3)c2)[nH]1,5.11,,0.8373369465232515
Cc1nnc(-c2cccc(NC(=O)c3ccc4[nH]c(=O)c(=O)[nH]c4c3)c2)n1C,,,-0.20956998683236044
Cc1nnc(-c2ccccc2C(=O)N(C)C2CCc3ccccc3C2)o1,4.61,4.03,1.0516024617122088
Cc1nnc(C(=O)NC(C)(C)c2nc(C(=O)NCc3ccc(F)cc3)c(O)c(=O)n2C)o1,,,0.14908291591864564
Cc1nnc(C(C)C)n1C1C[C@H]2CC[C@@H](C1)N2CC[C@H](NC(=O)C1CCC(F)(F)CC1)c1ccccc1,,,0.38867075300026727
Cc1nnc(C(C)n2cc(CNc3c(C)cccc3C)nn2)o1,,,0.48211303483666323
Cc1nnc(CCNC(=O)Nc2cc(NS(C)(=O)=O)ccc2F)s1,2.7,,
Cc1nnc(CCNC(=O)c2ccc3nccn3c2)s1,2.27,,
Cc1nnc(CN(C)C(=O)NCC2CCCCC2)o1,3.5,,
Cc1nnc(CNC(=O)C2(c3ccccc3Cl)CCC2)n1C,,,0.4751554652861335
Cc1nnc(CNC(=O)c2nnc(-c3ccccc3)o2)o1,,,-0.1786257901116554
Cc1nnc(Cn2cc(-c3ccc(C(O)C(F)(F)F)cc3)nn2)o1,,,0.29994880233462307
Cc1nnc(Cn2cc(C(C)(O)Cc3ccccc3)nn2)o1,,,0.12676844778192184
Cc1nnc(N(C)C(=O)[C@]2(c3ccccc3)C[C@@H](F)C2)s1,4.7,3.81,0.8791572680728397
Cc1nnc(N(C)C(=O)c2c(Cl)cccc2OCC2CC2)s1,4.83,3.91,1.2996855029832648
Cc1nnc(N2CCCC(c3cn(C)nn3)C2)c(C#N)c1C,,,0.207812296468441
Cc1nnc(N2CCN(C(=O)Nc3cccnc3)CC2)s1,,,-0.15375152772955802
Cc1nnc(NC(=O)C2CCCN2C(=O)Cc2ccccc2)s1,,,0.4875230871385364
Cc1nnc(NC(=O)Cc2cc(-c3ccccc3)on2)s1,,,0.3042306377876319
Cc1nnc(NC(=O)N2CCC(CCc3ccc(F)cc3F)CC2)s1,,,0.2982456698893502
Cc1nnc(NS(=O)(=O)c2ccc(N)cc2)s1,2.68,3.0,-0.20619086216679888
Cc1nnc(SCC2=C(C(=O)O)N3C(=O)[C@@H](NC(=O)Cn4cnnn4)[C@H]3SC2)s1,,,0.27891143383823097
Cc1nnc([C@]23CC[C@H]2CCN3C(=O)c2ncc(C(F)(F)F)cc2Cl)o1,,,0.7184582537682661
Cc1nnc2[nH]nc(NC(=O)C3CCCc4[nH]ncc43)c2c1C,,,0.1230297084072939
Cc1nnc2c(=O)n(CC(=O)NC3CCCC3)c3cccnc3n12,3.39,,
Cc1nnc2c(N3CCCC3c3cccnc3)nccn12,,,0.079171948660009
Cc1nnc2c(N3CCN(CC(=O)Nc4ccc(F)cc4)CC3)nccn12,,,0.0617470471954455
Cc1nnc2ccc(-c3noc(C4CC(C)(C)Oc5ccccc54)n3)cn12,4.24,6.14,1.3605398247125198
Cc1nnc2ccc(C(=O)N3CCC4(CCOC4)C3)cn12,,,0.1461246785709903
Cc1nnc2ccc(C(=O)N3[C@@H]4CC[C@H]3[C@H](C(=O)O)C4)cc2c1C,,,0.0223420619947038
Cc1nnc2ccc(N3CCCC(CN(C)S(C)(=O)=O)C3)nn12,,,0.31480391016272014
Cc1nnc2n1CC(C(=O)NCc1ccc(C(F)(F)F)cc1)C2,,,0.4150978679709302
Cc1nnc2n1CC(CNC(=O)NCC1CCC3(CCCCC3)CC1)CC2,,,0.4519247648314587
Cc1nnc2n1CCN(C(=O)NCc1ccc(NC(=O)c3cccnc3)cc1)C2,,,-0.1478944939889317
Cc1nnc2ncc(-c3ccc(OC(C)C)cc3)cn12,3.7,,
Cc1nnccc1C(=O)NC(CO)c1ccccc1C(F)(F)F,,,0.1928171710178165
Cc1nnccc1C(=O)N[C@H]1CCC[C@H]1Oc1cn[nH]c1,,,-0.0539891333515274
Cc1nnccc1C(=O)N[C@]1(c2ccccc2)C[C@H](O)C1,,,0.1807521619747977
Cc1nnccc1NC(=O)N(C)CC1(O)CCCCCC1,,,-0.14121962118673426
Cc1nnccc1NC(=O)N1CCCN(c2ccccc2)CC1,,,0.20041668545206037
Cc1nnccc1NC(=O)NCCC1OCCc2ccccc21,,,0.8825203528933315
Cc1nnccc1NC(=O)NCc1cc(C(F)(F)F)nn1C,,,-0.0621776769178674
Cc1nnccc1NC(=O)NCc1nc(C(C)(C)C)co1,4.78,1.9,0.9335862990134984
Cc1nnnn1-c1ccc(C(=O)N2CC(C)Cc3ccccc32)c(F)c1,5.02,2.01,1.0894569538389547
Cc1nnnn1-c1ccc(NS(=O)(=O)NCc2ccccc2)cc1,3.35,,
Cc1nnnn1-c1cccc(NC(=O)N2CCCC(CO)C2)c1,,,0.1414654366792304
Cc1nnnn1-c1cccc(NC(=O)c2ccc(-n3cnc4ccccc43)nc2)c1,2.89,1.8,
Cc1nnnn1-c1cccc(NC(=O)c2cccc(-n3cnnc3)c2)c1,2.55,,
Cc1nnnn1-c1cccc(NC(=O)c2ccccc2-n2ccnn2)c1,,,0.1394454551229555
Cc1nnnn1-c1cccc(NC(=O)c2ccnn2C)c1,3.34,3.01,-0.1592310944646534
Cc1nnnn1C(Cc1cccc(F)c1)C(=O)NC1COC1,,,0.07138120065704756
Cc1nnnn1C(Cc1ccccc1)C(=O)NCc1cccc(=O)[nH]1,,,0.05860871545787365
Cc1nnnn1C(Cc1ccccc1)C(=O)NOCc1cccnc1,,,0.2835155766964396
Cc1nnnn1C(Cc1ccccc1)C(=O)Nc1cccc(-c2nnnn2C)c1,,,0.38280090658849253
Cc1nnnn1CC(=O)N(Cc1ccc(F)cc1)C1CCCCC1,,,0.6297943694192563
Cc1nnnn1CCC(=O)NC1CCN(c2ccc(F)cc2)CC1,2.71,,
Cc1nnnn1CCC(=O)NCc1noc(-c2ccc3c(c2)OCO3)n1,3.67,,
Cc1nnnn1CCC(=O)Nc1ccc2[nH]c(C(C)O)nc2c1,2.53,,
Cc1nnsc1C(=O)NC1CCCC1c1ccccc1C(F)(F)F,5.39,4.53,1.0587778938117396
Cc1noc(-c2ccc(C(=O)NC(C)(CC(=O)O)C(C)C)cc2)n1,,,0.2260741597251135
Cc1noc(-c2ccc(N3CCC(C4CCCNC4)CC3)nc2)n1,,,0.3450360714546963
Cc1noc(-c2ccc(NC(=O)N3CCC(C4CCCO4)CC3)cn2)n1,,,0.4801704935772705
Cc1noc(-c2ccc(S(=O)(=O)NCCCn3ccnn3)o2)c1C,3.92,,
Cc1noc(-c2ccccc2C(=O)Nc2cccc(-c3nnc[nH]3)c2)n1,,,0.13361903768213557
Cc1noc(C(C)N2CC3CCC(C2)N3C(=O)C2CC(C)(C)C2)n1,4.96,1.83,1.3470315661176069
Cc1noc(C(F)F)c1C(=O)NC(c1ncccn1)C1CC1,,,0.5944358451657153
Cc1noc(C)c1-c1cn(C(C(=O)N(C)C)c2ccccc2)nn1,5.39,3.42,1.162284526157735
Cc1noc(C)c1C(=O)N1CCCC1C(C#N)c1ccccc1,4.58,4.92,0.7995622869300176
Cc1noc(C)c1C(=O)NC1CCN(c2ccccc2C(F)(F)F)C1,5.42,3.07,1.667868612738561
Cc1noc(C)c1C(C)C(=O)Nc1cccc(C(C)C(=O)O)c1,,,0.2197253478178133
Cc1noc(C)c1C(C)c1nc(CCCOc2cccc3ccccc23)no1,4.98,1.83,1.2609731012069962
Cc1noc(C)c1CC(=O)N(Cc1ccccc1)C1CC(C)(C)OC1(C)C,4.67,2.0,0.777525229838163
Cc1noc(C)c1CC(C)NC(=O)N1CC(=O)N(CC2CC2)C1,,,0.61145916504023
Cc1noc(C)c1CC(C)NC(=O)c1cc2c(cn1)OCCC2,,,0.6490822359694979
Cc1noc(C)c1CCNC(=O)N1CCC(CCc2ccc(F)cc2F)CC1,,,0.2681095932310299
Cc1noc(C)c1CN(C)C(=O)c1cccc2c1[nH]c(=O)n2CC(C)(C)C,,,0.5676186485469698
Cc1noc(C)c1CN1CCN(C(C(=O)O)C2CC2)CC1,,,-0.02076150480039725
Cc1noc(C)c1CNC(=O)c1cc2c(s1)CCN(C(=O)c1ccc(Cl)cc1)C2,4.53,,
Cc1noc(C)c1CO[C@@H]1COCC[C@H]1NC(=O)c1csc(N)n1,3.65,,
Cc1noc(C)c1COc1ccccc1C(=O)NCC1(C(N)=O)CCOCC1,,,0.2064974376460703
Cc1noc(C)c1S(=O)(=O)N1CCC(N(CCCN2CCCC2)C(=O)C(C)C)C1,4.41,,
Cc1noc(C)c1S(=O)(=O)NC(=O)[C@H]1C[C@H]1C(=O)N(C)C,,,-0.0080963872138617
Cc1noc(C2CC2)c1NS(=O)(=O)c1ccc2c(c1)OCCCO2,,,0.1898777426203635
Cc1noc(C2CCCN(C(=O)CNC(=O)c3cccs3)C2)n1,,,0.20138686723631719
Cc1noc(C2CCCN(C(=O)NCc3noc(C)n3)C2)n1,,,-0.05729124139840295
Cc1noc(C2CCCN(C(=O)c3cnn(CCC(F)(F)F)c3)C2)n1,,,-0.061778310179203204
Cc1noc(C2CCCN(CCc3ccc(F)c(F)c3)C2)n1,,,0.44517841406977837
Cc1noc(C2CCCN2C(=O)c2nccc3occc23)n1,,,0.9299495048987172
Cc1noc(C2CCN(C(=O)C3COc4ccccc43)CC2)n1,,,0.28867801079353944
Cc1noc(C2CCN(C(=O)CCn3[nH]c(=O)c4ccccc4c3=O)CC2)n1,,,0.09854855480173734
Cc1noc(C2CCN(C(=O)Cc3nn(C)c(=O)c4ccccc34)CC2)n1,,,0.3781601138454025
Cc1noc(C2CCN(C(=O)Cn3ccc(C(F)(F)F)n3)CC2)n1,,,0.1817977864460764
Cc1noc(C2CCN(C(=O)NCC3CCN(CC(C)C)C3)CC2)n1,,,0.031477056653437495
Cc1noc(C2CCN(C(=O)Nc3c(C)noc3C(C)C)C2)n1,,,-0.0270446331850759
Cc1noc(C2CCN(C(=O)Nc3ccc(N4CCN(C)CC4)cc3C)CC2)n1,,,-0.039521077976601
Cc1noc(C2CCN(C(=O)Nc3cnn(C(C)C)c3)C2)n1,,,-0.10201645327697151
Cc1noc(C2CCN(C(=O)c3c(C)ccn3C)CC2)n1,,,0.03054630171465685
Cc1noc(C2CCN(C(=O)c3cn(C)nc3C)CC2)n1,,,-0.0604892119391173
Cc1noc(C2CCN(C(=O)c3cncc(-c4ccccc4)c3)CC2)n1,,,0.3880543561318156
Cc1noc(C2CCN(C(=O)c3nn(CC(C)C)c(=O)c4ccccc34)C2)n1,,,0.4675648987739872
Cc1noc(C2CCN(C(C(=O)O)c3ccccc3Br)CC2)n1,,,-0.16752793065406976
Cc1noc(C2CCN(c3ncnc4c3cnn4-c3ccccc3)CC2)n1,,,0.1119533475859296
Cc1noc(C2CN(C(=O)[C@H]3CCCC[C@H]3c3ccccc3)C2)n1,,,0.4885467269302284
Cc1noc(CC(NC(=O)Cc2cccc(N3CCCC3=O)c2)c2ccccc2)n1,4.62,3.05,1.2699169887429247
Cc1noc(CCCC(=O)N2CCOCC23CCCCC3)n1,,,0.500754612165732
Cc1noc(CCNC(=O)N2CC(C)(C)[C@H]3CCC[C@H]32)n1,4.68,2.66,0.7667227168030786
Cc1noc(CCNC(=O)c2ccc(C(F)F)c(F)c2)n1,,,-0.09575118925315196
Cc1noc(CNC(=O)C2CC(=O)N(Cc3ccccc3)C2)n1,,,0.14371876729696526
Cc1noc(CNC(=O)N2CCC(c3cccc4ccccc34)CC2)n1,,,0.24490525162193494
Cc1noc(CNC(=O)c2cnn(C(C)(C)C)c2C(F)(F)F)n1,,,0.519851001370701
Cc1noc(COc2ccc(C(=O)NC3CCc4cc(C#N)ccc43)cn2)n1,,,0.5104244293588058
Cc1noc(COc2ccc(NC(=O)CCC3CCNCC3)cc2)n1,,,0.37817015182248237
Cc1noc(Cc2ccc(Nc3cc(C(C)C)nc4ncnn34)cc2)n1,,,0.010792467243190551
Cc1noc(Cl)c1CC(=O)N(C)[C@H]1CCO[C@@H]1c1cccnc1,,,0.06277714761000741
Cc1noc(Cl)c1CCC(=O)N1CCCCC1CC(C)O,4.77,1.8,0.8728765852436402
Cc1noc([C@@H]2OCC[C@@H]2NC(=O)N2CCN(c3ccccc3C)CC2)n1,,,0.49054772016226417
Cc1noc([C@H]2C[C@H](CNC(=O)c3cc(C)n(C)c3C)[C@H](O)C2)n1,,,0.2596454740678551
Cc1noc([C@]23CCC[C@H]2CN(C(=O)[C@H]2CCOC2)C3)n1,,,0.0289155138106294
Cc1noc2nc(-c3cccc(C(F)(F)F)c3)cc(C(=O)N3CCSCC(C)C3)c12,6.140000000000001,1.86,1.1098955191928424
Cc1noc2nc(-c3ccco3)cc(-c3nc(-c4cnc5cnccn45)no3)c12,,,-0.0390253606038405
Cc1noc2nc(C(C)C)cc(C(=O)N3CCOCC3(C)C3CC3)c12,5.05,3.13,1.1806688755039592
Cc1noc2nc(C3CC3)cc(-c3nc(-c4ccc5c(c4)CCO5)no3)c12,,,-0.034441066449699895
Cc1noc2nc(NCc3cc(N(C)C)ccn3)cc(C(F)(F)F)c12,,,0.36995222747525086
Cc1noc2ncc(C(=O)NC3CCC(S(C)(=O)=O)CC3)cc12,,,0.1187487631423621
Cc1noc2ncc(NC(=O)c3ccc(N(C)C)c(C=O)c3)cc12,2.26,,
Cc1noc2ncc(S(=O)(=O)NC3C4CCc5ccccc5C43)cc12,4.89,2.47,1.0679942320276858
Cc1noc2ncc(S(=O)(=O)Nc3ccc(CN4C(=O)CCCC4=O)cc3)cc12,5.45,2.81,1.2816802927899942
Cc1noc2ncnc(N3CCc4c(cnn4-c4ccccc4)C3)c12,,,0.3704716261048312
Cc1noc2ncnc(NCC3CCOc4ccccc43)c12,,,-0.0008954525888015
Cc1noc2ncnc(NCc3ccnc(N4CCCCCC4)c3)c12,,,0.0073009575460355
Cc1nocc1C(=O)N1CCC(NC(=O)c2ccc(F)cc2)CC1,,,0.2183820634772776
Cc1nocc1Cc1noc(-c2cccn(CC(C)C)c2=O)n1,5.44,2.91,0.8498014766992721
Cc1nocc1N1C(=O)C2Cc3ccccc3CN2C1=O,,,0.20959615608985316
Cc1nocc1NC(=O)C1CCCN1c1ncnc2sccc12,,,0.610129888654977
Cc1nocc1NC(=O)N1CCC(c2nc(C(C)(C)C)cs2)CC1,,,0.0291986149741748
Cc1nocc1S(=O)(=O)Nc1cccc(S(=O)(=O)N(C)c2ccccc2)c1,4.79,4.6,1.81322760876059
Cc1nonc1CNC(=O)c1cnn2cc(CCO)cnc12,2.96,,
Cc1nsc(C=O)c1C(=O)N1CCC2(CCCC2)CC1,4.3,,
Cc1nsc(N(CC[C@H]2COC(C)(C)O2)Cc2ccns2)n1,,,0.46444461598786
Cc1nsc(N2CCCN(c3ccc(C(F)(F)F)c(C#N)c3)CC2)n1,6.105,2.58,1.1229681860144693
Cc1nsc(N2CCN(C(=O)C3CCCCN3C(=O)c3ccco3)CC2)n1,,,0.03564617967924465
Cc1nsc(NC(=O)c2cc(C3CC3)nc3c2c(C)nn3C)c1C#N,5.01,2.7,0.6747212895959419
Cc1nsc2ncn(CC(=O)N3CCN(C(=O)c4cccs4)CC3)c(=O)c12,,,0.16089469345164406
Cc1nsc2ncn(Cc3nc(C4CC4)nn3C)c(=O)c12,,,0.0804955501648033
Cc1nscc1NS(=O)(=O)c1cccc2c1OC(C)(C)C2,5.27,4.04,1.629705117553904
Cc1oc(-c2ccccc2)c(C(=O)N2CCN(c3cnn(C)c3)CC2)c1C,,,0.16242013123664026
Cc1oc(-c2ccccc2)cc1C(=O)N1CCC(n2ccnn2)CC1,4.49,4.76,0.868055968310551
Cc1oc(-c2ccccc2)nc1C(=O)N1CCC(NS(C)(=O)=O)C1,,,0.47526406991312453
Cc1oc(-c2ccccc2)nc1CC(=O)N1CCNC(C)(C)C1,,,-0.059174129680842444
Cc1oc(-c2ccccc2)nc1CC(=O)NS(=O)(=O)C1CCCOC1,,,0.46278977874011196
Cc1oc(-c2ccccc2)nc1CCNC(=O)C12CCC(CO)(CC1)C2,,,0.573943025459001
Cc1oc(-c2ccccc2)nc1CN1CCCC1c1nc(N)n(C)n1,,,0.2778778438149833
Cc1oc(-c2ccccc2)nc1CN1CCN(C(=O)c2ccco2)CC1,,,0.4866662657541967
Cc1oc(-c2ccccc2)nc1Cc1nc(Cc2ccon2)no1,5.1,4.22,0.6334031679292639
Cc1oc(-c2cccs2)nc1C(=O)N[C@H]1C[C@@H]1c1cnn(C)c1,,,0.413391906844756
Cc1oc(-c2cccs2)nc1CC(=O)N(C)Cc1c(F)cccc1Cl,5.24,5.5,1.4554614661508425
Cc1oc(-c2cnn(C)c2)nc1C(=O)NC1(C)CC=CCC1,4.73,3.89,0.8911300984978593
Cc1oc(Br)cc1C(=O)N1CCN(C(=O)C2CC2)CC1(C)C,,,0.7592918853542135
Cc1oc(C#N)cc1-c1nc(C23OCCCC2C3(F)F)no1,,,0.5456861540293683
Cc1oc(C#N)cc1C(=O)N1CCN(CC(F)(F)F)CC(C)C1,5.01,1.91,1.1717068775402086
Cc1oc(C(=O)N2CCC[C@H](C(=O)O)[C@@H]2C)cc1S(=O)(=O)N(C)C,,,0.2078170863717124
Cc1oc(C(=O)NC(c2ccncc2)C2CC2)cc1S(C)(=O)=O,,,-0.1459811312687639
Cc1oc(C(C)(C)C)cc1C(=O)N1CCc2c(ncn2C)C1,4.49,2.97,1.312173409306217
Cc1oc(C)c(S(N)(=O)=O)c1C(=O)N1CCC(c2nncn2C(C)C)CC1,,,-0.0563743441750848
Cc1oc(S(=O)(=O)N(C)C)cc1C(=O)NC(CO)CN1CCCCC1,,,0.135989926938619
Cc1oc2ccccc2c1C(=O)N1CCC(Cc2nc3ccccc3[nH]2)CC1,4.57,1.85,0.8405364752722333
Cc1oc2ccccc2c1CNC(=O)C1(C2(O)CCNCC2)CCC1,,,0.2596517753411417
Cc1oc2ncn(C)c(=O)c2c1C(=O)Nc1cncnc1N1CCCC1,,,0.6433447123525753
Cc1occ(-c2ccccc2)c1C(=O)NC[C@]1(CO)COC[C@@H](C)N1C,4.62,1.81,1.0198199231024714
Cc1occ(C(F)(F)F)c1CC(=O)N1CC2CCC1CN2,,,0.0922068393318351
Cc1occc1C(=O)N1CCOC2(CCS(=O)(=NC(=O)CC(C)C)CC2)C1,,,0.40841194549712845
Cc1occc1C(=O)NC1CCN(C(=O)C2CCCN(C(=O)Cc3ccc(F)cc3)C2)CC1,,,0.1243146726217811
Cc1occc1C(=O)NC1CCN(C(=O)CCc2ccccn2)CC1,,,0.4870122660884575
Cc1ocnc1C(=O)N1CCC(c2nc(-c3ccccc3)no2)CC1,,,-0.09608239206584884
Cc1ocnc1C(=O)N1CCC2(C1)CN(C(=O)C1C3CCCC31)CCO2,,,0.24710422332863333
Cc1ocnc1C(=O)NCC1(c2cccc(F)c2F)CCCC1,,,0.7067468997950834
Cc1ocnc1CN1CCN(C(=O)Cc2cccc(O)c2)CC1,,,0.4973801510489675
Cc1ocnc1CNC(=O)NC1CCN(c2ccccc2)CC1,,,0.2298728890870434
Cc1ocnc1CS(=O)(=O)NC(=O)[C@H]1[C@H]2CCC(F)(F)[C@H]21,,,0.0947545295815889
Cc1onc(-c2c(Cl)cccc2Cl)c1C(=O)N1CCc2ccccc2C1,5.61,,
Cc1onc(-c2c(Cl)cccc2Cl)c1C(=O)N[C@@H]1C(=O)N2[C@@H]1SC(C)(C)[C@@H]2C(=O)O,,,0.22129434279592725
Cc1onc(-c2c(Cl)cccc2Cl)c1C(=O)O,4.01,,
Cc1onc(-c2c(F)cccc2Cl)c1C(=O)NC1CC(=O)N(C(C)C)C1=O,4.63,3.13,0.8931446586087101
Cc1onc(-c2ccc(Cl)cc2Cl)c1C(=O)Nc1ccc(F)c(C(N)=O)c1,5.05,1.89,0.9038075426351034
Cc1onc(-c2ccccc2)c1-c1ccc(S(N)(=O)=O)cc1,,,0.7191986458176105
Cc1onc(-c2ccccc2Cl)c1C(=O)N(C)c1ccc(Cl)cc1,5.52,,
Cc1onc(-c2ccccc2Cl)c1C(=O)NCc1cccs1,4.37,,
Cc1onc(-c2ccccc2Cl)c1C(=O)N[C@@H]1C(=O)N2[C@@H]1SC(C)(C)[C@@H]2C(=O)O,2.74,1.91,-0.24324014338654884
Cc1onc(-c2ccccc2Cl)c1C(=O)O,2.94,,
Cc1onc(-c2ccccn2)c1C(=O)NCc1nc2c([nH]1)CCCC2,,,0.5613758512052126
Cc1onc(-c2cccnc2)c1C(=O)N[C@H]1c2ccccc2C[C@H]1O,,,0.07447925168055855
Cc1onc(-c2cccs2)c1C(=O)Nc1cnn(C(C)C2CC2)c1,5.29,3.63,1.3435681390340044
Cc1onc(N)c1S(=O)(=O)N1CC(c2ccccc2)C2(CCC2)C1,5.63,,1.447604075120489
Cc1onc(N)c1S(=O)(=O)N1CCCCC1CCn1ccnn1,,,0.22336175513571876
Cc1onc(N)c1S(=O)(=O)N1CCCc2cc(C(=O)O)ccc21,,,0.1588436285465653
Cc1onc(OC(F)F)c1NC(=O)c1cc(-c2ccccc2)nc2c1c(C)nn2C,5.42,,1.702840848255632
Cc1oncc1C(=O)Nc1ccc(C(F)(F)F)cc1,1.9,,0.2207873240398156
Cc1oncc1C(=O)O,2.19,,
Cc1sc(-c2ccc3c(c2)OCO3)nc1-c1cn(CC2CCCN2)nn1,4.46,3.25,0.7310162508930492
Cc1sc(=O)n(CC(=O)N(C)CC(=O)O)c1-c1ccc(F)cc1,,,-0.10529218981345015
Cc1sc(=O)n(CC(=O)N(c2ccccn2)C2CCCC2)c1C,5.0,4.04,1.1956056464071472
Cc1sc(=O)n(CC(=O)NCCN2CC3CCC(C2)O3)c1C,,,0.1526804507805718
Cc1sc(=O)n(CC(=O)Nc2cnn(CC(=O)NC3CC3)c2)c1-c1ccc(F)cc1,,,0.5753709795544086
Cc1sc(=O)n(CCC(=O)N2CC(CO)c3ccccc32)c1C,,,0.6991282699449083
Cc1sc(C(C)NC(=O)CC2(C(=O)O)CCC2)nc1-c1ccc(Cl)cc1,4.61,3.88,1.427428630695195
Cc1sc(C(N)=O)cc1NC(=O)Cc1ccccc1OC(C)C,,,0.4266387442001103
Cc1sc(NC(=O)C(C)C(=O)O)nc1-c1ccc2c(c1)CCCO2,,,0.1339007167640628
Cc1sc(NC(=O)C(C)n2cnc3c(N)ncnc32)nc1C(C)C,,,0.12112889077856376
Cc1sc(NC(=O)CN(C(C)C)C2COC2)c(C#N)c1C,5.45,2.04,1.2156484640872385
Cc1sc(NC(=O)CN2CCC(C)(C(=O)O)C2)nc1-c1ccc(Cl)cc1,,,0.23285554484959953
Cc1sc(NC(=O)c2cc(C(N)=O)n(-c3ccccc3)n2)nc1-c1ccc2c(c1)CCC2,,,0.2818896596318584
Cc1sc(NC(=O)c2ccc(CN3CCCCC3=O)cc2)c(C(N)=O)c1C,4.1,4.98,0.718457516271689
Cc1sc2nc(-c3cccnc3)nc(N3CCC(S(N)(=O)=O)C3)c2c1C,4.11,4.89,1.0861242313854094
Cc1sc2nc(-c3cncc(Cl)c3)[nH]c(=O)c2c1-c1ccc(F)cc1,,,-0.06467438833873275
Cc1sc2nc(C(C)Nc3ccc4c(c3)NC(=O)CC4)[nH]c(=O)c2c1C,4.89,4.12,0.7981711742994635
Cc1sc2nc(CN(C)CC(O)CN3CCOCC3)[nH]c(=O)c2c1C,,,0.23370470102835011
Cc1sc2ncn(CC3(O)CCS(=O)(=O)CC3)c(=O)c2c1C,,,0.17247679063026983
Cc1sc2ncn(NC(=O)COc3ccc(C(N)=O)cc3)c(=O)c2c1-c1ccccc1,4.54,4.03,0.744654749818656
Cc1sc2ncnc(NCCc3nnc4c(=O)[nH]ccn34)c2c1C,,,-0.19989889947368822
Cc1scc(C(=O)Nc2sc3c(c2C(=O)NCC2CCCO2)CCCC3)c1C,5.44,,1.785313329098773
Clc1cc(-c2noc(COC3CCOCC3)n2)cc2c1OCCCO2,,,0.4294069661092508
Clc1cc(Cl)c2oc(N3CCC(c4nn[nH]n4)C3)nc2c1,,,0.4436267197756244
Clc1cc(N2CCN(c3ccc(Br)cn3)CC2)nc2ncccc12,,,0.7679065998752096
Clc1ccc(-n2cc(-c3ccc4cnccc4c3)nn2)cc1,,,0.2801146698539291
Clc1ccc(-n2cc(COc3ccc4c(c3)CNC4)nn2)cc1,,,0.06518206636368215
Clc1ccc(C(Cn2ccnc2)OCc2ccsc2Cl)c(Cl)c1,4.57,1.8,1.6601527154320679
Clc1ccc(C(OCCN2CCCCC2)c2ccccc2)cc1,,,0.09561553088901645
Clc1ccc(C(c2ccccc2Cl)C(Cl)Cl)cc1,4.43,2.5,1.0854423573299536
Clc1ccc(CNc2cccc(-c3nnc[nH]3)c2)c(Cl)c1,,,0.3433484534591462
Clc1ccc(NCC2CCCN(c3ncnc4nc[nH]c34)C2)cc1,,,0.1532325665511237
Clc1ccc(Nc2c3c(nc4ccccc24)CCCC3)cc1,5.08,2.05,
Clc1ccc(OCc2cn(CCC3CNCCO3)nn2)cc1,,,0.12620355121702664
Clc1ccc2c(N3CCNCC3)ccnc2c1,3.26,,
Clc1ccc2c(NCCCCN3CCOCC3)ccnc2c1,,,1.154307476429682
Clc1ccc2c(c1)C(N1CCNCC1)=Nc1ccccc1O2,,,0.36780741689762625
Clc1ccc2c(c1)CCc1cccnc1C2=C1CCNCC1,,,0.24413991656507505
Clc1ccc2nsnc2c1NC1=NCCN1,,,-0.1336243861061781
Clc1cccc(-c2nc(CN3CCC(c4ncco4)CC3)co2)c1,,,0.6970744573807662
Clc1cccc(-c2nccc(Nc3cnn(-c4ccccn4)c3)n2)c1,,,0.5399250626558495
Clc1cccc(Cl)c1NC1=NCCN1,,,-0.052984460296347846
Clc1cccc2c1cc1n2CCN(Cc2nnc(-c3ccccc3)o2)C1,,,0.3889390985926425
Clc1ccccc1CN1CCc2sccc2C1,4.28,1.83,1.2916618663511914
Clc1ccccc1N1CCC(c2nc(-c3cccc4[nH]ccc34)no2)C1,4.05,5.47,1.1990990551482106
Cn1c(-c2ccc(-c3ccncc3)cc2F)nc2ncccc21,,,0.3488061291660203
Cn1c(-c2ccc(Cl)cc2)nn(Cc2ccccn2)c1=O,,,0.30177671811786544
Cn1c(-c2ccc(NC(=O)C3CCNCC3)cc2)nc2ccccc21,,,0.09190513819642585
Cn1c(-c2ccc3ccccc3n2)nnc1N1CCOC2(CCCCCC2)C1,4.21,4.86,0.7368253302371942
Cn1c(-c2ccccc2)nnc1N1CCC(N2CCCCC2=O)CC1,,,0.0148426713173532
Cn1c(-c2ccnn2C(F)(F)F)nc2cc(S(N)(=O)=O)ccc21,,,0.12771819140080892
Cn1c(-c2cn(-c3cccc4c3CN(C3CCC(=O)NC3=O)C4=O)nn2)nc2ccccc21,,,0.5346612806667927
Cn1c(-c2cn(C3CCNCC3)nn2)nc2ccccc21,,,-0.0432918980512734
Cn1c(-c2nc(C3(c4ccc(F)cc4)CCC3)no2)cccc1=O,5.08,1.99,0.7477833524086426
Cn1c(-c2nc(COc3ccccc3)no2)cc2ccccc2c1=O,,,0.3628320292797863
Cn1c(=O)[nH]c(=O)c2[nH]c(CCC(=O)NC3c4ccccc4CC3O)nc21,,,0.0655229841787296
Cn1c(=O)[nH]c2cc(C(=O)N3CCc4cc[nH]c(=O)c4C3)ccc21,,,0.1766297236646404
Cn1c(=O)[nH]c2cc(C(=O)Nc3ccn(CC(F)(F)F)n3)ccc21,,,-0.0148800801651235
Cn1c(=O)[nH]c2ccc(C(=O)NC3CCC(c4ccc(F)cc4)C3)cc21,,,0.42823192690605716
Cn1c(=O)[nH]c2ccc(NC(=O)c3cnn(-c4ccccc4F)c3-n3cccc3)cc21,,,0.24062315975396656
Cn1c(=O)c(CNC(=O)NCCCC(=O)O)cc2ccccc21,,,0.15006009459143035
Cn1c(=O)c(CNC2(CCO)CCOC2)cc2ccccc21,,,0.36059983740206314
Cn1c(=O)c(CNc2ccc(Cl)cn2)cc2ccccc21,,,0.8056429271033997
Cn1c(=O)c2[nH]c(Br)nc2n(C)c1=O,,,-0.002720561980462749
Cn1c(=O)c2[nH]cnc2n(C)c1=O,,,-0.04335136553657486
Cn1c(=O)c2c(ncn2C)n(C)c1=O,,,-0.09522818836105901
Cn1c(=O)c2c(ncn2CC(=O)O)n(C)c1=O,,,0.2055782286708068
Cn1c(=O)c2c(ncn2CC(O)CO)n(C)c1=O,,,-0.13462015075513606
Cn1c(=O)c2c(ncn2CCN2CCc3cccc(F)c32)n(C)c1=O,,,-0.2292675468358766
Cn1c(=O)c2c(ncn2CCO)n(C)c1=O,,,-0.0375565405341834
Cn1c(=O)c2c(ncn2CCOC(=O)C(C)(C)Oc2ccc(Cl)cc2)n(C)c1=O,4.58,1.81,1.4412821199073518
Cn1c(=O)c2cc(C(=O)N3CCCC(n4ccnn4)C3)cnc2n(C)c1=O,3.58,1.89,1.0381244738190705
Cn1c(=O)c2cc(C(=O)NCCc3nc(=O)o[nH]3)n(C)c2n(C)c1=O,,,0.2950566016682311
Cn1c(=O)c2cc(C(=O)Nc3ccnn3C3CC3)sc2n(C)c1=O,,,-0.0334304535956582
Cn1c(=O)c2cc(C(=O)Nc3n[nH]c4cc(O)ccc34)n(C)c2n(C)c1=O,,,0.2124204709457984
Cn1c(=O)c2cc(NC(=O)[C@H]3C[C@@H]3c3cccc(Cl)c3)cnc2n(C)c1=O,,,0.38785265353969944
Cn1c(=O)c2ccc(C(=O)N3CCCN(C4CCCC4)CC3)nc2n(C)c1=O,,,-0.0825192616691446
Cn1c(=O)c2sccc2n2c(Cn3nnn(C4CC4)c3=O)nnc12,,,0.2220666144537071
Cn1c(=O)cc(N2CCC[C@@H](N)C2)n(Cc2ccccc2C#N)c1=O,,,0.18049983933625055
Cn1c(=O)cc(N[C@H]2C[C@H](c3cc(F)cc(F)c3)C2)[nH]c1=O,,,-0.14927170591219066
Cn1c(=O)ccn(CC(=O)N[C@H]2CCC[C@H]2n2ccnc2)c1=O,,,0.3347554883093763
Cn1c(=O)n(C)c2cc(NC(=O)CC3COCCN3)ccc21,,,0.4674255350817429
Cn1c(=O)n(C)c2cc(S(=O)(=O)NCCc3nccc(C4CC4)n3)c(Br)cc21,,,0.5264566058767007
Cn1c(=O)n(CC(=O)NC2CCN(C(=O)c3ccccc3)CC2)c2ccccc21,,,0.19376679194249055
Cn1c(=O)n(CCC(=O)NCc2ccc(C(=O)N3CCOCC3)cc2)c2ccccc21,,,0.219427088972928
Cn1c(=O)n(CCNS(C)(=O)=O)c(=O)c2ccc(C(F)(F)F)nc21,,,0.30516033496019734
Cn1c(=O)oc2c(C(=O)N[C@H]3c4ccccc4CC[C@H]3O)cccc21,4.76,2.76,0.7607708969900726
Cn1c(=O)oc2c(NCc3ncnn3CC(F)F)cccc21,,,0.1555410399261702
Cn1c(=O)oc2cc(NS(=O)(=O)c3ccc(Cl)c(F)c3)ccc21,4.2,4.33,1.0285167954834338
Cn1c(=O)oc2cc(S(=O)(=O)Nc3cnc(C(C)(C)C)nc3)ccc21,5.27,5.12,0.9816736193007144
Cn1c(=O)oc2ccc(NC(=O)C3CCCN3C(=O)Cc3ccccc3)cc21,,,-0.0015333002336048
Cn1c(C(=O)N2CCC(C(N)=O)CC2)cc2cc(Cl)ccc21,3.94,,
Cn1c(C(=O)N2CCC(c3c[nH]c4ncccc34)CC2)c2n(c1=O)CCCC2,,,-0.0285971251667853
Cn1c(C(=O)N2CCC(n3cc(-c4ccc(C#N)cc4)nn3)C2)cc2ccccc21,,,0.7969467864522524
Cn1c(C(=O)N2CCCC(S(C)(=O)=O)C2)c(Cl)c2ccccc21,4.88,5.36,0.8979921195622877
Cn1c(C(=O)N2CCCC2CCc2ccccc2)cccc1=O,,,0.3416608684993329
Cn1c(C(=O)N2CCc3c(cnn3-c3ccccc3)C2)cc2cc(C(F)(F)F)ccc21,,,0.5261520730165696
Cn1c(C(=O)NC2(c3nnc[nH]3)CCC2)cc2cc(C(F)(F)F)ccc21,3.99,3.24,0.7356797388513941
Cn1c(C(=O)NCCCc2nnc(N)s2)cc(=O)n(C)c1=O,2.34,,
Cn1c(C(=O)NS(=O)(=O)c2ccc(F)cc2F)cc2ccsc21,5.22,5.15,1.1258259602963594
Cn1c(C(=O)Nc2ccc(NC(=O)c3cccs3)cc2)cc2c1CCNC2,,,0.27303476538187493
Cn1c(C(=O)O)cc2cc(Cl)ccc21,3.77,,
Cn1c(C(F)(F)F)nc2cncc(C(=O)Nc3ccc(OCCN4CCCCC4)cc3)c21,,,0.1686627108672894
Cn1c(C(F)F)nc2cc(C(=O)N3CC[C@H](O)C3)ccc21,,,0.13014684695580014
Cn1c(C2C(C3CC3)CCN2C(=O)CCn2cccc2)n[nH]c1=O,,,0.2800009064687728
Cn1c(C2C(C3CC3)CCN2C(=O)Nc2cc3ccccc3cn2)n[nH]c1=O,,,0.8071222760105538
Cn1c(C2C(C3CC3)CCN2C(=O)c2nc(C3CC3)n3ccccc23)n[nH]c1=O,5.34,3.07,0.9282761096551275
Cn1c(C2C(C3CC3)CCN2c2nccc(C#N)c2Cl)n[nH]c1=O,4.88,2.52,1.5176015675977967
Cn1c(C2CC2)nc2c1CCN(C(=O)Nc1ccns1)C2,,,0.12571414789287266
Cn1c(C2CC2)nc2cc(NC(=O)CN3C(=O)Cc4ccccc43)ccc21,,,0.5581363917057239
Cn1c(C2CC2)nc2cc(Nc3nccn4nc(C5CCC5)cc34)ccc21,,,-0.027389052408203454
Cn1c(C2COc3ccccc3O2)nnc1N1CCOC2(CCCCCC2)C1,5.05,2.84,1.5461778441850385
Cn1c(C2Cc3ccccc3O2)nnc1N1CCCC(c2cc3ccccc3[nH]2)C1,,,0.2698334708799658
Cn1c(CCCC(=O)O)nc2cc(N(CCCl)CCCl)ccc21,1.83,1.86,-0.17300185675062296
Cn1c(CCNC(=O)C2(C)COC2)nc2cc(F)ccc21,,,0.2307556734709849
Cn1c(CN2CCC(C3CCOC3)C2)nc2cc(C(F)(F)F)ccc21,,,0.07771573974086016
Cn1c(CN2CCN(C(=O)c3ccc(Cl)cc3)CC2)nc2ccccc2c1=O,,,-0.012521604807791704
Cn1c(CNC(=O)C(Cc2ccccc2)NC(=O)c2cccnc2)cc(=O)n(C)c1=O,,,0.2234636634238053
Cn1c(CNC(=O)C2(c3ccccc3)CCCO2)nnc1C1CCC1,,,0.562015824757527
Cn1c(CNC(=O)C2CC23CCOCC3)nc2cc(Cl)ccc21,,,0.37090793338928485
Cn1c(CNC(=O)N2CCCC2CN2CCCCC2)nc2ccccc21,,,0.2358631089967979
Cn1c(CNC(=O)[C@H]2C[C@@H]2c2ccc(Cl)cc2)n[nH]c1=O,,,0.0053805298398715
Cn1c(CNc2ccc(C(=N)N)cc2)nc2cc(C(=O)N(CCC(=O)O)c3ccccn3)ccc21,2.69,2.09,-0.2471378144742629
Cn1c(Cc2ccc3ccccc3c2)nnc1N1CCN2C(=O)OCC2C1,,,0.017257436492116047
Cn1c(Cc2cccs2)nc2cc(C(=O)N3CC(Cc4ccc(F)cc4F)C3)ccc21,5.82,2.8,0.5907359249898368
Cn1c(Cc2ccsc2)nnc1N1CCCc2ccccc2CC1,5.14,4.56,1.4458963812188512
Cn1c(N2CCC(C(=O)NCc3ccc(F)cc3)CC2)nc2c(F)cccc21,,,0.3523642116668184
Cn1c(N2CCC(S(N)(=O)=O)CC2)nc2cccc(F)c21,,,0.2954597098396251
Cn1c(N2CCCC(Cn3cncn3)C2)nc2c1c(=O)[nH]c(=O)n2C,,,0.0401519189437107
Cn1c(N2CCN(CC(=O)Nc3ccccc3F)CC2)nc2ccc(F)cc21,,,0.47930177436036625
Cn1c(N2CCOC(Cc3ccccc3)C2)nc2cnccc21,,,0.44497422850076274
Cn1c(SCC(=O)NCc2cccc(C#N)c2)nnc1-c1ccccc1Cl,4.76,3.96,0.9404250960377764
Cn1c(SCCc2nnn[nH]2)nc2sc3c(c2c1=O)CCC3,,,0.2515428845257627
Cn1cc(-c2c[nH]cc2C(=O)NC2CCCOCC2)cn1,,,0.13219411936678765
Cn1cc(-c2cc(C(=O)Nc3cn(C)nc3-c3ccccn3)on2)cn1,,,0.13570889690760105
Cn1cc(-c2ccc(C(=O)N3CCCC(n4ccnn4)CC3)o2)cn1,1.78,5.75,
Cn1cc(-c2ccc(C(=O)Nc3c(-c4ccccc4)[nH][nH]c3=O)o2)cn1,,,0.39475229689025404
Cn1cc(-c2ccc(F)c(C(=O)NCC[C@H]3CCCC[C@H]3O)c2)cn1,3.95,,0.7751944224186953
Cn1cc(-c2cccc(NC(=O)NC3(C(=O)O)CCCC3)c2)nn1,,,0.1766739474236512
Cn1cc(-c2ccccc2CNC(=O)N[C@H]2c3ccccc3C[C@H]2O)cn1,4.94,3.07,0.8052494883601096
Cn1cc(-c2ccnc(NC(=O)N3CCN(CC(O)C(F)(F)F)CC3)c2)cn1,,,0.0070434490084737
Cn1cc(-c2cn(CC(O)c3ccccc3C(F)(F)F)nn2)cn1,,,0.23886126901336813
Cn1cc(-c2cn(CCC=Cc3ccccc3)nn2)c(C(=O)O)n1,,,0.2999123529022298
Cn1cc(-c2cncc(C(=O)NCc3ccccc3)c2)cn1,,,0.21578151409523014
Cn1cc(-c2cncc(C(=O)Nc3ccccc3N3CCC(O)CC3)c2)cn1,,,0.4989092782797686
Cn1cc(-c2csc(NC(=O)c3csc(C4CCNCC4)n3)n2)cn1,,,0.2224488953813772
Cn1cc(-c2n[nH]cc2C(=O)Nc2ccc3[nH]ccc3c2)cn1,,,0.0561170878731464
Cn1cc(-c2nc(C(=O)N3CCN(c4cnn(C)c4)C(=O)C3)cs2)cn1,,,0.36763143933096043
Cn1cc(-c2nc(C3COc4ccccc4O3)no2)c(-c2ccncc2)n1,,,0.7586426229733276
Cn1cc(-c2nc3cc(F)ccc3n2C)c(C2CCC2)n1,4.31,3.13,1.029090707498761
Cn1cc(-c2nc3n(c2NC(=O)Cc2ccsc2)CCCC3)cn1,,,0.03726640355062965
Cn1cc(-c2ncccc2C(=O)N2C[C@H]3CCC[C@H]3C2)cn1,,,0.9481616227211148
Cn1cc(-c2nn(C)cc2C(=O)N2CCC(C(F)F)CC2)cn1,,,0.05182942721893745
Cn1cc(-c2nn(C)cc2NC(=O)c2ccc(C(N)=O)cc2)cn1,,,0.08393003091878476
Cn1cc(-c2nn[nH]n2)cc1C(=O)N(CC1CC1)c1ccccc1,,,1.301081529305394
Cn1cc(-c2nnc(N3CCCc4ccccc4C3)n2CC2CCCO2)nn1,,,0.5732911382051376
Cn1cc(-c2noc(-c3cc(Br)cc4[nH]c(=O)[nH]c34)n2)nn1,,,0.25976032447263697
Cn1cc(-c2noc(-c3ccc(S(C)(=O)=O)cc3)n2)c(C(F)(F)F)n1,,,0.2906891676539803
Cn1cc(-c2noc(=O)[nH]2)cc1C(=O)NCCc1nc(Cc2ccccc2)no1,,,0.060640875101421396
Cn1cc(C#N)c(NC(=O)c2cc(C3CC3)n(C(C)(C)C)n2)n1,5.32,2.63,1.0605657389071372
Cn1cc(C(=O)N2CCC(C(=O)Nc3ccc4c(c3)OCO4)CC2)c(-c2coc3ccccc23)n1,4.7,5.0,1.0031216023042617
Cn1cc(C(=O)N2CCC(S(=O)(=O)N3CCCCC3)CC2)cn1,,,-0.29727712721712873
Cn1cc(C(=O)N2CCCC(c3nc(-c4ccc(F)cc4)no3)C2)c(=O)[nH]c1=O,,,0.3900885936508847
Cn1cc(C(=O)N2CCCC2C(=O)NC2CC2)c2c(c1=O)CCCC2,,,-0.0021604291079373936
Cn1cc(C(=O)N2CC[C@H](O)[C@@H]2c2ccc(Cl)cc2)nn1,,,0.1953373075547645
Cn1cc(C(=O)N2CC[C@H]3CC[C@]32c2cccnc2)n(C)c1=O,,,0.4704105087513135
Cn1cc(C(=O)N2CCc3n[nH]cc3C2)c2ccccc21,,,0.03434058256755855
Cn1cc(C(=O)N2C[C@@H]3CS(=O)(=O)C[C@@H]3C2)c2ccccc2c1=O,,,0.0796247908151065
Cn1cc(C(=O)NC(CO)c2ccccc2C(F)(F)F)n(C)c1=O,3.17,,-0.2091618035000353
Cn1cc(C(=O)NCC(C(=O)O)c2ccccc2)c(C2CCCCC2)n1,,,0.31095719154624374
Cn1cc(C(=O)NCC2CCN(C(=O)c3[nH]ncc3C(F)(F)F)CC2)cn1,,,0.15246597643220225
Cn1cc(C(=O)NCC2CCN(c3ccncc3)CC2)c2ccccc21,,,0.32007681105694463
Cn1cc(C(=O)NCCc2ccc3ccccc3n2)c(-c2cc(F)ccc2F)n1,4.86,,1.3132907666669245
Cn1cc(C(=O)NCCc2ccn(-c3ccc(F)cc3)n2)c(C(F)F)n1,,,0.5722001793472984
Cn1cc(C(=O)NCCc2nc(-c3ccc(Cl)cc3)n[nH]2)ccc1=O,,,0.41064400091124154
Cn1cc(C(=O)NC[C@H]2C[C@@H]3CN(C(=O)c4occc4-c4ccccc4)C[C@@H]32)cn1,,,0.6661881719997456
Cn1cc(C(=O)NCc2cc(C(C)(C)C)n[nH]2)c(=O)[nH]c1=O,3.29,,
Cn1cc(C(=O)NCc2cccc(C(N)=O)c2)c(C(F)F)n1,,,0.09513547909488651
Cn1cc(C(=O)NCc2cccnc2-n2ccnc2)c(-c2ccoc2)n1,,,0.3041812841863052
Cn1cc(C(=O)NCc2cn3ccsc3n2)c2ccccc21,,,0.49683187380475896
Cn1cc(C(=O)NCc2ncc(-c3ccccc3)[nH]2)c(-c2ccncc2)n1,,,-0.23088748855694613
Cn1cc(C(=O)NCc2nnc(C3CC3)n2C2CC2)c(C2CCCCC2)n1,,,0.37444337141675416
Cn1cc(C(=O)N[C@@H]2CC(Cn3cc(Cl)cn3)C[C@H]2O)nn1,,,-0.15016793034325646
Cn1cc(C(=O)N[C@H](CO)[C@H]2COC(C)(C)O2)c2ccccc2c1=O,,,0.1267615022545996
Cn1cc(C(=O)N[C@H]2c3ccccc3CC[C@H]2O)c2cc(F)ccc21,5.24,3.11,1.217163440974121
Cn1cc(C(=O)Nc2ccc(-c3nnc[nH]3)cc2)c(C2CC2)n1,,,0.26501856277939323
Cn1cc(C(=O)Nc2ccc(CCn3nnc(-c4ccccc4)n3)cc2)cn1,,,0.8086224716146002
Cn1cc(C(=O)Nc2nc(-c3cccc(C#N)c3)n[nH]2)cn1,,,0.22056819400018166
Cn1cc(C(F)(F)F)nc1C1CCCN(C(=O)c2nc3ccccn3c2F)C1,,,0.6293263776143536
Cn1cc(C(N)=O)cc1C(=O)Nc1ccc(F)c(-c2nnc3n2CCCCC3)c1,,,0.08243796387279506
Cn1cc(C(N)=O)cc1C(=O)Nc1ccc(NC(=O)N2CCCCCC2)cc1,,,-0.0821421635584208
Cn1cc(C(NC(=O)c2cccc3c2OCC3)C(C)(C)C)cn1,5.29,5.39,1.1612665409575513
Cn1cc(C2(CNC(=O)c3cc4n(n3)CCCO4)CCCO2)cn1,,,0.170638401317675
Cn1cc(C2(CNC(=O)c3cc[nH]c(=O)c3)CCCO2)cn1,,,0.0539662956051842
Cn1cc(C2CCCCN2C(=O)c2cc3ccccc3[nH]c2=O)cn1,,,0.476677091654248
Cn1cc(C2CCCN(C(=O)c3cc(-c4ccccc4)ccn3)C2)cn1,4.78,4.64,1.8298064044630595
Cn1cc(C2CCCN(C(=O)c3ccnc(-c4ccco4)c3)C2)cn1,,,0.41639581355922206
Cn1cc(C2CCCN2c2ccc(C(=O)Nc3ccccc3)nn2)cn1,,,-0.1300771716244864
Cn1cc(C2CCN(C(=O)c3[nH]c4ccccc4c3Cl)CC2)cn1,,,0.20749762612481631
Cn1cc(C2CCN(C(=O)c3cn[nH]c3Cc3ccccc3)CC2)cn1,,,0.0393200359273422
Cn1cc(C2CN(C(=O)C3CCCN3C3CC3)CCO2)cn1,,,-0.09497176926463224
Cn1cc(C2CN(C(=O)CCC(=O)N3CCc4sccc4C3)C2)cn1,,,0.15834760972223844
Cn1cc(C2CN(C(=O)NCCc3ccc(C4CCCCC4)cc3)CCO2)cn1,,,0.7283969021892237
Cn1cc(C2CN(C(=O)c3ccc4c(c3)ncn4C)CCO2)cn1,,,0.0608759203463447
Cn1cc(C2NC(N)=Nc3nc4cc5c(cc4n32)OCCCO5)c(-c2cc3ccccc3o2)n1,,,0.21934699684803854
Cn1cc(C=O)cc1C(=O)NC(Cn1ccnc1)c1ccccc1,3.1,,
Cn1cc(CC(=O)Nc2ncnc3scc(-c4ccccc4)c23)cn1,,,-0.2344899910724592
Cn1cc(CC(CO)NC(=O)c2sccc2S(=O)(=O)N2CCC(CO)CC2)cn1,,,-0.1482090153215258
Cn1cc(CC2CCN(C(=O)CNC(=O)c3ccc(C(C)(C)C)cc3)C2)cn1,,,0.5479373340889138
Cn1cc(CC2CCN(C(=O)NC3CCCOc4c(F)cccc43)C2)cn1,,,0.6907135103775373
Cn1cc(CC2CCN(C(=O)NCCc3ccn(-c4ccc(F)cc4)n3)C2)cn1,,,0.1300440731041584
Cn1cc(CC2CCN(CC(=O)Nc3cccc(C(=O)NC4CC4)c3)C2)cn1,,,0.15612293465872557
Cn1cc(CC2CCN(c3ncnc4[nH]ccc34)C2)cn1,,,0.2270099433496879
Cn1cc(CC2CN(C(=O)Cn3nnnc3-c3ccccc3)C2)cn1,,,0.14984772405307328
Cn1cc(CC2CN(C(=O)[C@@H]3CCCO[C@H]3c3ccccc3)C2)cn1,,,0.0394465076250286
Cn1cc(CC2CN(C(=O)c3cnn(-c4cccc(F)c4)c3)C2)cn1,,,0.3920674034202173
Cn1cc(CCC(=O)N2CC(O)(c3ccc(F)cc3)C2)c2ccccc21,5.72,2.81,1.48525553562444
Cn1cc(CCC(=O)N2CCC(Cc3cccc(F)c3)CC2)cn1,,,0.34795026811168184
Cn1cc(CCCNC(=O)C2CC(=O)N(C3CC3)C2)cn1,2.44,,
Cn1cc(CCCNS(=O)(=O)c2cc(C(=O)O)c(Cl)o2)cn1,,,0.1707634840891012
Cn1cc(CCOc2ccc(Br)cc2C=O)cn1,4.07,,
Cn1cc(CN(CC2CCc3ccccc32)c2nccc(C#N)n2)cn1,,,0.6922829268802865
Cn1cc(CN2CCC(NC(=O)c3cccn3C3CC3)C2)c(C(N)=O)n1,,,-0.0374556611010797
Cn1cc(CN2CCCN(C(=O)Cc3c[nH]c4ccc(Cl)cc34)CC2)cn1,,,0.25751843006141395
Cn1cc(CNC(=O)C2CCCN(C(=O)c3ccccc3)C2)c(C(F)(F)F)n1,,,0.3046914795708612
Cn1cc(CNC(=O)Cc2scnc2-c2cccs2)cn1,,,0.2524067247059254
Cn1cc(CNC(CO)CC(F)(F)F)c(-c2cc3ccccc3o2)n1,,,0.4136681459755426
Cn1cc(CNCCc2c(C(F)(F)F)[nH]c3ccccc23)cc1C#N,4.31,1.93,0.7823833517414045
Cn1cc(CNCCc2cccc(Br)c2)n2ncc(C#N)c12,,,0.47708312616565063
Cn1cc(CNCc2ccc(-n3ccnc3)nc2)c(C(C)(C)C)n1,,,0.0974907634540573
Cn1cc(CN[C@H]2c3ccccc3C[C@@H]2O)c(C2CC2)n1,,,0.15306990841046383
Cn1cc(CNc2ccc(NS(C)(=O)=O)cc2)c(-c2ccc3c(c2)OCCCO3)n1,,,0.6653810265293824
Cn1cc(CS(=O)(=O)CC(O)c2ccccc2)c(C(F)(F)F)n1,,,0.27982780430850385
Cn1cc(Cc2nc(C3(C(F)(F)F)CCCCC3)no2)cn1,,,0.643157353921459
Cn1cc(Cl)c(C(=O)N2CCc3nc[nH]c3C2c2cccnc2)n1,,,0.02851029763735115
Cn1cc(Cl)c(C(=O)Nc2nc(-c3ccccn3)nc3sccc23)n1,2.69,1.95,
Cn1cc(Cl)c(NC(=O)c2cc(C3CCOCC3)nn2C)n1,,,-0.0732781323882934
Cn1cc(Cn2cc(-c3cccc4c3CCCC4)nn2)cn1,,,0.5829564768887594
Cn1cc(Cn2cc(C(C3CC3)N3CCNCC3)nn2)cn1,,,-0.3081323875966741
Cn1cc(N2CC(C(=O)N3CC(=O)N(C4CC4)C3)CCC2=O)cn1,2.68,3.12,-0.0824725286082212
Cn1cc(N2CC(C(=O)Nc3ccccc3F)CCC2=O)cn1,,,0.0796132506963094
Cn1cc(N2CCC(NC(=O)N3CCC(C(C)(C)C)C(O)C3)C2=O)cn1,,,0.07559999689813279
Cn1cc(N2CCCC(NC(=O)c3nn(-c4ccccc4F)cc3O)C2=O)cn1,,,0.4210965644495801
Cn1cc(N2CCCC(Nc3cc(=O)n(C)c(=O)n3C)C2)cn1,,,0.2702055001489631
Cn1cc(N2CCN(C(=O)[C@@H]3C[C@H]3c3ccc(OC(F)(F)F)cc3)CC2)cn1,,,0.1440942663734088
Cn1cc(N2CCN(C(=O)c3ccc(=O)n(C)c3)CC2=O)cn1,,,-0.0709219204866923
Cn1cc(N2CCN(C3CCN(c4cccc(Cl)c4)C3=O)CC2=O)cn1,,,0.24427786772918042
Cn1cc(NC(=O)C2CCCN2C(=O)c2ccccc2O)cn1,,,0.3020056629908075
Cn1cc(NC(=O)Cc2ccc(C3CCC3)cc2)c(-c2ccccn2)n1,,,0.5006306554787857
Cn1cc(NC(=O)Cc2cccc(Cl)c2)c2ccccc2c1=O,3.08,,-0.3476956708619745
Cn1cc(NC(=O)N2CCC(S(N)(=O)=O)C2)c(-c2ccccc2)n1,,,0.2373763256106065
Cn1cc(NC(=O)N2CCCC2c2cccnc2)c(=O)n(C)c1=O,,,0.271477926256309
Cn1cc(NC(=O)NC(c2ccccc2)C2(CO)CCCC2)cn1,,,0.45096950826199506
Cn1cc(NC(=O)NC2CCOc3c(Cl)cccc32)c(C(F)(F)F)n1,,,0.6261875533147652
Cn1cc(NC(=O)NCc2ccc3occc3c2)c(C2CCCCC2)n1,4.82,4.49,0.9445034910134651
Cn1cc(NC(=O)NCc2cn(-c3ccccc3)nc2-c2ccncc2)c(-c2ccncc2)n1,,,0.49969015239296666
Cn1cc(NC(=O)c2cc(-c3ccc(F)cc3)n(C)n2)c(C2CC2)n1,,,0.45294608293383753
Cn1cc(NC(=O)c2ccc(C(=O)O)nc2)c(-c2ccccn2)n1,,,0.29149198093296574
Cn1cc(NC(=O)c2cccc(C3CCOC3)c2)c(C(F)(F)F)n1,,,0.5191245273447007
Cn1cc(NC(=O)c2cnn(CC3CC3)c2)c(-c2ccco2)n1,,,0.3901852270869339
Cn1cc(NC2C[C@H]3CNC(=O)C[C@H]3C2)c(-c2cnccn2)n1,,,0.2007659196778069
Cn1cc(NCc2cc(-c3ccncc3)n[nH]2)c(-c2ccccc2)n1,,,0.033081421035046146
Cn1cc(NS(=O)(=O)c2ccc3c(c2)CCC3)c(C2CCCCC2)n1,5.34,2.12,1.5176242568783147
Cn1cc(NS(=O)(=O)c2cnn(C3CCC3)c2)c(-c2ccco2)n1,,,0.15233050801353207
Cn1cc(OC2CN(c3cc(Br)cc(F)c3C#N)C2)cn1,,,0.7005489343304366
Cn1cc(OCc2nc3cc4c(cc3c(=O)[nH]2)CCCC4)cn1,,,0.0795088574863416
Cn1cc(S(=O)(=O)N2CCN(c3ccc(Cl)cc3)CC2(C)C)c(=O)n(C)c1=O,,,0.4229320454812397
Cn1cc(S(=O)(=O)N2CCc3cccc(C(=O)O)c32)c(C(F)(F)F)n1,,,-0.0005928107050312513
Cn1cc(S(=O)(=O)NC(=O)c2cccc3c2OCC3(C)C)cn1,,,0.644364655489985
Cn1cc(S(=O)(=O)NCc2nncn2CCc2ccccc2)c(=O)n(C)c1=O,3.09,,
Cn1cc(S(=O)(=O)N[C@H](C(=O)O)c2ccccc2)cc1C(N)=O,,,0.258371983952793
Cn1cc(S(=O)(=O)Nc2ccc(C(C)(C)C(=O)O)cc2)c(C(F)(F)F)n1,,,0.1786844500802265
Cn1cc([C@@H]2CN(C(=O)CC3Oc4ccccc4NC3=O)C[C@H]2CO)cn1,,,0.2756801983577359
Cn1cc([C@@H]2CN(C(=O)CCCc3nccs3)C[C@H]2CO)cn1,,,-0.03795245733763265
Cn1cc([C@@H]2CN(C(=O)Nc3ccn4ccnc4c3)C[C@H]2CO)cn1,,,0.0758323960411352
Cn1cc([C@@H]2CN(C(=O)c3ccccc3C3(C)CC3)C[C@H]2CO)cn1,,,0.39095084051062673
Cn1cc([C@@H]2C[C@H]2NC(=O)CCc2cccc3ccccc23)cn1,4.3,4.55,0.8923816398938975
Cn1cc([C@H]2[C@H](CNC(=O)c3cncc(C(=O)O)c3)CC(=O)N2C(C)(C)C)cn1,,,0.0966190547282799
Cn1cc([C@H]2[C@H](CNc3ccc(OC(F)F)cn3)CC(=O)N2C(C)(C)C)cn1,4.83,3.62,1.3519568280866885
Cn1cc2c(n1)C(O)CC1(CCN(C(=O)C3CC4(CCCCC4)C3)CC1)O2,,,0.1672626280600276
Cn1cc2c(n1)CCCC2C(=O)N1CCCC(c2nnc3n2CCCCC3)C1,4.34,1.95,0.8892417788803033
Cn1cc2cnn(Cc3ccc(-c4ccccc4)cc3)c(=O)c2n1,,,0.4470817406030192
Cn1ccc(-c2cc(C(=O)N3CCC(c4ccsc4)CC3)no2)n1,,,0.1515475873301213
Cn1ccc(-c2cn(CC(O)c3ccc(Cl)cc3Cl)nn2)n1,4.47,3.71,0.8986766339306766
Cn1ccc(-c2nc(-c3noc(C4(n5cccn5)CC4)n3)cs2)n1,,,0.14276531125699735
Cn1ccc(-c2nc(CNc3ccc4c(c3)CCCC(=O)N4)cs2)n1,,,-0.0612488345694993
Cn1ccc(-n2cc(CN3CCSCC3CCO)nn2)n1,,,0.13765680052702112
Cn1ccc(C(=O)N2CCCC2c2nc3ccccc3n2C)cc1=O,,,0.2732813198223002
Cn1ccc(C(=O)NCC2CCN(CC(O)c3ccccc3)CC2)cc1=O,,,0.1682830845923424
Cn1ccc(C(=O)NCc2cc(-c3ccccc3)on2)cc1=O,,,-0.0744396672123982
Cn1ccc(C2CCN(c3cc(C4CC4)ncn3)CC2)n1,,,-0.1974337855906701
Cn1ccc(CC(=O)N2CCC(Cc3ccccc3)C2)n1,,,0.2085498833246311
Cn1ccc(CN(CC2C(F)(F)C23CCC3)c2ncc(F)cn2)n1,,,0.6423512020792063
Cn1ccc(CN2CCC(c3nc(-c4ccccc4)n[nH]3)CC2)c1,,,0.1623496015613266
Cn1ccc(CS(=O)(=O)NC(=O)[C@H]2C[C@@H]2c2ccc(Br)cc2)n1,,,0.1272579707778099
Cn1ccc(Cn2nc(C3CC3)cc(C(F)(F)F)c2=O)cc1=O,,,0.42326270029572366
Cn1ccc(N2CCCC(N3CCc4c(O)nn(C)c4C3)C2=O)n1,,,0.0667046511225451
Cn1ccc(N2CCCC(NC(=O)Cc3ccc(-n4cnnn4)cc3)C2=O)n1,,,0.1595385667859139
Cn1ccc(N2CCCC(NC(=O)Nc3nccs3)C2=O)n1,,,0.1198115787364876
Cn1ccc(NC(=O)N(Cc2cccc(F)c2)C2CCC2)cc1=O,4.8,3.95,1.5064162434406716
Cn1ccc(NC(=O)N2CCCC2Cc2ccccc2)n1,,,0.6377024601437167
Cn1ccc(NC(=O)NCc2ccc(-n3ccnc3)c(F)c2)n1,,,0.10890785174748549
Cn1ccc2[nH]c(C(=O)N[C@@H]3CC(Cn4cccn4)C[C@H]3O)cc21,,,0.0370482348357794
Cn1ccc2c(C(=O)N3CCCC(CN=S(C)(C)=O)C3)cccc21,,,0.1397343839006486
Cn1ccc2c(C(=O)NCC3CSCCN3C(=O)c3cccc4c3ccn4C)cccc21,5.47,,1.392073060582073
Cn1ccc2c(C(=O)Nc3ccc4c(c3)NC(=O)CC4)cccc21,,,0.08190773167142679
Cn1ccc2c1CN(C(=O)c1ccc(C(=O)N3CCc4ccn(C)c4C3)cc1)CC2,,,0.4833951476081134
Cn1ccc2ccnc(C(=O)NCc3ccc4c(c3)C(=O)N(C3CCC(=O)NC3=O)C4)c21,,,0.33060891557900873
Cn1cccc(C(=O)N2CCC(Cc3cccnc3)CC2)c1=O,,,0.3308231528007788
Cn1cccc(C(=O)N2CCC(Oc3ccc(Cl)cc3)CC2)c1=O,,,0.05141121154989679
Cn1cccc(C(=O)N2CCN(Cc3nccn3C(F)F)CC2)c1=O,,,0.14282530372763141
Cn1cccc(NC(=O)N2CCOC(CC(F)(F)F)C2)c1=O,,,-0.02116771770614585
Cn1cccc1-c1csc(NC(=O)CCc2nc3sc4c(c3c(=O)[nH]2)CCC4)n1,,,0.2930186372123999
Cn1cccc1C(=O)N1CCC(C)(NC(=O)CNC(=O)c2cccc(F)c2)C1,,,0.34879591711215596
Cn1cccc1C1CCCCN1C(=O)CCN1C(=O)COc2ccccc21,5.28,1.81,1.101182193525195
Cn1cccc1C1CCCCN1C(=O)CNC(=O)c1cc2ccccc2[nH]1,5.35,3.59,1.837135108933817
Cn1cccc1C1CCCCN1C(=O)c1cc(-c2ccccc2)no1,5.2,3.57,1.1587833630186792
Cn1cccc1C1CCCN1C(=O)C1CC(=O)N(Cc2ccccc2)C1,4.89,4.09,1.0818754597317484
Cn1cccc1C1CCCN1C(=O)Nc1cnn(CC(F)F)c1,,,0.5005562606311642
Cn1cccc1CCC(=O)N1CCCN(C2CCCC2)CC1,2.91,,
Cn1cccc1Cc1nnc(SCC(=O)N2CCCCC2)n1CCc1ccccc1,5.22,2.98,
Cn1ccnc(N2CCN(S(=O)(=O)c3ccccc3)CC2)c1=O,4.6,3.06,1.659572941695668
Cn1ccnc(N2CCN(c3ncc(Cl)cc3Cl)CC2)c1=O,,,0.5584272156743442
Cn1ccnc1-c1cccc(NC(=O)c2cc3ccccc3c(=O)[nH]2)c1,4.89,5.28,0.8997192200918356
Cn1ccnc1-c1cn(-c2ccccc2OC(F)(F)F)nn1,,,0.6156962524758118
Cn1ccnc1-c1noc(C2NCCOc3ccccc32)n1,,,0.3443572322908056
Cn1ccnc1C(=O)N1CCC(C(=O)N2CCCCCCNC(=O)CC2)CC1,2.51,,
Cn1ccnc1C(=O)N1Cc2ccccc2CC1CNC(=O)c1cccc2[nH]ncc12,,,0.6124232090162605
Cn1ccnc1C(=O)NCc1ccc2oc(-c3ccc(F)cc3)nc2c1,,,0.2812524361768772
Cn1ccnc1C(NC(=O)Cn1nnnc1N)c1ccccc1,3.21,,
Cn1ccnc1C(Nc1nccn2ncc(Br)c12)c1ccccc1,5.33,,1.2851698675238907
Cn1ccnc1C(O)C1CCCN(c2c(C#N)cnc3c(Cl)cccc23)C1,,,0.4558075609944162
Cn1ccnc1C1(CNC(=O)c2ccc(-c3ccccc3)n2C)NC(=O)NC1=O,,,0.42142848143722894
Cn1ccnc1C1(CNC(=O)c2ccc(Cn3cc(Cl)cn3)s2)NC(=O)NC1=O,,,0.028879867151485
Cn1ccnc1C1(O)CCN(c2nnc(-c3ccccn3)s2)CC1,,,0.18659777400932231
Cn1ccnc1C1CCN(C(=O)NCc2cccc(F)c2)C1,,,0.3746362889491504
Cn1ccnc1C1CCN(C(=O)c2ccc(O)c(Cl)c2)C1,,,0.25640744705005214
Cn1ccnc1C1CCN(C(=O)c2ccc3c(c2)nnn3C)C1,,,-0.0832459550391853
Cn1ccnc1C1CCN(Cc2c(F)cccc2Cl)CC1,4.29,,
Cn1ccnc1CC1CCCN(C(=O)Nc2ccc(-n3nccn3)nc2)C1,,,0.30106639486779874
Cn1ccnc1CC1CCN(C(=O)c2cc(F)ccc2O)CC1,,,0.6032021811495555
Cn1ccnc1CN1CCC(C(=O)Nc2cc(C(F)(F)F)n[nH]2)CC1,,,0.28269281425880377
Cn1ccnc1CN1CCC(c2c[nH]c3ccccc23)CC1,4.220000000000001,3.76,0.8899788782984395
Cn1ccnc1CN1CCN(c2ccc3cc(Cl)cnc3n2)CC1,,,0.2647150069518448
Cn1ccnc1Cn1cc(-c2ccc3cnccc3c2)nn1,1.76,,-0.3180195345844843
Cn1ccnc1S,,,-0.0608190937099379
Cn1ccnc1[C@@H]1OCCC[C@H]1NC(=O)CC(C1CCC1)C1CCC1,4.86,2.44,1.156001704139741
Cn1cnc(-c2ccc(C(=O)N3CCCC(C4CC4)C3)cc2)n1,4.04,3.12,0.8955298653929954
Cn1cnc(-c2cccc(NC(=O)c3cccc(OCC(F)F)n3)c2)n1,,,0.5750947613402788
Cn1cnc(-c2cccc(NC(=O)c3cccc4c3OCCO4)c2)n1,,,0.44417362757662837
Cn1cnc(-c2cccc(NC(=O)c3cccc4cccnc34)c2)n1,4.22,5.1,0.9797317000218446
Cn1cnc(C(=O)N2CCN(C(=O)NC3CCCCC3)CC2)c1,,,-0.02138638718043235
Cn1cnc(C(=O)NCC2CCN(CC(F)(F)F)CC2)c1,,,0.04769715584472625
Cn1cnc(C(=O)NCCN(C2CCOCC2)C2CCCN(C(=O)C3CC3)C2)c1,3.0,,
Cn1cnc(CCNC(=O)c2ccc3c(c2)nc(CO)n3C)c1,,,0.22404830766343184
Cn1cnc(CCNCc2cn(-c3ccccc3)nc2-c2ccccc2)n1,,,0.2343414891459622
Cn1cnc(CNC(=O)C2CCCN(C(=O)Cc3ccccc3)C2)n1,,,0.3026135895947138
Cn1cnc(N2CCN(C(=O)Cc3c[nH]c4ccccc34)CC2)cc1=O,,,0.438909404817772
Cn1cnc(S(=O)(=O)NCCN(C2CCOCC2)C2CCCN(C(=O)C3CC3)C2)c1,2.9,,
Cn1cnc([N+](=O)[O-])c1Sc1ncnc2nc[nH]c12,,,0.22298067157863913
Cn1cnc2c(N3CCC[C@H]3COc3ccccc3)ncnc21,,,0.6934698082155809
Cn1cnc2c(N3CCN(CC(F)(F)CO)CC3)ncnc21,,,0.1554680597661085
Cn1cnc2c(N3CCN4CCOCC4(CO)C3)ncnc21,,,0.0686181419213783
Cn1cnc2c(NC(Cc3ccccc3)c3cccs3)ncnc21,,,0.40282907624504966
Cn1cnc2c(c1=O)CCN(C(=O)NC1CCCc3c(F)cc(Cl)cc31)C2,4.76,2.11,0.6599025852057478
Cn1cnc2c(c1=O)CCN(C(=O)c1ccc(COc3ccccc3)cc1)C2,,,0.4224189738034462
Cn1cnc2c1CCCC2C(=O)NCC(Cc1cccc2ccccc12)C(=O)O,,,0.06631237556847945
Cn1cnc2c1CCN(C(=O)Cc1cc3ccccc3n1C)C21CCOCC1,,,0.8460003252297073
Cn1cnc2c1CCN(C(=O)c1csc(-c3ccc(F)cc3)n1)C2,,,0.31392798854676757
Cn1cnc2c1CCN(C(=O)c1nc(-c3cccs3)n(-c3ccccc3)n1)C2,4.21,,2.4044672108599348
Cn1cnc2c1c(=O)n(CC(=O)NCc1ccnc(-n3ccnc3)c1)c(=O)n2C,,,0.0645963497984707
Cn1cnc2cc(C(=O)N3CCCC(c4n[nH]cc4C(N)=O)C3)ccc21,,,-0.02386785477331125
Cn1cnc2cc(C(=O)N3Cc4ccccc4OC(C)(C)C3)ccc21,,,0.48555990520262493
Cn1cnc2cc(C(=O)Nc3cnn(-c4ccccc4)c3)ccc21,5.09,,0.48159697394852014
Cn1cnc2cc(S(=O)(=O)NC3CC(O)C3(C)C)ccc21,,,0.2427315243592239
Cn1cnc2ccc(C(=O)Nc3cccc(CSc4ccccn4)c3)nc21,4.59,2.02,1.1192891073987246
Cn1cnc2ccc(NC(=O)c3noc4c3CCCC4)cc21,,,0.4032382241479554
Cn1cnc2cccc(C(=O)N3CCC([C@@H]4CC[C@H](C(N)=O)O4)CC3)c21,,,-0.1629622820658035
Cn1cncc1-c1cn(CC(O)Cc2cccc(F)c2)nn1,,,0.21108239605075
Cn1cncc1C(=O)NC1(c2cc(F)cc(F)c2)CC1,4.11,,
Cn1cncc1C(=O)Nc1cc(-c2ccc(Cl)cc2)nn1CCO,4.4,2.71,1.192163192318912
Cn1cncc1[C@@H]1CN(C(=O)Cn2nccn2)C[C@H]1CNC(=O)C1(C)CC1,,,0.09053189532777339
Cn1cncc1[C@@H]1C[C@H]1C(=O)N1CC(Cc2ccoc2)C1,,,0.2617698515908128
Cn1cncc1[C@@H]1C[C@H]1C(=O)Nc1c[nH]c2ccccc12,,,0.0339088703521875
Cn1cnn(-c2ccc(NC(=O)c3ccc(CN4CCCC4=O)cc3)cc2)c1=O,,,-0.156107667951813
Cn1cnn(-c2ccc(NCc3ccc(F)c(Cl)c3)cc2)c1=O,,,0.08452608149429361
Cn1cnnc1C1CCCN1C(=O)c1cc(O)nn1-c1ccccc1F,,,0.1492716309855386
Cn1cnnc1C1CCCN1c1ccc(-c2c(F)cccc2F)nn1,,,0.20573807882635645
Cn1cnnc1C1CCCN1c1cccc(-n2cnc3ccccc32)n1,6.0600000000000005,2.08,1.0478899315769181
Cn1cnnc1C1CCN(C(=O)C(C)(O)c2ccc(Cl)cc2)C1,,,0.035561887654064095
Cn1cnnc1C1CCN(C(=O)C2COc3ccc(Cl)cc3C2)C1,,,0.5154698829842375
Cn1cnnc1C1CCN(C(=O)CN2C(=O)NC(C)(c3ccc4ccccc4c3)C2=O)CC1,,,-0.05739786749245839
Cn1cnnc1CC1CCN(c2cc(-n3ccnc3)ncn2)CC1,,,-0.32954069841126477
Cn1cnnc1CC1CCN(c2ncnc3scnc23)CC1,,,0.0480033014080186
Cn1cnnc1CNC(=O)C1CCCN1C(=O)C12CC3CC(CC(C3)C1)C2,,,0.12740512071334545
Cn1cnnc1NC(=O)C1(c2ccc(Cl)c(Cl)c2)CCC1,4.13,1.93,1.0124800596208274
Cn1cnnc1Sc1ccc(C(=O)Nc2ccccc2OCC(F)F)cc1[N+](=O)[O-],4.92,3.88,1.0782192771128971
Cn1cnnc1[C@H]1CC[C@H]1C(=O)Nc1ncc(C2CC2)o1,,,0.19033025010915922
Cn1nc(-c2ccc(F)cc2F)cc1NC(=O)Nc1ccn(CCO)n1,,,0.4572525270777026
Cn1nc(-c2ccccc2)cc1C(=O)Nc1nnnn1C1CC1,,,0.2235613655411493
Cn1nc(-c2cccnc2)cc1C(=O)N1CCC2(CC1)OCCc1ccccc12,5.32,3.68,1.494764906413835
Cn1nc(-c2cccnc2)cc1C(=O)N1c2ccccc2CC1(C)C,5.4,3.06,1.3789703946717924
Cn1nc(-c2ccco2)cc1NC(=O)NC(c1ccccn1)C1CC1,4.22,3.6,0.8313193762250913
Cn1nc(-c2ccncc2)cc1NC(=O)C1CCC(F)(F)C1,,,-0.0549312374317086
Cn1nc(-c2nc(-c3ccc(C(F)(F)F)[nH]c3=O)no2)c2c1CCSC2,5.67,5.47,1.4758954703929539
Cn1nc(-c2nc(-c3nnc(C4CC4)[nH]3)no2)c2c1CCCC2,,,-0.2056790807330017
Cn1nc(-c2nnc(COC3CCCCC3)o2)c2ccccc2c1=O,,,0.573552619502353
Cn1nc(C(=O)N2CCC([C@@H]3CC[C@H](C(=O)O)O3)CC2)cc1C1CC1,,,0.07899449029154974
Cn1nc(C(=O)N2CCC[C@@H](CN3CCOCC3)C2)cc1C(F)F,,,0.0983366267695448
Cn1nc(C(=O)N2CCNC(=O)c3ccccc32)cc1C(F)F,,,0.17891032765406895
Cn1nc(C(=O)N2CCOCc3ccccc32)cc1OC(F)F,,,0.4739930401718763
Cn1nc(C(=O)N2CCOc3ccccc3C2CO)c2ccccc21,5.19,,1.8535549610928004
Cn1nc(C(=O)N2CCc3ccccc3C2CO)cc1C(F)F,4.42,2.21,1.0178496125716596
Cn1nc(C(=O)NC(CC2CC2)C(=O)O)c2ccccc21,,,0.44196345082516164
Cn1nc(C(=O)NC2(c3ccc(Cl)cc3)CCOCC2)cc1C1CC1,5.25,2.14,1.0121681483924612
Cn1nc(C(=O)NC2CCCOc3c(F)cccc32)cc1C(F)F,5.38,2.2,1.175347345997805
Cn1nc(C(=O)NCC2CCCC2NS(C)(=O)=O)ccc1=O,,,-0.0868956528090757
Cn1nc(C(=O)NS(=O)(=O)c2ccc(F)cn2)c2c1CCCC2,,,0.5276245830495829
Cn1nc(C(=O)N[C@@H]2CCCC[C@H]2NC(=O)c2ccccc2)c2c1CCNC2,,,0.0041822243362957
Cn1nc(C(=O)N[C@@H]2CCOC[C@H]2O)cc1-c1ccc(F)cc1,,,0.07709725539857565
Cn1nc(C(=O)N[C@@H]2C[C@H]2c2cccc(F)c2)cc1C1CC1,4.92,3.13,1.4366049703129953
Cn1nc(C(=O)N[C@H]2CCC[C@H]2n2ccnc2)c2ccccc2c1=O,,,0.5212613740536358
Cn1nc(C(=O)Nc2c3c(nn2C)CCCC3)cc1C(F)F,,,0.2492103591145771
Cn1nc(C(=O)Nc2cc(C(N)=O)c(Cl)cc2Cl)cc1C1CC1,,,0.34886405486234107
Cn1nc(C(=O)Nc2cnc3c(c2)CCCC3)c2c1CCCC2,5.39,3.2,1.4447940909559833
Cn1nc(C(=O)Nc2nc(-c3ccccc3F)n[nH]2)cc1C(F)F,,,0.3872023207858951
Cn1nc(C(F)(F)F)c(-c2ccc3ccc(O)cc3c2)c1C(N)=O,,,0.16699213224781911
Cn1nc(C(F)(F)F)cc1CN1CCCCC1CS(N)(=O)=O,,,0.2650530722624189
Cn1nc(C(F)(F)F)cc1CNC(=O)CCc1ccccc1O,,,0.487076469349012
Cn1nc(C(F)(F)F)cc1CNC(=O)c1ccnn1C1CCCC1,,,0.3914863819567804
Cn1nc(C(F)(F)F)cc1Cn1cc(C2(O)CCOC2)nn1,,,-0.0005406450360509497
Cn1nc(C(F)(F)F)cc1S(=O)(=O)Nc1cnn(C)c1C(=O)O,,,-0.0682982534020874
Cn1nc(C2CC2)cc1C(=O)N1CCC(O)(c2nc(C3CC3)no2)C1,,,0.5251393068150868
Cn1nc(C2CC2)cc1C(=O)N1CCCC(c2nncn2C2CC2)C1,,,0.2168181689426739
Cn1nc(C2CC2)cc1C(=O)NC1CS(=O)(=O)c2ccccc21,,,0.17390137116011506
Cn1nc(C2CC2)cc1CNC(=O)Nc1cc(C2CCCO2)nn1C,,,0.239357084052369
Cn1nc(C2CC2)nc1CC(=O)N1CC[C@H]2CC[C@]21c1cccnc1,,,0.6180722908906975
Cn1nc(C2CC2)nc1Cc1noc(-c2ccc(F)c(C(F)F)c2)n1,,,0.3964370419567296
Cn1nc(C2CCCC2)cc1NC(=O)CCC(=O)N1CCC(O)CC1,,,0.22211787030963526
Cn1nc(C2CCCCC2)cc1NC(=O)c1cccnc1O,,,0.32675287788792906
Cn1nc(C2CCCCC2)cc1NS(=O)(=O)CCc1ccccc1,4.24,4.33,1.484625952382252
Cn1nc(C2CCCCC2)cc1NS(=O)(=O)c1cc2c(cc1F)NC(=O)CC2,4.85,3.96,1.4165047825355879
Cn1nc(C2CCCN(C(=O)C3CCC3)C2)n(C2CCCC2)c1=O,4.86,,
Cn1nc(C2CCCOC2)cc1NC(=O)NC1(C)CCS(=O)(=O)C1,,,0.28195916513120584
Cn1nc(C2CCN(C(=O)OC(C)(C)C)CC2)nc1NC(=O)NCCc1cc2ccccc2o1,,,0.754365562435626
Cn1nc(CC(=O)NCc2ccnc(-n3ccnc3)c2)c2ccccc2c1=O,,,0.1216988345326349
Cn1nc(CC(=O)OCc2cncc(F)c2)c2ccccc2c1=O,,,-0.0492105371631711
Cn1nc(CCNC(=O)N2CC(NC(=O)C3CCC3)C2)c2ccccc21,,,0.1620170165182549
Cn1nc(CNC(=O)Nc2cccnc2-c2ccccc2)cc1C1CC1,5.38,,1.9703736947865031
Cn1nc(CNC(=O)[C@H]2COCC[C@H]2c2ccccc2)cc1C1CC1,4.57,3.72,1.2037275120786135
Cn1nc(CNC(=O)c2cn(CC3(C)COC3)nn2)cc1C1CC1,,,0.029427584572694048
Cn1nc(CNC(=O)c2cnc3n2CCCC3)cc1C(F)(F)F,,,0.4449761876732971
Cn1nc(CNC[C@@H](O)c2ccc(Cl)cc2)c2ccccc21,5.07,3.05,0.8205518484140041
Cn1nc(CO)c2c1CN(C(=O)CC1CCCCCC1)CC2,,,0.16190684430996022
Cn1nc(Cn2cc(-c3cccc4c3CN(C3CCC(=O)NC3=O)C4=O)nn2)c2c1CCC2,,,0.35945073558166657
Cn1nc(Cn2cc(-c3nc(C4CC4)cs3)nn2)[nH]c1=O,,,0.02125983096928945
Cn1nc(NC(=O)CNC(=O)c2ccc(Br)cc2)cc1C1CC1,4.41,3.73,1.2034864614010852
Cn1nc(NC(=O)N2CCC(c3ccccc3)C2)c2ccccc21,4.66,2.71,0.8069098825093551
Cn1nc(NC(=O)Nc2ccc(Br)cc2F)cc1C(F)F,,,0.4577886085698808
Cn1nc(NS(=O)(=O)c2cc(F)ccc2Cl)cc1C(=O)O,,,0.09401220655417669
Cn1nc(O)c2c1CN(C(=O)Cc1ccc3ccccc3c1)CC2,,,-0.05030016846916265
Cn1nc(O)c2c1CN(C(=O)Nc1cccnc1N1CCCC1)CC2,,,0.0635343464377906
Cn1nc2c(c1C(=O)NC1CCN(c3nc4ccccc4[nH]3)CC1)COCC2,,,0.0886263524244287
Cn1nc2c(c1C(=O)N[C@H]1Cc3ccccc3[C@@H]1O)CCC2,,,0.3218342186374769
Cn1nc2c(c1CNC(=O)C1CCN(c3ccc(F)cc3)C1=O)CCCC2,,,0.1955784341213705
Cn1nc2c(c1CNc1cc(C(N)=O)ccc1Cl)CCCC2,,,0.11031695478055036
Cn1nc2c(c1S(=O)(=O)N1CCN(C(=O)c3ccc(F)cc3)CC1)COCC2,,,0.8061634162658929
Cn1nc2c(c1S(=O)(=O)NC1(c3ncon3)CCC1)CCCC2,,,0.6743371904587048
Cn1nc2c(c1S(=O)(=O)Nc1ccc(F)c(O)c1F)CCCC2,4.57,5.82,1.1455216498616378
Cn1nc2c(cc1=O)CN(S(=O)(=O)Cc1cccc(C#N)c1)CC2,,,0.474902585089403
Cn1nc2cccc(S(=O)(=O)NCCCc3csc(N)n3)c2n1,4.0,,
Cn1nc2ccccc2c1-c1cn(CCCS(=O)(=O)C(C)(C)C)nn1,,,0.0493012168537979
Cn1nc2ccccc2c1-c1noc(-c2cccc(=O)n2C)n1,,,0.600933063676051
Cn1nc2ccccc2c1C(=O)N1CCCC(n2ccnc2)C1,,,0.1394506269959606
Cn1ncc(-c2cn([C@H]3C[C@H](C(=O)NC4(C(=O)O)CCC4)C3)nn2)c1C1CCC1,,,0.1861422657461278
Cn1ncc(C#N)c1N1C[C@H](C(=O)O)[C@@H](c2ccccc2)C1,,,0.13889642076155406
Cn1ncc(C(=O)N(Cc2ccccc2)C2CCCC2(C)C)c1C#N,5.975,4.23,1.2517702281515928
Cn1ncc(C(=O)N2CCC(NC(=O)Nc3ccc(F)cc3)C2)c1Cc1ccccc1,,,0.4545242174952355
Cn1ncc(C(=O)NC(CO)c2ccsc2)c1Cc1ccccc1,4.8,3.22,0.7932699793108123
Cn1ncc(C(=O)NC2CCS(=N)(=O)c3ccc(F)cc32)c1Cc1ccccc1,4.5,2.95,0.6788900885958244
Cn1ncc(C(=O)NCC2CCC3(CC(C(=O)OC(C)(C)C)C3)O2)c1Cc1ccccc1,5.44,1.8,0.8599455891870111
Cn1ncc(C(=O)NCCn2cccc2)c1-n1cccc1,,,-0.018726305834484147
Cn1ncc(C(=O)N[C@H]2CN(C(=O)C3CCCCCC3)C[C@@H]2C(F)(F)F)n1,,,0.6133002658763119
Cn1ncc(C(=O)Nc2ccc3c(c2)CC(O)C3)c1Cc1ccccc1,,,0.13934130510294826
Cn1ncc(C(=O)Nc2cccc3cc[nH]c23)c1-n1cccc1,4.83,2.14,0.8573991675757606
Cn1ncc(C2CC2)c1C(=O)N1CCCN(c2ccc(Cl)c(Cl)c2)CC1,5.91,1.81,1.2614194845487805
Cn1ncc(CN2CCC(=O)N(Cc3ccc[nH]c3=O)C2=O)n1,,,0.1900250210776561
Cn1ncc(CN2CCC(N3CCC(O)CC3)CC2)c1C1CC1,3.02,,
Cn1ncc(CNC2Cc3ccccc3NC2=O)c1C1CC1,,,0.24295862130778806
Cn1ncc(Cl)c1C(=O)N(CCC(=O)O)CC1CCCO1,,,-0.0387608452975105
Cn1ncc(NC(=O)C2CCC3(CCNCC3)CC2)c1Cc1ccccc1,,,0.30116455797566916
Cn1ncc(NC(=O)N2CCCC(C)(F)C2)c1-c1ccccc1,4.44,3.14,0.68515533620619
Cn1ncc(NC(=O)NCC(C)(C)c2ccc3ccccc3c2)c1C(F)F,4.75,4.67,0.8676744238176515
Cn1ncc(S(=O)(=O)Nc2cccc(Sc3ccccc3)c2)n1,4.61,4.36,1.6336982674405869
Cn1ncc2[nH]c(=O)c(C(=O)N3CCCCC3c3cnc(N)nc3)cc21,,,0.07019320663610165
Cn1ncc2c(=O)[nH]c(CCC(=O)N3CCC(c4ccc(F)cc4)CC3)nc21,4.93,2.77,0.8741413688955655
Cn1ncc2c(=O)[nH]c(N3CCNC(=O)CCN(C(=O)CCC4CCCO4)CC3)nc21,,,0.11783940282960825
Cn1ncc2c(=O)[nH]c(NCc3ccnc(OCC(F)(F)F)c3)nc21,,,0.2418326069609519
Cn1ncc2c(=O)[nH]c(Nc3ccc(OC4CCCC4)c(F)c3)nc21,,,-0.1262549787454602
Cn1ncc2c(=O)n(CC(=O)NC34CCC(C(F)(F)F)(CC3)CC4)cnc21,,,0.1877240933810253
Cn1ncc2c(CNC(=O)Nc3cnc4cccnn34)cccc21,,,-0.0790185798724112
Cn1ncc2c(N3CCC(OCc4ccc(F)cc4)CC3)ncnc21,,,-0.10618461953703914
Cn1ncc2c(N3CCN(C(=O)c4ccc5[nH]nnc5c4)CC3)ncnc21,,,0.2234115584144299
Cn1ncc2c(NC(=O)CC3(C(=O)O)CCC3)cccc21,,,0.1554904461332621
Cn1ncc2c(N[C@H]3CCC(=O)N[C@@H]3C3CCCO3)ncnc21,,,0.01514962538225155
Cn1ncc2c(O)cc(C(=O)N3CCCN(C(=O)c4cccnc4O)CC3)cc21,,,0.0184913406911022
Cn1ncc2c1CC(C(=O)N1CCN(c3cncc(F)c3)CC1)CC2,,,-0.0139242622308999
Cn1ncc2c1CC(C)(C)CN(C(=O)CSCc1cscn1)C2,,,0.9863733865898484
Cn1ncc2c1CC(C)(C)CN(C(=O)NCc1ccc(Br)s1)C2,5.21,3.14,1.041743950256371
Cn1ncc2c1CCCN(C(=O)c1cnc3c(cnn3Cc3ccccc3)c1)C2,,,0.6079546264570994
Cn1ncc2c1CCNC2C(=O)NCc1ccc(OCc2ccccn2)cc1,,,0.04731323441813695
Cn1ncc2c1CN(C(=O)C1(C3CCCCO3)CCC1)C2,,,0.5368608988385846
Cn1ncc2cc(C#N)c(N3CCC(Nc4ccncc4)CC3)nc21,,,-0.0256271551816684
Cn1ncc2cc(C(=O)NCc3nc4c(s3)CCCC4)cnc21,,,0.11116767286100365
Cn1ncc2cc(C(=O)Nc3cccc(Cn4nc5ccccn5c4=O)c3)cnc21,,,0.6621535556007929
Cn1ncc2ccc(-c3noc([C@]45CNC[C@H]4CCOC5)n3)cc21,,,0.1365735542026042
Cn1ncc2ccc(CNc3ncnc4ccc(F)cc34)cc21,1.91,3.2,
Cn1nccc1-c1ccc(NCc2ccc(C3CC3)cc2)nn1,,,-0.2371156512168049
Cn1nccc1-c1cn(CC(=O)Nc2ccc3c(c2)CCC3)nn1,,,0.0483931000030626
Cn1nccc1-c1n[nH]cc1C(=O)NCCN1CCc2ccccc2C1,,,0.26414928348010286
Cn1nccc1C(=O)NC1CCC(C(=O)NC(N)=O)CC1,,,-0.0052444118635225
Cn1nccc1C(=O)NCc1cn(CC2CC(F)(F)C2)nn1,,,0.3644291681196072
Cn1nccc1C(=O)Nc1ccc2[nH]c(C(F)F)nc2c1,,,0.1098765702912499
Cn1nccc1C(CO)NC(=O)c1coc(C(C)(C)C)n1,,,0.2573993542947179
Cn1nccc1C(CO)NC1CC(C)(c2ccccc2)C1,,,0.1576555663461576
Cn1nccc1C1(NC(=O)Nc2nc(C(C)(C)C)ns2)CC1,5.59,1.81,1.2202607962394048
Cn1nccc1C12CCC(C1)C2C(=O)NCCCc1c[nH]nc1C(F)(F)F,4.97,2.45,0.7655828011142627
Cn1nccc1C12CCC(C1)C2C(=O)Nc1ccc(NC2CCCC2)nc1,,,0.2225714752128499
Cn1nccc1C1=CC2CCC(C1)N2C(=O)C1CCc2cccnc21,,,0.3090200475553081
Cn1nccc1C1=CC2CCC(C1)N2CC(=O)Nc1nccs1,,,-0.14248856565752285
Cn1nccc1C1=CCN(c2ccc(C(=O)NC3CCCC3)nn2)CC1,,,0.3300389036476529
Cn1nccc1C1CC(NC2CCCc3c(O)cccc32)CCO1,,,0.27494396884916433
Cn1nccc1C1CCCN(C(=O)Cc2ccc3[nH]c(=O)[nH]c3c2)C1,,,-0.049372333249219205
Cn1nccc1C1CCCN(C(=O)c2cnn(C3CC3)c2)C1,,,-0.075781508816926
Cn1nccc1C1CCCN1CC(=O)Nc1cc(F)ccc1F,4.52,1.89,0.670033287167396
Cn1nccc1C1CCN(C(=O)Cc2ccc3cn[nH]c3c2)CC1,,,-0.018312782052233648
Cn1nccc1C1CCN(C(=O)c2c[nH]c3cc(F)ccc23)CC1,,,0.4926875396231507
Cn1nccc1C1CN(C(=O)C2(C)CC(F)(F)C2)CCO1,,,0.0875422961675098
Cn1nccc1C1NC(=O)C(c2ccc(-c3ccccc3)cc2)NC1=O,,,0.35690142211209025
Cn1nccc1CN1CC(O)(c2cccc3ccccc23)C1,,,0.46206838036081543
Cn1nccc1CN1CCN(CC(=O)NCC2CC2)CC1,,,0.0961046254818481
Cn1nccc1CNC(=O)C1CCCN1C(=O)Cc1ccc2ccccc2c1,,,0.21648634093451335
Cn1nccc1CNC(=O)c1cn(C)c(=O)c2ccccc12,,,-0.005362739515034699
Cn1nccc1C[C@@H]1CCCN1C(=O)[C@H]1C[C@@H]1c1cccnc1,,,0.41406334338076656
Cn1nccc1N1CCCC(NC(=O)NC2CC(OC(C)(C)C)C2)C1=O,4.4,2.59,0.6328344582971062
Cn1nccc1NC(=O)N1CCN(c2ccccc2F)CC1,,,0.20620957549036095
Cn1nccc1NC(=O)NCC1CN(C(=O)OC(C)(C)C)CCN1,,,0.1398862505330477
Cn1nccc1S(=O)(=O)N1CCCc2cc(C(=O)O)ccc21,,,0.27815715074626457
Cn1nccc1S(=O)(=O)N1Cc2ccccc2C(c2ccccc2)C1,5.57,3.0,1.2765067858024959
Cn1nccc1S(=O)(=O)NC(=O)C(F)(F)Cc1ccccc1,,,0.1044413869176877
Cn1nccc1S(=O)(=O)Nc1cccc(Cl)c1N1CCOCC1,4.73,4.25,1.5129098387109459
Cn1nccc1[C@@H]1OCCC[C@H]1CNC(=O)c1coc2ccccc12,,,0.18685420389078514
Cn1ncnc1C(NC(=O)CCn1ccc(=O)[nH]c1=O)C1CC1,2.31,,
Cn1ncnc1C1(O)CN(C(=O)c2ccnc(-c3ccco3)c2)C1,,,-0.01511907113330855
Cn1ncnc1Cc1noc(C2(C)CCC(F)(F)CC2)n1,,,0.2344050320345033
Cn1nnc(CNC(=O)N2Cc3ccccc3CC2c2ccccc2)n1,4.47,3.78,0.977058338958267
Cn1nnc(CNS(=O)(=O)c2ccc(C(C)(C)C)cc2)n1,5.07,2.02,0.8144725421615762
Cn1nnc2c(C(=O)N3CCCC(CC(F)(F)F)C3)ccnc21,,,0.3646541667372252
Cn1nnc2c(C(N)=O)ncn2c1=O,,,-0.0794282013657367
Cn1nnc2c(Nc3ccn(CCN4CCOCC4)n3)ncnc21,,,0.0428485082729775
Cn1nnc2c1CC(C(=O)NCC1CCCCC1NS(C)(=O)=O)CC2,,,0.176513675259867
Cn1nnc2cc(C(=O)N(CC3CCCCC3)c3ccccn3)cnc21,5.25,1.83,1.0025615654032904
Cn1nnc2cc(C(=O)N3CCCC(n4ccc(C(F)(F)F)n4)C3)ccc21,5.31,4.02,1.0374995478676479
Cn1nnc2cc(C(=O)NCCN3CC=C(C(C)(C)C)CC3)ccc21,,,0.1416383161762205
Cn1nnc2cc(C(=O)Nc3cnn(CC4CCCO4)c3)ccc21,,,0.2913596867503479
Cn1nnc2cc(S(=O)(=O)NC3(C(F)(F)F)CCCC3)ccc21,4.6,2.04,0.9757430328058211
Cn1nnc2ccc(C(=O)NS(=O)(=O)c3cccc(Cl)c3)cc21,,,0.0694915549683791
Cn1nnc2ccc(C(=O)Nc3cc(CC4CCCCC4)n[nH]3)cc21,,,0.09202970289404015
Cn1nnc2ccc(C(=O)Nc3cccc4c3CNC4=O)cc21,,,0.29880982402610995
Cn1nncc1C(=O)N1CCCC(CO)(Cc2ccccc2)C1,,,0.4554359753810115
Cn1nncc1C(=O)NC1CCN(c2cccc(OC(F)(F)F)c2)C1,,,0.2498190590322032
Cn1nncc1C(=O)Nc1ccc(-c2nc3cc(F)c(F)cc3[nH]2)cc1,,,0.29694880042783456
Cn1nncc1C1(O)CN(c2nc(-c3ccccc3)ns2)C1,,,0.18082014694224555
Cn1nncc1CNC(=O)c1cc(-c2ccc(Cl)cc2)on1,,,0.0318923687931062
Cn1nncc1NC(=O)NCCc1cccc2c1OCCO2,,,0.1163184479491766
Cn1nncc1S(=O)(=O)NCC1CCCc2ccccc21,4.91,4.71,1.0298889523062282
Cn1nnn(CC(=O)NCc2ccccc2C(F)(F)F)c1=O,,,0.47062927585461134
Cn1nnnc1-c1cccc(NC(=O)C2CC(c3ccccc3)=NO2)c1,,,0.025026556615135205
Cn1nnnc1-c1cccc(NC(=O)C2CNC(=O)C2)c1,,,-0.0198117225342427
Cn1nnnc1-c1cccc(NC(=O)CCn2cnc3ccccc32)c1,,,-0.2682235691460366
Cn1nnnc1-c1cccc(NC(=O)CN2CCc3ccccc3C2=O)c1,,,0.47026978629583077
Cn1nnnc1-c1cccc(NC(=O)CNC2=NS(=O)(=O)c3ccccc32)c1,,,0.18392618331085414
Cn1nnnc1-c1cccc(NCC(=O)NCc2ccco2)c1,,,0.1358846317317356
Cn1nnnc1C1CCN(C(=O)[C@H]2C[C@@H]2c2ccc(F)cc2F)CC1,,,0.25349949682793654
Cn1nnnc1C1CCN(C(=O)c2cc(F)cc3ccoc23)CC1,,,-0.13039245248236095
Cn1nnnc1CN1C(=O)NC(C)(c2ccccc2Br)C1=O,,,0.19897578253837378
Cn1nnnc1Cn1cnc2c(cnn2-c2cccc(Cl)c2)c1=O,,,0.33814192111102037
Cn1nnnc1SCC1=C(C(=O)O)N2C(=O)[C@@H](NC(=O)[C@H](OC=O)c3ccccc3)[C@H]2SC1,,,0.34161497978774313
Cn1nnnc1SCCNC(=O)N1CCN(c2ncccc2C#N)CC1,4.08,,
Cn1nnnc1SCCNC(=O)c1nc(=O)[nH]c2ccccc12,2.57,,
Cn1sc(Cl)cc1=O,2.59,1.83,-0.2711613331799634
FC(F)(F)C(Cl)Br,,,0.025734408985918403
FC(F)(F)C1(c2nc(-c3cc(C4CC4)[nH]n3)no2)CC2(CCC2)C1,5.03,2.07,1.2460700734476118
FC(F)(F)COc1ccc(Cn2cc(Cn3ccnc3)nn2)cc1,,,0.13168905567624964
FC(F)(F)Cn1c(-c2ccccc2)cnc1SCc1nccs1,4.42,4.37,1.1246991856502964
FC(F)(F)Cn1ccc(Cc2nc(-c3ccsc3Cl)no2)n1,4.97,3.76,1.180662696328683
FC(F)(F)Oc1cccc(-c2noc(C3=CCCOC3)n2)c1,,,0.0893238288846777
FC(F)(F)Oc1ccccc1-c1noc(C2(c3ccccc3)CC2)n1,4.36,3.1,1.0348240602755363
FC(F)(F)[C@@H]1C[C@H]1Cn1cc(-c2ccn(C3CCC3)n2)nn1,4.33,2.39,0.7405424988552517
FC(F)(F)c1cc(Cl)c2nnc(CNCc3ccccc3-n3cncn3)n2c1,,,0.5645217979504342
FC(F)(F)c1cc(NCC2CCOCC2)nc(-c2cccnc2)n1,,,0.33242393123183417
FC(F)(F)c1ccc(-n2cc(C3CCCCN3)nn2)cc1,,,0.43396943759438134
FC(F)(F)c1ccc(-n2cc(CNCC34CC(CO3)C4)cn2)cc1,,,0.6105495498116496
FC(F)(F)c1ccc(CCNc2ccn(-c3ncccn3)n2)cc1,,,0.38406007639808243
FC(F)(F)c1ccc(CCn2nnnc2N2CCOCC2)cc1,,,0.4620972085794671
FC(F)(F)c1ccc(Cn2cnc(C3CCOCC3)n2)cc1Cl,,,0.5972992956607719
FC(F)(F)c1ccc(N2CCC[C@H]2COc2ccccc2)nn1,5.41,2.01,1.1914971173265694
FC(F)(F)c1cccc(-n2cc(CC3COC3)nn2)c1Cl,,,0.09348303237967985
FC(F)(F)c1cccc(-n2nc(-c3cccnc3)nc2CC2CCOCC2)c1,,,0.6320464020569192
FC(F)(F)c1cccc(NC[C@H]2CC[C@@H](c3ncn[nH]3)O2)n1,,,0.47451574118171924
FC(F)(F)c1ccccc1-c1cn(CCc2ccccn2)nn1,4.5,3.19,0.9057813329089692
FC(F)(F)c1ccccc1C1CN(c2ccc3nncn3n2)CCO1,,,0.2238554086694698
FC(F)(F)c1cccnc1COc1cnn2c1CNCC2,,,-0.026546139766677655
FC(F)(F)c1ncccc1-c1nc(-c2ccccn2)no1,,,0.5191938360627744
FC(F)C1CCC(NCc2cccnc2-n2cncn2)CC1,,,0.23362031003943018
FC(F)COc1ccccc1CNCCc1ccc2[nH]ccc2c1,,,0.5749136113516928
FC(F)Cn1cc(NCc2nc3c(s2)CCCCC3)cn1,,,0.42732214612247177
FC(F)OC(Cl)C(F)(F)F,,,0.047782898443007
FC(F)OC(F)(F)C(F)Cl,1.95,1.88,-0.07356024583381429
FC(F)Oc1cc(CNc2nnc(-c3ccon3)s2)ccn1,,,0.2682804745703415
FC(F)c1ccc(-c2noc(Cc3c[nH]c4cccc(Cl)c34)n2)cn1,,,0.2134529778388824
FC(F)c1nnc2ccc(N3CCCC(c4n[nH]c(C5CCCCC5)n4)C3)nn12,,,0.4273137705257629
FC(F)c1noc(CN2Cc3ncccc3N3CCC[C@H]3C2)n1,5.16,3.45,0.7567248925987152
FC1(F)CC1n1nccc1-c1cn(Cc2n[nH]c3ccccc23)nn1,,,0.1218903827047465
FCCn1cc(-c2noc([C@@H]3C[C@H]3c3ccc(F)cc3F)n2)cn1,,,0.3736541726435121
Fc1cc(-c2ccc(Cn3ccnc3)cc2)c2ncccc2c1,3.99,,
Fc1cc(-c2noc(-c3cc(CC4CCCCN4)on3)n2)cc(F)c1F,,,0.34727977614508476
Fc1cc(-c2noc(-c3cccc4[nH]ncc34)n2)ccc1Cn1cncn1,1.87,3.22,
Fc1cc(-c2noc([C@@H]3C[C@H]4CC[C@@H]3O4)n2)cc(F)c1N1CCOCC1,,,0.28764840060987973
Fc1cc(CN2CCCN(Cc3cccnc3)CC2)ccc1Cl,4.17,,
Fc1cc(Cl)cc(-n2cc(C3CC4(C3)OCCO4)nn2)c1,,,0.3743742439619436
Fc1cc(Cl)cnc1NC[C@H]1CC[C@@H](c2nc(C3CC3)n[nH]2)O1,,,0.5395814813167271
Fc1cc(Cn2cnc3c2CCNC32CCOCC2)c2ncccc2c1,,,0.7638782348900934
Fc1cc(F)cc(C2(c3nc(Cc4cccnc4)no3)CCCC2)c1,,,0.5894481569302715
Fc1cc(N2CCN(c3cc(C(F)F)ncn3)CC2)ccn1,,,0.0083202955762951
Fc1cc2cc[nH]c2c(F)c1-c1cnn(C2CCCCO2)c1,4.31,4.54,0.9648942808892532
Fc1ccc(-c2cn(C[C@]34C[C@H]3CCC4(F)F)nn2)c(Cl)c1,4.94,1.89,1.047545579564021
Fc1ccc(-c2n[nH]cc2CN(Cc2cccnc2)Cc2cccnc2)cc1,4.6,,
Fc1ccc(-c2n[nH]cc2CN2CCC(c3c[nH]c4ncccc34)CC2)cc1,,,-0.2899686688137668
Fc1ccc(-c2nc(CCNCc3ccc4c(c3)OCCO4)co2)cc1,,,0.5928489920314814
Fc1ccc(-c2noc(-c3[nH]c4ccc(F)cc4c3Cl)n2)nc1,,,-0.0144821823275691
Fc1ccc(-c2noc(-c3cn(C[C@@H]4CCCN4)nn3)n2)c(Cl)c1,,,0.5243254634348381
Fc1ccc(-n2nc(C3CC3)nc2C2CCCOC2)cc1,,,0.27963780689858686
Fc1ccc(C(CNC2CCN(c3ccc4c(c3)OCO4)CC2)N2CCCC2)cc1,,,0.4254808818524709
Fc1ccc(C2(n3cc(Cn4cncn4)nn3)CCOCC2)cc1,,,0.219270163396514
Fc1ccc(C2CCC(n3cc(C4CCNCC4)nn3)C2)cc1F,5.18,1.86,0.9340388765521073
Fc1ccc(C2CCC2c2nc(-c3cnc(OCC(F)F)cn3)no2)cc1,,,0.6082358095541504
Fc1ccc(CC2(CNCc3c[nH]nc3-c3cccnc3)CC2)cc1,,,0.230800159669177
Fc1ccc(CC2CCN(c3nccn4cnnc34)CC2)cc1F,,,0.3475361083634954
Fc1ccc(CNC2(c3nccc(C(F)(F)F)n3)CC2)cc1,,,0.5862286838617197
Fc1ccc(Cl)cc1-n1nc(-c2nc(N3CCNCC3)no2)c2c1CCC2,,,0.7619004962523261
Fc1ccc(N2CCNCC2)cc1,2.17,,
Fc1ccc(OC2CCN(c3nnc(C(F)F)o3)CC2)c(F)c1,,,0.3448780345466285
Fc1ccc([C@@H]2CCNC[C@H]2COc2ccc3c(c2)OCO3)cc1,,,0.2933682980496638
Fc1ccc([C@H]2C[C@@H]2c2nc(Cn3cncn3)no2)c(F)c1,,,0.34543154048896985
Fc1ccc2c(C3CCN(c4cnc5c(n4)CCCC5)CC3)noc2c1,,,0.2645023395515679
Fc1ccc2c(c1)[nH]c1ncnc(N[C@H]3CCC[C@H]3n3cccn3)c12,,,0.2988657353414342
Fc1ccc2ncnc(N3CCN(C4CCOCC4)CC3)c2c1,,,-0.0948336511934519
Fc1cccc(CN2CCN(Cc3c[nH]c(CC4CCCC4)n3)CC2)c1,3.97,,
Fc1cccc(CN2CCNCC2)c1,2.72,,
Fc1cccc(Cl)c1CCc1noc(C2(n3cccn3)CC2)n1,5.06,3.65,1.2416486422533195
Fc1cccc(OC2CCN(c3ccn4nccc4n3)CC2)c1,,,0.0965625809039856
Fc1cccc2c(Oc3ccc(-n4cccn4)cc3)ncnc12,,,0.38773183443206805
Fc1cccc2c1CC[C@@H]2n1cc(C2CCCNC2)nn1,4.6,3.05,1.0651608737548082
Fc1ccccc1-c1ccnc(N2CCN(CCc3cnccn3)CC2)n1,,,0.4377634605043067
Fc1ccccc1CCC1CCCN(c2nnnn2-c2ccccc2)C1,4.92,,
Fc1ccccc1N1CCNCC1,2.49,,
Fc1cccnc1N1CCCN(c2ncnc3[nH]ccc23)CC1,,,0.8497347408896235
Fc1cccnc1OC1CCN(c2nccnc2C(F)F)CC1,,,0.3083510601169105
Fc1cnc(N2C[C@@H](c3ccccc3)[C@@H]3[C@H]2C2CCN3CC2)nc1,3.79,,
N#CC(CS(=O)(=O)NCCCc1ccccc1)C1CCOCC1,4.69,1.93,0.9707775302290382
N#CC(c1ccccc1)C1CCCN1C(=O)Nc1ccc2c(c1)SCC(=O)N2,5.34,1.84,0.9098451122255224
N#CC1(C(=O)Nc2ccc3c(F)n[nH]c3c2)CCCCC1,5.07,1.85,0.9163593358656018
N#CC1(C2CCCC2)CCN(C(=O)C2CCNc3ccccc3C2)CC1,5.0,1.97,0.7341176082519026
N#CC1(CCCN2CCN(c3ccnc4ccccc34)CC2)CCOCC1,2.6,2.24,
N#CC1(c2nnc(-c3ccc(COc4ccccc4)o3)o2)CCCC1,5.01,1.83,1.0552340263244717
N#CC1CC2(C1)CC(C(=O)N1CCc3sccc3C1c1ccccc1)C2,5.38,1.82,1.1021787765565665
N#CC1CCN(Cc2nc(-c3cc(F)c(F)c(F)c3)no2)CC1,,,0.4189099803671551
N#CC1CN(C(=O)CCC(=O)N2CCC(c3ccccc3)=N2)C1,,,0.18003897637966235
N#CCC(=O)O,2.02,,
N#CCC1(CN2C(=O)CCc3cc(NC(=O)NC(CCO)c4ccc(F)cc4)ccc32)CC1,,,0.2638310278257425
N#CCCCCS(=O)(=O)N(Cc1ccc(F)cc1F)C1CC1,,,0.46548033194346033
N#CCCCn1cc(C(=O)N2CCN(Cc3cccs3)CC2)c2ccccc21,4.97,,1.6506189319071896
N#CC[C@H](C1CCCC1)n1cc(-c2ncnc3[nH]ccc23)cn1,4.61,4.3,1.1603046815759492
N#CCc1ccc(NC(=O)NC2(c3c(F)cccc3F)CCC2)c(Cl)c1,6.255,3.23,1.8092711205128558
N#CCc1ccc(NS(=O)(=O)c2cccc3ccncc23)cc1,4.55,2.03,0.9433529281380932
N#CCc1ccccc1C(=O)N1CCN2C(=O)CCC2C1,,,0.010900624815740848
N#C[C@@H]1CCCN1C(=O)CN[C@@]12C[C@@H]3C[C@@H](C[C@@](O)(C3)C1)C2,,,-0.07896742130163395
N#C[C@@H]1C[C@@H]2C[C@@H]2N1C(=O)[C@@H](N)C12CC3CC(CC(O)(C3)C1)C2,,,-0.1085671619698459
N#C[C@H]1CC[C@@H](NC(=O)N2CCC(c3ccc(Cl)cc3)CC2)C1,,,0.5585241645413849
N#C[C@H]1CC[C@@H](NC(=O)N2CCOC(c3ccc(F)cc3Cl)C2)C1,,,0.8978953071478348
N#Cc1c(C2CC2)n[nH]c1NS(=O)(=O)c1ccc2c3c(cccc13)C(=O)N2,5.03,5.4,1.9954863660131967
N#Cc1c(F)cccc1-n1ccc(NC(=O)NCc2nnc(C3CC3)o2)n1,,,0.4204195141009324
N#Cc1c(F)cccc1-n1ccc(NC(=O)c2ccc(F)c(F)c2)n1,,,0.43591341324225436
N#Cc1c(F)cccc1N1CCN(C(=O)Nc2ccc3c(n2)CCC3)CC1,,,0.11525084151763886
N#Cc1c(N(CC(=O)O)CC(=O)O)sc(C(=O)O)c1CC(=O)O,,,0.03363137479249685
N#Cc1c(N2CCOC3(CCCCCC3)C2)nc2ccccn12,4.8,1.99,1.2941234903997056
N#Cc1c(N2CCOCC2)n[nH]c1NC(=O)c1ccccc1S(=O)(=O)N1CCCCC1,,,0.7047400538610205
N#Cc1c(NC(=O)CN2CCN(c3ccncc3Cl)CC2)sc2c1CCCC2,,,0.39308270165200804
N#Cc1c(NC(=O)c2cccc(F)c2Cl)n(CCc2ccccc2)c2nc3ccccc3nc12,5.58,,
N#Cc1c2c(cn(CC(=O)NCC3CCC3)c1=O)CCC2,,,0.25451025977950603
N#Cc1cc(Br)cc(S(=O)(=O)NC(=O)Cc2cc3cc(Cl)ccc3[nH]2)c1,,,0.31719702422939383
N#Cc1cc(Br)cc(S(=O)(=O)NC(=O)Cc2ccc3c(c2)COCC3)c1,,,0.235336912782674
N#Cc1cc(Br)cc(S(=O)(=O)NC(=O)Cc2cscn2)c1,,,0.14872880895424334
N#Cc1cc(C(=O)N2CC3(CCCCC3)C2c2ccccc2)c[nH]1,5.25,3.56,1.5024218933909708
N#Cc1cc(C(=O)NC2CC(=O)N(CCN3CCOCC3)C2)c2ccccc2c1,,,0.07301873187983615
N#Cc1cc(C(=O)N[C@H]2CC[C@H]2c2ccccc2)cnc1C(F)(F)F,5.71,,1.2965773811468233
N#Cc1cc(C(F)(F)F)cc(N2CCCN(C3CC3)CC2)n1,5.21,4.12,0.9569587259795923
N#Cc1cc(CN2C(=O)NC3(CCOc4ccccc43)C2=O)ccn1,,,0.39283489749545447
N#Cc1cc(Cc2cnc(NC(=O)c3cnn4cccnc34)s2)ccc1F,,,-0.0679218422079878
N#Cc1cc(Cl)ccc1-n1cc(-c2ccc(F)nc2)nn1,,,0.3433599589138533
N#Cc1cc(F)ccc1N1CCC(C(=O)NCc2ccc(F)cc2Cl)CC1,5.09,2.61,0.837808014953893
N#Cc1cc(N2CCOC(c3ccc(C(F)(F)F)cc3)C2)nc2ccccc12,,,0.325871222480453
N#Cc1cc(NC(=O)N2CCN(C3CC3)C(C(N)=O)C2)ccc1F,,,0.23435940217159434
N#Cc1cc(NC(=O)[C@@H]2C[C@H]3CC[C@@H]2O3)nc2ccccc12,4.57,4.36,0.7367827630346069
N#Cc1cc(NC(=O)c2c[nH]c3ccccc3c2=O)ccc1F,,,0.3907710468044929
N#Cc1cc(S(=O)(=O)NCC(F)(F)F)ccc1N1CCC2(CCC2)C1,6.345000000000001,2.27,1.0360186335204575
N#Cc1cc(S(=O)(=O)NCCNc2cnccn2)ccc1C(F)(F)F,,,0.09961153765281895
N#Cc1cc2c(nc1N1CCC(O)(C(F)(F)F)C1)CCC2,4.99,2.41,1.0884904356106224
N#Cc1cc2ccccc2nc1N[C@@H]1CC(Cn2ccnc2)C[C@H]1O,,,0.3430623883636666
N#Cc1ccc(-c2nnc3n2CCCCC3C2CCOCC2)cc1,,,-0.08022714288122625
N#Cc1ccc(C(=O)N2C[C@H]3CCN(C(=O)c4ccc(C5CC5)cc4)[C@H]3C2)[nH]1,,,0.2193218536900994
N#Cc1ccc(C(F)(F)F)nc1NCc1cccc(COCC2CCCO2)c1,5.28,1.8,1.0265537181516884
N#Cc1ccc(C(O)Cn2nc(-c3ccc4c(c3)OCCCO4)ccc2=O)cc1,,,0.7260784924200535
N#Cc1ccc(C(c2ccc(C#N)cc2)n2cncn2)cc1,,,0.1882549323635686
N#Cc1ccc(CC(=O)N2CCC(OCC3CC3)CC2)cc1,,,0.3626668989714827
N#Cc1ccc(CC(=O)Nc2cccc(N3CCCS3(=O)=O)c2)cc1,3.82,1.8,0.6550170319677053
N#Cc1ccc(CCC(=O)N[C@@H]2CC(Cn3cccn3)C[C@H]2O)cc1,,,0.1083874152155599
N#Cc1ccc(CCSc2ccc(C(=O)N3CCCC3)cn2)cc1,5.53,1.83,1.019708064854934
N#Cc1ccc(CN2CCc3nc(N4CCc5ccccc5C4)[nH]c(=O)c3CC2)cc1,3.61,,
N#Cc1ccc(CNC(=O)CSc2nncn2-c2ccccc2F)cc1,,,0.4345610160051203
N#Cc1ccc(CNC(=O)NCC(O)COc2cccc(C(F)(F)F)c2)c(F)c1,,,0.2116841677698663
N#Cc1ccc(Cl)cc1N1CCCC(N2CCNCC2=O)C1,,,0.18562891890310024
N#Cc1ccc(Cn2cc(Nc3nccc(Oc4ccccc4)n3)cn2)cc1,,,0.5788378872271749
N#Cc1ccc(F)c(C(=O)Nc2ccc(N3CCCS3(=O)=O)cc2)c1,,,0.2609986100623798
N#Cc1ccc(F)c(NC(=O)C2CC(=O)N(c3ccccc3)C2)c1,,,0.48814713214967853
N#Cc1ccc(N2C(=O)NC(CCc3ccncc3)C2=O)cc1,,,0.0023718600140263998
N#Cc1ccc(N2CCC(C(=O)NC3(c4ccc(F)c(Cl)c4)CC3)CC2)nc1,,,0.6191859199304615
N#Cc1ccc(N2CCC(C(=O)NC3COCCC3(F)F)CC2)c(F)c1,,,0.0359831759817704
N#Cc1ccc(N2CCC(c3c[nH]c4ncccc34)CC2)cc1,,,0.036688749691110405
N#Cc1ccc(N2CCCC(NC(=O)C3CCC(F)(F)C3)C2)c(F)c1,,,0.6417535979439721
N#Cc1ccc(N2CCN(C3CCc4ccccc4NC3=O)CC2)c(F)c1,,,0.2900075413458886
N#Cc1ccc(NC(=O)c2coc(-c3ccccc3)n2)cc1,,,0.30876721202532553
N#Cc1ccc(NCC(=O)NCc2nc(-c3ccccn3)no2)cc1,,,0.27331097716539754
N#Cc1ccc(O)c(-c2ccc3c(c2)C(c2ccccc2)=NCC(=O)N3)c1,4.59,4.77,0.9489662022679718
N#Cc1ccc(OCCNC(=O)NCc2cc3c([nH]c2=O)CCC3)cc1,,,0.27197074708850794
N#Cc1ccc(OCc2noc(C3CCCCC3)n2)c(Cl)c1,4.07,1.98,0.9313679676258139
N#Cc1ccc(Oc2cccc(NC(=O)CCCOc3ccc4c(c3)CCC(=O)N4)c2)cc1,,,0.0455384588907925
N#Cc1ccc(S(=O)(=O)N2CCCC(c3nnc4ccccn34)C2)cc1C(F)(F)F,5.04,3.4,0.8980216315809063
N#Cc1ccc2c(NCCc3ccc(CO)cc3)ncnn12,,,0.15535617956517261
N#Cc1ccc2c(c1)CC(NC(=O)c1cnc(C3CCC3)[nH]c1=O)C2,4.5,5.17,0.7453452596779273
N#Cc1ccc2c(c1)CCC2NCc1cnccc1C(F)(F)F,4.22,2.01,0.7193630907441759
N#Cc1ccc2c(c1)CCN(C(=O)Nc1ncc(Oc3ccccc3)cn1)C2,,,0.6246140260107625
N#Cc1ccc2c(c1)N(C(=O)C(C1CCC1)C1CCC1)CC(=O)N2,5.17,,1.544107688889601
N#Cc1cccc(-n2nc(CCCO)nc2-c2ccc(Cc3ccccc3)cc2)c1,4.15,1.98,0.894407649161772
N#Cc1cccc(C(=O)NCCc2nc(-c3ccc(Cl)cc3)no2)c1,,,0.1078721415898195
N#Cc1cccc(C(=O)Nc2cc(-c3ccccc3)nn2-c2ccccc2)c1,4.84,,
N#Cc1cccc(C(=O)O)c1,1.87,,
N#Cc1cccc(CC(=O)NCCNc2ccc3ccccc3n2)c1,4.71,3.92,1.4054782982430707
N#Cc1cccc(CNC(=O)CSc2ncc(-c3ccccc3)o2)c1,,,0.509593474086323
N#Cc1cccc(Cn2cc(-c3ccc(Cl)cn3)nn2)c1,,,0.5126945666926446
N#Cc1cccc(NC(=O)c2cc(-c3cccnc3)n[nH]2)c1,,,0.001583416162569247
N#Cc1cccc(S(=O)(=O)NC(=O)N[C@@H]2CCCC[C@H]2O)c1,,,0.2884506028721028
N#Cc1ccccc1-c1ccc(C(=O)N2CC(CO)C(CCO)C2)cc1,,,0.15686919784054895
N#Cc1ccccc1-c1ccc(C(=O)N2CCSCC2)cc1,,,0.6927823225407497
N#Cc1ccccc1-c1ccc(CNCc2cn[nH]c2)cc1,,,0.10017852890823889
N#Cc1ccccc1COc1ccc(C(=O)NCC2CN3CCN2CC3)cc1,,,0.647258485953868
N#Cc1ccccc1N1CCN(C(=O)NC2CC(F)(F)C2)CC1,,,0.8229871872769301
N#Cc1ccccc1OCCN1CCN(CC2CCOCC2)CC1,,,0.043464504075120695
N#Cc1ccccc1OCc1cn(CCc2ccccc2)nn1,5.1,3.92,0.9612401034872278
N#Cc1cccnc1N1CCC(NC(=O)C2CCC(=O)NC(=O)N2)CC1,2.94,,
N#Cc1cccnc1N1CCN(C(=O)NC2CCCC(F)(F)C2)CC1,,,0.6239963523748882
N#Cc1cccnc1N1CCN(C(=O)Nc2ccc(C3CC3)nn2)CC1,,,0.7231830339161907
N#Cc1cccnc1NCC1CCCCC1N1CCCC1,,,0.6374608690315013
N#Cc1cccnc1Oc1ccc(-n2ncc3ccccc32)cc1,4.88,1.8,1.0553851440771687
N#Cc1ccnc(C(=O)N2CCC=C(c3cccc(O)c3)C2)c1,,,0.15869064384085255
N#Cc1ccncc1N1CCN(c2cc(C(F)F)ncn2)CC1,,,-0.2840865985398761
N#Cc1ccncc1NCc1nc2c(s1)CC(c1ccccc1)CC2,5.86,1.87,1.22401245348346
N#Cc1ccnnc1N1CCCC(c2c[nH]c3ncccc23)C1,2.94,2.12,
N#Cc1ccsc1N1CCC(N2CCCC(O)(C(F)(F)F)C2)C1=O,,,0.5631759181636933
N#Cc1cn(CC(=O)N2CCSC3(CCC3)CC2)c(=O)[nH]c1=O,,,0.1172870863056452
N#Cc1cnc(Cn2c(Cc3ccc(F)cc3)noc2=O)nc1,,,0.18148272012805325
N#Cc1cnc(N[C@@H]2CC(Cn3cccn3)C[C@H]2O)c(Cl)c1,,,0.2309712817167226
N#Cc1cnc2c(F)c(F)c(F)cc2c1NCc1nnc(-c2ccncc2)[nH]1,5.42,5.64,1.1308560592907557
N#Cc1cnc2cnccc2c1N1C2CCC1CC(O)(c1ccc(Cl)cc1)C2,,,0.5782146894179381
N#Cc1cnnc(NCc2cccc(COCC3CCCO3)c2)c1,,,0.38098358530147913
N#Cc1nc[nH]c1C(=O)NC1CCN(C(=O)c2ccc3c(c2)CC3)CC1,,,0.2015103269866348
N=C(CCSCc1csc(N=C(N)N)n1)NS(N)(=O)=O,,,0.111844550382089
N=C(N)N1CCc2ccccc2C1,,,-0.09572304089410731
N=C(N)NC(=N)N,,,0.0261410787877715
N=C(N)NCC1COC2(CCCCC2)O1,,,0.16000992169213418
N=C(N)NCC1COc2ccccc2O1,,,0.0520513969153413
N=C(N)NCCN1CCCCCCC1,1.89,1.94,-0.18582147704705196
N=C(N)NN=Cc1c(Cl)cccc1Cl,4.41,2.98,0.6825297915731268
N=C(N)NS(=O)(=O)c1ccc(N)cc1,,,0.0938627073610322
N=C(Nc1ccccc1)Nc1ccccc1,,,0.0757428858383842
N=S1(=O)CCCC2(CCCN2C(=O)CCOc2ccccc2)C1,,,0.0353825594145583
NC(=O)C(Cc1ccc(Cl)cc1)NC(=O)C1CCN(c2ccccc2F)C1,,,0.40552320064359093
NC(=O)C(Cc1ccccc1)n1cc(-c2cccc3c2CCCC3)nn1,5.0,2.39,1.274336585061278
NC(=O)C(Cc1ccccc1)n1cc(CCC2CCCN2)nn1,,,-0.0835929580227477
NC(=O)C(c1ccc(Cl)cc1)N1CCN(C(C(=O)O)C2CC2)CC1,,,-0.0109493808086707
NC(=O)C(c1ccccc1)(c1ccccc1)[C@@H]1CCN(CCc2ccc3c(c2)CCO3)C1,4.94,1.89,0.972983560906624
NC(=O)C(c1ccccc1)N1CCN(C(=O)NCc2ccc3occc3c2)CC1,,,-0.11936246694955654
NC(=O)C1(CNC(=O)C2Cc3ccccc32)CCOCC1,,,0.11299042076773985
NC(=O)C1(CNC(=O)c2ccccc2COc2ccccc2)CCOCC1,,,0.40264912165937583
NC(=O)C1(N2CCCCC2)CCN(C(=O)c2ccc(-n3cnnn3)cc2)CC1,2.34,,
NC(=O)C1(N2CCCCC2)CCN(C(=O)c2ccccc2Cl)CC1,4.63,1.89,0.9500975617011845
NC(=O)C1(N2CCCCC2)CCNCC1,2.06,,
NC(=O)C1(O)CCN(C(=O)NC(c2ccccc2)C(F)(F)F)C1,,,0.18751118634032535
NC(=O)C1(c2ccccc2)CCN(Cc2coc(-c3ccc(Cl)cc3)n2)C1,,,0.0843641853269164
NC(=O)C1(c2ccccc2)CCN(Cc2nc(Cc3cccc(F)c3)no2)C1,,,0.7100359983514009
NC(=O)C1(c2ccccc2)CCN(c2nnc(C(F)(F)F)s2)CC1,3.51,1.84,0.7144749216234267
NC(=O)C1CC(C(=O)N2CCc3ccc(F)cc32)=NN1c1ccc(F)cc1,4.29,3.82,0.7942836540547632
NC(=O)C1CCC(CNC(=O)N2CCC(c3nc4ccccc4s3)CC2)O1,,,0.0529187593270744
NC(=O)C1CCCC(NC(=O)Cc2ccc3c(c2)CCCC3)C1,,,0.3389897783302027
NC(=O)C1CCCCN1C(=O)Cn1cc(Cl)c(=O)[nH]c1=O,,,-0.04652284746407825
NC(=O)C1CCCN(CCCNc2ncnc3c2ncn3-c2ccccc2)C1,,,0.2530637392059014
NC(=O)C1CCCN1C1CCN(C(=O)c2ccc(Oc3ccccc3Cl)nc2)CC1,,,0.5489934248595558
NC(=O)C1CCCN1c1nc2ccccn2c1C=O,2.97,,
NC(=O)C1CCN(C(=O)C(N)CC2CCCCC2)CC1,,,0.15687492736068875
NC(=O)C1CCNCC1,2.09,,
NC(=O)C1CN(C(=O)NC2CCc3ccc(-c4ccccc4)cc32)CCO1,,,0.7293640404497896
NC(=O)C1CN(C(=O)NCc2ccccc2Cn2cccn2)C1,,,0.054556934377679146
NC(=O)CC1(NC(=O)[C@H]2C[C@@H]2c2cccc(O)c2)CCCCC1,4.25,3.14,0.9015087941744665
NC(=O)CC1(NC(=O)c2cc(Br)cc3[nH]c(=O)[nH]c23)CCOCC1,2.78,1.99,-0.2502703130785527
NC(=O)CC1(NC(=O)c2ccn(C(F)F)n2)CCCCC1,,,0.3592603687502228
NC(=O)CC1(NC(=O)c2cnn3c2OCCC3)CCCCC1,,,0.3871637243291159
NC(=O)CC1(O)CCCN(c2ccc3cc(Cl)cnc3n2)C1,,,0.1417956137847742
NC(=O)CC1CCCCN1c1nc(-c2cc(F)cc(F)c2)ns1,5.47,1.8,1.0204758600450494
NC(=O)CC1CCCN(C(=O)C2CCCN(C(=O)Cc3ccccc3)C2)C1,,,0.1174414655137804
NC(=O)CC1CCCN(C(=O)NC2CCCc3sccc32)C1,4.16,2.64,1.0750639587782826
NC(=O)CCC1CCCN(C(=O)C2CCC(F)(F)CC2)C1,,,0.1342421453513276
NC(=O)CCN(C(=O)CN1C(=O)c2ccc(Cl)cc2S1(=O)=O)c1ccc(F)cc1,,,0.3072900493602668
NC(=O)CCNC(=O)c1ccc(NC(=O)N2CCC(n3cnc4ccccc4c3=O)C2)cc1,,,0.0009194108776032009
NC(=O)CCOc1ccccc1NCc1c[nH]nc1-c1ccc(Br)s1,,,0.6103988501356842
NC(=O)CC[C@H](N)C(=O)O,,,0.03130469159644695
NC(=O)CCc1ccc(Nc2ccnc(-c3ccccc3)n2)cc1,4.66,5.36,1.4274243720921902
NC(=O)CCc1nnc(SCc2nc(-c3ccccc3F)no2)n1Cc1ccco1,,,0.4348213578046247
NC(=O)CN1CCCC(NC(=O)c2cc(-c3ccc(F)cc3)on2)C1,,,-0.009683960056730948
NC(=O)CN1CCCC1=O,,,-0.08168656266672795
NC(=O)CN1CCCN(c2ccnc3c([N+](=O)[O-])cccc23)CC1,,,0.33317865785307876
NC(=O)CN1CCN(C(=O)C(Oc2ccc(Br)cc2)c2ccccc2)CC1,,,0.2195176118407165
NC(=O)CN1CCc2ccc(NC(=O)CN3C(=O)Cc4ccccc43)cc2C1,,,0.47464795561588136
NC(=O)CN1CCc2ccc(NC(=O)c3cnc4ccc(F)cc4c3)cc2C1,,,-0.1263141021608477
NC(=O)CN1C[C@H](O)CC1=O,2.25,1.96,-0.23518041574171716
NC(=O)CNC(=O)c1cccc(NC(=O)c2cc3c(Br)ccc(Cl)c3[nH]2)c1,4.36,3.95,0.7784392343714575
NC(=O)COc1cccc(C(=O)Nc2cccc3cccnc23)c1,4.26,4.24,0.7927030800333837
NC(=O)COc1cccc(NC(=O)C2CCCN2C(=O)Cc2ccccc2)c1,,,0.19772776845431028
NC(=O)COc1cccc(OCc2nc(-c3ccccc3)cs2)c1,,,0.4919748027728298
NC(=O)COc1ccccc1C(=O)N[C@H]1C[C@H](c2ccccc2)C1,,,-0.16046291335545265
NC(=O)CSc1ccccc1C(=O)N1CCC[C@@H](C(=O)O)C1,,,0.11307292307419445
NC(=O)C[C@@H](NC(=O)c1c[nH]nc1-c1ccccc1F)c1cccc(Cl)c1,,,0.4638818490693092
NC(=O)C[C@@H]1CN(C(=O)CC=Cc2cccc(F)c2)C[C@H]1O,,,0.0971681242902877
NC(=O)C[C@@H]1CN(C(=O)c2[nH]ccc2-c2ccccc2)C[C@H]1O,,,-0.027394818686695098
NC(=O)C[C@@H]1CN(C(=O)c2cccc(Cc3ccccn3)c2)C[C@H]1O,,,0.09872054951343436
NC(=O)C[C@H](N)C(=O)O,,,-0.06396025174511645
NC(=O)Cc1ccc(NC(=O)c2cc(F)cc(N3CCOCC3)c2)cc1,,,-0.08841027489222189
NC(=O)Cn1ccc(NC(=O)c2c(Cl)cccc2OCC2CC2)n1,,,-0.0015492002614005
NC(=O)N1CCC(NC(=O)c2cccc(C(F)(F)F)c2)C1,,,0.33788098919516
NC(=O)N1CCC(NC(=O)c2cccc(OC3CCCC3)c2)C1,,,0.3146923393714541
NC(=O)N1CCc2cc(NC(=O)CN3CCC(c4ccccc4)NC3=O)ccc21,,,0.06560614680796616
NC(=O)N1c2ccccc2C=Cc2ccccc21,,,0.35123371163752276
NC(=O)N1c2ccccc2CC(=O)c2ccccc21,,,0.13136126550328645
NC(=O)NC(=O)C1CCC(NC(=O)c2cccc3c2OCCO3)CC1,,,0.5998761739505281
NC(=O)NC(=O)CCNC(=O)c1nc(N)cc2ccccc12,,,0.1449099395284292
NC(=O)NC(=O)c1cccc(NC(=O)C2Cc3ccccc3C(=O)O2)c1,,,0.2610155060694884
NC(=O)NC(CO)C(=O)N1CCC(c2cccc(F)c2)CC1,,,-0.07935520869659755
NC(=O)NC(CO)C(=O)N1CCN(c2ccc(F)cc2Cl)CC1,,,-0.0610338917702858
NC(=O)NC1NC(=O)NC1=O,,,-0.075565915216724
NC(=O)NCc1ccc(C(=O)NC2CC23CCCCC3)cc1,,,0.2346436279035803
NC(=O)NN=Cc1ccc([N+](=O)[O-])o1,,,-0.013442914778152501
NC(=O)NO,1.79,1.86,-0.26890999293957135
NC(=O)N[C@@H](CCC(=O)O)C(=O)O,,,0.246960865825141
NC(=O)Nc1ccc(CNC(=O)C2CCN(C(=O)N3CCCC3)CC2)cc1,,,0.024140988841211054
NC(=O)Nc1ccc(NC(=O)CNC(=O)C2CCCCC2)cc1,,,-0.1052931035819574
NC(=O)Nc1ccc(NC(=O)CSc2nnc(-c3ccc(F)cc3)n2-c2ccccc2)cc1,,,0.6629403426471456
NC(=O)Nc1cccc(C(=O)NC2CCc3cn[nH]c3C2)c1,,,0.4783601870453869
NC(=O)Nc1cccc(NC(=O)c2cc(-c3ccc4c(c3)CCO4)no2)c1,,,0.21836049261260315
NC(=O)OCC(COC(N)=O)c1ccccc1,,,0.1280843066693881
NC(=O)[C@@H]1CC[C@H](NC(=O)N2CC(c3ccccc3)C3(CCC3)C2)C1,4.86,3.62,1.0535915080175031
NC(=O)[C@@H]1CSSCCC(=O)N[C@@H](CCCCN=C(N)N)C(=O)NCC(=O)N[C@@H](CC(=O)O)C(=O)N[C@@H](Cc2c[nH]c3ccccc23)C(=O)N2CCC[C@H]2C(=O)N1,,,-0.025294213899779146
NC(=O)[C@@H]1Cc2ccccc2CN1C(=O)CC1CCCC(=O)N1,,,0.25069460398660737
NC(=O)[C@@H]1Cc2ccccc2CN1C(=O)Cn1cc2ccccc2n1,,,0.6966009303076438
NC(=O)[C@@H]1Cc2ccccc2CN1C(=O)c1ccc2ccc(Cl)cc2n1,4.49,4.41,0.691174766140481
NC(=O)[C@H]1CCCN1C(=O)c1ccc(-c2nc(C3CC3)n[nH]2)cc1,,,-0.0404472246544939
NC(=O)[C@H]1CC[C@@H](C(=O)N2CCN(C(=O)c3ccc(C(F)(F)F)cc3)CC2)O1,3.33,3.88,-0.16435492583454858
NC(=O)[C@H]1CC[C@@H](C(=O)N2CCc3cc(-c4cccc(F)c4)ccc32)O1,,,0.237727864100051
NC(=O)[C@H]1CC[C@@H](C2CCN(C(=O)Cc3cc4ccccc4o3)CC2)O1,,,0.39088625648053815
NC(=O)[C@H]1CN(C(=O)N2CCc3ccccc32)C[C@@H]1C(F)(F)F,,,0.4912985493804093
NC(=O)[C@]12CCC[C@H]1CN(C(=O)c1coc(C3CCOCC3)n1)C2,,,0.06166147153389645
NC(=O)[C@]12CCC[C@H]1CN(C[C@@H](O)c1cc3ccccc3o1)C2,,,0.3935197888274699
NC(=O)c1c(F)cccc1N1CCC(OCC2CC2)CC1,,,0.2014101530376555
NC(=O)c1cc(-c2ccccc2Cl)n(-c2ccccc2)n1,,,0.7296332339375288
NC(=O)c1cc(C(=O)NCC2CC3(CC3)CN2C(=O)c2cnc3[nH]ccc3c2)n[nH]1,,,0.07870719683633565
NC(=O)c1cc(C(=O)NCc2noc(C(F)(F)F)n2)nn1-c1ccccc1,,,0.002817757923199
NC(=O)c1cc(C(=O)N[C@H]2C[C@H](c3ccccc3F)C2)c[nH]1,,,0.0811311344897522
NC(=O)c1cc(C(=O)Nc2cccc3c2CCN3)nn1-c1ccccc1,,,0.07611308382441459
NC(=O)c1cc(C(=O)Nc2nc(-c3ccc4c(c3)OCO4)cs2)nn1-c1ccccc1,1.74,2.2,-0.3793311553041328
NC(=O)c1cc(C2CCCN(C(=O)c3ccc(C#Cc4ccccc4)cc3)C2)n[nH]1,,,0.7022986857464644
NC(=O)c1cc(F)ccc1N1CCN(C(=O)[C@H]2CCOC2)CC1,,,0.0641040069568286
NC(=O)c1cc(F)ccc1N1CCN(c2ncnc3nc[nH]c23)CC1,,,0.2761821061038957
NC(=O)c1cc(N2CC(Cc3ccc(Br)cc3)C2)ncn1,,,0.4316487039572026
NC(=O)c1cc(N2CCCC2c2ccc(Cl)cc2)ncn1,4.83,3.94,1.306370070956355
NC(=O)c1cc(NC(=O)C2CCCCC2C(=O)N2CCCC2)c[nH]1,,,0.08789502947580764
NC(=O)c1cc(NC(=O)NC(c2ccc(F)cc2)c2cccnc2)ccc1F,,,0.41943438638315644
NC(=O)c1cc(NC(=O)c2c[nH]nc2-c2ccc(Cl)cc2)ccc1Cl,4.12,4.12,0.7932182283942564
NC(=O)c1cc(NC(=O)c2csc(C3CCCCC3)c2)c[nH]1,4.5,4.11,1.1594852021607296
NC(=O)c1cc(NC(=O)c2sccc2S(=O)(=O)N2CCCC2)ccc1F,5.06,3.16,0.9119286148177785
NC(=O)c1cc(OC2CCN(C(=O)COc3ccccc3Cl)CC2)ccn1,,,0.3855431122185405
NC(=O)c1cc([N+](=O)[O-])cc([N+](=O)[O-])c1,,,0.18736859349336277
NC(=O)c1cc2cc(-c3ccc4ccc(=O)[nH]c4c3)ccc2[nH]1,,,0.09756986553448135
NC(=O)c1ccc(-c2nc(CN3CCN(c4ccc(F)cn4)CC3)cs2)cc1,,,0.07615911048082115
NC(=O)c1ccc(-c2noc(C3(c4ccc(F)cc4F)CCC3)n2)cn1,,,0.4729569409913025
NC(=O)c1ccc(C(=O)N(CC(F)(F)F)C2CCCC2)s1,4.84,4.14,1.1661397157633402
NC(=O)c1ccc(C(=O)N2CC(c3ccccc3)C3CCCC32)s1,4.97,5.18,0.8556374247831691
NC(=O)c1ccc(C(=O)N2CC3(CCCC3)c3cccc(Cl)c32)s1,5.89,3.17,0.9421092310316164
NC(=O)c1ccc(C(=O)Nc2ccc3c(c2)C(O)CCCC3)cc1,,,0.2286503536098154
NC(=O)c1ccc(CCC(=O)N2CCN(C3CCC3)CC2)cc1,,,0.21281987734306984
NC(=O)c1ccc(CN(C2CC2)S(=O)(=O)CCc2ccc(C(F)(F)F)cc2)c(F)c1,,,0.833011067281482
NC(=O)c1ccc(CNC(=O)N2CCCC(OCC3CC3)C2)cc1,,,0.12695726922770303
NC(=O)c1ccc(CNC(=O)N2CCN(c3nn4cc(-c5ccc(F)cc5)nc4s3)CC2)o1,,,-0.0623166351209284
NC(=O)c1ccc(CNC(=O)NCCc2ccccc2OC(F)(F)F)cn1,,,0.5266711411219441
NC(=O)c1ccc(Cn2cnc3c(C(F)(F)F)cccc3c2=O)cc1,,,0.2667149843908316
NC(=O)c1ccc(F)c(C(=O)NCCC2CCc3ccccc32)c1,,,0.184773920838701
NC(=O)c1ccc(F)c(NC(=O)c2nn(Cc3ccccc3)c(=O)c3ccccc23)c1,,,0.4638919647636762
NC(=O)c1ccc(N2CCN(C(=O)c3ncc4n3CCCC4)CC2)cc1,,,-0.0563684486142709
NC(=O)c1ccc(N2CCN(CCCC3CCOCC3)CC2)cc1,,,-0.006363678932114945
NC(=O)c1ccc(NC(=O)CCN2CCCC(Nc3ccccc3)C2)cc1,,,0.1422631745902073
NC(=O)c1ccc(NC(=O)NCCN2CCc3sccc3C2)cc1,,,0.17031130377917442
NC(=O)c1ccc(NC(=O)c2ccc(F)cn2)cc1N1CCCCC1,,,0.22757460797895057
NC(=O)c1ccc(NC(=O)c2cnc(Oc3ccccc3)cn2)cc1,,,0.0393443048312053
NC(=O)c1ccc(NCc2ncnn2-c2ccccc2)cc1Cl,,,0.3570240534993334
NC(=O)c1ccc(OCC(=O)N2CCCC2Cc2ccccc2)cc1,4.36,4.15,1.3620831150639892
NC(=O)c1ccc(S(=O)(=O)N[C@H]2C[C@H](c3ccccc3F)C2)cc1,5.05,2.86,1.3219612888828076
NC(=O)c1ccc2[nH]c(NC(=O)c3csc(-c4c(F)cccc4F)n3)nc2c1,,,0.09435327665339165
NC(=O)c1ccc2[nH]c(NC(=O)c3csc(NC4CC4)n3)nc2c1,,,-0.46446888954342547
NC(=O)c1ccc2c(c1)CN(C(=O)Cc1ccc(F)cc1C(F)(F)F)CC2,,,0.5132140890854406
NC(=O)c1cccc(-c2cn(-c3cccc(C(N)=O)c3)nn2)c1,,,-0.0091028023924279
NC(=O)c1cccc(C(=O)N2C3CCC2CC(CC(F)(F)F)C3)c1,,,0.31321985314147444
NC(=O)c1cccc(C(=O)N2CCCCC2c2ncc[nH]2)c1,,,-0.008332714755113907
NC(=O)c1cccc(C(=O)N2CCc3ccccc3C2CNC(=O)c2ccc(=O)[nH]n2)n1,,,0.0472563096606007
NC(=O)c1cccc(C(=O)Nc2cccc(C(F)(F)F)c2)c1,,,0.38142302598542444
NC(=O)c1cccc(C(=O)Nc2nccn2Cc2ccccc2)c1,,,0.3990033665183733
NC(=O)c1cccc(CCNC(=O)N2CCC3C(CCCN3C3CC3)C2)c1,,,-0.0948256534039803
NC(=O)c1cccc(NC(=O)C2=NN(Cc3ccccc3)C(=O)CC2)c1,,,0.17657352138523508
NC(=O)c1cccc(NC(=O)NCC2C3CC4CC(C3)CC2C4)c1,4.94,,1.3486446884945855
NC(=O)c1cccc2cn(-c3ccc([C@@H]4CCCNC4)cc3)nc12,,,0.3418161777508099
NC(=O)c1ccccc1NCC(=O)N1CCC(c2noc3cc(F)ccc23)CC1,5.05,5.46,1.0383043970256645
NC(=O)c1ccccc1O,,,-0.0883244910409371
NC(=O)c1ccccc1Oc1ccc(NC(=O)NCc2ccc(Cl)cn2)cc1,,,-0.0861687310878558
NC(=O)c1ccccc1Oc1ccc(NC(=O)c2ccc3nc(C(F)(F)F)cn3c2)cc1,1.84,,
NC(=O)c1ccccc1SCCCn1c(=O)[nH]c2ccccc21,,,0.5921921301860542
NC(=O)c1cccnc1,,,0.18122039702845766
NC(=O)c1cccnc1N1CCN(C(=O)N2CCc3ccccc32)CC1,,,0.39253617457613244
NC(=O)c1cn(C2CCN(C(=O)NC3CCC4CC4C3)CC2)nn1,,,0.0348228259909476
NC(=O)c1cn(CC(=O)N2CCC(c3ccco3)C2)c2ccccc12,,,0.2257277276957056
NC(=O)c1cn(CC(=O)N2CCCCCC2c2ncon2)c2ccccc12,,,0.6633641381975842
NC(=O)c1cn(Cc2c(F)cccc2F)nn1,,,0.0005140570435745
NC(=O)c1cn(Cc2nc(-c3ccco3)no2)c2ccccc12,,,0.19903480457714312
NC(=O)c1cnc(N2CC(Cc3ccc(F)c(F)c3)C2)c(Cl)c1,,,0.4457633916384054
NC(=O)c1cnccc1N1CCC(c2ccccn2)CC1,,,-0.0080525509513604
NC(=O)c1cnccn1,,,-0.13001679566533705
NC(=O)c1cnn2c(C(=O)N3CCC(c4nccs4)CC3)ccnc12,,,0.1379728103055144
NC(=O)c1csc(C(=O)N2CCC(N3CCc4ccccc4C3)CC2)c1,,,0.26305458633131745
NC(=O)c1n[nH]c2ccc(NC(=O)c3nccc4ccccc34)cc12,3.89,5.04,0.8081212158351355
NC(=O)c1nc(F)cnc1O,,,0.021599273326964846
NC(=O)c1ncn([C@@H]2O[C@H](CO)[C@@H](O)[C@H]2O)n1,,,0.5609005165602693
NC(=O)c1ncn2c1NC(=O)C(CC(=O)Nc1ccc(-c3nc4cc(F)ccc4[nH]3)cc1)C2,,,0.1622849048352086
NC(=O)c1nn(CC(O)CN2C(=O)c3ccccc3C2=O)c(=O)c2ccccc12,,,0.14350847416331164
NC(=O)c1nnc(N2CCC(CNC(=O)C3(F)CCC3)C23CC3)s1,,,0.28817023755434074
NC(=O)c1noc(CNC(=O)c2ccc(Oc3ccccc3)o2)n1,3.04,,
NC(=O)c1oc2ccccc2c1NC(=O)CCC=Cc1ccccc1,4.35,4.98,0.8795687119242339
NC(=O)c1sccc1S(=O)(=O)NC(=O)c1ccc(NC(=O)c2ccccc2)cc1,,,0.05158892110370135
NC(CO)(CO)CO,,,0.15440099795563975
NC(N)=NC(=O)Cc1c(Cl)cccc1Cl,,,0.29739754828874676
NC(N)=NC(=O)c1nc(Cl)c(N)nc1N,,,0.46538190438843374
NC(N)=O,,,0.0209986458981712
NC12CC3CC(CC(C3)C1)C2,,,-0.13464978650172493
NC1=NCC2c3ccccc3Cc3ccccc3N12,,,0.11230320245426975
NC1=Nc2nc3cc4c(cc3n2C(c2cccc(OCc3ccc(F)cc3F)c2)N1)OCCCO4,,,0.44430134692649964
NC1CCCC1,1.93,,
NC1CCCCC1,2.05,,
NC1CCCCCC1,2.69,,
NC1CCN(Cc2ccccc2)CC1,1.98,,
NCC(=O)CCC(=O)O,,,0.14692145271541368
NCC(=O)O,,,-0.1130643118373639
NCC(CC(=O)O)c1ccc(Cl)cc1,,,-0.004848625089647951
NCC(CC(=O)O)c1ccccc1,,,-0.12664860248376975
NCC(NC(=O)[C@@H]1CCCN1)c1ccc2ccccc2c1,,,-0.10206908956842686
NCC(O)CC(=O)O,,,-0.08315404527189735
NCC1(CC(=O)O)CCCCC1,,,-0.00963168399492605
NCC1CCCO1,1.92,,
NCCC(O)(P(=O)(O)O)P(=O)(O)O,,,-0.12473177280913834
NCCCC(=O)O,,,0.0456541599699274
NCCCC(N)(C(=O)O)C(F)F,,,0.10401813318820491
NCCCC(O)(P(=O)(O)O)P(=O)(O)O,2.44,2.98,-0.1870262866074077
NCCCCCC(=O)O,,,-0.054947779522225404
NCCCC[C@H](N)C(=O)O,,,0.18898052984733088
NCCCC[C@H](N[C@@H](CCc1ccccc1)C(=O)O)C(=O)N1CCC[C@H]1C(=O)O,,,-0.09541659689458505
NCCCN1CCOCC1,2.4,,
NCCCNCCSP(=O)(O)O,2.97,2.45,-0.1746170733806317
NCCC[C@H](N)C(=O)O,,,0.17440094302304576
NCCCc1ccccc1,2.2,,
NCCCn1ccnc1,2.82,,
NCCN1CCOCC1,1.82,,
NCCO,2.86,,
NCCS,,,-0.014236017584385655
NCCS(=O)(=O)O,2.515,2.98,-0.28035836793405905
NCCc1c[nH]c2c(OCc3ccccc3)cccc12,,,0.43203895803177583
NCCc1c[nH]c2ccc(O)cc12,,,0.20940026738388864
NCCc1c[nH]c2ccccc12,2.81,,
NCCc1c[nH]cn1,,,0.0696377372489985
NCCc1cc[nH]n1,,,-0.0332319958320386
NCCc1ccc(O)c(O)c1,,,0.05186921395667915
NCCc1ccc(S(N)(=O)=O)cc1,2.91,,
NCCc1ccccc1,2.12,,
NC[C@H]1CC[C@H](C(=O)O)CC1,,,-0.10122258820999906
NCc1ccc(C(=O)NCCc2nc(N)cc(O)n2)cc1,3.76,,
NCc1ccc(Cl)cc1,2.67,,
NCc1ccc(S(N)(=O)=O)cc1,2.57,2.89,0.007816447862823997
NCc1ccc2c(c1)OCO2,2.64,,
NCc1ccccc1CN1CCCC1,1.95,,
NCc1ccccc1Cl,2.64,,
NCc1ccccn1,2.02,,
NCc1cccnc1,1.92,,
NCc1cccs1,2.51,,
NCc1ccncc1,2.85,,
NNC(=O)c1ccncc1,,,-0.1065790457723172
NNCCc1ccccc1,,,0.4596007690918024
NNc1nncc2ccccc12,,,0.22451166605008727
NS(=O)(=O)C1(c2cn(-c3ccccc3C(=O)O)nn2)CC1,,,0.2215583137773642
NS(=O)(=O)C1CCCN(C(=O)Cc2ccc3c(c2)CCCC3)C1,,,0.305735443696998
NS(=O)(=O)C1CCN(c2noc(-c3ccccc3)n2)CC1,,,-0.0670739637405288
NS(=O)(=O)CC1CCN(C(=O)NCC2CCCc3ccccc32)CC1,,,0.30553366820774164
NS(=O)(=O)CC1CCN(C(=O)NCc2nc(-c3ccccn3)no2)C1,2.95,,
NS(=O)(=O)CC1CCN(C(=O)c2cc3c([nH]2)CCCC3)C1,,,0.06702222291877326
NS(=O)(=O)CC1CCN(C(=O)c2ccc(-c3ccccc3)o2)C1,,,0.1005333281680524
NS(=O)(=O)CC1CCN(C(=O)c2ccnn2-c2ccccc2)C1,,,0.08890552026319914
NS(=O)(=O)CC1CCN(Cc2ccn(-c3cccc(F)c3)n2)C1,,,0.07553743638106394
NS(=O)(=O)Cc1cccc(NC(=O)C2CCCN(c3ncnc4sccc34)C2)c1,,,-0.10371961346786684
NS(=O)(=O)Cc1noc2ccccc12,,,0.0625327554159843
NS(=O)(=O)N1CCC(C(=O)NCc2ccc(-n3ccnc3)c(F)c2)CC1,,,-0.14514868682830925
NS(=O)(=O)N1CCC(C(=O)Nc2ccn(-c3ccc(Cl)cc3)n2)CC1,,,0.08982580935590245
NS(=O)(=O)N1CCCN(C(=O)c2ccnc3ccccc23)CC1,,,0.1441157513081508
NS(=O)(=O)N1CCCN(c2nc(-c3ccncc3)nc3ccccc23)CC1,4.34,4.68,0.8967616197691988
NS(=O)(=O)N1CCN(C(=O)c2cc3ncccc3s2)CC1,,,0.14392254652595415
NS(=O)(=O)N1CCN(C(=O)c2ccc3ncc(=O)[nH]c3c2)CC1,,,-0.09385794967534336
NS(=O)(=O)c1c[nH]c2ncc(-c3ccc(C4(O)CCC4)cc3)cc12,,,0.013122805771105993
NS(=O)(=O)c1cc(C(=O)N2CCN(C3CCOCC3)CC2)cs1,,,0.1034630599604731
NS(=O)(=O)c1cc(C(=O)O)c(NCc2ccco2)cc1Cl,,,0.051772626575859806
NS(=O)(=O)c1cc(C2(O)NC(=O)c3ccccc32)ccc1Cl,,,0.12413093158878466
NS(=O)(=O)c1cc(Cl)c(Cl)c(S(N)(=O)=O)c1,,,-0.0793460849877245
NS(=O)(=O)c1cc2c(cc1C(F)(F)F)NC(Cc1ccccc1)NS2(=O)=O,,,0.39388287576926273
NS(=O)(=O)c1cc2c(cc1C(F)(F)F)NCNS2(=O)=O,,,0.08226921696265936
NS(=O)(=O)c1cc2c(cc1Cl)N=CNS2(=O)=O,,,0.21231675741395195
NS(=O)(=O)c1cc2c(cc1Cl)NC(C(Cl)Cl)NS2(=O)=O,,,0.0902416548069596
NS(=O)(=O)c1cc2c(cc1Cl)NCNS2(=O)=O,,,-0.1345892396796863
NS(=O)(=O)c1cc2c(s1)CCN(C(=O)[C@H]1C[C@@H]1c1cccc(O)c1)C2,,,0.37117609773783655
NS(=O)(=O)c1ccc(-c2noc(C(F)(F)c3ccccc3)n2)cc1,,,0.2836207756287781
NS(=O)(=O)c1ccc(-c2noc(C3CCSc4ccccc43)n2)cc1,,,0.5837729907413433
NS(=O)(=O)c1ccc(-n2cc(CC3(O)CCCCC3)nn2)cc1,,,-0.03024917706978405
NS(=O)(=O)c1ccc(C(=O)N2CCCOC(Cn3cccn3)C2)cc1,3.04,,
NS(=O)(=O)c1ccc(C(=O)N2CCOCC23CCCCC3)o1,,,0.5996248744257013
NS(=O)(=O)c1ccc(C2CCN(C(=O)c3ccncc3)CC2)cc1,,,-0.0179838062731951
NS(=O)(=O)c1ccc(CC(=O)N2CC(O)(C(F)(F)F)C2)s1,,,-0.2506674702156766
NS(=O)(=O)c1ccc(CC(=O)NCC(c2ccccc2)N2CCOCC2)s1,,,-0.20160043192679838
NS(=O)(=O)c1ccc(CCNC(=O)CSc2ccccc2)cc1,3.63,,
NS(=O)(=O)c1ccc(Cl)c(NC(=O)NC2COC3(CCCCC3)C2)c1,4.39,,
NS(=O)(=O)c1ccc(Cn2cc(-c3cncs3)nn2)cc1,,,-0.14750501206860062
NS(=O)(=O)c1ccc(NC(=O)N2CCc3cc(F)c(F)cc3C2)cc1,,,0.4037470006786926
NS(=O)(=O)c1ccc(Oc2ccc(NC(=O)C3CCCC3)cc2)cc1,1.78,2.36,
NS(=O)(=O)c1ccc2c(c1)N(C(=O)CCn1c(=O)[nH]c(=O)c3ccccc31)CC2,,,0.25492124600795046
NS(=O)(=O)c1cccc(Cc2noc(-c3cc(C4CC4)on3)n2)c1,,,0.0938634880459204
NS(=O)(=O)c1cccc(N2CC(C(=O)N3CCc4ccc(Cl)cc43)CC2=O)c1,4.29,4.92,0.8876823297719232
NS(=O)(=O)c1cnc(N2CC(c3ccc(O)cc3)C2)nc1,,,0.0109395307386352
NS(=O)(=O)c1cnc(N2CCCC(C3CCCCO3)C2)nc1,,,0.6441287332017956
NS(=O)(=O)c1sccc1CNC1Cc2ccc(Cl)cc2C1,5.14,4.15,1.4651330243515257
N[C@@H](CC(=O)N1CCn2c(nnc2C(F)(F)F)C1)Cc1cc(F)c(F)cc1F,,,-0.08194783899585774
N[C@@H](CC(=O)O)C(=O)O,,,0.1498655526555662
N[C@@H](CCC(=O)N[C@@H](CS)C(=O)NCC(=O)O)C(=O)O,,,-0.046088604727259
N[C@@H](CCC(=O)O)C(=O)O,,,0.3469578895015518
N[C@@H](CS)C(=O)O,,,0.3159524247824977
N[C@@H](CSCC(=O)O)C(=O)O,,,0.1436378921590005
N[C@@H](CSSC[C@H](N)C(=O)O)C(=O)O,,,0.1508042418332861
N[C@@H](Cc1c[nH]c2ccc(O)cc12)C(=O)O,,,-0.15784442768253765
N[C@@H](Cc1c[nH]c2ccccc12)C(=O)O,,,-0.00012840170419795016
N[C@@H](Cc1cc(I)c(Oc2cc(I)c(O)c(I)c2)c(I)c1)C(=O)O,,,0.25545476825053676
N[C@@H](Cc1cc(I)c(Oc2ccc(O)c(I)c2)c(I)c1)C(=O)O,,,0.3175708269304435
N[C@@H](Cc1ccc(O)c(O)c1)C(=O)O,,,-0.11378781733627576
N[C@@H](Cc1ccc(O)cc1)C(=O)O,,,-0.10701886595920204
N[C@@H](Cc1ccccc1)C(=O)O,,,0.1085409685383384
N[C@@H]1CCCCN(c2c(F)cc3c(=O)c(C(=O)O)cn(C4CC4)c3c2Cl)C1,,,0.042154575619719706
N[C@@H]1CCCN(C(=O)[C@@H](N)CCc2ccccc2)C1,,,0.08865193845014806
N[C@@H]1CONC1=O,,,0.10864263641718885
N[C@@H]1C[C@H]1c1ccccc1,,,-0.045076607657591306
N[C@@H]1[C@@H](O)[C@H](O)[C@@H](CO)O[C@H]1O,,,0.3676483009075421
N[C@H](CO)C(=O)O,2.02,1.9,-0.16569886549348495
N[C@H](CO)[C@H](O)c1ccc([N+](=O)[O-])cc1,2.22,,
Nc1[nH]c(=O)ncc1F,,,-0.10158040565135805
Nc1[nH]nc(C(=O)NC(Cn2cccn2)c2ccccc2)c1Cl,4.12,,
Nc1c(-c2cccs2)nc2ccccn12,3.92,,
Nc1c(C(=O)N2CCCc3n[nH]cc32)sc2cccnc12,,,-0.26104736738606055
Nc1c(C(=O)N2CC[C@H](OC(F)F)C2)cnn1-c1ccccn1,,,0.2537175819586865
Nc1c(C(=O)NCC(=O)N2CCCC2)cnn1-c1ccccc1,,,-0.16184965207074564
Nc1c(C(=O)Nc2ccc(CCC(F)(F)F)cc2)[nH]c(=O)[nH]c1=O,,,0.2164782078937019
Nc1c(C=O)c(=O)[nH]c(=O)n1-c1ccc(Cl)cc1,1.69,,
Nc1c(Cl)cncc1Cl,1.77,,
Nc1c2c(nc3ccccc13)CCCC2,,,0.21825148131567876
Nc1c2ccccc2nc2ccccc12,5.21,4.61,1.601719815288287
Nc1cc(-c2ccccc2)nn1-c1ccccc1,4.08,,
Nc1cc(-c2ccncc2)c[nH]c1=O,1.81,1.83,-0.34136523692968235
Nc1cc(C(=O)Nc2nc(C3CCOCC3)cs2)ccn1,,,-0.2522610509377461
Nc1cc(C(F)(F)F)ccc1Cl,2.45,,
Nc1cc(Cl)ccc1O,3.65,,
Nc1cc(N2CCCCC2)nc(N)[n+]1[O-],,,0.42960616612314556
Nc1ccc(-c2cccnc2)cc1,1.84,,
Nc1ccc(Br)cc1,2.0,,
Nc1ccc(C(=O)N2CCC[C@H]2COc2ccc(Cl)cc2)nc1,,,0.7427129668462056
Nc1ccc(C(=O)NCC(=O)O)cc1,,,-0.11987397180356324
Nc1ccc(C(=O)NCC2CC(=O)N(Cc3ccccc3)C2)cn1,,,0.0158227075140927
Nc1ccc(C(=O)Nc2ccc3[nH]c(-c4ccc(F)cc4)nc3c2)cn1,5.03,5.31,1.212564947595864
Nc1ccc(C(=O)O)c(O)c1,,,-0.10441049499116575
Nc1ccc(C(=O)O)cc1,,,0.10297566967768665
Nc1ccc(C(F)(F)F)cc1,2.97,,
Nc1ccc(C(O)(C(F)(F)F)C(F)(F)F)cc1,3.59,,
Nc1ccc(CC2CCN(C(=O)CCc3ccccc3F)CC2)cn1,,,0.4999228197423047
Nc1ccc(CNC(=O)c2cnc(-c3c(F)cccc3F)s2)cn1,,,0.1979974583552688
Nc1ccc(CSc2nnc(-c3cccnc3)n2C2CC2)nn1,,,0.0228726326015004
Nc1ccc(Cl)c(C(F)(F)F)c1,2.81,,
Nc1ccc(Cl)c(Cl)c1,2.39,,
Nc1ccc(Cl)cc1C(F)(F)F,1.91,,
Nc1ccc(F)cc1F,1.85,,
Nc1ccc(N)cc1,,,0.0917958652591107
Nc1ccc(N2CCCCC2)cc1,2.95,,
Nc1ccc(O)c(C(=O)O)c1,,,0.261608949459096
Nc1ccc(O)cc1,2.07,,
Nc1ccc(S(=O)(=O)Nc2ccccn2)cc1,2.65,2.96,0.0035935467372722003
Nc1ccc(S(=O)(=O)Nc2ncccn2)cc1,,,0.30457656862698973
Nc1ccc(S(=O)(=O)Nc2nccs2)cc1,,,0.14306955737394625
Nc1ccc(S(=O)(=O)c2ccc(N)cc2)cc1,,,0.09682115846644315
Nc1ccc(S(N)(=O)=O)cc1,1.78,1.93,-0.059644054413536755
Nc1ccc([N+](=O)[O-])c(C(F)(F)F)c1,2.44,,
Nc1ccc([N+](=O)[O-])cc1Cl,2.97,,
Nc1ccc([N+](=O)[O-])cn1,2.53,,
Nc1ccc2c(c1)OCO2,2.63,,
Nc1ccc2cc3ccc(N)cc3nc2c1,4.95,4.9,0.8629969022783442
Nc1cccc(C(F)(F)F)c1,2.91,,
Nc1cccc(Cl)c1,2.71,,
Nc1cccc([N+](=O)[O-])c1,1.96,,
Nc1cccc2c1C(=O)N(C1CCC(=O)NC1=O)C2=O,,,0.2599577522763749
Nc1cccc2c1CN(C1CCC(=O)NC1=O)C2=O,,,0.04563034132457025
Nc1ccccc1,3.22,,
Nc1ccccc1-c1ccc(Cl)cc1,1.94,,
Nc1ccccc1-c1ccccc1,1.87,,
Nc1ccccc1N1CCCC1,2.09,,
Nc1ccn([C@@H]2O[C@H](CO)[C@@H](O)C2(F)F)c(=O)n1,,,-0.5960547034636798
Nc1ccn([C@@H]2O[C@H](CO)[C@@H](O)[C@@H]2O)c(=O)n1,1.79,1.85,-0.36181747083278853
Nc1ccn([C@@H]2O[C@H](CO)[C@@H](O)[C@H]2O)c(=O)n1,,,0.020305381288563896
Nc1ccn([C@H]2CC[C@@H](CO)O2)c(=O)n1,,,0.26313478539725155
Nc1ccn2ncc(C(=O)NC3CC(=O)N(C4CC4)C3)c2c1,2.65,1.99,-0.14159710115380197
Nc1ccnc(CN2CCC(c3nc(-c4ccccc4)no3)CC2)n1,,,-0.022745464267687646
Nc1ccncc1,3.68,3.13,0.0024438978243603495
Nc1ccncc1N,,,-0.09105206159923224
Nc1cncc(C(=O)NCC2CC3CCC2N(C(=O)c2c[nH]nn2)C3)c1,,,0.12165460463812955
Nc1n[nH]c(CNc2ncnc3[nH]c4cc(Br)ccc4c23)n1,,,-0.14944235943947015
Nc1nc(-c2ccccc2C(=O)O)cc(N2CCOCC2)n1,2.56,,
Nc1nc(=O)c2c([nH]1)NCC(CNc1ccc(C(=O)N[C@@H](CCC(=O)O)C(=O)O)cc1)N2C=O,,,-0.09337209325159045
Nc1nc(=O)c2ncn(COC(CO)CO)c2[nH]1,,,-0.14692270741119878
Nc1nc(=O)c2ncn(COCCO)c2[nH]1,,,-0.012328894341433149
Nc1nc(=O)c2nn(-c3cccc(C(=O)NCc4cc(Cl)cc(Cl)c4)c3)nc2[nH]1,,,0.1321251318464575
Nc1nc(=O)n([C@@H]2CS[C@H](CO)O2)cc1F,,,0.1213655992133943
Nc1nc(=S)c2[nH]cnc2[nH]1,1.79,3.24,-0.4701217216321273
Nc1nc(C(=O)NCCCOc2ccc(F)cc2)c(-c2ccccc2)s1,,,0.4122565406077437
Nc1nc(C2CC2)ncc1C(=O)NCc1ccc2c(c1)C(=O)N(C1CCC(=O)NC1=O)C2,,,0.20100865243629595
Nc1nc(C2CC2)ncc1C(=O)Nc1ccc(Nc2ncccn2)cc1,,,-0.05034415559564225
Nc1nc(CC(=O)Nc2ccc(CCNC[C@H](O)c3ccccc3)cc2)cs1,,,0.19959065921137348
Nc1nc(CCC(=O)NCc2ccc(S(N)(=O)=O)cc2)cs1,2.9,,
Nc1nc(CCCNC(=O)C2Cc3ccccc3S(=O)(=O)N2)cs1,3.87,,
Nc1nc(COC(=O)c2cncc(-c3ccccc3)c2)nc2ccccc12,4.81,4.97,1.1021958221744756
Nc1nc(Cl)nc2c1ncn2[C@@H]1O[C@H](CO)[C@@H](O)[C@@H]1F,3.29,1.91,
Nc1nc(F)nc2c1ncn2[C@@H]1O[C@H](CO)[C@@H](O)[C@@H]1O,1.99,1.83,-0.2355335748018528
Nc1nc(F)nc2c1ncn2[C@@H]1O[C@H](COP(=O)(O)O)[C@@H](O)[C@@H]1O,,,-0.1782381792749334
Nc1nc(N)c2nc(-c3ccccc3)c(N)nc2n1,,,0.06806752505264815
Nc1nc(N)nc(NC2CC2)n1,,,-0.1336163732277427
Nc1nc(NC2CC2)c2ncn([C@H]3C=C[C@@H](CO)C3)c2n1,,,-0.1572181871426596
Nc1nc(NCc2cc(-c3ccccn3)no2)cc(C2CC(O)C2)n1,3.08,,
Nc1nc(O)c2nc(CNc3ccc(C(=O)N[C@@H](CCC(=O)O)C(=O)O)cc3)cnc2n1,,,-0.08940325403849446
Nc1nc2[nH]cc(CCc3ccc(C(=O)N[C@H](CCC(=O)O)C(=O)O)cc3)c2c(=O)[nH]1,1.96,1.89,-0.19446371659283151
Nc1nc2c(ncn2CCC(CO)CO)c(=O)[nH]1,,,-0.11411070289528075
Nc1nc2ccc(Cl)cc2s1,3.58,,
Nc1nc2ccc(OC(F)(F)F)cc2s1,,,0.1645242776510411
Nc1nc2ccc([N+](=O)[O-])cc2s1,2.06,,
Nc1nc2ccccc2s1,3.11,,
Nc1ncc(C(=O)N2CCN(C(=O)CC(F)(F)F)CC2)cc1Cl,,,-0.067084373605011
Nc1ncc(C(=O)NC2CN(C(c3ccccc3)c3ccccc3)C2)o1,4.24,4.82,0.6922121741733743
Nc1ncc(Cl)cc1S(=O)(=O)Nc1cccc(CC(=O)O)c1,,,0.2255836167612777
Nc1ncc([N+](=O)[O-])s1,1.79,,
Nc1ncc2c(n1)CN(C(=O)CNc1cccc(C(F)(F)F)c1)CC2,,,0.15613582745265514
Nc1nccc(C2CCCN(C(=O)c3ccc(OC4CCCC4)nc3)C2)n1,4.99,,1.3672273872821037
Nc1nccc(C2CCCN(C(=O)c3coc(C4CCCCC4)n3)C2)n1,5.06,1.97,0.9514949194160466
Nc1nccnc1C(=O)N1CCCC1c1ccccc1C(F)(F)F,4.82,2.44,0.9950228783896946
Nc1nccnc1C(=O)Nc1cccc(-c2n[nH]c3c2CCCC3)c1,,,0.44069807890372736
Nc1nccnc1C(=O)Nc1ccccc1-n1cccn1,,,0.02278283779096
Nc1nccs1,2.83,,
Nc1ncn([C@@H]2O[C@H](CO)[C@@H](O)[C@H]2O)c(=O)n1,3.29,2.59,-0.4309072911232916
Nc1ncn([C@H]2C[C@H](O)[C@@H](CO)O2)c(=O)n1,,,-0.712523098780878
Nc1ncnc2c1CN(C(=O)C1CC(c3cccc(F)c3)C1)CC2,,,-0.207734280925141
Nc1ncnc2c1ncn2CCOCP(=O)(O)O,1.86,2.67,-0.17352983866904612
Nc1ncnc2c1ncn2[C@@H]1O[C@H](CO)[C@@H](O)[C@H]1O,,,0.11073128452917905
Nc1ncnc2c1ncn2[C@@H]1O[C@H](COP(=O)(O)O)[C@@H](O)[C@H]1O,2.51,1.82,-0.2538112236393746
Nc1ncnc2cc(C(=O)N3CCC(C(F)(F)F)C3)ccc12,,,0.3651341023368345
Nc1ncnc2nc[nH]c12,,,-0.056866303119002544
Nc1nnc(-c2cccc(Cl)c2Cl)c(N)n1,,,-0.03465261483274775
Nc1nnc(-c2ccncc2)s1,2.41,,
Nc1nnc(C2CC2)s1,2.52,,
Nc1nnc(C2CCN(C(=O)COc3ccc(Cl)cc3Cl)CC2)[nH]1,,,0.28204103365699307
Nc1nnc(CCNC(=O)C2CCN(C(=O)C3CCCO3)CC2)s1,2.36,,
Nc1nnc(CCNC(=O)Nc2nc3c(s2)CCCC3)o1,,,0.28006787610818606
Nc1nnc(CNC(=O)Nc2cc(C(=O)N3CCCC3)ccc2Cl)s1,3.31,,
Nc1nnc(SCC(=O)NCc2csc(-c3ncccn3)n2)s1,2.77,,
Nc1nncc(-c2cccc(C(=O)N3CC4(CCC4)CC3C(F)(F)F)c2)n1,5.5,2.52,1.2792572507728426
Nc1nnnn1-c1cccc(C(=O)NC2CCC(C(F)F)CC2)c1,,,0.17580927772618632
Nc1nnnn1CC(=O)N(CCc1c[nH]c2ccccc12)Cc1cccnc1,3.73,,
Nc1nnnn1CC(=O)N1CCC(Oc2cccnc2)CC1,1.91,,
Nc1nnnn1CC(=O)NCCc1noc(-c2ccccc2)n1,2.55,,
Nc1noc2ccccc12,3.0,,
Nc1onc2c1CN(C(=O)CCc1cccc(OC(F)F)c1)CC2,,,-0.1716368648542992
O=C(/C=C/c1cccc(S(=O)(=O)Nc2ccccc2)c1)NO,3.28,2.07,-0.962724152767536
O=C(/C=C/c1ccccc1)NCCO,,,-0.013750573945446501
O=C(C(=O)N1CCn2c(nn(CC(F)F)c2=O)C1)N1CCn2c(nn(CC(F)F)c2=O)C1,,,0.26082040787805155
O=C(C(Cl)Cl)N1CCOC12CCCCC2,2.84,,
O=C(C(O)c1cccc(C(F)(F)F)c1)N1CCc2c(nc[nH]c2=O)C1,,,0.052397336288962704
O=C(C(O)c1cccc(C(F)(F)F)c1)N1CCc2ccccc2CC1,,,0.8292867545280705
O=C(C(O)c1cccnc1)N1CCC(c2nc(-c3ccccc3)no2)CC1,,,-0.2943003643645818
O=C(C(c1ccccc1)n1cc(-c2cncnc2)nn1)N1CCCCC1,4.9,2.91,0.8084220433209219
O=C(C1=CCSC1)N1CCC(n2nc(C3CC3)nc2O)CC1,,,-0.0638177713337985
O=C(C1=NOC(c2ccccc2)C1)N1CCC(Cc2nnn[nH]2)CC1,,,0.11127576438926065
O=C(C1CC(=O)N(c2ccccc2Cl)C1)N1CCc2ccc(O)cc2C1,,,0.3290701350449869
O=C(C1CC(=O)N(c2cn[nH]c2)C1)N1CCC(O)(C(F)(F)F)C1,,,0.18161836863175618
O=C(C1CC(c2ccccn2)=NO1)N1CCCC(Nc2cccc(Br)c2)C1,4.705,3.25,1.3924326419658084
O=C(C1CC1)N1CCCN(c2cccc(C(F)(F)F)n2)CC1,5.47,2.15,1.6628160321584438
O=C(C1CC1)N1CCCN(c2ccccc2S(=O)(=O)C(F)F)CC1,5.33,2.48,1.2400222847629239
O=C(C1CC1c1c(F)cccc1F)N1CCC(O)(c2ccc(-c3ccccc3)cc2)CC1,,,0.9569063647895562
O=C(C1CC1c1ccccc1Cl)N1CCn2ncnc2C1,,,0.2510103335721747
O=C(C1CC1c1ccccc1OC(F)(F)F)N1CC(O)(CO)C1,,,0.7151057956170299
O=C(C1CC=CCC1)N1CCC(S(=O)(=O)N2CCCCC2)CC1,,,0.362064279944863
O=C(C1CCC1)N(Cc1cccnc1)C1CCCN(S(=O)(=O)c2ccc(F)c(F)c2)C1,5.33,3.68,
O=C(C1CCC2(CCC2)CC1)N1CCC(S(=O)(=O)c2ccccc2)CC1,5.24,2.68,0.8843486899747979
O=C(C1CCCC1)N1CC(S(=O)(=O)NC2CC2c2c(F)cccc2F)C1,5.12,4.98,0.9418263600958248
O=C(C1CCCCC1)N1CC(=O)N2CCc3ccccc3C2C1,4.18,2.54,1.2321213964587376
O=C(C1CCCCC1)N1CC(N(Cc2ccccn2)C(=O)Nc2ccccc2)C1,4.76,,
O=C(C1CCCCN1C(=O)c1ccc(=O)[nH]n1)N1CC=C(c2ccccc2)C1,,,0.2231977868749245
O=C(C1CCCCN1C(=O)c1cnc(-c2ncccn2)s1)N1CCOCC1,,,0.1942171116391617
O=C(C1CCCCN1CCc1ccc(F)c(F)c1)N1CCOCC1,,,0.4961432299297618
O=C(C1CCCCO1)N1CC(O)(C(F)(F)F)c2cccnc21,,,0.6904941084961266
O=C(C1CCCN(c2ncccc2C(F)(F)F)C1)N1CCC2(CC1)OCCO2,4.69,1.88,0.8972371669236565
O=C(C1CCCN1C(=O)c1ccccc1)N1CCC(Oc2cccnc2)C1,,,0.3374480715640842
O=C(C1CCCc2cccnc21)N1CC(O)(c2ccc(Br)cc2)C1,5.25,,1.4126842934922506
O=C(C1CCN(CC(F)F)CC1)N1CCCC(Cn2cnc3ccccc32)C1,,,0.3552052513604995
O=C(C1CCN(c2ccc(F)cc2)C1=O)N1CCC(n2cccn2)C1,,,0.2343581018012948
O=C(C1CCN(c2ccc3nnnn3n2)CC1)N1CCCC(c2nc3ccccc3s2)C1,,,0.7839045459640714
O=C(C1CCN(c2nc3ccccc3o2)CC1)N1CCCC2(CCCc3ccccc32)C1,,,0.5659591663129033
O=C(C1CCS(=O)(=O)CC1)N(Cc1ccc(O)cc1)CC1CC1,,,0.016967748014066204
O=C(C1CCSc2ccccc21)N1CCC(c2ccncn2)CC1,,,0.3251448041338111
O=C(C1CCc2[nH]cnc2C1)N(CCO)Cc1cccnc1,,,0.5263144122392481
O=C(C1CCc2cn[nH]c2C1)N1CC2(CCC2)C1C1CCCO1,,,0.5109287771704727
O=C(C1CCc2ncncc2C1)N1CCN(c2cccc(Cl)c2)CC1,,,0.1503471095868146
O=C(C1CCc2ncsc2C1)N1CCC(n2cnc3c2CCCC3)C1,,,0.5097565642782703
O=C(C1CCc2nncn2C1)N1CCO[C@@H](c2ccc(Cl)cc2)C1,,,0.16102049008207325
O=C(C1CN2CCN1CC2)N1CCCCC1Cc1ccc(-c2nn[nH]n2)cc1,,,-0.0520845015008597
O=C(C1CNc2ccnn2C1)N1CCc2[nH]nc(-c3ccc(Cl)cc3)c2C1,,,0.25057167418263565
O=C(C1CNc2ncnn2C1)N1CCC(Cc2ccc(C(F)F)cc2)C1,,,0.1735952647585053
O=C(C1CS(=O)(=O)C1)N1CC2(CCNCC2)[C@H]2COC[C@H]21,,,0.055850618743225354
O=C(C1CSCN1C(=O)C1Cc2ccccc2C1)N1CCCC1,4.2,5.05,0.8628061666953963
O=C(C1Cc2ccccc2O1)N(Cc1ccccn1)C1CCNCC1,,,0.3943398989056217
O=C(C1SCCc2sccc21)N1CCC(c2ccncc2)CC1,1.83,3.24,
O=C(CC(=O)N1CCC(c2nccs2)CC1)NCC(F)(F)F,,,0.2849481659396175
O=C(CC(=O)N1CCCC1CCc1ccccc1)NCC(F)(F)F,4.88,2.99,0.8779501142730913
O=C(CC(C1CCC1)C1CCC1)N1CCC(c2cnccn2)C1,4.28,2.17,0.9598339993126708
O=C(CC(NC(=O)c1ccccc1Cl)c1ccccc1)NC1CCOC2(CCOC2)C1,,,0.3486474026206272
O=C(CC(O)C1CC1)NCCc1ccc(C(F)(F)F)cc1,,,0.0806126444855343
O=C(CC(O)c1ccc(Cl)cc1)N1CCCCC1c1ncc[nH]1,,,0.4500813261397054
O=C(CC(c1ccccc1)c1ccccc1)N1CCN(C(c2ccccc2)c2ccccc2)CC1,4.58,,
O=C(CC1(N2CCOCC2)CCCC1)NCc1ccc2c(c1)OCCO2,5.24,2.65,0.9763000363898038
O=C(CC1(O)CCC1)N1CCc2ccccc2[C@@H]1c1ccccc1,5.27,1.83,1.2339807514892631
O=C(CC1(c2ccccc2)CCCO1)Nc1nn(Cc2ccccc2F)cc1Br,6.215,1.82,1.2936574099860696
O=C(CC1=CCCCC1)N(Cc1ccccc1F)C1CCS(=O)(=O)C1,4.9,2.56,0.8789049423513059
O=C(CC1C=CCC1)N1CCC(Cn2cc(C3CC3)nn2)C1,,,0.692009698586251
O=C(CC1C=CS(=O)(=O)C1)N1CCC(OCc2cccnc2)CC1,3.21,,
O=C(CC1CC(F)C1)OCCOc1ccnc2ccccc12,,,0.0107692010141334
O=C(CC1CC2CCC1O2)Nc1ccc(Oc2ccncc2)c(Cl)c1,,,-0.0857461975985941
O=C(CC1CC=CC1)NS(=O)(=O)c1cc(Cl)cc2cccnc12,4.41,5.49,1.052371856496288
O=C(CC1CC=CCC1)Nc1cc(-c2nn[nH]n2)ccc1O,,,0.1885790890653721
O=C(CC1CCC(C(=O)O)CC1)NCCc1cc(F)ccc1F,,,0.24783938442433784
O=C(CC1CCC1)N1CCCC(c2cc(N3CCNCC3)[nH]n2)C1,,,0.3379312563176907
O=C(CC1CCCC1(F)F)NCc1ccc(-c2nnn[nH]2)cc1,,,-0.0332095715836104
O=C(CC1CCCC1(F)F)Nc1cccc(-c2ncc[nH]2)c1,,,0.5686149508707656
O=C(CC1CCCC1)N1CCC(Nc2nnc(-c3ccccc3)o2)C1,5.3,5.43,1.135320247880041
O=C(CC1CCCC1)Nc1ccccc1Cc1nn[nH]n1,,,-0.0456090683836843
O=C(CC1CCCCC1)N1CCCS(=O)(=O)CC1c1ccccc1,5.23,1.9,1.0461042272826493
O=C(CC1CCCCC1)NC1CCC(C(=O)NCc2c[nH]cn2)CC1,,,0.14677289867079557
O=C(CC1CCCN1)Nc1ccccc1-c1nc2ccccc2[nH]1,4.4,4.48,0.9480665648335385
O=C(CC1CCCNC1)Nc1ccc(-c2n[nH]c3c2COCC3)cc1,,,0.16028012429482685
O=C(CC1CCCO1)Nc1cccc(C(F)C(F)(F)F)c1,,,0.5065502411207874
O=C(CC1CCCO1)Nc1ccnn1Cc1ccc(Cl)s1,,,0.3582516509447225
O=C(CC1CCN(C(=O)CC2CC3CCC(C2)N3)CC1)N1CCOCC1,,,0.0914577536730026
O=C(CC1CCOC1)NC1CCN(C(=O)CCc2ccccc2)CC1,,,0.08802171049871055
O=C(CC1CCOC1)Nc1ccc(=O)n(Cc2cccc(Cl)c2)c1,,,0.4683414253998047
O=C(CC1CCS(=O)(=O)C1)N1CCCC1CCc1ccccc1,,,0.5727337297202679
O=C(CC1COCCN1)NS(=O)(=O)c1cccc2ncccc12,,,0.05032849511860555
O=C(CC1CSc2ccccc2NC1=O)NC1CCN(C2CC2)CC1,,,0.07987610820955865
O=C(CC1CSc2ccccc2O1)Nc1cccc(-c2nnn[nH]2)c1,,,0.1522629181396477
O=C(CC1Cn2c(nc3ccccc32)NC1=O)Nc1cccnc1,,,-0.0436728646338816
O=C(CC1OCCc2ccsc21)Nc1ccc(-n2cnnn2)c(F)c1,,,0.48592522138001026
O=C(CC1OCc2cc(Cl)ccc21)N1CCC(O)(c2ccn[nH]2)CC1,,,0.0474980968761077
O=C(CC1c2ccccc2Oc2ccccc21)N1CCN(c2ccccn2)CC1,4.28,,
O=C(CC=Cc1cccc(F)c1)NC12CCCC1NCC2,,,0.5071628709067912
O=C(CCC(=O)N1CCC(O)CC1)NCc1ccccc1-n1ccnc1,,,0.094174168967826
O=C(CCC(=O)N1CCC(O)CC1)N[C@@H]1C[C@H]1c1c(F)cccc1Cl,4.22,2.17,0.7007153383517712
O=C(CCC12CCC(CC1)C2)N[C@H]1CCC(=O)N[C@@H]1c1ccccc1,,,0.4957115520710797
O=C(CCC1CC1)NC1CCCN(C(=O)Cc2cc(C3CC3)on2)CC1,,,0.6739885002517121
O=C(CCC1CCCO1)N1CCC(C(O)c2ccccc2)CC1,,,0.08358982893958772
O=C(CCC1CCNCC1)Nc1ccc(-n2ccnc2)cc1,3.16,2.36,
O=C(CCC1CCNCC1)Nc1ccc(-n2nnc3ccccc32)cc1,,,0.4206668994922548
O=C(CCC1CCOCC1)Nc1n[nH]c2cc(F)ccc12,,,0.1963741428196798
O=C(CCC1NC(=O)NC1=O)NCc1coc(-c2ccccc2)n1,,,0.30328433907216407
O=C(CCC=Cc1ccccc1)Nc1ccccc1-n1ncc2c(=O)[nH]cnc21,,,0.44057014021864155
O=C(CCCC1CCCCC1)N1CCC(NC2CCOCC2)CC1,,,0.2502208150582383
O=C(CCCCCCC(=O)Nc1ccccc1)NO,3.25,2.62,-0.6844873328620995
O=C(CCCN1C(=O)c2cccc3cccc(c23)C1=O)N1CCc2ccccc2C1,4.91,,
O=C(CCCN1CC=C(n2c(=O)[nH]c3ccccc32)CC1)c1ccc(F)cc1,,,0.2722349005981501
O=C(CCCN1CCC(O)(c2ccc(Cl)cc2)CC1)c1ccc(F)cc1,4.75,1.82,1.3865936352057573
O=C(CCCN1CCC(n2c(=O)[nH]c3ccccc32)CC1)c1ccc(F)cc1,3.98,2.06,1.1049889762996354
O=C(CCCc1ccc2[nH]c(=O)[nH]c2c1)Nc1ccc(C(=O)Nc2cccnc2)cc1,,,0.0431333698346345
O=C(CCCc1cccnc1)Nc1ccc(-n2cccn2)cc1,,,0.5430510669202603
O=C(CCCc1cccs1)Nc1nc2c(s1)C(=O)NCC2,2.93,1.88,-0.3377936520150308
O=C(CCCn1ccnc1)N1CCC(Cc2ccc(F)cc2)CC1,5.33,2.02,
O=C(CCCn1cncn1)NC1CCCN(Cc2cccs2)C1,3.48,,
O=C(CCN1C(=O)CCC1=O)N1CCC(Cc2cccc(F)c2)CC1,,,0.5947215340038766
O=C(CCN1C(=O)CCC1=O)N1CCC(c2nc3cc(Cl)ccc3o2)CC1,,,0.3150741568234721
O=C(CCN1CC(O)CC1CO)NC(=O)NCc1ccccc1,,,-0.02548157219858855
O=C(CCN1CCC(NC(=O)C2CC2)CC1)Nc1cccc(Cl)c1,4.61,2.49,0.5903038750682992
O=C(CCN1CCC2CCC(O)C1C2)Nc1ccccc1,,,0.0173258453757767
O=C(CCN1CCCc2ccccc21)N[C@H]1CC[C@H](O)CC1,,,0.07655954758670916
O=C(CCN1CCOC(c2cccc(F)c2)C1)Nc1ccccc1,,,0.567431530849273
O=C(CCN1CCOC1=O)N1CCN(C(=O)c2ccc(F)cc2)CC1,,,0.0485696355477902
O=C(CCN1CCOCC1)Nc1cccc(CNCc2c[nH]nc2-c2ccc3c(c2)OCO3)c1,,,0.32783775750250826
O=C(CCN1Cc2ccccc2C1=O)N[C@@H]1CCOC[C@H]1OCCO,3.31,,
O=C(CCNC(=O)C1CCCN1C(=O)c1ccccc1O)NC1CCCCC1,4.45,2.34,0.7055228261526998
O=C(CCNC(=O)N1CCC(c2ccccn2)CC1)N1CCCCC1,,,0.1782272038444883
O=C(CCNC(=O)c1[nH]nc2ccccc12)N[C@H]1CCCc2ccccc21,,,0.8286522262120137
O=C(CCNC(=O)c1c[nH]c2ccccc12)Nc1ccc(-n2cnc3ccccc32)cc1,1.8,2.75,-0.2697763720189118
O=C(CCNC(=O)c1ccc2cn[nH]c2c1)N[C@@H]1CCN(C(=O)C2CCO2)C1,,,0.06847625821296675
O=C(CCNC(=O)c1ccncc1)NCc1ccc(-n2ccc(C(F)(F)F)n2)cc1,,,0.4530850035620781
O=C(CCOC1CCOCC1)N1CC[C@H]2CC[C@]21c1cccnc1,,,0.6253140438766804
O=C(CCS(=O)(=O)c1cccc(Br)c1)Nc1ncn(Cc2cccc(F)c2)n1,5.17,2.1,1.310662651505818
O=C(CCSc1ccc(Cl)cc1)N1CCCCCC1,5.37,,
O=C(CCSc1ccc(Cl)cc1)Nc1cccc(S(=O)(=O)Nc2cn[nH]c2)c1,,,0.1807312558517028
O=C(CCSc1nnc(-c2cccnc2)n1C1CC1)NCCc1ccccc1,,,0.32319288002081475
O=C(CC[C@@H]1CCCO1)NC(c1ccccc1)c1ccncc1,,,0.2945513399218659
O=C(CCc1c(-c2ccccc2)[nH]c2ccccc12)NC1CCn2ncnc2C1,,,0.38573823683656483
O=C(CCc1c[nH]c2ccccc12)N1CC[C@@H]2COCCN(Cc3cccnc3)[C@@H]2C1,4.77,,
O=C(CCc1c[nH]c2ccccc12)Nc1ccc(-c2nnc3n2CCCC3)cc1,4.71,,
O=C(CCc1c[nH]cn1)N1CCC(c2c[nH]c3cc(F)ccc23)CC1,,,0.42603223908388
O=C(CCc1ccc(-c2ccccc2)o1)N[C@H]1CCNC1=O,,,0.11416528572586135
O=C(CCc1ccc(=O)[nH]c1)N1CCC(c2ccncc2)CC1,,,0.027652157830031096
O=C(CCc1ccc(F)cc1)N1CCN(C(=O)C2COCCO2)CC(O)C1,,,0.1139672111030725
O=C(CCc1ccc(O)cc1)NCC1CCN(CC(O)c2ccccc2)CC1,,,0.24020638177885173
O=C(CCc1ccccc1)N1CCCN(C(=O)C2COc3ccccc32)CC1,5.31,3.16,1.1383380484489694
O=C(CCc1ccccc1)NCc1cccnc1,2.83,,
O=C(CCc1ccccc1Cl)N1CCCC1CN1CCOCC1,4.63,2.99,0.863319577653451
O=C(CCc1ccccc1F)N1CCC2(CC1)CC(O)CNC2=O,,,-0.1631191897916243
O=C(CCc1ccccc1N1CCOCC1)N1CCCCCC1CO,5.53,,2.2037851806158724
O=C(CCc1ccccn1)NC1(c2ccccc2F)COC1,,,0.5440313801822523
O=C(CCc1ccccn1)Nc1cnc2ccccc2c1,4.35,4.03,0.781591406125272
O=C(CCc1cccnc1)N1CCC(n2cc(Cl)cn2)C1,,,0.3992897790769798
O=C(CCc1cccnc1)N1CCN(c2cccc(Cl)c2)CC1,,,0.2968100377277765
O=C(CCc1ccncc1)N1CCC(Cc2ccccc2)C1,2.28,,-0.3117965637590075
O=C(CCc1ccncc1)N1CCC(c2n[nH]c(=O)o2)CC1,,,0.011436843584169
O=C(CCc1ccncn1)N1CCCc2cccc(O)c21,,,0.2014093001015743
O=C(CCc1cn[nH]c1)N1CC2CCN(C(=O)CC3CCCCC3)C(C2)C1,4.92,4.46,0.952479844664933
O=C(CCc1cnc2n1CCOC2)NC(CF)c1ccc(F)cc1,,,0.043886445026743395
O=C(CCc1nc(-c2cccc(Cl)c2)no1)N1CCOCC1,,,0.6195378201351737
O=C(CCc1nc(-c2ccco2)no1)N1CCOC(c2cccs2)C1,,,0.39663513094285374
O=C(CCc1nc(-c2ccncc2)no1)N1CCCCC1Cc1ccc(O)cc1,,,0.016368674047276797
O=C(CCc1nc(-c2ccoc2)no1)N1CCCC1CN1CCCC1,,,0.0711831932457692
O=C(CCc1nc(-c2ncccn2)no1)NCc1ccc2c(c1)OCCCO2,,,-0.07135671081969705
O=C(CCc1nc2ccccc2c(=O)[nH]1)N1CC(Oc2ccccc2)C1,,,0.4285620792734539
O=C(CCc1nc2ccccc2n1-c1ccccc1)NCc1ccc(O)cc1,5.3,6.18,1.2214276600718423
O=C(CCc1nc2ccccc2nc1O)NCc1n[nH]c(=O)[nH]1,2.54,,
O=C(CCc1nc2ccccc2s1)NC1CCN(C(=O)N2C[C@H]3C[C@@H](C2)[C@H]2CCCC(=O)N2C3)CC1,6.14,2.14,
O=C(CCn1[nH]c(=O)c2ccccc2c1=O)NC1c2ccccc2CC1O,,,0.29541514620409964
O=C(CCn1c(=O)oc2cc(Cl)ccc21)N1CCc2c(O)cccc2C1,,,0.3225581961033641
O=C(CCn1c(=O)oc2ccccc21)Nc1cccc(Cl)c1,5.29,4.34,
O=C(CCn1c(=O)oc2ccccc21)Nc1nc2ccccc2s1,4.75,,
O=C(CCn1c(C2CC2)nc2ccccc21)N[C@@H]1CC(Cn2cccn2)C[C@H]1O,,,0.0181220931238331
O=C(CCn1cc(Cl)cn1)N1CCC(CN2CCCC2=O)CC1,3.52,,
O=C(CCn1ccc2cc(Cl)ccc21)NC[C@H]1CCCC(=O)N1,,,0.3910947034839325
O=C(CCn1ccccc1=O)N1CCC(c2ccncc2)CC1,,,0.3306327066666938
O=C(CCn1cccn1)NCC1CCN(CCc2ccccc2)C1,,,0.4426715836625086
O=C(CCn1ccnn1)N1CCCC1CCc1ccccc1,,,0.7897483665549863
O=C(CCn1cnc2sccc2c1=O)N1CC(c2ccccc2)C2CCCCC21,,,0.6555126620019445
O=C(CN(CC1CCCO1)c1nc2ccc(F)cc2o1)N1CCCC1,4.61,4.26,0.8396577954401998
O=C(CN1C(=O)C2CCCCC2C1=O)NCc1ccc(-c2cccnc2)cc1,,,-0.0163016430295517
O=C(CN1C(=O)CN(c2ccccc2)C1=O)N1CCN(C(=O)C2CC2)CC1,,,-0.2292009666061398
O=C(CN1C(=O)CNC1=O)N1CCOC2(CCN(C(=O)c3ccco3)CC2)C1,2.67,,
O=C(CN1C(=O)CNC1=O)NCCc1noc(C2CCCC2)n1,2.53,,
O=C(CN1C(=O)CNC1=O)NCc1n[nH]c2c1CCCCC2,2.47,,
O=C(CN1C(=O)COc2ccc(Cl)cc21)N1CCC(c2ccco2)C1,4.79,2.29,0.7648982330911348
O=C(CN1C(=O)NC(c2cccs2)(C2CC2)C1=O)NC(Cc1ccccc1)C(=O)NC1CC1,4.81,2.37,0.8980279689820423
O=C(CN1C(=O)NC2(CCCCC2)C1=O)N1CCC(c2ccncn2)CC1,,,-0.1548111269777056
O=C(CN1C(=O)NC2(CCCCC2)C1=O)Nc1ncnn1-c1ncccn1,,,-0.03451282573024055
O=C(CN1C(=O)NC2(CCc3ccccc32)C1=O)Nc1nc2ccccc2nc1N1CCCC1,5.19,4.02,1.3195677750315584
O=C(CN1C(=O)c2cccc3cccc(c23)C1=O)N1CCCCCC1,5.23,2.63,
O=C(CN1C2CCC1CC2)N1N=C(c2ccc(Cl)cc2)CC1c1ccco1,,,0.5015704196612354
O=C(CN1CC(O)CC1CO)NC(=O)Nc1ccc2c(c1)OCCO2,,,0.18892609619886194
O=C(CN1CCC(CN2CCCCC2)C1)Nc1cc(F)ccc1F,,,0.5524751056469358
O=C(CN1CCC(F)(F)C(CO)C1)Nc1ccc2c(c1)CCC2,4.27,1.89,0.8032930628406785
O=C(CN1CCC(O)C(CO)C1)N1CC=C(c2ccccc2)CC1,,,0.045995429009674155
O=C(CN1CCC(c2c[nH]c3ncccc23)CC1)N1CCN(C2CCS(=O)(=O)C2)CC1,,,0.0306789886144275
O=C(CN1CCC(c2ccccc2)NC1=O)N1CCc2ccc(O)cc2CC1,,,0.494597045632518
O=C(CN1CCC(c2ccccn2)CC1)NC(=O)Nc1ccc2c(c1)OCO2,,,0.22407242087806328
O=C(CN1CCC(c2nc(-c3ccccc3)n[nH]2)CC1)N1CCNC1=O,,,0.1347508360488811
O=C(CN1CCCC1=O)NC(c1cccc(Cl)c1)c1ccccn1,,,0.7964455854731809
O=C(CN1CCCC2(CCCC2)C1)N1CCN(C(=O)Nc2ccccc2)CC1,,,0.48855577750414336
O=C(CN1CCCCC1=O)NC1CCN(C(=O)c2ccoc2)CC1,,,0.2512097860565605
O=C(CN1CCCCC1=O)Nc1ccc(Oc2nnn[nH]2)cc1,2.31,,
O=C(CN1CCCCCC1)Nc1ccc(NC(=O)Cn2cnc(-c3ccccc3)cc2=O)cc1,,,0.4989474768087295
O=C(CN1CCCN(C(=O)c2ccccc2)CC1)NCC1CCCO1,,,0.3001054249683447
O=C(CN1CCCOCC1)Nc1ccccc1N1CCCC1=O,,,0.2508308037236662
O=C(CN1CCCS1(=O)=O)NCC1Cc2ccccc2O1,,,0.0928622610854895
O=C(CN1CCN(C(=O)c2cccc(F)c2)CC1)NCCc1nc2ccccc2s1,4.99,2.4,0.8871883191364653
O=C(CN1CCN(C2CC2)C1=O)NC(C(=O)Nc1cncc2ccccc12)c1cccc(Cl)c1,5.23,3.94,1.094700923994545
O=C(CN1CCN(CC(O)C2CC2)CC1)N1CCc2ccccc21,,,-0.057517273261567
O=C(CN1CCN(c2cccc(F)c2F)CC1)NCC(=O)N1CCCC1,,,0.028952990284733297
O=C(CN1CCN(c2ccccn2)CC1)N1CC(CO)c2ccccc21,,,0.0929166566485573
O=C(CN1CCN(c2ccccn2)CC1)Nc1cccc(N2CCCCC2=O)c1,,,-0.013982912076684145
O=C(CN1CCN(c2ccccn2)CC1)Nc1ccn(-c2ccccc2Cl)n1,,,0.5485169305395908
O=C(CN1CCN(c2nc3ccccc3s2)CC1)Nc1ccc(F)cc1F,,,0.0880898599471969
O=C(CN1CCNCC1)N1CCOCC1,2.95,,
O=C(CN1CCOC(c2ccc(Cl)cc2)C1)NCc1ccccn1,,,0.5392483231054721
O=C(CN1CCOC1=O)Nc1nc2c(s1)C(=O)NCCC2,,,0.2780851287140717
O=C(CN1CCOCC1)NC1(Cc2ccc(Cl)cc2)CCOC1,,,0.5623336916460266
O=C(CN1CCOCC1)NC1(c2cccc(C(F)(F)F)c2)CCOCC1,,,0.1745758010285661
O=C(CN1CCOCC1)Nc1nc2ccc([N+](=O)[O-])cc2s1,2.97,,
O=C(CN1CCOCC1=O)NCc1ccc(-n2ccnc2)c(F)c1,,,-0.1111303206103966
O=C(CN1CCc2[nH]cnc2C1c1ccccc1)N1CCNC1=O,,,0.11192324429312654
O=C(CN1CCc2ccc(O)cc2CC1)NC(c1ccccc1)c1nccs1,4.57,4.73,0.9461396785195955
O=C(CN1CCn2c(cnc2C(F)(F)F)C1)NCC1CCC1,,,0.18003683806851706
O=C(CN1C[C@H](Cc2ccccc2)[C@@H](O)C1)Nc1cc(F)ccc1F,,,0.29041527455400096
O=C(CN1Cc2c(cnn2-c2ccccc2)C1=O)N1CCC(CO)C1,,,0.0281948092260456
O=C(CN1Cc2ccccc2C1=O)N1CCn2ccnc2C1,,,-0.005348237888584951
O=C(CN1Cc2ccccc2C1=O)NCc1cnn(CC2CCC2)c1,,,0.3299845661317356
O=C(CN1c2cccc3cccc(c23)S1(=O)=O)Nc1ccc(-n2nccn2)nc1,4.89,2.72,0.9429353750692362
O=C(CNC(=O)C1CC1)Nc1nc2ccccc2n1CCc1ccccn1,,,0.7470270127037798
O=C(CNC(=O)C1CCCN1C(=O)Cc1cccs1)NCC(F)(F)F,,,0.3841716876165384
O=C(CNC(=O)N1CCCC1)Nc1nc(-c2cccc(O)c2)cs1,,,0.5911266423505309
O=C(CNC(=O)c1cc2c(s1)CCC2)Nc1cc(F)c(F)cc1N1CCOCC1,,,0.215418345670741
O=C(CNC(=O)c1ccc(Cl)c(Cl)c1)NCCNC(=O)Cc1ccc(F)cc1,,,0.7728420808582641
O=C(CNC(=O)c1ccc2[nH]ncc2c1)Nc1cccc(F)c1,,,0.18044097909453516
O=C(CNC(=O)c1cccc2[nH]ccc12)NCc1ccnc(N2CCCC2)n1,,,0.47312469833300774
O=C(CNC(=O)c1cccs1)NCc1ccccc1-n1ccnc1,,,0.2873035476799543
O=C(CNC(=O)c1cn(-c2ccccc2)nc1-c1cccnc1)Nc1ccc(F)cc1,4.56,4.96,1.3686795004877967
O=C(CNC1CCCOc2c(Br)cccc21)NCC1CC1,5.35,2.51,1.1094125952419929
O=C(CNCC1CC1)NCc1ccc(C(=O)N2CCNC(=O)C2)cc1,,,0.02754592791537765
O=C(CNS(=O)(=O)c1ccccc1F)N1CCC(C2OCCO2)C1,,,0.49331548100405653
O=C(CNS(=O)(=O)c1ccccc1F)N1C[C@H]2C[C@H](c3ccccc3)[C@H]2C1,5.07,3.36,0.9531234938845512
O=C(CO)N1CCN(c2nc3ccccc3nc2N2CCCCC2)CC1,4.78,3.16,0.9522700979674976
O=C(CO)[C@@H](O)[C@H](O)[C@H](O)CO,,,0.1374276453612159
O=C(COC(=O)Cc1n[nH]c(=O)c2ccccc12)NCC1CCOC1,,,0.1197309911890191
O=C(COC(=O)Cn1cnc2sc(-c3ccccc3)cc2c1=O)Nc1ccccc1,,,0.0304080045361075
O=C(COC(=O)c1cc(N2CCNC2=O)ccc1F)Nc1ccccc1N1CCCC1=O,,,0.2578041596066742
O=C(COC1CC1)Nc1ccc(-n2cnc3ccccc32)nc1,1.79,6.16,
O=C(COC1CCCCC1)NCC1CCN(CCc2ccccc2)C1,,,0.3978891687483852
O=C(COC1CCNCC1)Nc1ccc(-c2cn[nH]c2)cc1,,,0.202774595365225
O=C(COCC(F)F)N1CCOc2ccccc2C1CO,,,0.2949162803089989
O=C(COc1ccc(Br)cc1)N1CCC(c2ccccc2)C1,4.57,,
O=C(COc1ccc(Br)cc1)Nc1ccc([N+](=O)[O-])cn1,2.3,,
O=C(COc1ccc(C(=O)c2ccccc2)cc1)NC1CCN(Cc2ccccc2)CC1,3.6,,
O=C(COc1ccc(CO)cc1)N1CC[C@H]2CC[C@]21c1cccnc1,,,0.8820432833341972
O=C(COc1ccc(Cl)cc1)N1CCN(Cc2ccc3c(c2)OCO3)CC1,3.27,,
O=C(COc1ccc(Cl)cc1)N1CCOC(Cn2cc(CC(O)Cc3ccccc3)nn2)C1,,,0.2952060852100304
O=C(COc1ccc(Cl)cc1)NC1CCC(NC2CCN(CC(F)(F)F)C2)CC1,,,0.24362329699115154
O=C(COc1ccc(F)c(F)c1)N1CC(C2CS(=O)(=O)C2)C1,,,0.3870596362938457
O=C(COc1ccc(F)c(F)c1)N1CCOc2ncccc2C1,,,0.6647009660698481
O=C(COc1ccc(F)cc1)Nc1nnc(-c2ccncc2)s1,5.29,4.96,
O=C(COc1ccc(F)cc1F)N1CCCN(C2CCCC2)CC1,,,0.4074880383022217
O=C(COc1ccc2c(c1)CCCC2)NC1CCCCC1,4.72,2.01,0.8664635017421236
O=C(COc1cccc(Cl)c1)Nc1cncc2ccccc12,,,0.630384459834594
O=C(COc1cccc2ccccc12)N1c2ccccc2CCc2ccccc21,5.29,3.79,
O=C(COc1ccccc1)NC1CCN(c2ccccc2)C1,4.64,3.91,1.2184766032055392
O=C(COc1ccccc1)NCC(=O)NC1CCN(CC2CCOC2)CC1,,,0.02281164950267775
O=C(COc1ccccc1-n1ccnc1)Nc1ccc(Cl)cc1,4.96,5.46,0.923267814891563
O=C(COc1cccnc1)NC1CC2(CCOCC2)Oc2ccccc21,,,0.31420381735128233
O=C(COc1ccon1)Nc1ccc2c(c1)OC1(CCCC1)O2,4.21,4.42,0.8678944006154722
O=C(CS)Nc1ccccc1,3.88,,
O=C(CSC1CC1)Nc1ccc(-c2noc(C(F)(F)F)n2)cc1,,,0.4702131860303561
O=C(CSCCN1CCCC1)N1CCC(OCc2ccccn2)CC1,2.67,,
O=C(CSc1ccc(-c2nn[nH]n2)cc1)N1C[C@H]2CC=CC[C@H]2C1,,,0.1816495309677461
O=C(CSc1n[nH]c(-c2ccccn2)n1)NC(c1ccccc1)c1cccs1,,,0.4062821560514139
O=C(CSc1n[nH]c(-c2cccnc2)n1)Nc1ccc(Oc2ccccc2)cc1,,,0.6925471924704663
O=C(CSc1nc2ccccc2c(=O)n1-c1ccccc1C(F)(F)F)NC1CC1,5.36,5.1,1.0761794857859182
O=C(CSc1nc2ccccc2s1)N1CCN(C(=O)c2ccc(=O)[nH]c2)CC1,,,0.0080019936946131
O=C(CSc1nc2ccccc2s1)NCc1ccc2c(c1)OCO2,4.83,,
O=C(CSc1nc2ccccc2s1)Nc1nccs1,4.06,,
O=C(CSc1ncccn1)N1c2ccccc2CCc2ccccc21,5.51,4.63,1.647499573096236
O=C(CSc1nnc(-c2cccs2)n1CC1CCCO1)Nc1ccc(F)cc1F,5.01,4.75,1.182453408515359
O=C(CSc1nncn1-c1cccc(Cl)c1)NCCOc1ccccc1,4.72,4.08,0.785410393077165
O=C(Cc1c(Cl)cccc1Cl)Nc1cn[nH]c1C1CCNC1,,,0.1941408554485607
O=C(Cc1c[nH]c2cc(Cl)ccc12)NC1CCc2ncccc2C1,,,0.701016025123886
O=C(Cc1c[nH]c2ccc(Cl)cc12)N[C@H]1C[C@H](C(=O)O)C1,,,0.2369297109507886
O=C(Cc1c[nH]c2ccc(F)cc12)NCC1NCCc2sccc21,4.45,,0.9625950650165819
O=C(Cc1c[nH]c2ccccc12)N1CCc2oc(-c3ccccc3)cc2C1,,,0.24416725201298262
O=C(Cc1c[nH]c2ccccc12)NCc1cccc(F)c1,,,0.519755094432149
O=C(Cc1c[nH]c2ccccc12)Nc1ccc(C(=O)O)c(Cl)c1,,,-0.05004172939817865
O=C(Cc1c[nH]c2cnccc12)NC[C@@H](O)CN1CCc2ccccc2C1,,,0.3089501880923381
O=C(Cc1c[nH]c2ncccc12)N1CC2COCC(C1)O2,,,0.037657921048148704
O=C(Cc1c[nH]c2ncccc12)NCc1ccc(-n2ccnc2)c(F)c1,,,0.0184110857865489
O=C(Cc1cc(C2CC2)on1)N1CC(c2ccccc2Br)C1,,,0.6363405822251156
O=C(Cc1cc(Cl)c2c(c1)OCCO2)Nc1cnccc1-c1ccccc1,,,0.3211043224677737
O=C(Cc1cc(F)cc2c1OCOC2)Nc1ccc2nc[nH]c2n1,,,-0.015163020438933052
O=C(Cc1cc2c(ccc3ccccc32)o1)NC1(c2nnn[nH]2)CCC1,,,0.5576845943894843
O=C(Cc1cc2cc(Cl)ccc2[nH]1)N[C@H]1CCCc2cccnc21,5.03,3.82,1.2724746330432886
O=C(Cc1cc2ccccc2[nH]c1=O)Nc1ccc2[nH]nnc2c1,4.24,1.9,0.9741530849035678
O=C(Cc1ccc(-c2ccccc2)cc1)Nc1ccccn1,,,0.05959731294564463
O=C(Cc1ccc(-n2ccnc2)cc1)N[C@@H]1CC(Cn2ccnc2)C[C@H]1O,,,-0.1812156520900582
O=C(Cc1ccc(-n2cnnc2)cc1)N1CCC1C1CC1,,,0.0556144005459241
O=C(Cc1ccc(-n2cnnc2)cc1)N1CCC2(CC1)OCCc1ccsc12,,,0.3820320711031605
O=C(Cc1ccc(-n2cnnn2)cc1)N1CCCC(OCC2CC2)C1,,,0.4449419901028947
O=C(Cc1ccc(Br)cc1)NS(=O)(=O)c1cc2ccccc2s1,,,0.5593446083130362
O=C(Cc1ccc(Br)cc1)NS(=O)(=O)c1ncccc1Cl,,,0.571976615322765
O=C(Cc1ccc(Br)cc1)Nc1cccc(C(=O)NCc2ccc[nH]2)c1,,,0.7149081078521073
O=C(Cc1ccc(Br)cc1)Nc1ccsc1C(=O)NCc1n[nH]c(=O)[nH]1,,,0.36377556066111816
O=C(Cc1ccc(Br)cc1Cl)NS(=O)(=O)c1cccnc1,,,0.28026517376165316
O=C(Cc1ccc(Br)cc1F)NCCCNc1ccccn1,4.755,3.85,1.613319139545788
O=C(Cc1ccc(C(=O)O)cc1)NCC1(c2ccc(F)cc2Cl)CC1,,,0.4882479695442682
O=C(Cc1ccc(C(F)(F)F)nc1)N1CCC(N2CCCCC2=O)CC1,,,0.1751331518073156
O=C(Cc1ccc(Cl)cc1)N1CCN(C(=O)c2ccco2)CC1,2.98,,
O=C(Cc1ccc(Cl)cc1Cl)NCC1(O)CCS(=O)(=O)C1,,,0.1518501951090841
O=C(Cc1ccc(Cl)cn1)NC1(CNC(=O)c2ccc(=O)[nH]c2)CC1,,,0.0754278038824505
O=C(Cc1ccc(F)cc1F)N1CCC(c2nnc3n2CCC3)CC1,,,0.2377200399602141
O=C(Cc1ccc(F)cc1F)NCc1ccccc1-c1cccnc1,4.3,4.91,1.169937668843355
O=C(Cc1ccc(OC(F)(F)F)cc1)N1CCC(c2nnc[nH]2)CC1,,,0.276370054023518
O=C(Cc1ccc2[nH]c(=O)[nH]c2c1)N1CCOC(c2ccccc2)C1,,,0.0375898110595637
O=C(Cc1ccc2[nH]cnc2c1)Nc1cc(N2C(=O)CCC2=O)ccc1F,,,-0.01845943711793125
O=C(Cc1ccc2[nH]cnc2c1)Nc1cccc(OCCn2cncn2)c1,,,0.13139130834371684
O=C(Cc1ccc2[nH]ncc2c1)NCC[C@H]1CCCC[C@H]1O,3.65,,0.0203297267359636
O=C(Cc1ccc2c(c1)CCC(=O)N2)NCC(O)c1cc(Cl)cc(Cl)c1,,,0.534389702381076
O=C(Cc1ccc2c(c1)OCO2)N1CCC(n2cc(CCO)nn2)CC1,,,-0.058053153916008446
O=C(Cc1ccc2cccnc2c1)NC[C@]12C[C@H]1COC21CCC1,,,0.45570814038541196
O=C(Cc1ccc2cn[nH]c2c1)NC1CC1c1ccccc1Cl,4.93,4.57,1.7406973944798063
O=C(Cc1ccc2ncsc2c1)N1CCC(NC2CCC2)CC1,,,0.18425909969707474
O=C(Cc1ccc2oc(=O)[nH]c2c1)N1CCCC(Cc2nnn[nH]2)C1,,,0.11862082277896524
O=C(Cc1cccc(C(F)(F)F)n1)N1CCCC(n2ccnn2)C1,4.7,2.14,1.2214640408644262
O=C(Cc1cccc(C(F)(F)F)n1)Nc1ccc(CCO)cc1,,,0.24491793070776474
O=C(Cc1cccc(C(F)(F)F)n1)Nc1cncc2c1CCCC2,4.48,2.91,0.866195379670446
O=C(Cc1cccc(C(F)(F)F)n1)Nc1n[nH]cc1C1CC1,,,0.3649726550934932
O=C(Cc1cccc(Cl)c1Cl)N1CCCC(c2nc(=O)[nH][nH]2)C1,,,0.35168904824356934
O=C(Cc1cccc(Cl)c1F)N1CCN(C(=O)c2cc(F)ccc2F)CC1,,,0.4766230903027405
O=C(Cc1cccc(F)c1)NCC(=O)N1CC=C(c2c[nH]c3ncccc23)CC1,1.83,2.39,
O=C(Cc1cccc(F)c1F)N1CCN(S(=O)(=O)c2nnc[nH]2)CC1,,,0.1378525040293999
O=C(Cc1cccc(F)c1F)NC1CCN(C(=O)CCn2ccnc2)C1,,,0.03999511030689365
O=C(Cc1cccc(OCc2ccccc2)c1)N1CCCC(C2(O)CC2)C1,,,0.38139128007338385
O=C(Cc1cccc2cccnc12)N1CCCCC1c1ncon1,4.9,3.7,0.9693951792287371
O=C(Cc1cccc2cnccc12)NC1CCOC12CCCC2,,,0.08012816573438375
O=C(Cc1ccccc1)N1CCC(Cn2c(=O)[nH]c3cccnc3c2=O)C1,,,0.0253414313897225
O=C(Cc1ccccc1)NCCC(=O)N1CCCC1CC(O)c1ccccc1,4.57,2.05,0.7355786693524154
O=C(Cc1ccccc1)NCCc1nc(-c2ccc3oc(=O)[nH]c3c2)no1,,,0.510073470764735
O=C(Cc1ccccc1F)N1CCN(C(=O)c2cccc3c2CCC3)CC1,5.3,1.83,1.3071312099012795
O=C(Cc1ccccc1F)N1CCN(Cc2cn(-c3ccc(F)cc3)nn2)CC1,,,0.2953442583745459
O=C(Cc1ccccc1O)N1CCCN(C(=O)c2ccc(Cl)cc2)CC1,4.95,4.02,0.8694794850279071
O=C(Cc1ccccc1[N+](=O)[O-])NCc1ccccc1Cl,4.51,,
O=C(Cc1cccnc1)N1CC(n2cc(-c3cccnc3)nn2)C1,,,0.1674331661170632
O=C(Cc1cccnc1)NCc1nc(-c2ccco2)n[nH]1,,,0.1065372391523538
O=C(Cc1ccn(-c2ccc(F)cc2)n1)Nc1ccc2c(c1)C(=O)NCC2,4.69,4.87,0.7282396847518757
O=C(Cc1ccn(CC(F)(F)F)n1)N[C@H]1Cc2ccccc2[C@@H]1O,,,0.16229491317998063
O=C(Cc1ccncc1Cl)Nc1cncc2ccccc12,,,0.2343696291602699
O=C(Cc1ccon1)N1CCN(c2ncnc3ccsc23)CC1,1.82,3.19,-0.3377871328770986
O=C(Cc1cn(-c2ccccc2)nc1-c1ccc(F)cc1)Nc1cccnc1,5.18,4.85,1.0703996091338754
O=C(Cc1cn(-c2ccccc2)nc1-c1ccc([N+](=O)[O-])cc1)Nc1cn[nH]c1,4.86,4.89,1.7695793976894885
O=C(Cc1cn2c(n1)CCCC2)N1CCc2ccc(F)cc21,4.41,4.76,1.1414193066037537
O=C(Cc1cn2cc(Cl)cc(Cl)c2n1)NCC(c1ccccc1)N1CCOCC1,5.58,1.82,1.278899974927322
O=C(Cc1cn2ccccc2n1)N1CC[C@H]2CC[C@]21c1cccnc1,4.53,3.61,1.519945628558577
O=C(Cc1cncc2ccccc12)N1CCCC1c1cn[nH]c1,,,0.3528190763824967
O=C(Cc1cnccc1O)N1CCCC1c1c(F)ccc(Cl)c1F,,,0.573992190042508
O=C(Cc1cncs1)N1CCC2(CC1)CNCc1ccccc1O2,,,0.097243817339356
O=C(Cc1cnn2c1CCCC2)NC[C@H]1CC[C@@H](CO)O1,,,0.1002703191110526
O=C(Cc1cnn2ccccc12)N1CCCC(n2ccc(C(F)(F)F)n2)C1,5.05,3.72,1.066827754008002
O=C(Cc1cnn2ccccc12)N[C@@H]1CC(Cn2cccn2)C[C@H]1O,,,0.0361326716804141
O=C(Cc1coc(-c2ccc(Cl)cc2)n1)NC1CCN(c2ccc(F)cc2F)C1,,,0.7086861470664848
O=C(Cc1coc(-c2ccccc2)n1)N1CCc2nc[nH]c2C1,,,0.23700834543788366
O=C(Cc1coc(-c2cccs2)n1)N1CCC(CCN2CCOCC2)CC1,,,0.4262139526757267
O=C(Cc1coc2c(F)c(F)ccc12)N[C@H]1CCC[C@H]1n1ccnc1,4.81,3.19,1.2905247546458622
O=C(Cc1csc(-c2ccc(C(F)(F)F)cc2)n1)Nc1cc2n(n1)CCC2,,,0.28010625533113565
O=C(Cc1csc(-c2ccc3c(c2)OCO3)n1)NC1CCc2[nH]ncc2C1,4.37,4.48,0.8837731887773582
O=C(Cc1csc(-c2nnc[nH]2)n1)N1CC(O)(c2cccc3ccccc23)C1,,,0.3315521124135111
O=C(Cc1n[nH]c(=O)c2ccccc12)Nc1ccc(O)nn1,,,-0.023994297368694198
O=C(Cc1n[nH]c2ccccc12)N1CCc2cc(Cl)ccc21,4.71,2.99,0.7336299169628218
O=C(Cc1n[nH]c2ccccc12)Nc1cccc(C(=O)N2CCC(O)CC2)c1,,,0.14897119652035046
O=C(Cc1nc(Cc2ccccc2)no1)N1CCCC1c1ccccc1,5.22,4.49,1.626654381264984
O=C(Cc1nnc(C2CCOCC2)[nH]1)NC1CCC2CCNC1C2,,,0.12404072565083145
O=C(Cc1noc2ccccc12)NC1(c2ncccn2)CCOCC1,,,0.6516791283403033
O=C(Cc1noc2ccccc12)NC1CCCN(Cc2ccc(F)cc2F)C1=O,5.42,1.9,0.884523743909905
O=C(Cn1c(=O)[nH]c(=O)c2ccccc21)Nc1cccc(N2CCCNC2=O)c1,,,0.10454792124123005
O=C(Cn1c(=O)[nH]c2ccccc2c1=O)N1CCC(N2CCCC2)C1,,,0.004092561518162351
O=C(Cn1c(=O)[nH]c2ccccc2c1=O)NC1CCc2c(F)cccc21,4.48,4.29,0.975443742453659
O=C(Cn1c(=O)cnc2ccccc21)N1CCC(O)(C(F)F)CC1,,,0.0766847761918806
O=C(Cn1c(=O)oc2ccc(F)cc21)N1CCC(C(=O)N2CCCC2)CC1,2.08,2.51,0.2786627387584647
O=C(Cn1c(N2CCCCC2)nc2ccccc2c1=O)NCc1cccc(Cl)c1,5.25,3.11,
O=C(Cn1cc(-c2ccc(F)cc2)oc1=O)N1CCN(c2cccc(Cl)c2)CC1,4.05,,
O=C(Cn1cc(-c2cccc(Cl)c2)nn1)NCCOc1cccc(F)c1,,,0.4281855003592161
O=C(Cn1cc(-c2ccccc2)nn1)N1CCC(N2CCCC2)C1,,,0.22447173139070176
O=C(Cn1cc(-c2cncc(F)c2)nn1)N1CC2CCCCC21c1ccccc1,5.52,1.83,1.2189581950928017
O=C(Cn1cc(C(=O)N2CCOC(C(=O)O)C2)cn1)NC1CCCCC1,,,0.1744805820254788
O=C(Cn1cc(C(=O)N2CCOc3ccccc32)cn1)NC1CCCCC1,,,0.6680309812308036
O=C(Cn1cc(C(=O)N2CCc3ccncc32)cn1)NC1CCCCC1,,,0.0260257170797371
O=C(Cn1cc(C(=O)NC(c2cccnc2)C2CC2)cn1)NC1CCCCC1,,,0.17334203439981094
O=C(Cn1cc(C(O)c2ccc(F)cc2)nn1)NC1CCCCC1,,,0.33919635155615124
O=C(Cn1cc(C2CC2)nn1)N1CCN(C(c2ccc(F)cc2)c2ccc(F)cc2)CC1,,,0.7399956600271957
O=C(Cn1cc(CNS(=O)(=O)C2CC2)nn1)N1CCCCC1,,,0.060548527181865
O=C(Cn1ccc(C(F)(F)F)n1)N1CCC(n2c(=O)oc3ccccc32)C1,,,0.5117255006933991
O=C(Cn1ccc(C(F)(F)F)n1)NS(=O)(=O)c1cccc2cnccc12,,,0.37120592469716107
O=C(Cn1ccc([N+](=O)[O-])n1)N1CCc2ccccc2C1,4.17,,
O=C(Cn1ccc2ccc(F)cc21)NCC1CCC2(CCOCC2)O1,,,0.4812540276879796
O=C(Cn1ccc2ccccc2c1=O)N1CCC(Cc2ccccc2)C1,4.09,3.67,0.8026408134659104
O=C(Cn1cccn1)N1CCN(C(=O)c2ccccc2O)CC1,,,-0.06678444449798285
O=C(Cn1cccn1)NCCc1nc(C2CCCCC2)cs1,,,0.5251481857051347
O=C(Cn1cccn1)N[C@@H]1[C@@H]2CCO[C@@H]2[C@@H]1C1CCCC1,4.01,,
O=C(Cn1ccnc1[N+](=O)[O-])NCc1ccccc1,,,0.2649307176442542
O=C(Cn1cn[nH]c1=O)NC1CCN(C(=O)CCc2ccccc2)C1,,,0.13945616809250516
O=C(Cn1cnc2c1CCCC2)N1CCOC(CCc2ccccc2)C1,,,-0.2361479795360539
O=C(Cn1cnc2sccc2c1=O)N1CCCN(C(=O)C2CC2)CC1,,,0.48565857890716996
O=C(Cn1cnccc1=O)N(C1CCCCC1)C1CCCCC1,4.47,3.92,1.6149207263437644
O=C(Cn1cncn1)NC1CN(C(=O)C2(CC3CCCC3)CCCC2)C1,,,0.6807636618857384
O=C(Cn1nc(C(F)F)cc1C1CC1)N[C@H]1CCC[C@H]1n1ccnc1,,,0.4844126499238922
O=C(Cn1nc2ccccn2c1=O)N[C@@H]1CCCc2cccnc21,,,0.063241838472454
O=C(Cn1nc2ccccn2c1=O)Nc1cc(F)ccc1F,,,0.4168549228902394
O=C(Cn1nc2n(c1=O)CCCC2)Nc1nnc(Cc2ccccc2)s1,4.42,2.87,0.7233105629727561
O=C(Cn1ncc2ncccc21)N(Cc1ccccc1F)C1CC1,4.87,3.52,1.590393776209207
O=C(Cn1ncn2nccc2c1=O)N1CC2CCCN2Cc2ccccc21,,,0.5588920094181888
O=C(Cn1nnc(C2CC2)n1)N1CCCc2ccccc21,4.58,3.77,1.0235321522864353
O=C(Cn1nnc2ccccc21)NC(=O)NC12CC3CC(CC(C3)C1)C2,,,0.504392023491142
O=C(Cn1nnn(C2CC2)c1=O)N1c2ccccc2CCc2ccccc21,5.14,4.17,1.6292308182378439
O=C(Cn1nnnc1-c1ccccc1)N[C@]1(c2ccccc2)C[C@H](O)C1,4.67,5.25,0.9479514007377897
O=C(N1C2CCC1CC(CC(F)F)C2)C1(n2cnnn2)CC1,,,0.39125416241955
O=C(N1CC(S(=O)(=O)NC2CCCC2)C1)C1(C(F)(F)F)CCOCC1,4.5,1.91,0.8611406029745695
O=C(N1CC2(CC=CCO2)C1)C1(c2nn[nH]n2)CC2(CC2)C1,,,0.25338467999079883
O=C(N1CCC(Cn2cncn2)CC1)C1(c2ccccc2F)CCCC1,5.21,2.28,0.9298316057069322
O=C(N1CCC(c2cccc(Cl)c2)CC1)C1(CO)CCOCC1,,,0.8169064389413399
O=C(N1CCCC(n2ccnn2)C1)C1(C(F)(F)F)CCCC1,4.15,2.14,1.0209206479577346
O=C(N1CCCC1)C1(O)CCCN(c2ccc(-c3ccncc3)cn2)C1,,,0.061305385179200395
O=C(N1CCN(C2CCOC2)CC1)C1(C2(O)CCCNC2)CCC1,,,0.21233508276885524
O=C(N1CCc2ccccc2C1)N1CCC(n2cnc3c2CCCC3)C1,,,0.5508514868212275
O=C(N1CCc2nc[nH]c(=O)c2C1)C1(Cc2ccccc2)CCc2ccccc21,5.12,1.83,0.9075650903618702
O=C(N1C[C@H](O)C[C@H](O)C1)C1(CCc2ccccc2)CC1,,,0.0761250858470437
O=C(N1C[C@H]2CCS(=O)(=O)[C@H]2C1)C1(c2cccc(F)c2)CC1,5.23,2.78,1.3544644226279527
O=C(NC(C1CC1)C1(CO)CCOCC1)C12CCCN(CC1)C2,,,-0.08776089361744249
O=C(NC(CC(F)(F)F)C1CC1)c1cc2occ(C(=O)O)c2[nH]1,,,0.07138521507243856
O=C(NC(CC(F)(F)F)C1CC1)c1cc2scc(C(=O)O)c2[nH]1,,,0.8159245561145271
O=C(NC(CCO)C1CCCC1)c1ncccc1-c1ccccn1,,,0.5716218184219675
O=C(NC(CN1CCCC1=O)c1ccccc1)c1cccc2[nH]cnc12,6.06,5.37,1.239495584588633
O=C(NC(CNC(=O)C1CCNC1=O)c1ccccc1)c1onc2ccccc12,,,0.41771985354303154
O=C(NC(CO)C1CCC1)c1nnc2c(F)cccc2c1O,4.46,4.63,1.2105197790710944
O=C(NC(CO)C1CCc2ccccc21)C1CCc2n[nH]c(=O)cc2C1,,,0.18546137554992292
O=C(NC(CO)CC(O)c1ccccc1)c1nc2cc(Br)c(F)cc2[nH]1,,,0.34699549191060053
O=C(NC(CO)COCc1ccccc1)c1cc(C2CCCN2)n[nH]1,,,0.07536987264369441
O=C(NC(CO)Cc1c[nH]c2ccccc12)c1ccc(NCC2CC2)nc1,4.5,2.63,0.8007519096814084
O=C(NC(CO)c1ccc(C(F)(F)F)cc1)c1c[nH]c(=O)c2ccccc12,,,0.3829233331796992
O=C(NC(Cc1cc(=O)[nH]c2ccccc12)C(=O)O)c1ccc(Cl)cc1,,,-0.080421892307292
O=C(NC(Cc1ccccc1)c1ncco1)N[C@H]1CCC[C@@H](C2CC2)C1,5.49,1.85,0.765685042596128
O=C(NC(c1cc(F)ccc1F)C(F)F)c1nc2cnccc2s1,4.89,3.99,1.5562240700744077
O=C(NC(c1ccc(F)c(Cl)c1)C1CC1)c1nc2ncccn2n1,4.43,2.9,1.2234599881490842
O=C(NC(c1ccc2c(c1)CCO2)c1cc(Cl)ccc1Cl)C1OCCO1,5.25,3.82,1.638815220395374
O=C(NC(c1cccc(Cl)c1)C1CCCCC1)c1ccc(=O)[nH]n1,5.18,1.86,0.9090126062551428
O=C(NC(c1ccccc1)c1ccc2[nH]cnc2c1)C1CCN(c2ccccc2F)C1,5.32,5.21,1.3033196337159665
O=C(NC(c1ccccn1)C1CCC1)c1nn[nH]c1-c1ccccc1,4.96,3.19,1.2120782138245105
O=C(NC(c1ccncc1)C1CC1)c1cccc(OCC(F)F)n1,,,0.5118435523390739
O=C(NC(c1ccncc1)C1CC1)c1cn2c(n1)CCC2,,,0.17385369461135392
O=C(NC1(C(=O)N2CCc3n[nH]c(=O)cc3C2)CCCC1)c1ccc2[nH]ncc2c1,,,0.2118251549219183
O=C(NC1(C(=O)O)CCCCC1)c1ccc2c(c1)OCCNC2,,,-0.00010510736683180116
O=C(NC1(C(=O)O)CCOC1)c1ccc(-c2ccc(Br)cc2)s1,,,-0.1277317020087773
O=C(NC1(C2CCCCO2)CC1)c1ccc(-c2nn[nH]n2)c(Cl)c1,,,0.04566010323491055
O=C(NC1(C2CCSCC2)CC1)c1cncc(-c2ccccn2)c1,4.87,2.21,1.2928971700158445
O=C(NC1(c2c(F)cccc2F)CCC1)C1CNCc2ccccc21,5.26,2.88,1.1486750878314083
O=C(NC1(c2ccccc2)CCC1)c1csc(-c2nn[nH]n2)c1,,,0.2069114199230189
O=C(NC1(c2ccccc2)COC1)c1cc(OCC(F)F)ccn1,,,0.4837092410993592
O=C(NC1(c2ccccc2Cl)CC1)c1ccc(N2CCOCC2)nc1,5.44,3.68,1.4413289361083077
O=C(NC1(c2ccccc2F)COC1)c1cnc2n1CCC2,,,0.3039117624338356
O=C(NC1(c2ncc[nH]2)CC1)C1CNCc2c1cccc2C(F)(F)F,,,0.15714218857309145
O=C(NC1(c2ncccn2)CCOCC1)c1cc2c(s1)CCC2,4.75,3.52,0.8399049313890614
O=C(NC1(c2ncon2)CCOCC1)c1ccc(F)cc1,,,0.2136440288749126
O=C(NC1(c2nn[nH]n2)CCCC1)c1cc2n(c1)CCC2,,,0.0437222835208199
O=C(NC1(c2nnc[nH]2)CCC1)C1CCS(=O)(=O)c2ccccc21,,,0.0991075711837508
O=C(NC1(c2nnc[nH]2)CCC1)c1cnn(-c2ccccc2F)c1,,,1.2396811058475234
O=C(NC1(c2noc(C3CCCO3)n2)CCCCCC1)c1csnn1,4.83,3.98,0.7561814196550442
O=C(NC1(c2noc(C3CCOC3)n2)CCCCCC1)c1ccco1,,,0.5465333323084327
O=C(NC12CCC(C(F)(F)F)(CC1)CC2)C1CCCS(=O)(=O)C1,,,0.0032550550457444496
O=C(NC1C2CCc3ccccc3C21)N1CCOc2cc(O)ccc2C1,,,0.2670896678696413
O=C(NC1CC(=O)N(CC2CC2)C1)c1ccc(Cl)c(O)c1,,,0.24512723918169005
O=C(NC1CC(=O)N(CCN2CCOCC2)C1)c1ccc2cc[nH]c2n1,,,-0.0575381175618018
O=C(NC1CC(=O)N(CCN2CCOCC2)C1)c1cccnc1C1CC1,,,0.0742375819152811
O=C(NC1CC(=O)N(CCN2CCOCC2)C1)c1ccsn1,,,0.4784875612374015
O=C(NC1CC(=O)N(c2ccccc2)C1)N[C@H]1CNC[C@H]1F,,,0.18506625585353442
O=C(NC1CC(C(=O)O)c2ccccc21)c1cc(C2CC2)on1,,,0.0858328222059924
O=C(NC1CC(F)(F)C1)NC1CCCOc2cc(Cl)ccc21,4.8,2.79,0.7913106404904141
O=C(NC1CC(F)(F)C1)c1cnc(Cc2ccccc2F)s1,5.07,2.28,0.8514653856987915
O=C(NC1CC(F)C1)C1CCN(c2ccc(C(F)(F)F)cn2)CC1,,,-0.0759908706609542
O=C(NC1CC(OCc2ccccc2)C1)c1cccc2ncnn12,,,0.12732698576304635
O=C(NC1CC1)C(NCc1cnc2n1CCOC2)c1ccc(F)cc1,,,0.1159029056255935
O=C(NC1CC1)C1CCCN1C(=O)c1ncn(-c2ccccc2)n1,,,-0.0060532420755101
O=C(NC1CC1)[C@H]1C[C@H]2OCC[C@H]2N1C(=O)c1occ2c1CCC2,,,0.0682160505842904
O=C(NC1CC1)c1cc(-c2cncnc2)nc2ccccc12,,,0.2025070844610476
O=C(NC1CC1)c1ccc(-c2noc(-c3ccncc3F)n2)cc1,,,0.01173719168002625
O=C(NC1CC1)c1ccc(C(=O)N2CCC(n3cccn3)CC2)cc1,,,-0.0259905714228538
O=C(NC1CC1)c1ccc(C(=O)NC2(c3ccc(F)cc3)CC2)cc1,,,0.1879475511018183
O=C(NC1CC1)c1ccc(CN(Cc2ccco2)S(=O)(=O)c2ccc(F)cc2F)cc1,4.87,,2.148870920855652
O=C(NC1CC1)c1ccc(NS(=O)(=O)c2c[nH]c(=O)s2)cc1,,,0.11872448988170944
O=C(NC1CC1)c1cccc(S(=O)(=O)N[C@]23CCC[C@H]2CNC3)c1,,,0.12323061961691921
O=C(NC1CC12CCOCC2)c1ccc(-c2cn[nH]c2)cc1,,,0.009001380185024
O=C(NC1CC2(CN(C(=O)C3CC34CC4)C2)n2ccnc21)c1cc(C2CC2)no1,,,0.01010279825424075
O=C(NC1CC2CN(c3ccccn3)CCN2C1=O)c1c[nH]cc1-c1cnn(-c2ccccc2)c1,4.78,2.53,0.7989401252208708
O=C(NC1CCC(F)(F)CC1)N1C[C@@H]2C[C@H](C1)c1cccc(=O)n1C2,5.79,2.65,1.1978063049778784
O=C(NC1CCC(O)(c2ccccc2)CC1)c1ccc(C(F)(F)F)cc1,,,0.6138139278014151
O=C(NC1CCC(OC(F)F)CC1)c1cc(-c2ccccc2)ccn1,,,0.18949626849431736
O=C(NC1CCC(c2nc(-c3ccon3)no2)CC1)C1CC1,,,-0.1104475371968252
O=C(NC1CCC12CCC2)c1cc(-c2cnc3[nH]ccc3c2)ccn1,,,0.3777199377914824
O=C(NC1CCC2(CCCCC2)CC1)C1CC=CCC1C(=O)N1CCOCC1,5.22,3.21,1.1336216478141665
O=C(NC1CCCC1)N1CCCC(c2nc(-c3cnccn3)no2)C1,,,0.15221706762847073
O=C(NC1CCCC1)c1cc2c(ccc3ccccc32)o1,4.2,,
O=C(NC1CCCCC1)N1CCN(C(=O)c2ccc(O)cc2F)CC1,,,0.30918209356917714
O=C(NC1CCCCCC1)c1cccs1,3.89,,
O=C(NC1CCCN(C(=O)C2Cc3ccc(F)cc32)C1)c1ccc2ccccc2c1,5.34,3.25,1.3489857416634696
O=C(NC1CCCN(C(=O)CC2CCCCC2)CC1)c1cnccn1,,,0.38736337962912754
O=C(NC1CCCN(C(=O)CN2CCCNC2=O)C1)c1ccc2ccccc2c1,,,0.3351351233421865
O=C(NC1CCCN(C(=O)c2cocn2)C1)c1ccc(Cl)cc1,,,0.09764877929895666
O=C(NC1CCCN(Cc2nnc3n2CCCC3)C1)c1ccc2ccccc2c1,,,0.5666933280955415
O=C(NC1CCCN(c2ccc(Cl)cc2Cl)C1)c1ccc2nnc(C(F)F)n2c1,,,0.921056279388357
O=C(NC1CCCN(c2cccc(F)c2)C1)c1ccnn1C1CCC1,5.17,1.86,1.1237139534744855
O=C(NC1CCCN(c2ncccn2)C1)c1c[nH]nc1-c1ccc(F)cc1,,,0.7510547511284702
O=C(NC1CCCNCC1)c1ccc(Nc2cccnc2)cc1,,,0.0509851483653751
O=C(NC1CCCOc2cc(F)ccc21)c1ccc(N2CCCC2=O)cc1,4.75,4.03,1.2853834981780297
O=C(NC1CCCc2c(O)cccc21)C1CCN(CC(F)(F)F)CC1,,,0.368681878226032
O=C(NC1CCCc2c1cnn2CCO)C1CCCN1C(=O)Cc1ccccc1,,,0.22594815633048174
O=C(NC1CCCc2c1cnn2Cc1ccccc1)N1CCCC(c2nc3ccccc3[nH]2)C1,,,0.7485766463659715
O=C(NC1CCCc2cn[nH]c21)N1CCCC(C(F)(F)F)C1,,,0.5785149079086253
O=C(NC1CCCc2cnccc21)c1cc2occc2s1,,,0.2014394568459513
O=C(NC1CCCn2ncnc21)c1cccc2c1CCC2,,,0.0630233277153677
O=C(NC1CCN(C(=O)C2CC2)CC1)c1ccc(Cl)cn1,,,0.1140693480248557
O=C(NC1CCN(C(=O)CCc2ccccc2)CC1)c1cc2ncccn2n1,4.93,4.22,0.9971335248603392
O=C(NC1CCN(C(=O)CCc2ccccc2)CC1)c1ccc2cnccc2n1,,,0.08999900315196754
O=C(NC1CCN(C(=O)CCc2ccccc2)CC1)c1cccc2nn[nH]c12,,,0.4900905224519486
O=C(NC1CCN(C(=O)Nc2ccccc2)CC1)c1cc(C2CC2)no1,,,0.17266801577061341
O=C(NC1CCN(C(=O)c2ccc3c(c2)OCCCO3)CC1)c1ccsc1,,,0.2035889393452075
O=C(NC1CCN(C(=O)c2cn[nH]c2)CC1)c1ccc2c(c1)OCC2,,,0.01147572117454875
O=C(NC1CCN(C2CC2)C1=O)C(c1cc(Cl)cc(Cl)c1)N1CCOCC1,5.07,5.04,1.2110244864237134
O=C(NC1CCN(C2CCCC2)CC1)c1ccc(F)c(F)c1F,,,0.0993125854834916
O=C(NC1CCN(C2CCCC2)CC1)c1ccc(S(=O)(=O)C(F)F)cc1,,,0.2677527965373724
O=C(NC1CCN(C2CCCCC2)C1=O)N[C@]1(c2ccccc2F)C[C@@H](F)C1,5.84,3.16,1.1962350278811213
O=C(NC1CCN(C2CCCCC2)CC1)N1CCC(CO)C1,,,0.00550829444842265
O=C(NC1CCN(C2CCOCC2)C1=O)c1occc1-c1ccccc1,,,0.3472968361197918
O=C(NC1CCN(CC(F)(F)F)C1=O)c1cc2occc2[nH]1,,,0.3921768093627533
O=C(NC1CCN(CC(F)F)CC1)c1cccc(-n2cc[nH]c2=O)c1,,,0.09019743391601309
O=C(NC1CCN(CC(F)F)CC1)c1cccc2cnccc12,,,0.06504371311323714
O=C(NC1CCN(CC2=CCCCC2)CC1)c1cccc(=O)[nH]1,,,-0.19481581701759776
O=C(NC1CCN(CC2CCCO2)CC1)c1ccncc1Cl,2.16,,
O=C(NC1CCN(CC2CCOC2)CC1)c1cc(Cl)c[nH]1,,,0.2623582562157911
O=C(NC1CCN(CCCCC2(C(=O)NCC(F)(F)F)c3ccccc3-c3ccccc32)CC1)c1ccccc1-c1ccc(C(F)(F)F)cc1,2.02,2.08,0.5958943316721562
O=C(NC1CCN(CCF)C1=O)N1CCCC(c2cc(O)cc(F)c2)C1,,,-0.014099163787761201
O=C(NC1CCN(CCOc2ccc(Cl)cc2)CC1)[C@H](O)c1ccccc1,,,0.0862063931848787
O=C(NC1CCN(CCc2c[nH]c3ccccc23)CC1)c1ccccc1,,,0.0557463441719665
O=C(NC1CCN(Cc2ccccc2)CC1)c1ccc(I)cc1,1.81,,
O=C(NC1CCN(Cc2coc(-c3ccccc3)n2)CC1)c1ccc(O)nc1,,,0.16803833227309314
O=C(NC1CCN(c2ccc(Cl)c(Cl)c2)C1=O)c1cnc2[nH]cnc2c1,,,0.28750127192572306
O=C(NC1CCN(c2ccc(Cl)c(F)c2)C1)c1ccc2nnnn2c1,,,0.0281454262318164
O=C(NC1CCN(c2cccc(Cl)c2)C1)c1cnn2cccnc12,4.53,4.63,1.0479698039348158
O=C(NC1CCN(c2ccccc2)C1)c1cnn(Cc2ccccc2)c1,,,0.4620341902476928
O=C(NC1CCN(c2ccccc2)C1=O)c1ccc(CN2C(=O)CCC2=O)cc1,,,0.02985663639683
O=C(NC1CCN(c2ccccc2F)C1)N1CCc2n[nH]c(=O)cc2C1,,,-0.0811365423561048
O=C(NC1CCN(c2ccccc2F)C1=O)c1cccc(C(F)(F)F)n1,,,0.4827145343758076
O=C(NC1CCN(c2cccnn2)CC1)N1CCc2c(F)ccc(F)c2C1,,,0.3813858420768802
O=C(NC1CCN(c2ccncc2)CC1)NC1CCn2ccnc2C1,,,-0.1298933383799932
O=C(NC1CCN(c2ncccc2F)C1)c1cc(O)ccn1,,,0.07924153806396844
O=C(NC1CCOC(c2cccnc2)C1)N1CCCc2ccccc2CC1,5.19,2.13,0.9690261601260202
O=C(NC1CCOC12CCOCC2)c1cc2ncccc2o1,,,0.2468161147773574
O=C(NC1CCOC12CCOCC2)c1ccc2scnc2c1,,,0.13730919608369396
O=C(NC1CCOC2(CCCC2)C1)c1csc(Nc2ccccn2)n1,,,0.4568957899964872
O=C(NC1CCOC2(CCCCC2)C1)c1ccc2c(n1)CCCC2,5.37,,0.9798890983178874
O=C(NC1CCOCC1)N1CCc2c(cccc2C(F)(F)F)C1,,,0.43175298041370025
O=C(NC1CCOCC1)c1ccc(-c2ccc(F)c(F)c2F)cn1,,,0.16359435457573135
O=C(NC1CCOc2ccc(F)cc21)c1ccc(N2CCCC2)nn1,4.91,4.05,1.2089707866376007
O=C(NC1CCOc2ccc(F)cc21)c1ccc2c(c1)CC(c1ccccc1)OC2=O,4.79,3.08,0.9458717228887601
O=C(NC1CCS(=O)(=O)C1)NC1(Cc2ccc(Br)cc2)CCCCC1,5.61,2.36,1.0226349598431885
O=C(NC1CCS(=O)(=O)C1)c1cccc(-n2nccc2C(F)(F)F)c1,,,0.2318159075995706
O=C(NC1CCc2[nH]cnc2C1)c1c[nH]nc1-c1cccc(OC(F)F)c1,,,0.0417360104678961
O=C(NC1CCc2[nH]cnc2C1)c1ccc(OC(F)F)cc1F,,,0.5114731100841936
O=C(NC1CCc2cc(F)ccc21)N1CCC(F)(F)CC1,,,0.5453810167232022
O=C(NC1CCc2cc(O)ccc2C1)c1ccnn1C1CCC1,,,0.7085589924489807
O=C(NC1CCc2cn[nH]c2C1)C(O)C(O)c1nc2ccccc2s1,,,0.1972571514001047
O=C(NC1CCc2cn[nH]c2C1)C1CC1c1ccc2c(c1)OCCO2,,,0.31566538967676433
O=C(NC1CCc2cn[nH]c2C1)c1sc2cc(C(F)(F)F)ccc2c1Cl,,,0.3328571445093052
O=C(NC1CCn2ccnc2C1)c1cccc(NCc2ccccn2)c1,,,0.06265691244003466
O=C(NC1CN(C(=O)NC2CCCC(F)(F)C2)C1)C1CCC1,,,0.1654293652084691
O=C(NC1CN(S(=O)(=O)c2ccc3c(c2)OCCO3)C1)C1CC1(F)F,,,0.1800042466310484
O=C(NC1CN(c2ccncn2)C1)c1ccc2c(n1)CCCN2,,,0.34777307579734523
O=C(NC1CNCCc2ccccc21)c1ncnc2c1CCC2,,,0.1761015384156687
O=C(NC1COC1)NC1CCCN(c2ccccc2Cl)C1=O,,,-0.022409976242329047
O=C(NC1COc2cc(F)cc(F)c21)N1CCC(n2cn[nH]c2=O)CC1,,,-0.0333313767944227
O=C(NC1COc2cc(F)cc(F)c21)c1ccccc1OC(F)F,4.89,3.71,1.3112220989309622
O=C(NC1Cc2[nH]ncc2C(C(F)(F)F)C1)c1cccnn1,,,0.0305741427823984
O=C(NC1Cc2cccc(O)c2C1)N1CCC(CN2CCCC2)C1,,,-0.0325514572612036
O=C(NC1c2ccccc2CC1O)c1ccc2nccn2c1,,,0.2859322274964121
O=C(NCC#CC1CCCCO1)c1ccc2c(c1)C(=O)NCCO2,,,-0.02839653556539825
O=C(NCC(=O)N1CCC(N2CCCC2=O)CC1)c1cccc(Cl)c1,,,0.01747695372899745
O=C(NCC(=O)N1CCCC(c2noc(C3CC3)n2)C1)c1ccc2c(c1)OCO2,,,0.19519250738734156
O=C(NCC(=O)N1CCCC1C=Cc1ccccc1)NC1CCCCC1,5.14,3.65,1.3609642704104945
O=C(NCC(=O)N1CCCCC1)C1CCCN1C(=O)Cc1ccccc1,,,0.2880012267284064
O=C(NCC(=O)N1CCc2ccccc2C1)c1cc(C2CCCN2)n[nH]1,,,0.19103382140031844
O=C(NCC(=O)N1Cc2ccccc2C1)c1nn[nH]c1-c1ccccc1,,,0.3433419516741036
O=C(NCC(CC1CC1)C(=O)O)c1ccc2ccncc2c1,,,0.1708249213858469
O=C(NCC(CO)Cc1ccc(C(F)(F)F)cc1)c1ccc2[nH]nnc2n1,,,0.39464198623512325
O=C(NCC(Cc1ccccc1)Cc1ccccc1)N1CCC(O)C(F)(F)C1,4.94,5.18,1.1746913711163534
O=C(NCC(F)(F)C(F)F)C1CCN(c2ccccc2Cl)C1,4.89,2.9,1.1151480815276864
O=C(NCC(F)(F)C1(O)CCCCC1)c1cnc2n1CCC2,,,0.09572283992278685
O=C(NCC(F)(F)c1ccc(F)cc1F)c1occ2c1CCOC2,,,0.7653462618812923
O=C(NCC(F)CO)c1cccc(-n2cc(-c3ccc4cnccc4c3)nn2)c1,,,0.13596527115120538
O=C(NCC(O)(c1ccccc1)C(F)(F)F)c1cc2ccccc2s1,,,1.5788533324149032
O=C(NCC(O)COc1ccccc1Br)c1cc2n(n1)CCCC2O,,,0.4249114098773244
O=C(NCC(O)Cc1ccc(F)cc1)c1cnc2[nH]ccc2c1,,,0.12560865627641815
O=C(NCC(O)c1ccc(Cl)c(Cl)c1)c1ccc(N2CCOCC2)cc1,,,0.7498507617668699
O=C(NCC(O)c1ccc(Cl)c(F)c1)C1CC(c2c(F)cccc2F)=NO1,4.47,3.11,0.7683884490812032
O=C(NCC(O)c1cccc(Cl)c1)c1c[nH]nc1-c1cccnc1,,,0.4649772359654918
O=C(NCC(c1cccc(Cl)c1)N1CCOCC1)c1cccc2c1CCC2,5.46,3.84,2.244164510846877
O=C(NCC(c1ccccc1)N1CCOCC1)c1ccc(Oc2ccncc2)c(Cl)c1,,,-0.09497483171488105
O=C(NCC1(C(=O)O)CCC1)Nc1ccc2c(c1)OC(F)(F)O2,,,0.079121239376337
O=C(NCC1(C(=O)O)CCC1)c1ccccc1Nc1ccccc1,,,1.578200356462805
O=C(NCC1(C(=O)O)CCOCC1)N1CCCC(c2nc3ccccc3[nH]2)C1,,,0.15480291285110648
O=C(NCC1(C(=O)O)CCOCC1)c1cc(Oc2ccccc2)ccn1,,,0.0530827385095517
O=C(NCC1(C(O)c2ccccc2)CC1)c1cncn1-c1ccc(F)cc1,,,0.472056217471614
O=C(NCC1(C2(O)CCC2)CC1)C1CCCn2nccc21,,,-0.0058151152940694485
O=C(NCC1(C2(O)CCC2)CC1)[C@H]1CCO[C@@H]1c1ccncc1,,,0.0811223299464041
O=C(NCC1(C2(O)CCC2)CC1)c1ccnc(C(F)(F)F)c1,,,0.5602650059412326
O=C(NCC1(C2(O)CCC2)CC1)c1ncc(C(F)(F)F)cc1Cl,4.86,2.33,0.7708335077140648
O=C(NCC1(CF)CCOCC1)N1CCC(OC2CCCC2)CC1,,,0.1635841611463543
O=C(NCC1(Cc2ccccc2)CCC1)c1cccc2cn[nH]c12,5.64,,1.3171173251155373
O=C(NCC1(Cc2ccccc2)CCCCC1)C1CCCc2[nH]nnc21,5.22,,1.4670647392287068
O=C(NCC1(N2CCSCC2)CCCC1)c1ncccc1O,,,0.36839577471950935
O=C(NCC1(O)CCCc2ccccc21)c1c[nH]nc1-c1ccc(Cl)cc1,,,0.8314189552227856
O=C(NCC1(O)CCOCC1)C1(O)CCc2ccccc2C1,,,-0.11862193825567775
O=C(NCC1(O)CCOCC1)c1cc(=O)c2cc(Cl)ccc2o1,,,0.6148888755369835
O=C(NCC1(O)CCS(=O)(=O)C1)c1cccc(OC2CCCC2)c1,,,0.2402899239653126
O=C(NCC1(O)CCS(=O)(=O)C1)c1csc(C2CCCCC2)n1,,,0.4681221795205786
O=C(NCC1(c2ccc(Cl)cc2)CCC1)NCC1(N2CCOCC2)CC1,4.79,3.09,0.7822901755032103
O=C(NCC1(c2cccc(Cl)c2)CCOCC1)C(O)C1CCCCC1,5.22,4.9,1.1981545285460184
O=C(NCC1(c2cccc(F)c2F)CCCC1)NC1CCc2[nH]ncc2C1,,,0.8108041768811254
O=C(NCC1(c2cccc(OC(F)(F)F)c2)CCC1)N1CCC2(COC2)C1,5.2,3.45,1.5226783920639158
O=C(NCC1(c2ccccc2)CCCO1)c1ccc2[nH]cnc2c1,4.5,3.9,0.940698649335066
O=C(NCC1(c2ccccc2)CCCO1)c1nnc(-c2ccccc2)o1,4.49,4.07,1.0181602105887668
O=C(NCC1(c2ccccn2)CC1)C12CC3CC(CC(O)(C3)C1)C2,,,0.4271638716082144
O=C(NCC1(c2ccccn2)CCC1)c1cccc(-c2noc(C(F)(F)F)n2)c1,5.38,1.82,1.4199949153976572
O=C(NCC1(c2ccncc2)CCCC1)c1ccc(NC(=O)c2ccccc2)cc1,,,0.6396527368990106
O=C(NCC1=NOC2OCCC12)c1cccc2c1OCC2,,,0.406247580393522
O=C(NCC1C2Cc3ccccc3C12)c1cc2c(F)cccc2[nH]1,4.64,1.94,0.8773134715803251
O=C(NCC1CC2(CCNCC2)C(=O)O1)Nc1cncc(Br)c1,,,-0.03244086800922855
O=C(NCC1CC2(CCNCC2)CO1)c1ccnc2[nH]ccc12,,,0.2074529394993232
O=C(NCC1CCC(F)(F)C1)c1ccc(Cn2nnc3ccccc32)cc1,,,0.1701550061253343
O=C(NCC1CCC2(CCOCC2)O1)c1coc(-c2ccccc2)n1,,,0.9747833402692336
O=C(NCC1CCCC1(F)F)N1CCC(n2cccn2)C1,,,0.16686509707207114
O=C(NCC1CCCC1N1CCCS1(=O)=O)C1CCCN1C1CC1,,,0.6300503918282594
O=C(NCC1CCCC2(CCC2)O1)Nc1cc2ccccc2nn1,5.11,3.5,1.1352781356999104
O=C(NCC1CCCCC1O)c1cc(=O)[nH]c2ccc(F)cc12,,,0.0701036983817772
O=C(NCC1CCCCN1)c1cc(OCC(F)(F)F)ccc1OCC(F)(F)F,,,0.19007334303142687
O=C(NCC1CCCCS1(=O)=O)N1CCCCC1CCO,,,0.4632112258914502
O=C(NCC1CCCN(Cc2cccs2)C1)NCC1CCC2(CCCC2)O1,,,0.7341014718844177
O=C(NCC1CCCN(c2ccc3ccccc3n2)C1)C1CCCN1,,,0.5509465721041766
O=C(NCC1CCCN(c2ccccc2)C1)N1CCCC(O)CC1,,,0.42383812005653126
O=C(NCC1CCCN1CC(F)F)Nc1cnc2ccccn12,,,0.1628056900596889
O=C(NCC1CCCN1CCCO)c1cccc2ccsc12,,,0.20122144302459655
O=C(NCC1CCCNC1)c1cccc(Oc2ccncc2)c1,,,-0.09568408118065674
O=C(NCC1CCCO1)c1cccc(F)c1,2.95,,
O=C(NCC1CCCc2ccccc21)N[C@@H]1COC[C@H]1O,,,0.15685464588000003
O=C(NCC1CCN(C(=O)C2CC(F)(F)C2)C1)c1cc2cc(Cl)ccc2[nH]1,,,0.7503158814497151
O=C(NCC1CCN(C(=O)c2ccoc2)CC1)c1ccon1,2.68,,
O=C(NCC1CCN(CC(O)c2ccccc2)CC1)NC(CO)c1ccc(C(F)(F)F)cc1,,,0.27530176424177166
O=C(NCC1CCN(CCc2ccccc2)C1)N1CCN2C(=O)NCC2C1,,,0.1310739287389365
O=C(NCC1CCN(Cc2cccs2)CC1)c1cc(C2CC2)[nH]n1,,,0.05695396907520045
O=C(NCC1CCN(Cc2cccs2)CC1)c1cccc(-n2cccn2)n1,,,0.4101696875396764
O=C(NCC1CCN(Cc2cccs2)CC1)c1ccnc(-n2cncn2)c1,,,0.13406797023088274
O=C(NCC1CCN(Cc2ncc[nH]2)CC1)c1ccsc1,2.86,,
O=C(NCC1CCN(c2ccc(Cl)cc2)C1)c1cc2c(cn1)OCCO2,,,0.3725663998722071
O=C(NCC1CCN(c2ccc(Cl)cc2)C1)c1cccc(C2(O)COC2)c1,,,0.5687698563433988
O=C(NCC1CCN(c2ccc(F)c(F)c2)C1)c1ccc(-n2cnnn2)cc1,,,0.20709840580493918
O=C(NCC1CCN(c2ccc(F)cc2)C1)c1ccsc1,,,0.7562499214299712
O=C(NCC1CCN(c2cccc(Br)c2)C1)c1c[nH]c2ncccc12,,,0.5671856393846407
O=C(NCC1CCN(c2ccncc2)CC1)C1CCN(CC(F)(F)F)CC1,,,0.5275418674868769
O=C(NCC1CCN1C1CCCC1)c1c[nH]nc1OCC(F)(F)F,,,0.07524214896652186
O=C(NCC1CCN1C1CCOCC1)c1csc(-c2ccoc2)n1,,,0.5210403526249979
O=C(NCC1CCN1C1CCOCC1)c1nc(C2CC2)no1,,,0.0897878870981366
O=C(NCC1CCOc2ccccc21)N1CCC(C2CCNC2)CC1,,,0.22058520309025115
O=C(NCC1CCOc2ccccc21)N1CCOC(c2ccccc2F)C1,4.82,3.16,0.7143153537850714
O=C(NCC1CCS(=O)(=O)CC1)N1CCc2ccccc2[C@@H]1c1ccccc1,,,0.45514848217181936
O=C(NCC1CCc2ccccc21)c1ccnc(-n2ccnc2)c1,,,0.22598978654786264
O=C(NCC1CN(C2CC2)C(=O)O1)c1cc(-c2ccncc2)nc2ccccc12,,,0.4322772232369595
O=C(NCC1CN(c2ccc(Cl)cc2)CCO1)c1[nH]nc2c1CNCC2,,,0.5052851144155668
O=C(NCC1CN2CCCC2CO1)c1ccc(-n2ncc3ccccc32)cc1Cl,,,0.2702783689277662
O=C(NCC1CN2CCN1CC2)c1ccc([N+](=O)[O-])cc1F,,,0.2179420919141985
O=C(NCC1CNCCCO1)N1CCCN2c3ccccc3CC2C1,,,0.342910919763133
O=C(NCC1CNCCCO1)N1CCN(c2ccccc2F)CC1,,,0.18940647218450796
O=C(NCC1COc2ccccc2O1)NC1CCOC2(CCOCC2)C1,,,0.1668852014498943
O=C(NCC1Cc2ccccc2CN1)c1cc(Cl)c2[nH]ncc2c1,,,0.5750405365454877
O=C(NCC1OCCc2ccccc21)c1occc1COc1ccccc1,4.87,1.84,1.0946754815307753
O=C(NCCC(=O)N1C[C@H]2CCS(=O)(=O)[C@H]2C1)c1ccsc1,,,0.3594384469731575
O=C(NCCC(O)c1ccc(Cl)c(Cl)c1)c1ccc2[nH]nc(C(=O)O)c2c1,,,-0.016737828121117102
O=C(NCCC1(O)CCOCC1)[C@H]1CC[C@H](Nc2ncccn2)CC1,,,-0.0777311028167072
O=C(NCCC1=CCCCC1)Nc1ccc(C(F)(F)F)nn1,,,0.3535628471427278
O=C(NCCC1C(=O)Nc2ccccc21)c1cc2c(s1)CCCCC2,4.76,,1.6673196223560849
O=C(NCCC1CCC(F)(F)C1)c1cncc(N2CCCC2=O)c1,,,0.9958623609482502
O=C(NCCC1CCC(F)(F)CC1)c1cccc(-c2cnco2)c1,,,0.8714535946110057
O=C(NCCC1CCCOC1)c1cc(-c2nn[nH]n2)cs1,,,-0.14053948226116797
O=C(NCCC1CCOc2ccccc21)c1ccc2c(c1)CNC2=O,,,0.14222932676223138
O=C(NCCCC(=O)N1CCc2ccccc21)c1cc(F)cc2[nH]nnc12,3.9,5.28,1.1240797320681575
O=C(NCCCCc1ccncc1)c1cccc2nncn12,,,-0.19826222997259194
O=C(NCCCN1CCCC1)C1CCN(c2nccn3cnc(-c4ccccc4)c23)CC1,,,0.474234051407395
O=C(NCCCN1CCCC1)c1cnc2ccncc2c1O,,,0.026200000272238
O=C(NCCCN1CCOCC1)C1COc2ccccc2O1,2.27,,
O=C(NCCCN1CCOCC1)c1cc(-c2ccc(O)cc2)on1,2.27,,
O=C(NCCCN1CCOCC1)c1ccc(Cl)cc1,2.58,,
O=C(NCCCN1CCOCC1)c1cnn2c(-c3ccccc3)cc(-c3ccccc3)nc12,4.48,,
O=C(NCCCc1ccccc1)c1cccs1,3.0,,
O=C(NCCCc1ccnc2ccccc12)c1cccc(-c2ccc(=O)[nH]n2)c1,,,-0.2462731579521906
O=C(NCCCc1nc2ccccc2[nH]1)N1CCCC(n2ccnc2)C1,,,0.49721686194454395
O=C(NCCCc1nccs1)N1CCC(c2nc(-c3ccccn3)no2)CC1,,,0.32450569290720155
O=C(NCCCc1nnn[nH]1)c1[nH]nc2c1CCC2,2.62,,
O=C(NCCCn1ccnc1)c1cc(-c2ccccc2)on1,3.49,,
O=C(NCCCn1ccnc1)c1cc(-c2cccs2)on1,3.1,,
O=C(NCCCn1ccnn1)C1Cc2ccccc2O1,2.95,,
O=C(NCCN(C1CCOCC1)C1CCCN(C(=O)C2CC2)C1)c1ccc2[nH]cnc2c1,2.48,,
O=C(NCCN1C(=O)CCC1=O)N1CCN(c2ncccn2)CC1,,,0.2246279516295718
O=C(NCCN1C(=O)CNC1=O)C1=NN(c2ccccc2)C(=O)CC1,,,-0.0175062575943704
O=C(NCCN1C(=O)CNC1=O)N1CC=C(c2ccc(F)cc2)CC1,,,0.17263987657835234
O=C(NCCN1C(=O)CNC1=O)N1CCc2[nH]c3ccc(F)cc3c2C1,,,0.2357317410751986
O=C(NCCN1C(=O)c2ccccc2C1=O)C1CCC(F)(F)C1,,,0.2007863758267096
O=C(NCCN1CC2CCCCN2C1=O)c1cccc2scnc12,5.39,3.18,1.056463112483942
O=C(NCCN1CCCCCC1)c1ncc2ccccn12,,,0.24585505949572747
O=C(NCCN1CCCS1(=O)=O)c1cc(F)c(Cl)cc1Cl,,,0.36451872217560355
O=C(NCCN1CCN(c2ccc(F)cc2)CC1)c1cc2c(s1)CCOC2,,,0.5505867024180939
O=C(NCCN1CCNC1=O)Nc1ccc(NC(=O)c2ccc3c(c2)OCO3)cc1,,,0.11006413205952385
O=C(NCCN1CCOCC1)N1CCc2c([nH]c3ccccc23)C1,,,0.11170139302972805
O=C(NCCN1CCOCC1)c1ccc(-c2cccs2)cc1F,,,0.6154352166522333
O=C(NCCN1CCOCC1)c1ccc(Cl)cc1,,,0.04279853876420825
O=C(NCCN1CCOCC1)c1cnn2c(-c3ccccc3)cc(C(F)F)nc12,,,0.4694838866204067
O=C(NCCN1CCc2ccccc21)NC1CC12CCOCC2,,,0.5143538947149112
O=C(NCCN1CCc2ccccc2C1)Nc1cccc(C(=O)Nc2ccc(Cl)cn2)c1,,,0.49935005123488396
O=C(NCCN1CCc2sccc2C1)c1cc2ccccc2[nH]1,5.04,3.15,0.8190679054803318
O=C(NCCNC(=O)C(c1ccccc1)N1CCCCC1=O)c1ccc(F)cc1,,,0.6662600142362893
O=C(NCCNC(=O)c1cc(F)cc2cccnc12)c1ccc(O)cc1,4.59,4.4,1.146840940244203
O=C(NCCNC(=O)c1cccc(-c2cccs2)n1)NC1CCCCC1,4.86,4.22,0.8721220351538403
O=C(NCCNC(=O)c1ccccc1)C(=O)Nc1c(F)cccc1F,,,0.44208577429562274
O=C(NCCNCc1cccc2[nH]ccc12)c1ccn[nH]1,,,0.24601529143167605
O=C(NCCNc1cccnn1)c1ccc2[nH]cc(C3CCNCC3)c2c1,,,-0.045859400776297396
O=C(NCCNc1cnccn1)c1c[nH]nc1-c1ccc2c(c1)OCCO2,,,0.2538382461760066
O=C(NCCO)c1ccc(Cl)cc1,1.92,,
O=C(NCCOC1CCCCC1)c1cc(N2CCOCC2)ccn1,,,0.5018607136464064
O=C(NCCO[N+](=O)[O-])c1cccnc1,,,-0.0007552508709653
O=C(NCCOc1cccc(C(F)(F)F)n1)c1ccnc(NC(=O)C2CC2)c1,5.15,4.36,1.0853385758768652
O=C(NCCOc1ncc(Cl)cc1Cl)N1CCN(CC2CC2)CC1,,,0.531122245945854
O=C(NCCS(=O)(=O)NC1CCCCC1)Nc1ccn(C2CCNC2=O)n1,,,0.6722874933277352
O=C(NCCc1c(F)cc(O)cc1F)[C@H]1C[C@@H]1c1cccnc1,,,0.5351046034278596
O=C(NCCc1c[nH]c2c(Cl)cccc12)C(F)(F)c1cccnc1,4.93,5.03,0.9952304511369243
O=C(NCCc1c[nH]c2cc(Cl)ccc12)c1ccc(NC2=NS(=O)(=O)c3ccccc32)cc1,,,0.27171353273961163
O=C(NCCc1c[nH]c2cc(F)ccc12)C1COc2ccccc21,4.73,5.25,1.0879342114856476
O=C(NCCc1c[nH]c2cc(F)ccc12)c1cn([C@@H]2CC[C@H]2O)nn1,,,0.3015708389893098
O=C(NCCc1c[nH]c2ccccc12)c1ccc(-n2cnnn2)cc1,3.41,,
O=C(NCCc1c[nH]c2ccccc12)c1cccnc1,2.82,,
O=C(NCCc1ccc(=O)[nH]c1)C(c1cccc(F)c1)N1CCOCC1,,,0.0974334745375824
O=C(NCCc1ccc(C(F)(F)F)cn1)c1noc2c1CCCC2,5.23,3.3,1.0694117660215685
O=C(NCCc1ccc(O)c(CO)c1)Nc1ccc2c(c1)CCC2,4.05,1.86,0.6788130488184452
O=C(NCCc1ccc2[nH]ccc2c1)N1CCN(CC2CCOCC2)CC1,,,0.34831007433955663
O=C(NCCc1ccc2c(c1)CCO2)N1CC2(CCC2)C1C1CCOCC1,4.93,1.9,0.787569005659049
O=C(NCCc1ccc[nH]1)[C@H]1CC[C@H](Nc2cnccn2)CC1,,,-0.16765965252623571
O=C(NCCc1cccc(Cl)c1)N1CCCC2(CCC2)C1,5.71,3.11,1.7279960100205545
O=C(NCCc1ccccc1OC(F)F)N1CCOCC(C2CCC2)C1,5.54,1.84,1.2187368269594478
O=C(NCCc1cccnc1)C1CCN(C(=O)N2CCCC2)CC1,,,0.1188376017146788
O=C(NCCc1ccn(-c2ccc(F)cc2)n1)c1ccc(NCC2CC2)nc1,4.27,2.98,0.6845226015090694
O=C(NCCc1ccnn1-c1ccccc1)NC1CC12CCOCC2,,,0.43875553814453966
O=C(NCCc1cn(Cc2ccc(Cl)cc2)cn1)C1=CCCC1,,,0.6682172487798297
O=C(NCCc1cn2ccccc2n1)N1CC(=O)N(C2CC2)C1,,,0.1216620637573432
O=C(NCCc1cn[nH]c1)c1cn(-c2ccc(Cl)c(Cl)c2)cn1,,,0.3098137681058431
O=C(NCCc1cnc2c(Cl)cnn2c1)C1CC=CCC1,,,0.3357106396537678
O=C(NCCc1cnccn1)C1CCCN1C(=O)c1ccccc1,,,0.1300117537909698
O=C(NCCc1cnn(-c2ccccc2)n1)C1(c2ccc(Cl)cc2)CC1,5.09,3.59,1.207709032043328
O=C(NCCc1coc(-c2ccc(F)cc2)n1)N1CCC(N2CCCC2)C1,,,0.3237760037161856
O=C(NCCc1csc(-c2ccccc2)n1)c1cc(C2CC2)[nH]n1,,,0.6200638213964935
O=C(NCCc1nc(-c2ccccc2)n[nH]1)C1(c2ccc(Cl)cc2)CC1,,,0.7706345827823046
O=C(NCCc1nc(-c2ccccc2)n[nH]1)c1ccc(F)c(F)c1,,,0.3064117781720513
O=C(NCCc1nc(-c2cccnc2)n[nH]1)c1cnn[nH]1,3.11,,
O=C(NCCc1nc(C(F)(F)F)cs1)N1CCC(N2CCCC2)C1,,,0.016347403322043846
O=C(NCCc1nc(COc2ccc3ccccc3c2)no1)C1CCCCC1,,,0.6538785566638756
O=C(NCCc1nc2c(s1)CCCC2)NCc1ccc(-n2ccnc2)nc1,,,0.46804528830989023
O=C(NCCc1nc2ccccc2[nH]1)c1cc(C2CCCN2)n[nH]1,,,0.17908705782339535
O=C(NCCc1nc2ccccc2s1)C1NCC12CCOCC2,,,0.45218800686070976
O=C(NCCc1nccc(C2CC2)n1)c1cc2nccn2c(=O)[nH]1,,,0.0503338980258541
O=C(NCCc1nnc(-c2ccccc2)o1)c1ccc(F)c(Cl)c1,4.21,4.46,0.7338518035073491
O=C(NCCc1nnc(-c2ccccc2)o1)c1ncncc1Cl,,,0.39177691831593897
O=C(NCCc1nnc2n1CCCCC2)N1CCC(c2c[nH]cn2)CC1,,,0.1156206151819409
O=C(NCCc1noc(C2CC2)n1)c1nc2ccccc2[nH]c1=O,3.58,,
O=C(NCCn1cc(-c2ccccc2)nn1)c1cc(F)c2ncccc2c1,,,0.34694084416472365
O=C(NCCn1cnnn1)c1nccnc1C(=O)N1CCCCC1,2.78,,
O=C(NCCn1nc(-c2ccccc2)ccc1=O)C1CCCCn2nnnc21,4.11,,
O=C(NC[C@@H]1C=C[C@H]2C[C@@H]1CO2)Nc1nc(C2CC2)ns1,,,0.4050021787197934
O=C(NC[C@@H]1CCCO1)c1ccc(OCc2ccccc2)cn1,,,0.3626095702484639
O=C(NC[C@H]1CCCCN1)c1sccc1S(=O)(=O)N1CCc2ccccc21,,,0.5161031529367032
O=C(NC[C@H]1CCCO1)N1CCc2ccccc2[C@@H]1c1ccccc1,5.37,1.79,0.8713575148386099
O=C(NC[C@H]1CCCO[C@@H]1c1cn[nH]c1)c1cccc2c1OCC2,,,0.20044585083820185
O=C(NC[C@H]1CCC[C@@H]1O)c1cc2cc(C(F)(F)F)ccc2s1,,,0.5843163158654624
O=C(NC[C@H]1CN(c2ccc(N3CCOCC3=O)cc2)C(=O)O1)c1ccc(Cl)s1,,,0.2906806154932364
O=C(NC[C@H]1COC[C@H]1O)c1ccnc(OCc2ccccc2)c1,,,0.2088850350312491
O=C(NC[C@H]1C[C@@H]1c1ccc(Cl)cc1Cl)c1cnccn1,,,0.3093881251572006
O=C(NC[C@]1(c2ccccc2)C[C@H](O)C1)Nc1nnc(C2CC2)s1,,,0.5548599923810231
O=C(NC[C@]12CCC[C@H]1OCC2)[C@H]1CCCN1C(=O)c1ccccc1,,,0.17622442802014876
O=C(NC[C@]12CNC[C@@]1(C(F)(F)F)C2)N1CCC(CO)CC1,,,0.11243182472699956
O=C(NC[C@]12CNC[C@@]1(C(F)(F)F)C2)N1Cc2ccccc2C1,,,0.3560708160653457
O=C(NC[C@]12C[C@H]1COC21CCC1)c1cc(-c2ccco2)[nH]n1,,,0.15661453140546805
O=C(NC[C@]12OCCC[C@H]1C2(F)F)c1n[nH]c2ccccc12,4.88,3.89,0.9690499439842112
O=C(NCc1c(-c2ccc(F)cc2)nc2ccc(F)cn12)C12COC(CN1)C2,,,0.5647194654029596
O=C(NCc1c(F)cccc1Cl)N1CCN(c2nnc(C(F)(F)F)s2)CC1,5.01,1.91,1.1674862037821396
O=C(NCc1c[nH]c(=O)c2ccccc12)N1CC2(CC=CC2)C1c1ccccc1,5.02,3.18,0.8991518653418278
O=C(NCc1c[nH]c(=O)c2ccccc12)c1cnn(C2CCC2)c1,,,-0.09879533950278616
O=C(NCc1c[nH]c2ccc(F)cc12)c1cc2c(nn1)CCCC2,,,-0.20798508059206794
O=C(NCc1cc(-c2ccco2)on1)[C@H]1CNC[C@@H](C(=O)N2CCOCC2)C1,3.44,,
O=C(NCc1cc(C2CC2)no1)c1cc(=O)[nH]c(C2CC2)n1,,,0.18412921812237423
O=C(NCc1cc(C2CC2)on1)c1c[nH]c2ncnn2c1=O,2.7,,
O=C(NCc1cc(Cl)ccn1)C1CCN(c2ccc(F)cc2)C1=O,,,0.382227393552188
O=C(NCc1cc(F)c(Cl)cc1F)c1c[nH]c2ccccc2c1=O,5.3,2.63,1.0026693208525
O=C(NCc1cc2c(cc1OC(F)F)OCO2)NCC1CCCCC(F)(F)C1,5.7,2.47,1.2612860230470537
O=C(NCc1cc2ccccc2[nH]1)NCc1cccc(F)c1F,4.98,5.53,1.2703054462220944
O=C(NCc1cc2ccccc2[nH]c1=O)C1CC12C(=O)Nc1ccccc12,,,0.42405481201576334
O=C(NCc1cc2ccccc2o1)C1(Cc2ccc(F)cc2)CCOCC1,5.24,3.06,1.2426836181948901
O=C(NCc1cc2ccccc2s1)NC[C@]12C[C@H]1COC21CCC1,4.85,2.29,1.0374365205775335
O=C(NCc1cc2cnccc2o1)c1cc2c(=O)[nH]ccn2n1,,,-0.0324637945734879
O=C(NCc1cc[nH]c1)c1cccc(Cn2cc(-c3cccc4cnccc34)nn2)c1,,,0.001005108722103451
O=C(NCc1cc[nH]n1)N1CCc2cc(-c3cccc(F)c3)ccc21,3.34,1.88,1.0496036417393495
O=C(NCc1ccc(-c2ccc(Cl)cc2)o1)[C@@H]1CC[C@H](C(=O)O)O1,,,0.3148734701670651
O=C(NCc1ccc(-c2ccco2)cc1)C(=O)N[C@@H]1C[C@H]1c1ccccc1,,,0.18672935244155459
O=C(NCc1ccc(-c2ccncc2)cc1)NCc1ccc(-n2cccn2)cc1,,,0.10271251631967304
O=C(NCc1ccc(-c2ccncc2)cc1)NCc1ccc(C2CC2)cc1,,,0.3541230636403848
O=C(NCc1ccc(-c2ccncc2)cc1)c1ccc2n1CCNC21CCC1,,,0.3593998443498696
O=C(NCc1ccc(-c2nnn[nH]2)cc1)C1CCCN1C(=O)Cc1cccs1,,,-0.037200503255022346
O=C(NCc1ccc(-n2cccn2)cc1)c1cc(=O)[nH]c2ccc(F)cc12,,,0.0380546083199493
O=C(NCc1ccc(-n2ccnc2)c(F)c1)N1CCC(O)(C(F)(F)F)C1,,,0.0202704169362079
O=C(NCc1ccc(-n2ccnc2)c(F)c1)c1ccc(O)c(Cl)c1,,,-0.0725272280059891
O=C(NCc1ccc(-n2ccnc2)c(F)c1)c1csc(-c2cnccn2)n1,,,0.0766329917792874
O=C(NCc1ccc(-n2ccnc2)cc1)c1cccc(NC(=O)c2ccc(F)cc2)c1,,,-0.0186048354777852
O=C(NCc1ccc(-n2ccnc2)nc1)C1CCCN1c1nccs1,,,0.2459450822085494
O=C(NCc1ccc(-n2ccnc2)nc1)N1CCN(C(=O)C2CCCO2)CC1,,,0.0387307130126404
O=C(NCc1ccc(-n2ccnc2)nc1)NC1COc2ccccc21,,,0.4216060294162345
O=C(NCc1ccc(-n2ccnc2)nc1)c1ccn(C2CCCC2)n1,,,0.2932876547894877
O=C(NCc1ccc(-n2ccnc2)nc1)c1cnc2[nH]c(=O)[nH]c(=O)c2c1,,,-0.016586405079116955
O=C(NCc1ccc(-n2ccnc2)nc1)c1n[nH]c(=O)c2ccccc12,,,0.08855838530522804
O=C(NCc1ccc(-n2cnc3ccccc32)cc1)c1cc2cnccc2[nH]1,,,0.3738312328704588
O=C(NCc1ccc(C(=O)N2CCOCC2)cc1)N1CCc2c(nnn2-c2ccccc2)C1,,,0.27810029573179407
O=C(NCc1ccc(C2CC2)cc1)NCC1CCCC1O,,,0.39864619600576134
O=C(NCc1ccc(C2CC2)cc1F)N1CCCC(n2cc(CO)nn2)C1,,,0.473586051244937
O=C(NCc1ccc(C2CC2)cc1F)c1cc2occc2[nH]1,,,0.8055489703708232
O=C(NCc1ccc(C2CCC2)cc1)N1CCN(C(=O)c2ccco2)CC1,,,0.2365513918764001
O=C(NCc1ccc(C2CCCCC2)cc1)NCc1cnccn1,,,0.6887846723798372
O=C(NCc1ccc(CCO)cc1)NC1CCOC2(CCOCC2)C1,,,0.27756727125659053
O=C(NCc1ccc(CN2CCCC2=O)cc1)c1cc2cnccc2[nH]1,,,0.19236596570099035
O=C(NCc1ccc(COc2ccc(F)cc2)cc1)N1CCC(O)C(F)(F)C1,,,0.24617818519327367
O=C(NCc1ccc(Cl)cc1)c1ccc(Cl)cc1[N+](=O)[O-],4.87,,
O=C(NCc1ccc(Cl)cc1)c1cnccn1,2.7,,
O=C(NCc1ccc(Cn2cccn2)cc1)C(=O)N(CCCO)C1CCc2ccccc21,,,0.7537674211875669
O=C(NCc1ccc(Cn2cncn2)cc1)N1CCCC2(CCOCC2)C1,,,0.23783594197591534
O=C(NCc1ccc(F)c(Cl)c1)c1cn2cccnc2n1,,,0.2490656364464062
O=C(NCc1ccc(N2CCCC2)nc1)N1CCOCC1CCO,,,0.1952528776651193
O=C(NCc1ccc(N2CCCS2(=O)=O)c(F)c1)N1CCOCC2(CC2)C1,,,0.10582931873553039
O=C(NCc1ccc(Nc2ccncc2)cc1)c1cncc2nc(O)[nH]c12,,,-0.025186530133031952
O=C(NCc1ccc(O)c(Cl)c1)C1(c2ccccc2)CCCO1,5.45,,1.266410651618127
O=C(NCc1ccc(O)c(F)c1)C1(O)CCc2ccccc2C1,,,0.39617792771026156
O=C(NCc1ccc(O)cn1)C1CCCCN1C(=O)c1ccco1,,,0.20823288623349429
O=C(NCc1ccc(OCC2CC2)nc1)NC1CC2CCC1C2,,,0.41858345681469555
O=C(NCc1ccc(Oc2ccccc2)nc1)[C@H]1OC[C@H]2CCC[C@H]21,,,0.6068518167953776
O=C(NCc1ccc2[nH]c(=O)[nH]c2c1)c1cccc(-c2cccs2)n1,,,0.05063091199772807
O=C(NCc1ccc2c(c1)COC2)NC1CCC(N2CCNCC2)CC1,,,0.03653525144836555
O=C(NCc1ccc2cncn2c1)c1cc2ccsc2c(=O)[nH]1,,,0.2734960898119046
O=C(NCc1ccc2ncccc2c1)C1(S(=O)(=O)c2ccccc2)CCCCC1,5.25,2.56,0.9005609939644004
O=C(NCc1ccc2occc2c1)NC1CCCc2cn(C3CCCC3)nc21,5.28,5.24,1.4293890141822567
O=C(NCc1cccc(-n2ccnc2)c1)NCC(CO)Cc1ccccc1Cl,,,0.6213195526487647
O=C(NCc1cccc(=O)[nH]1)c1ccc2c(c1)CC(c1ccccc1)OC2=O,,,0.14502113244955578
O=C(NCc1cccc(C(F)(F)F)n1)N1CC2CCC1CN2,,,-0.0038523063001591473
O=C(NCc1cccc(C2COC2)c1)c1cc2c(=O)[nH]ccn2n1,,,-0.039587832467115794
O=C(NCc1cccc(CO)c1)N1CCCC1Cc1ccc(F)cc1,5.01,4.11,1.2979424756667348
O=C(NCc1cccc(Cl)c1O)NC1CCC2(CC1)COC2,,,0.4497666780574473
O=C(NCc1cccc(Cn2ccnc2)c1)c1ccc2oc(=O)[nH]c2c1,,,0.09191609209866455
O=C(NCc1cccc(Cn2ccnc2)c1)c1cn2ccccc2n1,,,0.18684325697880366
O=C(NCc1cccc(N2CCCC2=O)c1)C1NCc2ncncc21,,,0.45626508661520554
O=C(NCc1cccc(N2CCOCC2)n1)c1ccc2c(c1O)CCCC2,,,0.5068150599408756
O=C(NCc1cccc(N2CCOCC2)n1)c1cnc2[nH]c(=O)[nH]c2c1,,,0.07676457184745325
O=C(NCc1cccc(N2CCOCC2)n1)c1csc2c1CCCC2,4.59,2.06,1.029203379257302
O=C(NCc1cccc(O)c1)c1sc2ccccc2c1Cl,4.8,4.44,1.3000963410586588
O=C(NCc1cccc(OC(F)(F)F)c1)NC1CC12CCOCC2,4.68,3.04,0.6732191946593542
O=C(NCc1cccc2[nH]ccc12)Nc1cccc(N2CCCC2)c1,5.34,3.18,1.1183003669041431
O=C(NCc1cccc2c1OCO2)N1CCCC2(CC=CCC2)C1,5.69,1.89,1.4294909154178128
O=C(NCc1ccccc1)C1CCN(CC2CC(F)(F)C2)C1,,,0.07542181091267006
O=C(NCc1ccccc1)N1CCC(N2CCCS2(=O)=O)CC1,,,0.17965018288394793
O=C(NCc1ccccc1)Nc1ccc(N2CCNC2=O)cc1,,,0.5077199015182706
O=C(NCc1ccccc1-c1ccncc1)C(O)c1cccc(C(F)(F)F)c1,5.16,3.24,1.0667578748609925
O=C(NCc1ccccc1-n1ccnc1)c1cc(=O)[nH]c2c1CCCC2,,,0.029619238388814546
O=C(NCc1ccccc1C(F)(F)F)N1CCCN(C(=O)C2CC2)CC1,4.79,4.16,1.0508121595135782
O=C(NCc1ccccc1CC(F)(F)F)N1CCC(N2CCCNC2=O)CC1,,,0.47297418289274973
O=C(NCc1ccccc1Cl)N1CCN(C(=O)c2cccs2)CC1,,,0.510600306763087
O=C(NCc1ccccc1N1CCCC1)c1occc1COc1ccccc1,5.39,4.81,1.2194597997342171
O=C(NCc1ccccc1O)C1(c2ccccc2)CCCN1,,,0.5886894430359111
O=C(NCc1ccccn1)Nc1ccnn1Cc1ccc(F)cc1,,,0.33619370184449804
O=C(NCc1ccccn1)c1ccc2ccccc2n1,3.86,,
O=C(NCc1cccnc1)c1[nH]nc(-c2ccccc2)c1Br,,,0.14704103769612484
O=C(NCc1cccnc1)c1cnc2sccn2c1=O,1.9,,
O=C(NCc1cccnc1)c1nn(-c2ccccc2)cc1CCCO,,,0.12753603923793816
O=C(NCc1cccnc1)c1sc2cc(Cl)ccc2c1Cl,3.1,,
O=C(NCc1cccnc1N1CCCCC1)C1(O)COC1,,,0.17867658722446614
O=C(NCc1cccnc1Oc1ccc(F)cc1F)c1cncc(F)c1,3.91,,
O=C(NCc1ccco1)C1CCCN1C(=O)c1ccc2c(c1)CCC2,,,0.42102196291481486
O=C(NCc1ccco1)C1CCCN1CC(O)C(F)(F)F,,,0.8232580988991576
O=C(NCc1ccn(-c2ccccc2)n1)c1cc2cc(F)ccc2[nH]1,4.38,3.19,0.5911834783103158
O=C(NCc1ccn(C(F)(F)F)n1)c1cc2c(=O)[nH]c3ccccc3c2s1,,,0.16214642716040528
O=C(NCc1ccn(C2CCCC2)n1)NC1CCc2ccccc2C1,4.93,3.14,1.0397912284401336
O=C(NCc1ccn(Cc2ccccc2)n1)N1CCN(C2CC2)CC1,,,0.6279846628808509
O=C(NCc1ccnc(-c2ccccc2)c1)c1nnn(C2CC2)c1C(F)(F)F,,,0.6715190630336987
O=C(NCc1ccnc(-n2cncn2)c1)N[C@@H]1CCCc2ccccc21,4.67,3.17,0.7526100303325082
O=C(NCc1ccncc1)Nc1cccc(CNC(=O)c2ccc(-n3cnc4ccccc43)cc2)c1,,,-0.2900073549192771
O=C(NCc1ccncc1OCC1CCOC1)C1(O)CCC1,,,0.4624843592333175
O=C(NCc1ccoc1)N1CCC(c2c[nH]c3ccccc23)CC1,4.31,3.8,0.8696536895885372
O=C(NCc1ccsc1)C1CCN(C(=O)c2ccccc2)CC1,,,0.19503912083730396
O=C(NCc1cn2c(n1)CCCC2)NC1CC(c2cccc(Cl)c2)C1,4.94,4.59,0.7595927708947974
O=C(NCc1cn2cc(Cl)cc(Cl)c2n1)c1cccc2nn[nH]c12,3.63,3.15,1.17862789220263
O=C(NCc1cn2ccccc2n1)N1CCC2(C1)OCc1ccccc12,,,0.3863219958975417
O=C(NCc1cnc2ccccc2c1)C1CC2CCC1O2,,,0.0549609148528928
O=C(NCc1cnc2n1CCCC2)c1ccccc1Oc1ccccc1,,,0.712641264580264
O=C(NCc1cncc(O)c1)[C@H]1CCCC[C@H]1c1ccccc1,5.03,1.93,0.7524801235145697
O=C(NCc1cnccn1)NCC1CCN(c2ccc(Cl)cc2)C1,,,0.25585254053383527
O=C(NCc1cnn(CCF)c1)C1(c2ccccc2)CCCO1,,,0.4787496029807776
O=C(NCc1cnn(CCF)c1)[C@H]1OCC[C@H]1Cn1cccn1,,,-0.19519882889282292
O=C(NCc1cnn(CCF)c1)c1cncc(N2CCOCC2)c1,,,0.3278618116509829
O=C(NCc1cnn2c1CNCC2)C1COc2ccc3ccccc3c2C1,,,0.5463154451742173
O=C(NCc1cnn2ccccc12)c1cc2ccc(Cl)cc2[nH]1,,,0.5670088666049776
O=C(NCc1coc2ccccc12)N1C2CCC1COC2,,,0.23112761572052987
O=C(NCc1csc(-c2ccccc2)n1)NC1CC(C(=O)O)C1,,,-0.0493014501918458
O=C(NCc1csc(-c2ccco2)n1)N1CCC(N2CCCC2)C1,,,0.21475945754814063
O=C(NCc1csc2ccccc12)c1cc(C2CC2)[nH]n1,5.28,,1.2973968203611508
O=C(NCc1csnn1)c1cn(Cc2ccc(F)c(C(F)(F)F)c2)nn1,,,0.07718397735964425
O=C(NCc1n[nH]c(=O)[nH]1)Nc1cccc(OCC(=O)N2CCOCC2)c1,2.13,,
O=C(NCc1n[nH]c(=O)n1C1CC1)c1ccc(F)c2cccnc12,,,0.16853608920970856
O=C(NCc1n[nH]c2c1CN(C(=O)CO)CC2)c1ccc2[nH]ncc2c1,,,0.2160483165074829
O=C(NCc1nc(-c2ccc(Cl)cc2)no1)c1ccncc1Cl,,,-0.02502371892902995
O=C(NCc1nc(-c2ccccc2)n[nH]1)NCc1cc(F)ccc1F,,,0.6602415219798545
O=C(NCc1nc(-c2ccccc2)n[nH]1)c1ccnnc1,,,0.1061263374027883
O=C(NCc1nc(-c2ccccn2)n[nH]1)c1ccc(C2CCCN2)s1,,,0.21230300627059162
O=C(NCc1nc(-c2ccco2)n[nH]1)N1C[C@@H]2C[C@H]1CS2,,,0.5696244116865362
O=C(NCc1nc(-c2cccs2)n[nH]1)Nc1cccc(NC(=O)c2ccccc2)c1,,,0.5990778363402536
O=C(NCc1nc(-c2ccncc2)cs1)N1CCC[C@H]1C(F)F,,,0.33222851212583404
O=C(NCc1nc(-c2ncccn2)no1)C1CC(=O)N(Cc2ccncc2)C1,2.76,,
O=C(NCc1nc(=O)o[nH]1)c1ccc(N2CCCCCC2)cc1,4.06,2.99,0.7567063889344596
O=C(NCc1nc(C(F)(F)F)n[nH]1)c1ccc2nc3n(c2c1)CCC3,,,0.21570268495195435
O=C(NCc1nc(C2CCCCC2)no1)c1cc(=O)n(-c2ccccc2)[nH]1,3.61,,
O=C(NCc1nc2c([nH]1)CCCC2)c1ccc2ccncc2c1,,,0.014363781680669
O=C(NCc1nc2c(s1)CCCC2)C1COc2ccc(O)cc2O1,4.7,2.03,0.8555363640066954
O=C(NCc1nc2c(s1)COCC2)C1CCc2ccccc2C1,,,0.30426260610577494
O=C(NCc1nc2cc(Cl)ccc2[nH]1)c1[nH]nc2c1CNCC2,,,0.13886564432484647
O=C(NCc1nc2cc(F)ccc2[nH]1)C1CCCN(C(=O)c2ccccc2)C1,,,0.3013118840445918
O=C(NCc1nc2ccccc2[nH]1)c1cc2c(s1)CCCNC2,,,0.32098075261626646
O=C(NCc1nc2ccccc2c(=O)[nH]1)N1CCC(c2ccccc2)C1,,,0.4582010038056309
O=C(NCc1nc2ccccc2c(=O)[nH]1)c1c[nH]c(=O)c2ccccc12,,,-0.055773071039258104
O=C(NCc1nc2ccccc2o1)c1cc(C2CC2)nc2onc(-c3ccccc3)c12,,,0.6268616724299335
O=C(NCc1nc2ccccc2s1)C(O)c1cc(Cl)cc(Cl)c1,5.16,1.87,1.0330473112137666
O=C(NCc1nc2cccnc2[nH]1)c1cnn2cccnc12,,,0.1383565444118838
O=C(NCc1ncc(Br)cn1)C1CCc2cccc(O)c21,,,0.5448629354450254
O=C(NCc1ncc(Br)cn1)C1OCCc2ccccc21,,,0.3098899737371379
O=C(NCc1ncc[nH]1)C1(c2cccc(Br)c2)CCCCC1,5.47,4.37,1.4610084991791041
O=C(NCc1ncccc1F)N1CCC(CCc2ccc(F)cc2F)CC1,,,0.384620342153309
O=C(NCc1nccn1CC(F)(F)F)c1cccc2c1OCC2,4.69,4.12,0.7117672787372604
O=C(NCc1ncn(-c2ccccc2)n1)N1CCCC1CN1CCCCC1,,,0.943353238204036
O=C(NCc1nnc(-c2ccncc2)[nH]1)c1cc2ccccc2[nH]c1=O,,,0.0516681909612641
O=C(NCc1nnc(C2CC2)o1)c1noc2c1CCc1ccccc1-2,5.11,,1.2799019653961032
O=C(NCc1nnc(C2CC2)s1)N1CCC(C(F)(F)F)CC1,,,0.2514127419028485
O=C(NCc1nnc2ccc(C(F)(F)F)cn12)N1CC2CSCC(C2)C1,4.635,1.94,0.18876826621838028
O=C(NCc1nnc2n1CCCCC2)NC1CC1c1cccc(F)c1,,,0.613569226262124
O=C(NCc1nnnn1-c1ccccc1)Nc1ccc(OC(F)(F)F)cc1,4.29,1.95,0.7626848315703302
O=C(NCc1nnnn1C1CC1)c1ccc(-n2cnnn2)cc1Cl,2.69,3.15,
O=C(NCc1noc(-c2cccc(F)c2)n1)c1ccnn1C1CCC1,,,0.3691337367167864
O=C(NCc1noc(C2CCCO2)n1)c1n[nH]c2c1CCC2,3.48,,
O=C(NCc1noc2c1CCCC2)c1ccc(C2CCOCC2)cc1,,,0.2419114450331026
O=C(NOCC(F)(F)F)C1CCN(C(=O)Nc2ccccc2)CC1,,,-0.02467492869549575
O=C(NOCc1cccnc1)C1CCCCN1C(=O)c1ccccc1,,,0.369579272763243
O=C(NOCc1nn[nH]n1)c1cc(-c2ccccc2)cc(Cl)c1O,,,0.2438428485995756
O=C(NS(=O)(=O)C1=Cc2ccccc2CC1)C1CCCOC1,,,0.823123177455645
O=C(NS(=O)(=O)C1CC1)c1cnn(-c2ccc(F)cc2)n1,,,0.380392769737278
O=C(NS(=O)(=O)C1CCCc2ccccc21)C1CCCOC1,,,0.5170862400633084
O=C(NS(=O)(=O)C1CS(=O)(=O)c2ccccc21)C1CCC1c1ccc(F)cc1,,,-0.11977134206243349
O=C(NS(=O)(=O)C1C[C@@H]2CC[C@H]1C2)c1cnc2ccccc2c1,4.81,3.97,0.8716088097911283
O=C(NS(=O)(=O)CC1CCCCC1)C1CCC(C(F)(F)F)CC1,4.3,4.34,0.9554258375111693
O=C(NS(=O)(=O)CCC1CCCC1)c1cc2n(n1)CCO2,,,0.1842831644107768
O=C(NS(=O)(=O)Cc1cccc(F)c1)c1occ2c1CCOC2,,,0.3227518766477118
O=C(NS(=O)(=O)c1ccc(-n2cccn2)c(F)c1)c1ccnn1-c1ccccc1,1.73,3.06,
O=C(NS(=O)(=O)c1ccc2c(c1)CCO2)c1cc2n(n1)CCCC2,,,0.21628075278361236
O=C(NS(=O)(=O)c1ccc2c(c1)COC2)c1cc2c(s1)CCCC2,5.17,3.81,1.2652698544028058
O=C(NS(=O)(=O)c1cccc2c1OC(F)(F)O2)C1C2CCCCC21,4.94,,1.8995481819529088
O=C(NS(=O)(=O)c1cnc2n1CCC2)c1cccc2c1CCCC2,,,0.76505441678448
O=C(NS(=O)(=O)c1cncc(Cl)c1)C1CC(=O)N(c2ccccc2)C1,,,0.019005700434052752
O=C(N[C@@H](CO)c1ccccc1)C1(N2CCOCC2)CCC1,,,0.39722493161597816
O=C(N[C@@H]1C=C[C@H](CO)C1)c1ccc2c(c1)S(=O)(=O)Nc1ncnn1-2,,,0.07597775456483155
O=C(N[C@@H]1C=C[C@H](CO)C1)c1cccc(N2CCCC2=O)c1,,,0.08723790416389635
O=C(N[C@@H]1CC(Cn2cc(Cl)cn2)C[C@H]1O)c1cccnc1-n1cccn1,,,0.29526311774253555
O=C(N[C@@H]1CC(Cn2cccn2)C[C@H]1O)c1cc(Oc2ccccc2)ccn1,,,0.5577083249609268
O=C(N[C@@H]1CC(Cn2cccn2)C[C@H]1O)c1ccc(-c2ccco2)o1,,,1.4596144596607992
O=C(N[C@@H]1CC(Cn2cccn2)C[C@H]1O)c1ccccc1COC1CCOCC1,,,0.08693749992148014
O=C(N[C@@H]1CC(Cn2cccn2)C[C@H]1O)c1cnc(C2CC2)nc1,,,0.4790641062016251
O=C(N[C@@H]1CC(Cn2cccn2)C[C@H]1O)c1cncn1-c1ccccc1,,,0.10095131982986166
O=C(N[C@@H]1CC(Cn2cccn2)C[C@H]1O)c1onc2ccccc12,,,0.0953569184526485
O=C(N[C@@H]1CC(Cn2ccnc2)C[C@H]1O)C1CC2(C1)CC(F)(F)C2,,,0.33092036074395265
O=C(N[C@@H]1CC(Cn2ccnc2)C[C@H]1O)c1c[nH]c(-c2ccccc2)c1,,,0.1016660703740914
O=C(N[C@@H]1CC(Cn2ccnc2)C[C@H]1O)c1ccc(C2=CCCC2)cc1,,,0.18001948142435098
O=C(N[C@@H]1CC(Cn2ccnc2)C[C@H]1O)c1ccn2nncc2c1,,,-0.0628704622647345
O=C(N[C@@H]1CC(Cn2ccnc2)C[C@H]1O)c1cnc2ncccn12,,,0.2626456858231155
O=C(N[C@@H]1CC(Cn2ccnc2)C[C@H]1O)c1occc1C1CC1,,,0.2623400441184144
O=C(N[C@@H]1CC(Cn2ccnc2-c2ccccc2)C[C@H]1O)c1cnn(C2CC2)c1,,,0.23818153696590405
O=C(N[C@@H]1CCCc2c(F)cc(F)cc21)c1cc2n(n1)CCO2,4.81,2.01,0.7700443581430642
O=C(N[C@@H]1CCN(C(=O)CCc2ccc(=O)[nH]n2)C[C@H]1O)c1ccccc1,2.05,,
O=C(N[C@@H]1CCc2cc(Cl)ccc21)c1c[nH]nc1C1CCCNC1,,,0.18700214368675092
O=C(N[C@@H]1COCC[C@@H]1OCc1ccccc1)c1ccc2c(c1)CCO2,4.24,,
O=C(N[C@@H]1CS(=O)(=O)C[C@H]1O)c1cc(F)cc2ccoc12,,,0.2183482184043587
O=C(N[C@@H]1C[C@H]1c1ccc(F)cc1)C1CCc2cn[nH]c21,,,0.6470229944774453
O=C(N[C@@H]1C[C@H]1c1cnn(-c2ccccc2)c1)c1cnn2c1CCCC2,,,0.516784771981101
O=C(N[C@@H]1C[C@H]2CC[C@@H]1O2)c1cc(-c2ccco2)nn1-c1ccccc1,4.61,3.01,1.0180969113836076
O=C(N[C@@H]1[C@H]2C[C@@H]1N(C(=O)c1cccc(-c3noc(O)n3)c1)C2)c1ccc2c(n1)CCC2,,,0.0865405941439449
O=C(N[C@@H]1c2ccccc2C[C@@H]1O)c1c[nH]c(=O)c(C(F)(F)F)c1,,,0.5532951597189686
O=C(N[C@H](CO)Cc1ccccc1)C1(S(=O)(=O)c2ccc(Cl)cc2)CCCC1,5.16,1.89,1.2298170439778984
O=C(N[C@H](CO)[C@H](O)c1ccc([N+](=O)[O-])cc1)C(Cl)Cl,2.18,,-0.021963084355412353
O=C(N[C@H](Cc1ccccc1)C(=O)O)C1CCN(c2ccc3nncn3n2)CC1,,,0.1010818452573329
O=C(N[C@H]1CC2(CCCC2)Oc2ccc(Cl)cc21)c1c[nH]nn1,4.65,4.01,1.5896784439291003
O=C(N[C@H]1CCC[C@@H]1O)c1ccc(-c2ccncc2)c(F)c1,,,0.030278218068040402
O=C(N[C@H]1CCC[C@H]1C(=O)O)c1ccc(CN2CCCC2=O)cc1,,,0.1697599764462545
O=C(N[C@H]1CCC[C@H]1Cn1ccnn1)c1ccc(OC(F)F)cn1,,,0.16530494633185946
O=C(N[C@H]1CCC[C@H]1Oc1cn[nH]c1)c1ccncc1F,,,0.004680393048952552
O=C(N[C@H]1CCC[C@H]1Oc1cn[nH]c1)c1ncoc1C1CC1,,,0.14360278154631304
O=C(N[C@H]1CCC[C@H]1n1ccnc1)c1cc(=O)[nH]c2cc(F)ccc12,,,0.13940874314857024
O=C(N[C@H]1CCC[C@H]1n1ccnc1)c1ccc(-c2cc[nH]n2)s1,,,0.4066868733928808
O=C(N[C@H]1CCC[C@H]1n1ccnc1)c1ccc(N2CCNC2=O)cc1,,,0.08838837593203085
O=C(N[C@H]1CCC[C@H]1n1ccnc1)c1ccc2n[nH]c(=O)n2c1,,,-0.1213419994303947
O=C(N[C@H]1CCC[C@H]1n1ccnc1)c1cccc(-n2cnnn2)c1,,,0.6832183038103657
O=C(N[C@H]1CCCc2cccnc21)c1cnc2n1CCOC2,,,0.4498332887639715
O=C(N[C@H]1CCO[C@@H]1c1ccc(Cl)c(F)c1)c1cc(O)ccn1,,,0.3729765758890695
O=C(N[C@H]1CCO[C@@H]1c1ccncc1)c1ccc(C(F)F)c(F)c1,,,0.06603280520971876
O=C(N[C@H]1CCO[C@@H]1c1ccnn1CC1CC1)c1ccc(C(F)F)cc1F,,,0.1326617616530372
O=C(N[C@H]1CC[C@@H](C(=O)N2CCCCC2)C1)C1CCCOC1,,,0.4138959478766
O=C(N[C@H]1CC[C@H](Nc2ccccn2)CC1)c1cncc(N2CCCC2)n1,,,0.18364090044317574
O=C(N[C@H]1CC[C@H](Oc2ccccc2)CC1)C1(c2ccccc2)CCC1,5.27,4.8,1.107351451445096
O=C(N[C@H]1CNC[C@@H]1c1ccccc1)c1cccnc1O,,,0.007196514388291754
O=C(N[C@H]1CO[C@H]2CNC[C@@H]12)c1cccc(Nc2nccc(C(F)(F)F)n2)c1,,,0.3650564284312609
O=C(N[C@H]1C[C@@H](C(=O)O)C1)C1CCCN(C(=O)c2ccc(Cl)cc2)C1,,,0.07812885022936909
O=C(N[C@H]1C[C@@H](C(=O)O)C1)C1CCCN1C(=O)C12CC3CC(CC(C3)C1)C2,,,-0.0621243865772271
O=C(N[C@H]1C[C@@H](C(=O)O)C1)C1CCN(C(=O)CCc2ccccc2)CC1,,,-0.0849737462147904
O=C(N[C@H]1C[C@@H](C(=O)O)C1)c1cc2ccccc2c(=O)[nH]1,,,0.2054374630985752
O=C(N[C@H]1C[C@@H](Cn2cncn2)C1)C1Cc2ccccc2C1,,,-0.0110733359558899
O=C(N[C@H]1C[C@@H](N2CCCC2)C1)c1cccc2[nH]c(C(F)F)nc12,,,0.1282419341556725
O=C(N[C@H]1C[C@@H](c2cc(=O)[nH]c(N3CCCC3)n2)C1)c1cnco1,3.19,,
O=C(N[C@H]1C[C@@H]1C(F)(F)F)N1CCOCC1CC1CCOCC1,,,0.2707630597762017
O=C(N[C@H]1C[C@H](C(=O)OCc2ccccc2)C1)c1cc(COc2ccc(F)cc2)on1,,,0.26793868907687496
O=C(N[C@H]1C[C@H](Oc2ccccc2)C1)c1conc1C1CC1,,,0.39476673186330324
O=C(N[C@H]1Cc2ccccc2[C@@H]1O)c1nc2n(n1)CCCN2,,,0.3626617478085568
O=C(N[C@H]1c2ccccc2CC[C@H]1O)c1cc(=O)[nH]c(C2CC2)n1,,,0.4847132666510991
O=C(N[C@H]1c2ccccc2OC[C@H]1O)C1CCN(C2CCS(=O)(=O)C2)CC1,,,-0.0779610760277857
O=C(N[C@]12CC[C@H](C[C@@H]1n1cc(-c3ccc4c(c3)CCC4)nn1)C2)c1cnc2cn[nH]c2c1,5.99,,1.1105722594134968
O=C(N[C@]12C[C@H]1CN(C(=O)C1(Cc3cccc(F)c3)CC1)C2)C1CCCCC1,5.68,1.81,0.9187057950405558
O=C(Nc1[nH]nnc1C(=O)N1CCCC1)N1CC2(CC=CC2)C1,,,0.19166226629712718
O=C(Nc1[nH]nnc1C(=O)N1CCCC1)N1CCCc2occc2C1,,,0.587295074898861
O=C(Nc1c(-c2cccs2)nc2ccccn12)c1ccc(Cl)cc1,4.03,,
O=C(Nc1c(Cl)cncc1Cl)c1ccc(OC(F)F)c(OCC2CC2)c1,4.98,,
O=C(Nc1c(F)cc(F)cc1F)c1cnc(-c2ccccn2)s1,,,0.6218267790676644
O=C(Nc1c[nH]c2ccccc12)c1conc1C1CCCC1,4.43,4.99,0.8038722436812713
O=C(Nc1c[nH]nc1-c1ccccc1)c1cccc(-c2ncn[nH]2)c1,,,0.0746185449254179
O=C(Nc1c[nH]nc1-c1ccccn1)c1cccc(-n2ccc(C(F)(F)F)n2)c1,,,0.11711333796456674
O=C(Nc1c[nH]nc1-c1ccccn1)c1n[nH]c2ccccc12,3.47,,
O=C(Nc1c[nH]nc1-c1nccs1)[C@H]1C[C@](O)(c2cccc(Cl)c2)C1,4.57,3.12,0.6985957321453187
O=C(Nc1c[nH]nc1C1CCCN(c2nccs2)C1)C1CCCC1,,,0.8631847504785363
O=C(Nc1cc(-c2cc(Cl)cc(Cl)c2)[nH]n1)c1ccncn1,,,0.0014659404118817
O=C(Nc1cc(-c2ccccc2)nn1-c1ccccc1)c1ccc([N+](=O)[O-])cc1,5.66,,
O=C(Nc1cc(-c2ccccc2)ns1)N[C@H]1C[C@H](C(=O)O)C1,,,0.1926827252670176
O=C(Nc1cc(-c2ccccc2F)on1)[C@H]1C[C@@H]1C1CCOCC1,4.23,2.19,0.8783295009152946
O=C(Nc1cc(Br)ccn1)N[C@@H]1CCCc2cccnc21,5.25,4.92,1.694417968738879
O=C(Nc1cc(C(=O)N2Cc3cccc(O)c3C2)ccn1)C1CC1,4.77,4.3,0.06588932900333827
O=C(Nc1cc(C(F)(F)F)c[nH]c1=O)C1CCN(C(=O)c2ccccc2)CC1,,,0.0604086552562468
O=C(Nc1cc(C(F)(F)F)n[nH]1)c1cc(N2CCOCC2)ccn1,,,0.366292632799696
O=C(Nc1cc(C2CCCC2)[nH]n1)c1ccn(CCn2cccn2)n1,,,0.5260119695248342
O=C(Nc1cc(C2CCCOC2)[nH]n1)c1cc2c([nH]c1=O)CCCCC2,,,0.1653472716931606
O=C(Nc1cc(C2CCOC2)ccn1)C1CCCN(CC(F)F)C1,,,0.37480218729253845
O=C(Nc1cc(C2CCOCC2)[nH]n1)c1ccc(S(=O)(=O)C2CCC2)cc1,,,0.2610250461952867
O=C(Nc1cc(C2CCOCC2)on1)NC(CCO)c1ccc(Cl)c(Cl)c1,4.81,5.5,0.9617270319405613
O=C(Nc1cc(CC2CC2)nn1-c1ccccc1)N1CCCC(F)(F)CC1,4.98,2.3,1.544544994057269
O=C(Nc1cc(Cc2ccccc2)ccc1O)c1cccc(-n2ccnc2)n1,,,0.34284961988178053
O=C(Nc1cc(Cl)ccc1OCC1CCC1)C1CC12CCS(=O)(=O)CC2,5.16,3.12,1.0573503882982678
O=C(Nc1cc(Cl)ccc1OCC1CCC1)N1CC[C@H]2CC[C@H](O)[C@H]21,4.89,5.54,1.9257109498845781
O=C(Nc1cc(F)cc(N2CCOCC2)c1)N[C@]12CCC[C@H]1CNC2,,,0.27561119777457177
O=C(Nc1cc(NC(=O)[C@@H]2CCCCN2)ccc1F)C1CCCCC1,,,0.42441296520775185
O=C(Nc1cc2c3c(c1)CCC(=O)N3CCC2)c1ccco1,,,0.0887332905511066
O=C(Nc1cc2cc[nH]c2cn1)c1cccc(C(=O)N2CCCCC2)c1,,,0.12985938533595306
O=C(Nc1cc2n(n1)CCC2)c1nc(-c2ccccc2)n2c1COCC2,,,0.3854563695975736
O=C(Nc1cc2n(n1)CCCC2)N1CCN(c2ncnc3sccc23)CC1,3.1,,
O=C(Nc1cc2n(n1)CCCC2)c1cccc(C2CCOC2)c1,4.64,3.16,0.6310123417679498
O=C(Nc1ccc(-c2cncnc2)cc1)[C@@H]1C[C@@H]2[C@H](C1)C2(F)F,,,0.0240499048669358
O=C(Nc1ccc(-c2nc3c(Cl)cccc3[nH]2)cc1)C1CNCCOC1,,,0.5323082378340149
O=C(Nc1ccc(-c2nc3ccccc3o2)cc1)NC1CCCC2OCCC12,,,0.25451421930967566
O=C(Nc1ccc(-c2nccs2)cc1)N1C[C@H](O)C[C@H]1CO,,,0.07958709917992325
O=C(Nc1ccc(-c2nnc[nH]2)cc1)c1ccnc(NC(=O)C2CC2)c1,,,-0.0326901539565051
O=C(Nc1ccc(-c2nnn[nH]2)cc1)c1cn2ccccc2n1,1.79,2.17,-0.3359172426854127
O=C(Nc1ccc(-n2cc[nH]c2=O)cc1)c1cc(-c2ccccc2)n(-c2ccccn2)n1,3.99,4.75,0.8533765381403966
O=C(Nc1ccc(-n2cccn2)c(F)c1)c1ccnn1-c1ccccc1,4.45,5.36,1.3833222935076348
O=C(Nc1ccc(-n2cncn2)cn1)c1ccc(Cl)c(N2CCNC2=O)c1,,,0.3765586786402111
O=C(Nc1ccc(-n2cnnn2)cc1)N1CCC2(CC1)CC2(F)F,,,0.16594135812880995
O=C(Nc1ccc(-n2cnnn2)cc1)N1CCCC1c1cccc(F)c1,,,0.37680037664270283
O=C(Nc1ccc(-n2nn[nH]c2=O)cc1)c1cc(F)ccc1Cl,,,0.9323636101814794
O=C(Nc1ccc(-n2nn[nH]c2=O)cc1)c1ccc(NS(=O)(=O)c2ccccc2)cc1,,,-0.1947072643162089
O=C(Nc1ccc(-n2nn[nH]c2=O)cc1)c1cn(C2CCCNC2)nn1,,,0.1820686324298229
O=C(Nc1ccc(=O)n(CCO)c1)c1cnn2c(-c3cccnc3)ccnc12,,,-0.0288083824433752
O=C(Nc1ccc(Br)cc1)c1cc(Br)c(Br)s1,3.47,,
O=C(Nc1ccc(Br)cc1)c1cc(Br)cc(Br)c1O,4.12,,
O=C(Nc1ccc(Br)cc1)c1cccc(-n2cnnn2)c1,3.1,,
O=C(Nc1ccc(C(=O)N2CCC(C(=O)O)CC2)cc1)c1cc(F)ccc1F,,,0.0707859861722478
O=C(Nc1ccc(C(=O)N2CCNC(CC(F)(F)F)C2)cc1)C1CC1,,,0.4016523417060044
O=C(Nc1ccc(C(=O)N2CCOCC2)c(Cl)c1)c1cc(-c2cccnc2)nc2ccccc12,4.58,4.55,0.7306727912541487
O=C(Nc1ccc(C(=O)N2CCOCC2)cc1)C1CC12C(=O)Nc1ccccc12,,,0.09651832830505265
O=C(Nc1ccc(C(=O)O)c(Cl)c1)c1ccc2c(c1)OCO2,,,0.2834120379475544
O=C(Nc1ccc(C(=O)O)c(F)c1)c1cc2ccccc2o1,,,0.8785315371943545
O=C(Nc1ccc(C(F)(F)F)c(F)c1)N1CCOC(c2ccsc2)C1,,,0.24083698124573027
O=C(Nc1ccc(C(F)(F)F)nn1)Nc1cc(CC2CCCCC2)n[nH]1,1.83,1.81,-0.4415572433345005
O=C(Nc1ccc(C(O)(C(F)(F)F)C(F)(F)F)cc1)c1ccc(C(F)(F)F)cc1,3.4,,
O=C(Nc1ccc(C2CC2)nn1)NC1(c2cccc(OC(F)(F)F)c2)CC1,5.03,3.51,0.9664731849417938
O=C(Nc1ccc(C2CCC2)cn1)NC1CC12CCOCC2,,,0.4974930875112654
O=C(Nc1ccc(CCN2CCOCC2)cc1)N1CCCC1c1nn[nH]n1,,,-0.0252284224131605
O=C(Nc1ccc(CCO)cc1)c1ccnc2[nH]c(O)nc12,,,0.11800274106761466
O=C(Nc1ccc(CN2CCOC2=O)cc1)c1c[nH]nc1-c1ccccn1,,,0.21711280618167195
O=C(Nc1ccc(Cc2nc3ccccc3s2)cc1)Nc1cc[nH]n1,4.6,5.09,0.8248546888935269
O=C(Nc1ccc(Cl)c(C(F)(F)F)c1)c1ccco1,4.81,,
O=C(Nc1ccc(Cl)c(Cl)c1)c1cc(Cl)cc(Cl)c1O,4.0,,
O=C(Nc1ccc(Cl)c(Cl)c1)c1ccc(Cl)c(Cl)c1,1.94,,
O=C(Nc1ccc(Cl)c(F)c1)N1CCc2cnccc2C1,,,0.6384499118340645
O=C(Nc1ccc(Cl)c(OC(F)F)c1)c1cc(N2CCOCC2)ncn1,,,0.219268764728279
O=C(Nc1ccc(Cl)cc1)C1CCCN(C(=O)c2cccc(-c3ccco3)c2)C1,4.27,,
O=C(Nc1ccc(Cl)cc1)C1CCCNC1,3.01,,
O=C(Nc1ccc(Cl)cc1)c1csc2c1CCCCC2,4.83,,
O=C(Nc1ccc(Cl)cc1C(F)(F)F)c1ccc(Cl)cc1,3.75,,
O=C(Nc1ccc(Cn2cccn2)cc1)N1C[C@H](O)C[C@H]1CO,,,0.0712943102649375
O=C(Nc1ccc(Cn2cccn2)cc1)Nc1[nH]ncc1C1CCC1,,,-0.1641632044964647
O=C(Nc1ccc(Cn2cccn2)cc1)c1c[nH]nc1-c1cccnc1,,,0.4670881924686074
O=C(Nc1ccc(Cn2cccn2)cc1)c1cc(-c2ccncc2)on1,1.86,2.0,
O=C(Nc1ccc(Cn2ccnc2)cc1)c1ccnc2[nH]ccc12,,,0.0492948834986934
O=C(Nc1ccc(F)cc1)C1CCc2ccccc2N1C(=O)C1CCN(c2ncccn2)CC1,5.11,4.25,1.627993570932413
O=C(Nc1ccc(F)cc1)NC1CCN(c2cc(C(F)(F)F)nc(-c3ccncc3)n2)CC1,,,0.596935331436395
O=C(Nc1ccc(F)cc1)NC1CCN(c2ccc3nnc(C4CCCO4)n3n2)C1,,,0.1148697746317154
O=C(Nc1ccc(F)cc1F)N1CCN(C(=O)c2ccco2)CC1,,,0.1184383373927841
O=C(Nc1ccc(F)cc1N1CCOCC1)N1CCCC(F)(F)CC1,,,0.6958493106063581
O=C(Nc1ccc(F)cc1OCC(F)F)c1ncccc1F,,,0.45722996084745615
O=C(Nc1ccc(F)nc1)N1CCC(Cc2ccc(F)cc2)C1,4.71,3.18,0.8870951089540835
O=C(Nc1ccc(F)nn1)c1cc(-c2ccccc2Cl)nc2ccccc12,4.91,5.0,1.7918013194581337
O=C(Nc1ccc(N2CCOCC2)cn1)C1CCCN1C(=O)Cc1ccccc1,,,0.16499425088195094
O=C(Nc1ccc(NC(=O)C2(C(=O)O)CCCCCC2)cn1)C1CC1,,,0.13946357400875398
O=C(Nc1ccc(NC(=O)C2CCCO2)cc1)NC1CCCN(c2ccccc2Cl)C1=O,,,0.21749314996311125
O=C(Nc1ccc(NCC2CCCO2)c(F)c1)C1CCN(C2CC2)CC1,,,0.09067710250445439
O=C(Nc1ccc(Nc2ncccn2)cc1)c1cc2ncccc2[nH]1,,,0.023960078591794248
O=C(Nc1ccc(Nc2ncccn2)cc1)c1csc(-c2ccoc2)n1,,,0.451357940456837
O=C(Nc1ccc(O)c(F)c1F)C1CCN(S(=O)(=O)c2ccccc2)CC1,,,0.5554786317527847
O=C(Nc1ccc(O)cc1)c1ccccc1O,2.54,,
O=C(Nc1ccc(O)cc1Cl)c1cc2c([nH]c1=O)CCCC2O,,,0.01028710553338465
O=C(Nc1ccc(O)cc1Cl)c1ccccc1OC(F)(F)F,,,0.2557193687386641
O=C(Nc1ccc(OC2CCCCC2O)cc1)c1ccc2c(c1)OCCCO2,,,-0.036165631831568734
O=C(Nc1ccc(OC2CCNCC2)cc1)c1cc2n(n1)CC(F)C2,,,0.029743193719159546
O=C(Nc1ccc(Oc2cccc(C(F)(F)F)c2)cc1)C1CCNC1,,,0.41329769687110174
O=C(Nc1ccc(Oc2cccnc2)cc1)N[C@H]1CC[C@@H](C(=O)O)C1,,,0.2131184843000912
O=C(Nc1ccc(Oc2cccnc2)nc1)[C@@H]1[C@H]2CCCO[C@H]21,,,-0.05958144178226125
O=C(Nc1ccc(Oc2nnn[nH]2)cc1)c1ccc(Cn2cccn2)o1,2.68,,
O=C(Nc1ccc(S(=O)(=O)Nc2cccc(-c3nc(C4CC4)n[nH]3)c2)cc1)c1ccc(F)cc1,5.03,5.05,0.9174125432126028
O=C(Nc1ccc(S(=O)(=O)Nc2nccs2)cc1)c1ccc(Cl)cc1Cl,4.96,5.47,2.323288511591846
O=C(Nc1ccc([N+](=O)[O-])cc1Cl)c1cc(Cl)ccc1O,2.415,2.15,0.0537610017749899
O=C(Nc1ccc2[nH]c(-c3ccccc3)nc2c1)C1CC12CCS(=O)(=O)CC2,3.26,3.15,0.8367213323956081
O=C(Nc1ccc2[nH]c(C3CCCCC3)nc2c1)C1(C(F)(F)F)CCOCC1,,,0.40284914443296777
O=C(Nc1ccc2[nH]ncc2c1)C1CCN(C(=O)c2ccccc2)CC1,,,-0.0047140193576715
O=C(Nc1ccc2[nH]ncc2c1)C1CCN(c2cnccn2)CC1,,,0.24954478326934143
O=C(Nc1ccc2[nH]ncc2c1)c1cc(N2CCNC2=O)ccc1Cl,,,0.4614746147599359
O=C(Nc1ccc2[nH]ncc2c1)c1ccc(S(=O)(=O)NCC2CCCO2)cc1,,,0.3130647676358143
O=C(Nc1ccc2[nH]ncc2c1)c1ccccc1Sc1ccccc1,4.59,2.61,1.0669133667839956
O=C(Nc1ccc2[nH]nnc2c1)c1csc2ccccc12,4.9,4.95,1.3299568338289158
O=C(Nc1ccc2c(c1)CCC(=O)N2Cc1ccc(Cl)cc1)NC1CCn2ccnc2C1,,,0.8092179670436781
O=C(Nc1ccc2c(c1)CCC2)c1cc(=O)n2ncnc2[nH]1,,,0.2301315406879299
O=C(Nc1ccc2c(c1)CCCO2)[C@@H]1CC[C@H](CN2CCOCC2)O1,,,0.6646613011316499
O=C(Nc1ccc2c(c1)CCN2)c1cccn1C1CCNCC1,,,0.19266854825798468
O=C(Nc1ccc2c(c1)CCO2)c1cccnc1OCc1ccccc1F,5.08,4.91,0.9693749272738907
O=C(Nc1ccc2c(c1)OCO2)c1cc(-c2cc(F)ccc2F)on1,5.04,2.7,0.9812519803104601
O=C(Nc1ccc2c(c1)OCO2)c1cccc(S(=O)(=O)N2CCOCC2)c1,3.53,,
O=C(Nc1ccc2c(c1)S(=O)(=O)CC2)C1CCCN1C(=O)Cc1ccccc1,,,0.6984426238867375
O=C(Nc1ccc2c[nH]nc2c1)C1CC(=O)N(c2ccc(F)cc2F)C1,,,0.06863220531726671
O=C(Nc1ccc2c[nH]nc2c1)c1csc(-c2ccccn2)n1,4.66,4.53,0.7244393418259625
O=C(Nc1ccc2cc[nH]c(=O)c2c1)c1ccc2[nH]c(-c3ccc(Cl)cc3)nc2c1,,,0.1560120051854087
O=C(Nc1ccc2nc(C3CC3)sc2c1)N1CCn2cncc2C1,,,0.2453868081378784
O=C(Nc1ccc2nc3n(c(=O)c2c1)CCC3)c1cnn(C2CCCC2)c1,,,0.4030319430397815
O=C(Nc1ccc2ncccc2c1)C1(c2nccc3ccccc23)CC1,5.22,,1.4982958999450522
O=C(Nc1ccc2nncn2c1)c1ccc2nccn2c1,,,-0.030756617785854097
O=C(Nc1cccc(-c2ccccc2)c1)N1CCCC(N2CCCC2=O)CC1,5.77,3.55,1.6700367205003668
O=C(Nc1cccc(-c2cn(Cc3ccccc3)nn2)c1)N1CCc2ccc(F)cc2C1,5.46,3.76,0.9772014475255013
O=C(Nc1cccc(-c2cn[nH]c2)c1)C1CC(=O)N(CC(F)(F)F)C1,,,0.20699509599683782
O=C(Nc1cccc(-c2cn[nH]c2)c1)c1cccc2c1OCO2,,,0.49672362130761333
O=C(Nc1cccc(-c2cn[nH]c2)c1)c1cccnc1O,,,0.0505605981294029
O=C(Nc1cccc(-c2cn[nH]c2)c1)c1cnc2cn[nH]c2c1,,,-0.06756289318753696
O=C(Nc1cccc(-c2nc(Cn3cnc4ccccc43)no2)c1)C1CCCO1,,,0.1029219538530813
O=C(Nc1cccc(-c2nc3ccccc3s2)c1)c1ccncc1F,,,0.6241470990053737
O=C(Nc1cccc(-c2nnc3n2CCC3)c1)N1CCCCC1C1CCCC1O,,,0.5767739574916606
O=C(Nc1cccc(-c2nnn[nH]2)c1)c1ccc2[nH]cnc2c1,1.75,3.19,
O=C(Nc1cccc(-c2noc(C3CC3)n2)c1)C(=O)N1C[C@@H](O)C[C@H]1CO,,,0.3934642956734013
O=C(Nc1cccc(Br)c1)C1CCN(C(=O)CC2CC3CCC2C3)CC1,,,0.2889185101343449
O=C(Nc1cccc(C(=O)N2CCCCC2C(=O)O)c1)c1n[nH]c2c1CCCC2,,,0.1579210990526048
O=C(Nc1cccc(C(=O)NCc2cccs2)c1)NC1CCCN(CCN2CCOCC2)C1,,,0.16995319705486445
O=C(Nc1cccc(C2CCOCC2)c1)c1ccc2ncnn2c1,,,0.0801907090844938
O=C(Nc1cccc(CN2C(=O)CNC2=O)c1)c1cccc(-c2ncn[nH]2)c1,,,0.17113367990173095
O=C(Nc1cccc(CNC(=O)c2cc3c([nH]2)CCCNC3)c1)c1ccccn1,,,0.0706206453976876
O=C(Nc1cccc(COC2CCCCC2)c1)c1nn[nH]c1C1CC1,,,0.6060504617508953
O=C(Nc1cccc(Cn2cccn2)c1)c1ccc(-c2cc[nH]n2)s1,4.6,5.27,1.0254609349064707
O=C(Nc1cccc(Cn2cccnc2=O)c1)NC1CC(c2ccc(OC(F)(F)F)cc2)C1,,,0.362950334524378
O=C(Nc1cccc(Cn2cncn2)c1)NC1CCCN(c2ccccc2Cl)C1=O,,,0.9743153970149276
O=C(Nc1cccc(F)c1)c1cnn(CCN2CCCCC2)c1,,,0.7072344881145862
O=C(Nc1cccc(F)c1F)C(=O)N1CC(O)(c2ccccc2F)C1,,,0.4897448411790024
O=C(Nc1cccc(F)c1F)NC1CCCN(C2CCCCC2)C1=O,4.92,2.22,1.2090309301999294
O=C(Nc1cccc(N2C(=O)CNC2=O)c1)N1CCC(c2ccc(F)cc2)C1,,,0.2327633931982982
O=C(Nc1cccc(N2CCNC2=O)c1)C1CCc2nccn2C1,,,0.144415867669821
O=C(Nc1cccc(N2CCNC2=O)c1)N1Cc2ccccc2C(c2ccccc2)C1,5.22,5.17,2.2504875038813363
O=C(Nc1cccc(N2CCOCC2)c1)c1cnc(OCC2CC2)cn1,,,0.2897501593742088
O=C(Nc1cccc(O)c1F)c1ccnc(NC2CCC2)c1,,,0.11420395570429132
O=C(Nc1cccc(OC2CCCC2)c1)c1cc(=O)[nH]c2c(Br)cccc12,,,0.5997286893081738
O=C(Nc1cccc(OCC(F)(F)F)c1)c1cnn2c1CCCC2,5.04,1.86,0.902197506512631
O=C(Nc1cccc(OCC2CCCO2)c1)c1ccc(N2CCCC2)nn1,,,0.03655022574713085
O=C(Nc1cccc(Oc2cccnn2)c1)c1ccc(Cn2ccnn2)cc1,,,0.0824428198480604
O=C(Nc1cccc([N+](=O)[O-])c1)c1cc2ccccc2cc1O,4.73,,
O=C(Nc1cccc2[nH]ccc12)C1CCCN1C(=O)Cc1ccccc1,4.72,4.09,1.0187788853915403
O=C(Nc1cccc2c1C(=O)NC2)c1cn2c(n1)CCCC2,,,0.3600581725003792
O=C(Nc1cccc2c1CCO2)c1cnn2ccccc12,,,0.18547412528407606
O=C(Nc1cccc2c1OCCO2)N1CCNC(c2ccccc2)C1,,,0.2337724771594626
O=C(Nc1cccc2c1OCO2)c1cccnc1C1CC1,,,0.553781605549093
O=C(Nc1cccc2cccnc12)c1ccc(-c2ccccn2)[nH]c1=O,,,0.3997485651303112
O=C(Nc1cccc2ncccc12)c1ccc(NC(=O)C2CC2)s1,,,-0.0636703647553807
O=C(Nc1cccc2nccnc12)N1CCC(O)(C2CCC2)CC1,,,0.22315623041888744
O=C(Nc1ccccc1)c1cc(Cl)ccc1O,1.81,,
O=C(Nc1ccccc1)c1ccc(C(=O)Nc2nc3ccccc3c(=O)[nH]2)cc1,,,0.3871442907442333
O=C(Nc1ccccc1)c1ccc(N2CCC(NCc3ccc(O)cc3)C2)nc1,3.2,,
O=C(Nc1ccccc1)c1cccc(C(=O)N2CCN(c3ccccn3)CC2)c1,,,0.41336572315864595
O=C(Nc1ccccc1)c1ccccc1O,1.88,,
O=C(Nc1ccccc1-c1ccc(Cl)cc1)c1cccnc1Cl,4.875,3.95,1.8374462542137036
O=C(Nc1ccccc1-c1ncc[nH]1)c1cc(-c2ccc(O)cc2)n[nH]1,,,0.17462078516968804
O=C(Nc1ccccc1-c1nnc[nH]1)C1CCN(C(=O)c2ccccc2)CC1,,,0.1040618379418579
O=C(Nc1ccccc1-c1noc(-c2n[nH]c3ccc(Br)cc23)n1)C1CC1,,,0.2636299708328501
O=C(Nc1ccccc1C(=O)NCCc1ccccc1)c1ccco1,4.45,,
O=C(Nc1ccccc1C(=O)O)c1cccc(-n2cccn2)n1,,,0.6190580339334024
O=C(Nc1ccccc1C(=O)O)c1ccco1,3.13,,
O=C(Nc1ccccc1Cc1ccccc1)C(=O)N1CCC(c2c[nH]c3ncccc23)CC1,,,0.7456241643507588
O=C(Nc1ccccc1Cl)N1CCC(n2cc(C3CCCCC3)nn2)CC1,3.93,,
O=C(Nc1ccccc1Cl)[C@H]1OCC[C@H]1Cn1cccn1,,,0.5743144286022518
O=C(Nc1ccccc1N1CCC(CO)CC1)C1CC12CCOC2,,,0.6383391699104612
O=C(Nc1ccccc1NCC(F)(F)F)c1cc2ncccn2n1,,,0.3662600466869102
O=C(Nc1ccccc1OCCN1CCNCC1)c1ccc2c(c1)CCNC2=O,,,-0.12213567013415125
O=C(Nc1cccnc1C1CC1)c1cccc2c1OCCO2,,,0.08683447657778215
O=C(Nc1cccnc1N1CCOCC1)N1CCCc2ccccc2CC1,4.84,1.95,0.8389956064026738
O=C(Nc1ccn(-c2ccccc2)n1)N1CCC2(CCC2)S(=O)(=O)CC1,,,0.374911979769577
O=C(Nc1ccn(-c2ccccc2Cl)n1)N1CCN(C(=O)c2ccccc2F)CC1,,,-0.0623895789027671
O=C(Nc1ccn(-c2ncccc2Cl)n1)c1cccc(F)c1Br,5.105,2.12,1.5709954489150173
O=C(Nc1ccn(CC(=O)N2CCOCC2)n1)NC1Cc2ccccc2C1,,,0.6510852375728087
O=C(Nc1ccn(CC(=O)N2CCOCC2)n1)c1ccnc(OCC(F)F)c1,,,0.13603539489269612
O=C(Nc1ccn(Cc2ccccc2)n1)c1ccc(Nc2ncccn2)cc1,,,0.17588438974052178
O=C(Nc1ccn(Cc2ccncc2)n1)c1cc(-c2ccc3c(c2)OCCO3)nc2ccccc12,4.96,,1.9477906198805592
O=C(Nc1ccnc(OC2CCCCC2)c1)c1cccc2nccnc12,,,0.41337356867372926
O=C(Nc1ccnc(Oc2ccc(F)cc2F)c1)N1CCC2CCCC21,5.38,1.83,0.9251034825769531
O=C(Nc1ccnc2ccnn12)N1CCN(Cc2cscn2)CC1,,,-0.0699058374680506
O=C(Nc1ccncc1)[C@H]1CCCC[C@H]1N1CCCC1=O,,,0.2130827897838306
O=C(Nc1ccncc1)c1cccc(NS(=O)(=O)c2cccc(Cl)c2O)c1,,,-0.0004854224831509
O=C(Nc1ccncc1)c1cccnc1Oc1ccc(Cl)cc1Cl,,,0.23439950583429933
O=C(Nc1ccncc1)c1cnnn1Cc1ccccc1,,,0.010411851474821349
O=C(Nc1ccncc1F)c1ccc2c(c1)C(=O)N(C1CCCCC1)C2=O,,,-0.0641771807902688
O=C(Nc1ccnn1C1CC1)C1CC(=O)N(C2CCCCC2)C1,,,0.0827767651294239
O=C(Nc1ccnn1C1CCC1)N1CCC(N2CCNCC2)C1,,,0.020769750675055806
O=C(Nc1ccnn1C1CCC1)[C@H]1C[C@@H]1c1cccc(O)c1,,,-0.3585865665924753
O=C(Nc1ccnn1Cc1ccc(Cl)s1)c1ncoc1C1CC1,5.57,2.25,0.821964190189815
O=C(Nc1ccnn1Cc1cnn(-c2ccccc2)c1)C(F)F,,,0.33977450519915464
O=C(Nc1ccnnc1)N1CCC(c2ccccc2F)C1,,,-0.0927479664165923
O=C(Nc1cn(-c2ccccc2)nn1)c1ccc(Cl)cc1F,,,0.42716291710608245
O=C(Nc1cn(-c2ccccc2)nn1)c1ncoc1C1CCCO1,,,0.48869485437918725
O=C(Nc1cn(Cc2ccccc2)nn1)c1ccc(Cn2ccnc2)cc1,,,0.2298199968110859
O=C(Nc1cn[nH]c1)c1cc(-c2ccc3ccccc3c2)[nH]n1,,,0.2060215723391066
O=C(Nc1cn[nH]c1)c1cc2c(OC(F)F)cccc2[nH]1,,,0.13047739148471016
O=C(Nc1cn[nH]c1)c1cc2c(ccc3ccccc32)o1,,,0.6139769476216947
O=C(Nc1cnc(C2CC2)nc1)N1CC2(CCC2)C1c1ccccc1,5.1,,1.3096786659723372
O=C(Nc1cnc2[nH]ccc2c1)C1(C(=O)NC2CC2)CCC1,,,0.0015928917482945504
O=C(Nc1cnc2[nH]ncc2c1)C1CCN(c2ccc3nncn3n2)CC1,,,0.1712422379160139
O=C(Nc1cnc2c(F)cccc2c1)c1ccc(-n2cnnc2)cc1,,,0.7245612465939362
O=C(Nc1cnc2c(c1)CCCC2)N1CC[C@H](O)[C@@H](C2CCCC2)C1,,,0.7096337359265624
O=C(Nc1cnc2c(c1)CCCC2)c1cccc(Cn2ccnc2)c1,,,0.4816724461659177
O=C(Nc1cnc2cccnn12)c1cc(C2CC2)nc2ccc(F)cc12,4.92,,1.839435272978989
O=C(Nc1cnc2ccnn2c1)NC1CC2CCCCN2C1=O,,,0.20717585881515133
O=C(Nc1cncc(Cl)c1)N1CCCC(c2ccn[nH]2)C1,,,0.5208366897782943
O=C(Nc1cncc2ccc(F)cc12)C1CCOc2ccc(Cl)cc21,5.13,2.35,1.2804684891573954
O=C(Nc1cncnc1-n1cccn1)c1cnn2c(C(F)F)cc(C3CC3)nc12,,,0.09583107335656435
O=C(Nc1cnn(-c2ccccc2)c1)NC(c1ccccc1)c1nnc[nH]1,,,0.2659149023505939
O=C(Nc1cnn(-c2ncccn2)c1)N[C@]12CCC[C@H]1CNC2,,,0.0644142721397814
O=C(Nc1cnn(C2CCC2)c1)C1CC(=O)N(C2CCCC2)C1,,,0.3748664190849864
O=C(Nc1cnn(C2CCC2)c1)N1CCC(c2cccc(F)c2)CC1,,,0.7721275113858967
O=C(Nc1cnn(C2CCC2)c1)N1CC[C@H]2OCC[C@H]2C1,,,0.0329722889963231
O=C(Nc1cnn(C2CCCCC2)c1)N1CCCN(C(=O)c2ccc(F)cc2)CC1,5.18,4.11,1.453011947225944
O=C(Nc1cnn(C2CCCCO2)c1)c1ccc(-n2cnnn2)cc1,,,0.4516329974249714
O=C(Nc1cnn(CC(=O)N2CCOCC2)c1)c1cc(F)cc2ccccc12,,,0.41210131771067915
O=C(Nc1cnn(CC(F)(F)F)c1)C1COc2ccccc2C1,,,0.49165899218878706
O=C(Nc1cnn(CC2CCCN2)c1)c1ccn2ncnc2c1,,,-0.1392306395489225
O=C(Nc1cnn(CC2CCCO2)c1)C1CCC(C(F)(F)F)NC1=O,,,-0.0058880791386750515
O=C(Nc1cnn(CC2CCCO2)c1)c1cccnc1OCC(F)(F)F,,,0.5921795435424168
O=C(Nc1cnn(CCF)c1)Nc1ccc(S(=O)(=O)N2CCCCC2)cn1,,,0.6189208244433244
O=C(Nc1cnn(Cc2ccccc2)c1)C1Cc2ccccc2O1,4.59,2.02,1.1412537439973307
O=C(Nc1cnn(Cc2ccccc2)c1)N1CCC(n2ccnc2)CC1,,,0.1503772584747035
O=C(Nc1cnn(Cc2ccccc2)c1)c1nc2n(n1)CCCN2,,,0.2399324397400334
O=C(Nc1cnn(Cc2ccncc2)c1)C1(c2ccccc2)CCCN1,4.69,1.95,0.6396592787745656
O=C(Nc1cnn(Cc2ccncc2)c1)c1cn(-c2ccccc2)nn1,,,0.7591506894116555
O=C(Nc1cnn(Cc2ccncc2)c1)c1cnc2n1CCCC2,,,0.2368432744360959
O=C(Nc1cnn(Cc2ccncc2)c1)c1cnn2c1CCCC2,,,0.0662317920019745
O=C(Nc1cnn2ccccc12)N1CCOCC1CC1CC1,,,0.43607478984569203
O=C(Nc1cnn2cccnc12)C(=O)N1CCCCC1c1ccc(Br)cc1,4.96,4.84,0.9905088859396444
O=C(Nc1n[nH]c2c(Cl)cccc12)C1CCN(CC(F)F)CC1,,,0.006636377296639094
O=C(Nc1n[nH]c2c(Cl)cccc12)c1csc(CC2CCNC2)n1,,,0.14491013660592633
O=C(Nc1n[nH]c2nc(C(F)(F)F)ccc12)c1cc(C2CC2)[nH]n1,,,0.25914041598527787
O=C(Nc1n[nH]cc1C1CC1)[C@H]1CC[C@H](Nc2ncccn2)CC1,,,0.020616815345434247
O=C(Nc1nc(-c2c[nH]c3ccccc23)cs1)c1cccc(F)n1,,,0.12509105509177346
O=C(Nc1nc(-c2ccc(F)cc2)ns1)c1ccc(F)c(C(F)F)c1,,,0.10326368428384644
O=C(Nc1nc(-c2cccc(Cl)c2)ns1)N1C2CCC1COC2,,,0.7719360403218755
O=C(Nc1nc(C2CC2)cs1)c1cn(CCc2ccccc2)nn1,5.36,3.1,1.1211154951735711
O=C(Nc1nc(C2CC2)ns1)N1CCC(C(=O)N2CCCC2)C1,,,0.21245311209388462
O=C(Nc1nc(C2CCOCC2)cs1)c1cc2n(n1)CCCC2,,,0.16460818976578317
O=C(Nc1nc2c(Cl)cccc2[nH]1)C1CCN(c2ccccc2F)C1,4.66,4.72,1.0585770692377436
O=C(Nc1nc2c(F)cccc2s1)C1CCOC1,3.63,,
O=C(Nc1nc2c(s1)CCC2)C1CC(=O)N(c2ccccc2F)C1,,,0.38675914575442816
O=C(Nc1nc2c(s1)CCCC2)N1CCn2nc(C3CC3)cc2C1,,,0.1106041876948246
O=C(Nc1nc2c(s1)COCC2)N1CCc2cccc(Cl)c2C1,4.63,,1.171097520298651
O=C(Nc1nc2c(s1)CSCC2)c1c[nH]c(-c2cccc([N+](=O)[O-])c2)n1,,,0.4001339576526995
O=C(Nc1nc2ccc([N+](=O)[O-])cc2s1)C1CCCCC1,1.86,,
O=C(Nc1nc2cccc(-c3ccc(CN4CCS(=O)(=O)CC4)cc3)n2n1)C1CC1,4.71,4.72,0.9086883168594251
O=C(Nc1nc2ccccc2n1CCc1ccccn1)c1csc(-c2ccsc2)n1,,,0.894036584527993
O=C(Nc1nc2ccccc2s1)Nc1cccc2c1OCCO2,,,0.6700395699160985
O=C(Nc1ncc(-c2ccc(Cl)cc2)s1)C1(C(F)(F)F)CCOCC1,,,-0.1222035404419681
O=C(Nc1ncc(-c2ccccn2)s1)c1ccnc(C2CC2)c1,,,0.2248152054303972
O=C(Nc1ncc(C2CC2)s1)c1cccn1C1CCCC1,5.71,3.65,1.3154144393654592
O=C(Nc1ncc(C2CCNCC2)s1)c1ccc2nncn2c1,,,0.09413394428452784
O=C(Nc1ncc(CCO)s1)c1cccc(Cn2ccnc2)c1,,,0.0457946921047878
O=C(Nc1ncc([N+](=O)[O-])s1)c1cccs1,2.01,,
O=C(Nc1ncc2n1CCNC2)c1c[nH]cc1C(F)(F)F,,,0.0799144886554305
O=C(Nc1ncccc1CO)c1ccc(N2CCOCC2)cc1,,,-0.0232717457791183
O=C(Nc1nccnc1C1CC1)c1cnc2n1CCCCC2,,,0.5223866413549376
O=C(Nc1nccs1)C1CCCN1C(=O)CCc1ccccc1O,4.6,,1.1056695727226893
O=C(Nc1nccs1)N1CCN(C2CCN(c3ccccc3)C2=O)CC1,,,0.12065474179984395
O=C(Nc1nccs1)c1sc2cc(Cl)ccc2c1Cl,5.16,4.15,
O=C(Nc1ncn(C2CCCCC2)n1)NC1CC(F)(F)C1,,,0.25201837103978847
O=C(Nc1ncn(C2CCCCC2)n1)c1c[nH]c2ccccc2c1=O,,,0.25994811003733637
O=C(Nc1nn(Cc2ccccc2F)cc1Br)c1cnnc(C2CC2)c1,,,0.30821996583287953
O=C(Nc1nnc(C23CC4CC(CC(C4)C2)C3)s1)N1CCC(O)C(F)(F)C1,,,0.5287029599334322
O=C(Nc1nnc(C2CC2)s1)[C@H]1CC[C@H](Nc2ncccn2)CC1,,,-0.1439318426101983
O=C(Nc1nnc(C2CC2)s1)c1ccncc1,3.85,,
O=C(Nc1nnc(Cc2cccc(F)c2)s1)N1CCC2COCC2C1,,,0.7448368437351781
O=C(Nc1nnc2ccccn12)N1CCCC1CCc1ccccc1,,,0.29672602512634444
O=C(Nc1nnc[nH]1)C1CCCN(C(=O)c2ccncc2)C1,,,0.07190371776794165
O=C(Nc1nnc[nH]1)c1ccn(-c2c(F)cccc2F)n1,,,0.055143204233384556
O=C(Nc1nncs1)N1CCC(c2nc3c(s2)CCC3)CC1,,,-0.1421290764689457
O=C(Nc1noc2c1CCCC2)C1CCOC2(CCCC2)C1,,,0.6757321235027036
O=C(Nc1noc2c1CCCC2)N1CCOC2(CCCOC2)C1,,,0.27863013177918405
O=C(O)C(C(=O)NCc1nc(-c2ccncc2)cs1)C1CCCC1,,,0.1004034259691821
O=C(O)C(C1CC1)N1CCN(C(=O)COc2ccc(Cl)cc2Cl)CC1,,,0.0309826769313792
O=C(O)C(C1CC1)N1CCN(Cc2nc(-c3cccs3)no2)CC1,,,0.00869481465038354
O=C(O)C(C1CC1)N1CCN(Cc2nc3ccccc3c(=O)[nH]2)CC1,,,-0.0074017783071494
O=C(O)C(C1CC1)N1CCN(S(=O)(=O)c2ccc(F)c(F)c2F)CC1,,,0.36696150851844145
O=C(O)C(CO)c1ccccc1,2.49,,
O=C(O)C(Cl)Cl,1.92,,
O=C(O)C(F)C1CN(C(=O)c2cnn(-c3ccc(Cl)cc3Cl)c2)C1,,,0.1679726424951907
O=C(O)C(O)c1ccccc1,,,0.174112024670318
O=C(O)C(Sc1ccccc1)c1ccccc1,3.72,,
O=C(O)C(c1ccccc1)c1ccccc1,3.36,,
O=C(O)C1(C(=O)NC2CCCOc3c(Cl)cccc32)CCC1,,,0.5709189514597162
O=C(O)C1(C(=O)NCc2cc(F)cc3c2OCOC3)CC1,,,0.21530074635967
O=C(O)C1(C(=O)NCc2ccnc(Oc3ccc(F)cc3)c2)CCC1,2.54,,-0.2412190678356059
O=C(O)C1(O)CCCN(c2nccc(Oc3ccccc3)n2)C1,,,0.1644052101163998
O=C(O)C1(c2cn(CC3CC4CCC3C4)nn2)CCOCC1,,,0.09216652782047
O=C(O)C1(c2cn(Cc3cc(C4CC4)no3)nn2)CCC1,,,0.2820166275109513
O=C(O)C1C2CCCC2CN1S(=O)(=O)Cc1noc2ccccc12,,,0.27068273684035404
O=C(O)C1CC(=O)N(c2ccc(-c3cccc(C(F)(F)F)c3)cc2)C1,,,0.232411916544648
O=C(O)C1CC(NS(=O)(=O)CCc2ccc3c(c2)CCO3)C1,,,0.10474225071839074
O=C(O)C1CC(O)CN1C(=O)CCc1c(-c2ccccc2)[nH]c2ccccc12,,,0.11083904594690519
O=C(O)C1CC1C(=O)Nc1cccc(-c2nc3ccccc3[nH]2)c1,,,-0.1738804860678047
O=C(O)C1CC2CCC1N2C(=O)CN1Cc2ccccc2C1=O,,,0.061365275017145254
O=C(O)C1CC2CCCCC2N1C(=O)CCc1nccs1,,,0.02534827047287145
O=C(O)C1CCCCC1,2.19,,
O=C(O)C1CCCCN1S(=O)(=O)c1ccc(C(F)(F)F)nc1,,,0.03960663897539295
O=C(O)C1CCCN(C(=O)c2ccc(-c3csnn3)cc2)C1,,,0.034357444035533896
O=C(O)C1CCCN(C(=O)c2cn(C3CC3)c3cc(Cl)c(F)cc3c2=O)C1,,,0.04651288227538885
O=C(O)C1CCCN1C(=O)c1cc(C(F)(F)F)ccc1Cl,,,0.06437046950094824
O=C(O)C1CCN(C(=O)[C@@H]2CC[C@H](Cc3ccccc3)O2)CC1,,,0.26837409189805655
O=C(O)C1CCN(C(=O)c2ccc(-c3cccc(Cl)c3)cn2)C2(CC2)C1,,,0.1934122350519594
O=C(O)C1CCN(S(=O)(=O)c2cnn(-c3ccccc3)c2)CC1(F)F,,,0.23480645892917323
O=C(O)C1COCCN1S(=O)(=O)c1cnc2ccsc2c1,,,0.29467111847122834
O=C(O)C1COc2ccccc2O1,2.91,,
O=C(O)C1c2ccccc2CCN1C(=O)Cn1ccc(C(F)(F)F)n1,,,0.1406334199769582
O=C(O)C1c2ccccc2CCN1C(=O)c1ccc2c(=O)n3c(nc2c1)CCC3,,,0.0467292030087439
O=C(O)C1c2ccccc2OCCN1CCC1CCOCC1,,,0.17549651866318003
O=C(O)CC(O)(CC(=O)O)C(=O)O,,,0.07613587283036725
O=C(O)CC(O)CNC(=O)c1cccc(C2(C(F)(F)F)N=N2)c1,,,0.11166084535001611
O=C(O)CC(c1ccccc1)c1ccccc1,3.7,,
O=C(O)CC1(NC(=O)c2cc(-c3ccccc3)ns2)CCOCC1,,,0.32988642205806185
O=C(O)CC1(NC(=O)c2ccc(Cl)c(N3CCCC3=O)c2)CCOCC1,,,0.2786128914638057
O=C(O)CC1(NC(=O)c2cnn3cccnc23)CCOCC1,,,-0.1632204493848173
O=C(O)CC1(NCc2csc(-c3ccc(Cl)cc3)n2)CCOCC1,3.78,4.06,0.7694252698771443
O=C(O)CC1CC2(CCC2)CN1CC(O)COc1cccc2[nH]ccc12,,,-0.0701110646994075
O=C(O)CC1CCCCN1S(=O)(=O)c1cnn(Cc2ccccc2)c1,,,0.1476448000648135
O=C(O)CC1CCCN(c2nccc(-c3ccco3)n2)C1,,,0.6222187261053935
O=C(O)CC1COCCN1C(=O)C1CCOc2ccccc21,,,0.0198180478549806
O=C(O)CC1COCCN1C(=O)c1coc2ccccc12,,,-0.10549706148203655
O=C(O)CC1c2ccccc2Oc2ccccc21,3.75,,
O=C(O)CCC(=O)O,,,-0.0830653021981474
O=C(O)CCC(=O)c1ccc(-c2ccccc2)cc1,2.69,1.81,-0.22609384078024702
O=C(O)CCC(Cc1ccccc1)NC(=O)[C@@H]1Cc2ccccc2CO1,,,0.24816861946182928
O=C(O)CCC(NC(=O)CCCc1nc2ccccc2c(=O)[nH]1)c1ccccc1,,,-0.0053705213525918494
O=C(O)CCC1CCCCN1C(=O)c1ccc2sccc2c1,,,0.3670611435170772
O=C(O)CCC1CCCN(c2noc(Cc3ccc(F)cc3)n2)C1,,,0.45632040716199607
O=C(O)CCC1Cc2ccccc2N(S(=O)(=O)c2c[nH]cn2)C1,,,-0.12749402856705144
O=C(O)CCCCCCCC(=O)O,,,0.20232822909760653
O=C(O)CCCCN1CCOCC1,2.77,,
O=C(O)CCCC[C@@H]1CCSS1,,,0.1450382006869104
O=C(O)CCCC[C@@H]1SC[C@@H]2NC(=O)N[C@@H]21,,,-0.0338680488096761
O=C(O)CCCN1C(=O)c2cccc3cccc(c23)C1=O,4.27,,
O=C(O)CCCN1CCC(O[C@@H](c2ccc(Cl)cc2)c2ccccn2)CC1,,,0.012260483100413243
O=C(O)CCCN1CCCN(C(=O)c2ccc(F)cc2)CC1,,,0.1720913902883531
O=C(O)CCCOc1ccc(S(=O)(=O)Nc2cccc3c2CCNC3=O)cc1F,,,0.2070852818137759
O=C(O)CCCc1ccc(N(CCCl)CCCl)cc1,,,-0.09548950809958609
O=C(O)CCCc1ccccc1,,,0.14903443865660734
O=C(O)CCN(CC1CCCO1)C(=O)c1cnn2ccccc12,,,0.08514372740696655
O=C(O)CCN1CCCN(C(=O)CCc2ccccc2)CC1,,,0.0889557509826238
O=C(O)CCNC(=O)N1CCCC(Oc2ncccc2F)C1,,,0.0623941650818632
O=C(O)CCNC(=O)c1ccc(/N=N/c2ccc(O)c(C(=O)O)c2)cc1,,,-0.22839652221919696
O=C(O)CCNC(=O)c1ccccc1,,,-0.05738504047038925
O=C(O)CCSc1ccc(Cl)cc1,3.73,,
O=C(O)CCSc1ccccc1,1.91,,
O=C(O)CCc1cccc(NCc2cc3c(cn2)OCCO3)c1,,,-0.07246697991981955
O=C(O)CCc1ccccc1,3.01,,
O=C(O)CCc1nc(-c2ccccc2)c(-c2ccccc2)o1,,,0.6127807405868848
O=C(O)CCn1c(=O)oc2ccccc21,1.97,,
O=C(O)CN(C(=O)c1cccc2cccnc12)C1CCCCC1,,,0.3312511995531385
O=C(O)CN(C(=O)c1nc(C(F)(F)F)n2ccncc12)C1CCOCC1,,,-0.028319616295767847
O=C(O)CN(C1CCC1)S(=O)(=O)c1cccc2c1OCCO2,,,0.247276819356055
O=C(O)CN(Cc1ccccc1)C(=O)Cn1c(C(F)(F)F)nc2ccccc21,,,-0.0144739115893684
O=C(O)CN1C(=O)c2cccc3cccc(c23)C1=O,3.05,,
O=C(O)CN1CCC(NC(=O)Nc2ccc(C3CC3)cc2F)CC1,,,-0.04192566159777555
O=C(O)CN1CCC(NC(=O)Nc2ccc(F)c(C(F)F)c2)CC1,,,0.05291339014213654
O=C(O)CN1CCC(NC(=O)Nc2ccc3c(c2)C=CCCC3)CC1,,,-0.04919754605338725
O=C(O)CN1CCCC1,1.95,,
O=C(O)CN1CCCC1=O,1.88,,
O=C(O)CN1CCCCC(N2CCCC(c3n[nH]c(C4CC4)n3)C2)C1=O,,,0.1971875626583652
O=C(O)CN1CCCCC(NC(=O)c2ccncc2Cl)C1=O,,,0.2960778166711045
O=C(O)CN1CCOCC1,2.01,,
O=C(O)CNC(=O)C1C(=O)N(C2CCCCC2)C(=O)N(C2CCCCC2)C1=O,,,-0.1459154659932801
O=C(O)CNC(=O)C1CCCN(C(=O)COc2ccccc2)C1,,,0.092207348533807
O=C(O)CNC(=O)Cc1ccc(NC(=O)C2C3CCCCCCC32)cc1,,,-0.08360332889279426
O=C(O)CNc1nc(-c2ccccc2)c2cc(Cl)ccc2n1,,,0.4399704876198417
O=C(O)COCCN1CCN(C(c2ccccc2)c2ccc(Cl)cc2)CC1,,,0.3411733336222478
O=C(O)COc1ccc(Br)cc1,2.97,,
O=C(O)COc1ccc(C(=O)NC2CCSc3ccccc32)cc1,,,0.1731433144877249
O=C(O)COc1ccc(C(=O)N[C@H]2C[C@H](c3ccccc3F)C2)cc1,,,-0.0341466798599474
O=C(O)COc1ccc(C(=O)c2ccccc2)cc1,2.04,,
O=C(O)COc1ccc(Cl)cc1,2.76,,
O=C(O)COc1ccc(F)cc1,2.58,,
O=C(O)COc1ccc(NC(=O)CC2C=CCC2)c2ccccc12,,,0.02901266832270695
O=C(O)COc1ccc(NC(=O)c2scnc2C2CC2)cc1Cl,,,-0.0767750724257638
O=C(O)COc1ccc(S(=O)(=O)NC2CCCC3CC32)cc1F,,,0.16768194087702745
O=C(O)COc1ccc([N+](=O)[O-])cc1,2.25,,
O=C(O)COc1ccc2ccccc2c1,3.11,,
O=C(O)COc1cccc(NC(=O)C2CCN(C(=O)N3CCCC3)CC2)c1,,,-0.0817207111071095
O=C(O)COc1cccc2ccccc12,3.42,,
O=C(O)CS,2.1,,
O=C(O)CSCc1ccc(Cl)cc1,3.93,,
O=C(O)CSc1ccc(Cl)cc1,3.05,,
O=C(O)CSc1ccccc1,1.87,,
O=C(O)CSc1nc2ccccc2s1,2.96,,
O=C(O)C[C@@H](Cc1ccccc1)NC(=O)Cc1ccc2sccc2c1,,,0.3244286583477797
O=C(O)C[C@@H]1CC2(CC2)CN1C(=O)c1ccncc1Oc1ccc(F)cc1,,,0.240782980492856
O=C(O)Cc1ccc(-c2ccccc2)cc1,,,0.2743094161568199
O=C(O)Cc1ccc(-c2cn(CC3CCC(F)(F)CC3)nn2)cc1,,,0.10555145477056145
O=C(O)Cc1ccc(-n2ncc3c(cc4n3CCCC4)c2=O)cc1,,,0.2204420215938412
O=C(O)Cc1ccc(CCNS(=O)(=O)c2ccc(Cl)cc2)cc1,,,-0.04019706676813075
O=C(O)Cc1ccc(Cl)cc1,2.54,,
O=C(O)Cc1ccc(S(=O)(=O)N2CCN(S(=O)(=O)C3CC3)CC2)cc1,,,-0.12878497747603684
O=C(O)Cc1cccc(C(=O)NC2CCN(C(=O)C3CCCCC3)C2)c1,,,0.014166072916800502
O=C(O)Cc1cccc(NS(=O)(=O)c2cnc3ccsc3c2)c1,,,0.0840413315408028
O=C(O)Cc1ccccc1Nc1c(Cl)cccc1Cl,,,0.4478112620534442
O=C(O)Cc1ccccc1[N+](=O)[O-],2.72,,
O=C(O)Cn1c(=O)oc2ccccc21,3.03,,
O=C(O)Cn1c2ccccc2c(=O)c2ccccc21,,,-0.0495899196019116
O=C(O)Cn1ccc(NC(=O)c2ccn(-c3cccc(F)c3)n2)n1,,,0.06124000226294165
O=C(O)Cn1ccc([N+](=O)[O-])n1,1.88,,
O=C(O)[C@@H](NS(=O)(=O)c1csc2ccccc12)c1ccccc1,,,0.4605253194544081
O=C(O)[C@@H](S)[C@@H](S)C(=O)O,2.01,1.87,-0.21721993599358702
O=C(O)[C@@H]1CCCN1,,,-0.00915499919217895
O=C(O)[C@@H]1CC[C@H](C(=O)N(CCN2CCOCC2)CC2CC2)N1,,,0.0015978990040515
O=C(O)[C@@H]1CC[C@H](C(=O)NCc2cscn2)C1,2.59,,
O=C(O)[C@H](O)[C@@H](O)[C@H](O)[C@H](O)CO,,,0.07222301750954105
O=C(O)[C@H]1CCCN(C(=O)N[C@H]2C[C@H](c3cccc(F)c3)C2)C1,,,0.1576884536759356
O=C(O)[C@H]1CC[C@@H](C(=O)NC2CCSc3ccc(Cl)cc32)C1,,,0.3861928306789192
O=C(O)[C@H]1CC[C@@H](C2CCN(c3nc4cccc(F)c4o3)CC2)O1,,,0.2482992381020987
O=C(O)[C@H]1CC[C@@H]1C(=O)N(Cc1ccccc1)Cc1ccccc1F,,,0.47688711386258753
O=C(O)[C@H]1CC[C@H](C(=O)NC(c2ccccc2)c2cccc(F)c2)CC1,,,0.061724681603908094
O=C(O)[C@H]1CC[C@H](C(=O)Nc2cccc(COc3ccc4c(c3)OCO4)c2)CC1,,,0.9275322829412633
O=C(O)[C@H]1CN(C(=O)CCC2CCOCC2)C[C@H]1c1ccccc1,,,0.017939459530295646
O=C(O)[C@H]1CN(C(=O)Cn2c(=O)[nH]c3ccccc32)C[C@H]1c1ccccc1,,,-0.00742419248276415
O=C(O)[C@H]1CN(C(=O)c2ncnc3ccsc23)C[C@@H]1C(F)F,,,-0.0224013511739442
O=C(O)[C@H]1C[C@@H]1C(=O)NC1(CN2CCN(c3ccc(F)cc3)CC2)CC1,,,0.0746257836762287
O=C(O)[C@H]1C[C@H]1C(=O)Nc1ccc(Cl)c(N2CCNC2=O)c1,,,-0.0200006450238019
O=C(O)[C@H]1[C@@H]2CCN(C(=O)CCc3ccc4c(c3)COCC4)CC[C@@H]21,,,0.0075688111828181494
O=C(O)[C@H]1[C@@H]2CN(C(=O)c3ccc(-c4nc5ccccc5s4)s3)C[C@@H]21,,,0.0723602609880935
O=C(O)[C@]12CCC[C@H]1CC(NCc1ncn(Cc3cccc(F)c3)n1)C2,,,0.19849422275598605
O=C(O)[C@]12C[C@H]1CCCN2Cc1cn(-c2ccccc2)nn1,,,0.184803755578622
O=C(O)c1c(Cl)c(Cl)c(Cl)c(Cl)c1-c1c2cc(I)c(=O)c(I)c-2oc2c(I)c(O)c(I)cc12,,,0.35769104836142834
O=C(O)c1c(F)cccc1Cl,2.57,,
O=C(O)c1c(F)cccc1F,1.82,,
O=C(O)c1cc(-c2ccc(Cl)cc2Cl)on1,3.37,,
O=C(O)c1cc(-c2ccc(O)cc2)on1,1.86,,
O=C(O)c1cc(-c2ccccc2)nc2ccccc12,4.08,,0.5057582301947003
O=C(O)c1cc(-c2ccccc2)on1,2.77,,
O=C(O)c1cc(-c2ccco2)on1,3.19,,
O=C(O)c1cc(-c2cccs2)on1,2.18,,
O=C(O)c1cc(=O)c2ccccc2o1,,,0.0029191295794152444
O=C(O)c1cc(Br)c(Br)s1,3.03,,
O=C(O)c1cc(Br)cc(Br)c1O,2.89,,
O=C(O)c1cc(C2CCN(C(=O)c3cccc4c3CCC4)CC2)no1,,,0.0418712423331701
O=C(O)c1cc(Cl)cc(Cl)c1,2.17,,
O=C(O)c1cc(Cl)cc(Cl)c1O,2.99,,
O=C(O)c1cc(Cl)ccc1O,2.33,,
O=C(O)c1cc(N=Nc2ccc(S(=O)(=O)Nc3ccccn3)cc2)ccc1O,,,0.1496375818330035
O=C(O)c1cc(NC(=O)[C@@H]2C[C@]23CCOc2ccccc23)ccc1O,,,0.15609788196121194
O=C(O)c1cc(NS(=O)(=O)c2cnn3ncccc23)ccc1Cl,,,0.121949086588729
O=C(O)c1cc(O)c(O)c(O)c1,,,-0.12547987608519096
O=C(O)c1cc(O)cc(NS(=O)(=O)c2ccnn2C2CCC2)c1,,,0.0490415249312809
O=C(O)c1cc([N+](=O)[O-])ccc1Cl,1.85,,
O=C(O)c1cc([N+](=O)[O-])ccc1N1CCOCC1,2.02,,
O=C(O)c1cc2c(ccc3ccccc32)o1,3.38,,
O=C(O)c1cc2cc(F)ccc2[nH]1,2.01,,
O=C(O)c1cc2ccccc2cc1O,3.04,,
O=C(O)c1cc2ccccc2oc1=O,2.98,,
O=C(O)c1ccc(-c2ccc(Cl)cc2)o1,3.05,,
O=C(O)c1ccc(-c2cccc(F)c2)nc1,2.73,,
O=C(O)c1ccc(-n2cnnn2)cc1,1.92,,
O=C(O)c1ccc(C(=O)N2CCC(Cc3nc4ccccc4[nH]3)CC2)cc1,,,0.27041046619281095
O=C(O)c1ccc(C(=O)N2CCN(C(=O)c3cc4ccccc4[nH]3)CC2)cn1,,,-0.0548292829404825
O=C(O)c1ccc(C(=O)NC[C@@H](O)CN2CCc3ccccc3C2)cc1,,,-0.13950286099999437
O=C(O)c1ccc(C(F)(F)F)cc1,2.15,,
O=C(O)c1ccc(CNC(=O)C2CC(=O)N(c3ccccc3)C2)cc1,,,0.3256752787700115
O=C(O)c1ccc(CNC(=O)c2cnn3ccccc23)cc1,,,0.13923617639606667
O=C(O)c1ccc(Cl)c(Cl)c1,1.94,,
O=C(O)c1ccc(Cl)c(S(=O)(=O)N2CCOCC2)c1,2.88,,
O=C(O)c1ccc(Cl)c([N+](=O)[O-])c1,2.78,,
O=C(O)c1ccc(Cl)cc1,3.01,,
O=C(O)c1ccc(Cl)cc1[N+](=O)[O-],2.93,,
O=C(O)c1ccc(I)cc1,3.18,,
O=C(O)c1ccc(NC(=O)c2ccccc2-c2ccccc2)cc1,3.52,,
O=C(O)c1ccc(NC(=O)c2ccco2)cc1,3.05,,
O=C(O)c1ccc(OC(F)F)c(OCC2CC2)c1,3.65,,
O=C(O)c1ccc(S(=O)(=O)NCC(=O)N2C3CCC2c2ccccc23)cc1,,,0.1432384761249524
O=C(O)c1ccc([N+](=O)[O-])cc1,2.55,,
O=C(O)c1ccc2[nH]c3c(c2c1)CN(C(=O)c1cc2c([nH]c1=O)CCCC2)CC3,,,-0.18634789254786227
O=C(O)c1ccc2c(c1)OCO2,2.55,,
O=C(O)c1ccc2ccccc2n1,2.89,,
O=C(O)c1ccc2nc(-c3cc(Cl)cc(Cl)c3)oc2c1,,,0.5616912647087778
O=C(O)c1ccc2nc(-c3ccco3)c(-c3ccco3)nc2c1,1.82,,
O=C(O)c1cccc(-c2ccco2)c1,2.92,,
O=C(O)c1cccc(-n2cnnn2)c1,3.03,,
O=C(O)c1cccc(CNc2nccn3nc(C4CCC4)cc23)c1,,,-0.14485328122091676
O=C(O)c1cccc(F)c1,2.66,,
O=C(O)c1cccc(NCc2cccc(N3C(=O)NC4(CCCC4)C3=O)c2)n1,,,-0.035024753137016196
O=C(O)c1cccc(S(=O)(=O)N2CCOCC2)c1,1.96,,
O=C(O)c1cccc(S(=O)(=O)Nc2ccccc2-c2nnc[nH]2)c1,,,-0.07788986253311135
O=C(O)c1cccc([N+](=O)[O-])c1,2.02,,
O=C(O)c1cccc2c(Br)cccc12,3.54,,
O=C(O)c1cccc2c1CCN(C(=O)c1nc(N3CCCC3)ncc1Cl)C2,,,-0.09889221242975314
O=C(O)c1ccccc1,,,-0.10198630873911366
O=C(O)c1ccccc1-c1c2ccc(=O)cc-2oc2cc(O)ccc12,4.78,1.83,0.9745781577354415
O=C(O)c1ccccc1C(=O)Nc1ccc(S(=O)(=O)Nc2nccs2)cc1,,,0.13210992713437217
O=C(O)c1ccccc1C1CCN(C(=O)c2csc(-c3ccccn3)n2)CC1,,,0.268382519299765
O=C(O)c1ccccc1CC1CCN(C(=O)c2nc3ncccn3n2)CC1,,,-0.11309637009697569
O=C(O)c1ccccc1Cl,2.36,,
O=C(O)c1ccccc1Cn1cc([C@H](O)c2ccccc2)nn1,,,0.14349249827934724
O=C(O)c1ccccc1Nc1cccc(C(F)(F)F)c1,,,0.665059849200767
O=C(O)c1ccccc1O,2.01,,-0.02843478913055595
O=C(O)c1cccnc1,2.24,,-0.1212011098513203
O=C(O)c1cccnc1Cl,2.11,,
O=C(O)c1cccnc1Nc1cccc(C(F)(F)F)c1,,,0.39859173318679103
O=C(O)c1ccco1,1.92,,
O=C(O)c1cccs1,2.12,,
O=C(O)c1ccnc(N2CCC(C(F)(F)F)C3(CCOCC3)C2)c1,,,0.1709209534888728
O=C(O)c1ccncc1,1.96,,
O=C(O)c1cn(C2CC2)c2cc(N3CCNCC3)c(F)cc2c1=O,,,-0.042017133675307294
O=C(O)c1cn(CCCCNS(=O)(=O)c2cccc3ccccc23)nn1,,,-0.017974429866016897
O=C(O)c1cnc2sccn2c1=O,2.75,,
O=C(O)c1cncc(Br)c1,1.98,,
O=C(O)c1cnccn1,2.64,,
O=C(O)c1cnn2c(-c3ccccc3)cc(-c3ccccc3)nc12,3.5,,
O=C(O)c1csc(CCNC(=O)N2CCOc3ccc(CO)cc3C2)n1,2.34,,
O=C(O)c1n[nH]cc1CN1CCC(c2nnc[nH]2)CC1,3.17,,
O=C(O)c1nc(=O)[nH]c(=O)[nH]1,,,0.08205264076738725
O=C(O)c1nn(CC(=O)N2CCCCCC2)c(=O)c2ccccc12,,,0.0374110601194185
O=C(O)c1nn(Cc2ccc(Cl)cc2Cl)c2ccccc12,,,0.41133996884670804
O=C(O)c1sc2cc(Cl)ccc2c1Cl,3.05,,
O=C(O)c1sc2ccccc2c1Cl,3.02,,
O=C(OC1CCC2(COC2)C1)c1nc(-c2cccs2)n(-c2ccc(F)cc2)n1,,,0.5379322202330208
O=C(OCC(=O)N1N=C(c2cccs2)CC1c1ccco1)c1ccncc1,,,0.0985623526668931
O=C(OCC1CCC1)c1cnc2c(cnn2Cc2ccccc2)c1,,,0.6487371328197491
O=C(OCCO)c1ccccc1O,,,0.0043182306709822
O=C(OC[C@@H]1NC(=O)[C@@H]2CCCN2C1=O)c1cccc(C2CC2)c1,,,0.6083348385488339
O=C(OCc1cc2ccccc2[nH]c1=O)C1(c2ccccn2)CC1,,,0.6634142505719318
O=C(OCc1ccc2ncccc2c1)c1ccc(-n2cnnc2)cc1,,,0.11857692507302395
O=C(OCc1cccc(F)c1F)C1CC(O)CN1C(=O)c1ccc2ccccc2c1,5.31,3.14,0.9629742692419745
O=C(OCc1ccccc1)N1CCN(C(=O)c2cncc3nc(C(F)(F)F)[nH]c23)CC1,4.78,3.2,1.0617530904440713
O=C(OCc1ccccc1)N1CCN(c2cc(-c3ccccc3)nc3ncnn23)CC1,,,0.0162742145225167
O=C(OCc1ccccc1)c1ccc(O)cc1,,,0.42795152226719796
O=C(OCc1ccccc1)c1ccccc1,,,-0.0179976391541832
O=C(OCc1nc(Cc2ccc(F)cc2)no1)C(C1CC1)C1CC1,,,0.23069995687808834
O=C(OOC(=O)c1ccccc1)c1ccccc1,,,-0.03562737879708535
O=C(O[C@H]1CN2CCC1CC2)N1CCc2ccccc2[C@@H]1c1ccccc1,,,0.4087160006272018
O=C(O[C@H]1C[C@H]2CC[C@@H](C1)[N+]21CCCC1)C(O)(c1ccccc1)c1ccccc1,,,-0.10851784145016795
O=C(Oc1ccccc1)c1ccccc1O,,,-0.08647113262108935
O=C([C@@H](O)Cc1ccccc1)N1CCCC(N2CCCS2(=O)=O)C1,,,0.32495408547852767
O=C([C@@H]1CC[C@H](C(=O)N2CC(=O)N(C3CC3)C2)C1)N1CC(=O)N(C2CC2)C1,,,0.1210227541871
O=C([C@@H]1CSC(c2ccccc2)=N1)N1CC(CO)c2ccccc21,,,0.8746603606807477
O=C([C@H]1CCN[C@@H](c2ccccc2)C1)N1CCCC(c2cccc(O)c2F)C1,,,0.31501379759030684
O=C([C@H]1C[C@@H]1c1c(F)cccc1Cl)N1CCN(c2cnccn2)CC1,,,0.5345552768824046
O=C([C@H]1C[C@@H]1c1cccc(-c2nn[nH]n2)c1)N1CCCC(N2CCOCC2)CC1,,,-0.011167054284393144
O=C([C@H]1C[C@H]2OCC[C@H]2N1)N1CCn2c(Cc3cccc(F)c3)nnc2C1,,,-0.017511881936973055
O=C([C@H]1C[C@H]2OCC[C@H]2N1C(=O)c1cccc2cnccc12)N1CCCC1,,,0.4385926776423985
O=C([C@H]1[C@@H]2CNC[C@@H]21)N(Cc1ccccc1Cl)CC1CC1,,,0.49236038941819615
O=C([C@H]1[C@@H]2CNC[C@@H]21)N1CCN(c2cccc3[nH]ccc23)CC1,,,0.07098483859428145
O=C(c1[nH]c2ccc(Cl)cc2c1Cl)N1CCC(O)(c2ccc(F)cc2)C1,5.16,4.7,1.04372084898062
O=C(c1[nH]c2ccc(F)cc2c1Cl)N1CC=C(c2ccccc2)C1,,,-0.1054813539122353
O=C(c1[nH]c2ccccc2c1-c1ccccc1)N1CCOCC1,,,0.14399957436078134
O=C(c1[nH]c2ccccc2c1C1CC1)N1CC(c2cc(=O)[nH][nH]2)C1,,,0.1384715857255498
O=C(c1[nH]cc2c1CCS2(=O)=O)N1CCN(c2ccnc3ccccc23)CC1,,,0.1787702866894592
O=C(c1[nH]nc2c1CCCC2)N1CCc2n[nH]c(=O)cc2C1,,,0.0159793288003315
O=C(c1c(Cl)ccc2cn[nH]c12)N1CCC2(CC1)CC2(F)F,,,0.607645761543466
O=C(c1c(F)cccc1F)N1CCN(c2ccccc2F)CC1,3.9,,
O=C(c1c[nH]c(-c2ccccc2)n1)N1CCN(CC2CCCO2)CC1,,,0.11713607796728
O=C(c1c[nH]c(=O)c(Br)c1)N1CCN(Cc2ccco2)CC1,,,0.33933370050536593
O=C(c1c[nH]c(=O)c2ccccc12)N1CCCN(c2ccccn2)CC1,5.03,1.94,1.562815412049113
O=C(c1c[nH]c2cc(Cl)ccc12)N1CCC(n2c(=O)[nH]c3ccccc32)CC1,,,0.8514490537052013
O=C(c1c[nH]c2ncc(Br)cc12)N1CCCC(n2ccnc2)C1,5.35,2.08,0.9435802713609538
O=C(c1c[nH]n2c1nc(=O)c1ccccc12)N1CCCC(Cn2cnc3ccccc32)C1,,,0.5425851165084576
O=C(c1c[nH]nc1-c1ccc(F)cc1)N1CC(CNC(=O)C(F)(F)F)C1,,,0.27336778798602773
O=C(c1c[nH]nc1-c1ccc(F)cc1)N1CCCC(c2nnc3ccc(C(F)(F)F)cn23)C1,,,0.2521975695497032
O=C(c1c[nH]nc1-c1cccc(Cl)c1)N1CCCC(O)(C(F)(F)F)C1,4.4,2.98,0.7047060124214026
O=C(c1c[nH]nc1-c1ccsc1)N1CCOC2(CCc3ccccc32)C1,4.96,2.12,1.1575274785355547
O=C(c1cc(-c2ccc(Cl)cc2Cl)on1)N1CCN(C(=O)c2ccco2)CC1,3.04,,
O=C(c1cc(-c2ccc3ccccc3c2)[nH]n1)N1CCC(n2cc(C3CC3)nn2)C1,,,0.6226975317701027
O=C(c1cc(-c2cccc3ccccc23)nc2ccccc12)N1CCn2c(n[nH]c2=O)C1,,,0.5487860803700686
O=C(c1cc(-c2ccccc2)nc2ccccc12)N1CCN(Cc2nnnn2-c2ccccc2)CC1,5.12,5.21,1.2936442000880675
O=C(c1cc(-c2ccccc2O)[nH]n1)N1CCC(O)(Cc2ccc(F)cc2)C1,5.28,6.7,1.0139566171766345
O=C(c1cc(-c2ccccn2)ns1)N1CCCC(c2cc(O)cc(F)c2)C1,4.47,2.14,1.0169760828202064
O=C(c1cc(-c2ccco2)on1)N1CCOCC1,2.22,,
O=C(c1cc(-c2cccs2)on1)N1CCN(c2ccc(F)cc2)CC1,2.08,,
O=C(c1cc(-n2cccn2)ccn1)N1CCOC(c2ccccc2)CC1,,,0.5324562887351384
O=C(c1cc(C(F)(F)F)c[nH]c1=O)N1CCC(OCC2CC2)CC1,,,0.008089057175080197
O=C(c1cc(C(F)F)ncn1)N1CC[C@H](c2ccccc2)[C@H](CO)C1,,,0.11895156869747534
O=C(c1cc(C2CC2)[nH]c(=O)c1)N1CCc2ccc(O)cc2C1,,,-0.011786209923984846
O=C(c1cc(C2CC2)nc2ccccc12)N1CCc2cncnc2C1,,,0.33785801578548186
O=C(c1cc(C2CC2)oc1C1CC1)N1CCn2c(nnc2C(F)F)C1,,,0.5107500934970419
O=C(c1cc(Cc2n[nH]c(=O)c3ccccc23)ccc1F)N1CCN(C(=O)C2CC2)CC1,4.83,3.06,0.8611491041457862
O=C(c1cc(Cc2n[nH]c(=O)c3ccccc23)ccc1F)N1CCN(c2ccncn2)CC1,,,0.4181407588463308
O=C(c1cc(Cl)ccc1-n1cnnn1)N1CCC(N2CCCC2)C1,,,0.4456943889994002
O=C(c1cc(Cl)ccc1NCc1ncnn1-c1ccccc1)N1CCCC1,5.29,4.04,1.476971499256053
O=C(c1cc(F)c(Cl)cc1F)N1CC(CO)C(CCO)C1,,,0.059758345266369306
O=C(c1cc(F)cc2nccnc12)N1CCC(Cc2nccs2)C1,,,0.29454542329120353
O=C(c1cc(F)ccc1F)N1CCC(Cc2cccnc2)CC1,,,-0.1415752382518934
O=C(c1cc(F)cnc1O)N1CCC(Cc2cccc(F)c2)CC1,,,0.25005553778674944
O=C(c1cc(N2CCNC2=O)ccc1F)N1CCN(C(=O)C2CCCO2)CC1,,,-0.0313423706156103
O=C(c1cc(O)ccc1Cl)N1CCN(Cc2ccco2)CC1,,,0.2900449877122387
O=C(c1cc(O)ccn1)N1CCC(c2cccc(Cl)c2)C1,,,0.2299819443480916
O=C(c1cc(O)ncn1)N1CCN(C(=O)Cc2cn[nH]c2)C(c2ccccc2)C1,,,-0.13091224631179071
O=C(c1cc2[nH]cnc2cc1F)N1CCC(O)(Cc2ccc(F)cc2)CC1,,,-0.19741187547509992
O=C(c1cc2c(F)cccc2[nH]1)N1CCN(C2CCOCC2)CC1,,,0.1777090758741738
O=C(c1cc2c(cn1)OCCC2)N1CCOCC2(CCC2)C1,,,0.7147550949121072
O=C(c1cc2c(s1)-c1ccccc1CC2)N1CCCCC1c1ncon1,5.61,5.25,1.6125492602281184
O=C(c1cc2cc(Cl)ccc2[nH]1)N1CCN(C(=O)C(F)c2ccccc2)CC1,,,0.6218156341367667
O=C(c1cc2cc(F)ccc2[nH]1)N1CCc2ccccc2C1,5.13,4.793333333333334,
O=C(c1cc2ccccc2[nH]1)N1CCC(N2CCS(=O)(=O)CC2)CC1,,,0.2082257371528635
O=C(c1cc2ccccc2n1CC1CC1)N1CCC(c2ccccc2CO)CC1,,,0.7714873817573035
O=C(c1cc2ccccc2oc1=O)N1CCN(C2CC2)c2ccccc21,5.27,3.84,1.3681791283859317
O=C(c1cc2ncc(Br)cn2n1)N1CCc2nc[nH]c2C1,,,0.0859825258879092
O=C(c1cc2ncccn2n1)N1CCC(n2ccc(C(F)(F)F)n2)CC1,,,0.0937513312017257
O=C(c1cc2occc2[nH]1)N1CCN(c2cccs2)CC1,,,0.5114306669482505
O=C(c1cc[nH]c1)N1CCN(c2nc3ccccc3s2)CC1,,,-0.05665885413301835
O=C(c1ccc(-c2c[nH]cn2)cc1)N1CCNC(Cc2ccccc2)C1,,,0.07398659922462865
O=C(c1ccc(-c2cccc(F)c2)s1)N1C[C@H]2C[C@@]2(CO)C1,,,0.4646110223665845
O=C(c1ccc(-c2ccccc2)[nH]1)N(CC(F)F)CC(F)F,4.74,3.07,1.1405586373239938
O=C(c1ccc(-c2ccccc2)cc1)N1CCCC1C1(C(F)(F)F)N=N1,4.87,3.83,1.1971238156314998
O=C(c1ccc(-c2cccnc2)nc1)N1CCCC(c2ccccc2)CC1,4.56,,
O=C(c1ccc(-c2ccncc2)[nH]c1=O)N1CC2(CCOCC2)[C@H]2CCC[C@H]21,,,-0.02867177974738865
O=C(c1ccc(-c2ccncc2)[nH]c1=O)N1CCNCC1c1cccc(Cl)c1,,,0.12758990803326897
O=C(c1ccc(-c2nc3ccccc3s2)o1)N1CCCC(N2CCNC2=O)C1,4.18,4.34,0.9405063017622997
O=C(c1ccc(-n2cccn2)nc1)N1CCOC(c2ccccc2)CC1,,,0.5557510766290393
O=C(c1ccc(-n2cnc3ccccc32)cc1)N1CCCC(OCCO)C1,2.49,2.01,
O=C(c1ccc(-n2cnc3ccccc32)nc1)N1CCC(O)(C(F)F)C1,,,0.062183938110483755
O=C(c1ccc(-n2ncc3ccccc32)cc1Cl)N1Cc2cccnc2N2C[C@H](O)C[C@H]2C1,,,0.5244470620467626
O=C(c1ccc(C(F)(F)F)cc1Cl)N1CCCC1CCO,,,0.6444291616323395
O=C(c1ccc(CO)cn1)N1CCC(Oc2ccc(Cl)cc2)CC1,,,-0.0844380940850295
O=C(c1ccc(Cc2ccccc2)cn1)N1CCCC2(CCOCC2)C1,5.35,3.14,1.006181483787473
O=C(c1ccc(Cl)c([N+](=O)[O-])c1)N1CCN(c2ccccc2F)CC1,1.97,,
O=C(c1ccc(Cl)cc1)N1CCN(c2ccnc3cc(Cl)ccc23)CC1,3.61,,
O=C(c1ccc(Cn2cc(COc3cccc(O)c3)nn2)cc1)N1CC(c2ocnc2CO)C1,,,0.2295597133690556
O=C(c1ccc(Cn2ccnn2)cc1)N(CC(F)F)CC(F)F,,,0.2330350908556366
O=C(c1ccc(Cn2cncn2)cc1)N1C[C@H](C2CC2)C[C@@H]1C1CC1,,,0.5199332061030564
O=C(c1ccc(F)c(O)c1)N1CCN(C2CCCC2O)CC1,,,-0.0567272734164915
O=C(c1ccc(F)c(O)c1F)N1CCC2(CC1)CC2(F)F,,,1.1678683469749291
O=C(c1ccc(F)c(O)c1F)N1CCCCC1c1cc[nH]n1,,,0.4045747829763876
O=C(c1ccc(F)c2c1CCNC2)N1CCc2cn[nH]c2C1,,,0.1226394178038586
O=C(c1ccc(F)c2ccncc12)N(Cc1ccccc1)C(CO)C1CCC1,5.265000000000001,4.47,1.4182890428387065
O=C(c1ccc(F)cc1)C1CCN(CCn2c(=O)[nH]c3ccccc3c2=O)CC1,,,0.5907544899845838
O=C(c1ccc(F)cc1C(F)(F)F)N1CCCN(C(=O)C2CC2)CC1,,,0.6760075626224187
O=C(c1ccc(F)cc1F)N1CCC(C(=O)N2CCN3CCOCC3C2)CC1,,,-0.0368116597623387
O=C(c1ccc(N2CCCC2)nc1)N1CCCC(N2CCNC2=O)C1,,,0.2493920497310042
O=C(c1ccc(N2CCNC2=O)cc1)N1CCCC(c2c[nH]c3ncccc23)C1,,,0.1387753198672279
O=C(c1ccc(N2CCc3cc(N4CCCC4=O)ccc32)nc1)N1CCNCC1,,,0.15537474921864572
O=C(c1ccc(NCC2CC2)nc1)N1CC=C(c2c[nH]c3cc(F)ccc23)CC1,,,0.7637997981562596
O=C(c1ccc(NCCn2ccnc2)cc1)N1CC[C@H]2CCC[C@H]21,,,0.44299794538703835
O=C(c1ccc(NS(=O)(=O)c2cc(Cl)ccc2Cl)cc1)N1CCC(c2cn[nH]c2)CC1,5.08,5.08,2.178999875466768
O=C(c1ccc(O)cc1)N1CCN(c2cc(N3CCCC3)ncn2)CC1,,,0.08418782802871466
O=C(c1ccc(OC(F)F)cc1)N1CCN(C2CCS(=O)(=O)C2)CC1,,,0.0656676942396913
O=C(c1ccc(OC2CCOCC2)cc1)N1CCC(Cc2ncc[nH]2)CC1,,,-0.1436777314368439
O=C(c1ccc(OCCN2CCCCC2)cc1)c1c(-c2ccc(O)cc2)sc2cc(O)ccc12,4.7,3.87,1.1760706222809727
O=C(c1ccc(OCc2ccccc2)nc1)N1CCN(C2CCOCC2)CC1,,,0.1558123135653484
O=C(c1ccc(Oc2cccc(Cl)c2Cl)nn1)N1CC(O)(C2CC2)C1,6.23,3.09,1.1723738599643183
O=C(c1ccc2[nH]c(=O)[nH]c2c1)N1Cc2cncnc2C1,,,0.0513573762534389
O=C(c1ccc2[nH]ccc2c1)N1CCC(Cc2nncn2Cc2ccccc2)C1,3.4,,
O=C(c1ccc2[nH]ccc2c1)N1CCN(CCC2CCOC2)CC1,,,0.1105219461685722
O=C(c1ccc2[nH]cnc2c1)N1CCC(Cn2cncn2)CC1,,,0.09822944507929085
O=C(c1ccc2[nH]ncc2c1)N1CC(CC2COCCN2)c2ccccc21,,,0.0571742822327515
O=C(c1ccc2[nH]ncc2c1)N1CCCC(C(=O)N2CCC3(C2)Oc2ccccc2O3)C1,4.69,2.18,0.8111219444246213
O=C(c1ccc2[nH]ncc2c1)N1CCN(C(=O)c2ccc(Cl)cc2F)CC1,,,-0.0422802754903535
O=C(c1ccc2[nH]nnc2c1)N1CCCC(OCCO)C1,,,-0.007145870407993851
O=C(c1ccc2[nH]nnc2n1)N1CCCOC(c2ccccc2)C1,,,0.31476106490923206
O=C(c1ccc2c(=O)n(-c3ccccc3)c(=O)[nH]c2c1)N1CCCS(=O)(=O)CC1,,,0.13476650262058545
O=C(c1ccc2c(c1)CCC2)N1CCN(C(=O)c2ccccc2O)CC1,,,0.4641274873769139
O=C(c1ccc2c(c1)CCCN2)N1CCCCC1C(F)F,5.355,1.78,1.5009187246639573
O=C(c1ccc2c(c1)CN(C(=O)c1ccc3ncccc3c1)CCO2)N1CCCC1,3.41,,
O=C(c1ccc2cc[nH]c2c1)N1CCC(Cc2nncn2Cc2ccccc2)C1,4.11,,
O=C(c1ccc2cc[nH]c2c1)N1CCC(OCC2CCCCO2)CC1,,,0.4991815805019683
O=C(c1ccc2ccccc2n1)N1CCC(c2nnc[nH]2)CC1,,,0.1854661925368955
O=C(c1ccc2ccccc2n1)N1CCN(c2ccccc2O)CC1,4.6,,
O=C(c1ccc2nc(O)sc2c1)N1CCC[C@@H]1C1(O)Cc2ccccc2C1,,,0.4383869997000933
O=C(c1ccc2nccnc2c1)N1CCC(C2(C(F)(F)F)N=N2)CC1,,,0.0039772013241769
O=C(c1ccc2nnnn2c1)N1CCOC2(CCc3ccccc32)C1,,,0.2915139493456408
O=C(c1ccc2noc(-c3ccc(F)cc3)c2c1)N1CCOC(c2ccc(F)cc2)C1,,,0.6845642679248725
O=C(c1ccc2oc(=O)[nH]c2c1)N1CCOCC12CCCCC2,5.14,2.11,0.7820481827151843
O=C(c1ccc2sncc2c1)N1CCC(c2ccccc2)C1,,,0.7922577399076914
O=C(c1cccc(-c2ncn[nH]2)c1)N1CCCC(O)(C(F)(F)F)C1,,,0.0583424129887972
O=C(c1cccc(-c2ncn[nH]2)c1)N1CCOC(c2ccc(C(F)(F)F)cc2)C1,,,0.2292222840937857
O=C(c1cccc(-c2noc(O)n2)c1)N1CC(Cc2ccc(F)c(F)c2)C1,,,0.2089646550294537
O=C(c1cccc(-n2cccn2)c1)N1CCN(C2CCOC2)CC1,,,0.07111496121769145
O=C(c1cccc(-n2ccnn2)c1)N1C[C@@H]2CS(=O)(=O)C[C@@H]2C1,,,-0.16326134512876875
O=C(c1cccc(-n2cnnc2)c1)N1CCCCC1CCc1ccccc1,4.41,,
O=C(c1cccc(-n2cnnn2)c1)N1CCC(Oc2ccccc2F)CC1,,,0.09996291183472406
O=C(c1cccc(=O)[nH]1)N1CCCC1CNC(=O)C1(C(F)F)CCCC1,,,0.1219114733628629
O=C(c1cccc(Br)c1)N1CCN(c2ccc(Cl)cn2)CC1,,,0.5418159024236309
O=C(c1cccc(C(F)(F)F)c1O)N1CCOC(C2CCCCC2)C1,4.86,3.94,1.5237363609657035
O=C(c1cccc(CN2C(=O)c3ccccc3C2=O)c1)N1CCCC(c2cc3ccccc3[nH]2)C1,,,0.32084495976754007
O=C(c1cccc(NCc2cc(O)cc(Cl)c2)c1)N1CCOCC1,4.4,3.17,0.8296534391196483
O=C(c1cccc(NS(=O)(=O)c2cn[nH]c2)c1)N1CCCCC1,,,0.44524958926839453
O=C(c1cccc(Nc2ccccc2)c1)N1CCN(C2=NS(=O)(=O)c3ccccc32)CC1,5.45,2.01,1.4718037619794
O=C(c1cccc([N+](=O)[O-])c1)N1CCN(C2c3ccccc3-c3ccccc32)CC1,5.39,2.66,1.319740459261546
O=C(c1cccc2[nH]ccc12)N(CC1CCCO1)c1ccnnc1,,,0.5072221160888087
O=C(c1cccc2[nH]ccc12)N1CCc2ccc([N+](=O)[O-])cc2C1,,,0.3035289996725509
O=C(c1cccc2[nH]ncc12)N1CCC(N(CC(F)(F)F)C(=O)c2ccccc2F)CC1,,,0.7106782662966069
O=C(c1cccc2c1CCOC2)N1C(CO)CCC1c1ccccc1,,,0.6232304525125167
O=C(c1cccc2c1OCC2)N1CCC(Nc2ccc3nccn3n2)C1,,,0.8360664492061973
O=C(c1cccc2cnccc12)N1CCN(c2nc(-c3cccs3)cs2)CC1,,,0.0781379037438375
O=C(c1cccc2oc(=O)[nH]c12)N1CCN(C2CC2)c2ccccc21,5.07,3.18,1.1137915451128215
O=C(c1ccccc1)C(O)c1ccccc1,,,0.06568006134946985
O=C(c1ccccc1)N1CCC(C(=O)N2CCC(Oc3ccccn3)C2)CC1,,,0.8259000620352137
O=C(c1ccccc1)N1CCC(C(=O)N2CCCc3n[nH]cc32)CC1,3.43,3.03,-0.1307296171475221
O=C(c1ccccc1)N1CCC(NC2CCC3CCC2C3)CC1,,,0.2667868740273945
O=C(c1ccccc1)N1CCC(Nc2cc(C(F)(F)F)nc3ncnn23)CC1,4.81,3.89,-0.2023532184659742
O=C(c1ccccc1)N1CCCN(c2cccc3nncn23)CC1,,,0.12077354248028341
O=C(c1ccccc1)c1ccc2n1CCC2C(=O)O,,,0.2596997603470797
O=C(c1ccccc1-c1ncc[nH]1)N1C[C@H]2CCN(C(=O)C3CC3)[C@H]2C1,,,0.5346496271957906
O=C(c1ccccc1-c1ncn[nH]1)N1CCCCC1CCc1ccccc1,4.73,4.74,1.2900020366820626
O=C(c1ccccc1-n1cnnn1)N1C[C@H](Cc2ccccc2)[C@@H](O)C1,,,0.7352997779644217
O=C(c1ccccc1Br)N1CC(c2cn(-c3ccccc3)nn2)C1,4.63,4.23,1.1039349135942715
O=C(c1ccccc1C1CCC1)N1CCOC(c2ncon2)C1,,,0.7065091807434501
O=C(c1ccccc1Cl)N1CCC(Cc2ccccc2)CC1,1.95,,
O=C(c1ccccc1NCc1cc(F)cc(F)c1)N1CCOCC1,,,0.7322155536797245
O=C(c1ccccn1)C1CCCN(C(=O)NCCc2noc(C3CC3)n2)C1,4.26,,
O=C(c1ccccn1)N1CCCC1CCc1noc(C2CC2)n1,3.66,,
O=C(c1cccn2nncc12)N1CCc2c(c(C(F)(F)F)n[nH]c2=O)C1,,,-0.019789486982188256
O=C(c1cccn2nnnc12)N1CCC(C(F)(F)F)C2(CCOCC2)C1,,,0.18907044555862496
O=C(c1cccnc1)N1CCN(C(=O)C2CCCN(C(=O)N3CCCC3)C2)CC1,,,-0.19876680781640527
O=C(c1cccnc1N1CCC(c2nc3ccccc3[nH]2)CC1)N1CCc2ccccc21,5.39,2.21,1.183490005259805
O=C(c1ccco1)N1CCNCC1,2.16,,
O=C(c1ccco1)N1C[C@H]2[C@](C(F)(F)F)(CCCS2(=O)=O)C1,,,0.2047521679849985
O=C(c1cccs1)N1CCC(CCN2CCOCC2)CC1,,,0.3115309504303635
O=C(c1cccs1)N1CCN(C(=O)C(c2ccccc2)c2ccccc2)CC1,3.55,,
O=C(c1cccs1)N1CCNCC1,2.45,,
O=C(c1ccn(-c2cc(F)cc(F)c2)n1)N1CCCc2ccccc21,5.67,3.49,1.2210667504669126
O=C(c1ccn(-c2ccccc2F)n1)N1CCC(Oc2ccccn2)C1,4.43,4.23,1.1017900861542838
O=C(c1ccn(C2CCCC2)n1)N1CCC(C(=O)N2CCCCC2)CC1,,,0.7793537072138943
O=C(c1ccnc(-c2ccccc2)n1)N1CCC(Cn2cnnc2)CC1,,,0.1362053516982511
O=C(c1ccnc(C(=O)N2CCCC3(CC3)C2)c1)N1CCCC2(CC2)C1,5.47,1.84,1.2649883408027534
O=C(c1ccnc(C2CC2)n1)N1CC(n2cccn2)Cc2ccccc21,,,0.6425249613600209
O=C(c1ccnc(CO)c1)N1CCN(c2cncc3ccccc23)CC1,1.73,3.22,
O=C(c1ccnc(NC2CCC2)c1)N1CCN(c2cc(-c3cccnc3)n[nH]2)CC1,,,0.26136005399485024
O=C(c1ccnc(OC2CCCCC2)c1)N1CCC(N2CCCNC2=O)CC1,,,0.2898314186067079
O=C(c1ccnc2c1CCN2)N1CCCC1c1ccsc1,,,0.7102461921690241
O=C(c1ccnc2cc(Cl)ccc12)N1CCC(O)(C(F)F)CC1,,,0.15036113269919826
O=C(c1ccncc1)N1CCC(N2C(=O)C3(CCCCC3)C2c2ccncc2)CC1,3.09,,
O=C(c1ccncc1)N1CCCC(c2n[nH]c(C3CC3)n2)C1,,,-0.1280529937527983
O=C(c1ccncc1F)N1CCN(C2CC2)c2ccccc21,4.44,3.5,0.9228937742587473
O=C(c1ccncn1)N1CC[C@H]2CN(C(=O)c3ccccc3Cl)[C@H]2C1,,,0.18480389485953164
O=C(c1ccnn1CC(F)F)N1CCCC1c1cccc(F)c1,5.38,3.2,1.0015846168222278
O=C(c1ccsc1)N1CCN(C(=O)c2ccnn2CC(F)F)CC1,,,0.0277930045771193
O=C(c1ccsn1)N1CCC(CO)(Cc2ccccc2)CC1,,,0.7050600743509582
O=C(c1cn(C2CCC2)nn1)N1CCc2c(cnn2-c2ccccc2)C1,,,0.4426587960996533
O=C(c1cn(Cc2ccc(Cl)cc2Cl)nn1)N1CCc2cc(F)ccc21,,,0.8280755114943206
O=C(c1cn(Cc2ccccn2)nn1)N1CCC(Cc2ccccc2)CC1,,,0.8291455413936684
O=C(c1cn2ccccc2n1)N1C[C@@H]2C[C@H](C1)c1cccc(=O)n1C2,5.24,2.14,0.8367458262145331
O=C(c1cn[nH]c1)N1CCSc2c([nH]c3ccccc23)C1,,,0.4795668680444868
O=C(c1cnc(C2CC2)o1)N1CC[C@H]2CC[C@]21c1cccnc1,,,0.5476966285617206
O=C(c1cnc(Cc2ccc(F)cc2)s1)N1CC[C@H]2CNC[C@H]21,,,0.2443104254660063
O=C(c1cnc(F)c(Cl)c1)N1CCN(c2ccc(F)cn2)CC1,,,-0.0617359772521582
O=C(c1cnc2[nH]ccc2c1)N1CCC=C(c2ccccc2)C1,,,0.3515011706129637
O=C(c1cnc2c(c1)CCC2)N1CCC(n2cccc2)CC1,,,0.1240782796374008
O=C(c1cnc2c(c1)CCN2)N1CCC(Cc2nnn[nH]2)CC1,,,0.2121864387226478
O=C(c1cnc2c(c1)CCS(=O)(=O)C2)N1C[C@H]2COC[C@@]2(c2ccccc2)C1,,,0.6709600218385456
O=C(c1cnc2ccccc2n1)N1CCN(c2nnc(C(F)(F)F)s2)CC1,,,0.09360476456665774
O=C(c1cnc2ccccn12)N1CCN(C2CC2)c2ccccc21,5.23,5.25,1.3262468115708521
O=C(c1cnc2ccoc2c1)N(Cc1ccccn1)Cc1ccccn1,,,0.21397911888482
O=C(c1cnc2n1CCCC2)N1CCN(c2ncc(Cl)cc2Cl)CC1,,,0.3575342781112044
O=C(c1cnc[nH]1)N1C[C@H]2COC[C@@]2(c2ccccc2)C1,,,0.08982561298819745
O=C(c1cncc(-c2ccc(Cl)cc2)c1)N1CCC(O)CC1,,,0.11056599394512365
O=C(c1cncc(-c2ccc3c(c2)CCO3)c1)N1CCCCCO1,4.89,4.2,1.011664326656195
O=C(c1cncc(Br)c1)N1CCC(N2CCCC2)CC1,1.91,,
O=C(c1cncc(Br)c1)N1CCCC1CCc1noc(-c2cccnc2)n1,5.2,1.81,
O=C(c1cncc(F)c1)N1CCCC(c2nnc3n2CCCCC3)C1,,,-0.015490324577823449
O=C(c1cncc(O)c1)N1CC(Cc2ccc(Br)cc2)C1,,,0.7223351818019712
O=C(c1cnccn1)N(c1ccc(Br)cc1Cl)C1CCC1,5.1,1.8,1.0443914864668422
O=C(c1cnn(-c2ccccc2)c1)N1CCC(Oc2ccccn2)C1,5.21,4.01,0.9263309451117944
O=C(c1cnn(-c2ccccc2)n1)N1CCc2ccncc21,,,0.6457627398669502
O=C(c1cnn(-c2ccccn2)c1C(F)(F)F)N1CC2CCC1C2,4.85,1.93,0.9561707674207748
O=C(c1cnn(-c2cccnc2)c1)N1CCOCC1CC1CC1,,,0.36340574184122115
O=C(c1cnn(C2CC2)c1)N1CCN(c2ccc(Cl)cn2)CC1,,,-0.004791630873070751
O=C(c1cnn2c1CCC2)N1CCc2[nH]c3ccc(F)cc3c2C1,,,0.28621110919052617
O=C(c1cnn2c1CCCC2)N1CC(c2nc(-c3ccccc3)no2)C1,,,0.402203572152498
O=C(c1cnn2c1N[C@H](C1CC1)C[C@@H]2C(F)F)N1CCC[C@@H](O)C1,,,0.16627037818601198
O=C(c1cnn2c1OCCC2)N1Cc2ncccc2N2CCC[C@H]2C1,,,0.3038451915371037
O=C(c1cnn2ccccc12)N1CCC(n2ncc3c2CNC3)CC1,,,0.00763938729268195
O=C(c1cnn2cccnc12)N1CCCC(n2ccnn2)C1,,,0.3281359516400977
O=C(c1cnn2ccncc12)N1CCOC(c2ccccc2)CC1,,,0.16867879967131005
O=C(c1cnn2ccncc12)N1CCc2nc[nH]c2C12CCC2,,,0.08474663084624699
O=C(c1coc(=O)c2ccccc12)N1CCCC2(CCCc3ccccc32)C1,,,0.2683424046363383
O=C(c1coc(C2CC2)n1)N1CCOc2c(Cl)cc(Br)cc21,4.27,1.82,1.2433067023036504
O=C(c1coc2c1C(O)CCC2)N1CCC2(CC1)CC2(F)F,,,0.9957912083439776
O=C(c1coc2cc(O)ccc12)N1CCOC2(CCc3ccccc32)C1,,,0.7378671610772098
O=C(c1coc2ccccc12)N1CCN(Cc2nccn2C(F)F)CC1,,,0.4765676654638028
O=C(c1csc(-c2cccnc2)n1)N(CC1CC1)c1ncccn1,,,0.12024631239429005
O=C(c1csc(C2CC2)n1)N1CCN(CC(=O)N2CCc3ccccc32)CC1,,,0.6531032983663031
O=C(c1csc(Cc2ccccc2F)n1)N1CCC(c2nc(=O)[nH][nH]2)CC1,,,0.1124855756905639
O=C(c1n[nH]c2c1CCCN2)N1CCN(c2ccc(F)cn2)CC1,,,-0.0556649781923401
O=C(c1n[nH]c2c1COCC2)N1CCCC(c2c[nH]c3ccccc23)C1,,,0.27114825044840396
O=C(c1n[nH]c2c1CS(=O)(=O)CC2)N1CCc2ccc(Cl)cc2CC1,,,0.24845329929257148
O=C(c1n[nH]c2c1C[C@H]1C[C@@H]21)N1CC=C(c2cccc3ccccc23)CC1,,,0.6750192668886578
O=C(c1n[nH]c2ccccc2c1=O)N1CCC2(C1)C(=O)Nc1ccccc12,,,0.5087016523351573
O=C(c1nc(-c2ccccc2)cs1)N1CCCC(C(=O)N2CCOCC2)C1,,,0.456494708425081
O=C(c1nc(-c2ccccc2)n(-c2ccccc2)n1)N1CC2CCC(O)C2C1,4.87,,2.2859976631600603
O=C(c1nc(-c2ccccc2)n2c1CCCCC2)N1C2CCC1c1cn[nH]c1C2,5.01,5.11,1.7528617480835824
O=C(c1nc(NCc2ccco2)ncc1Cl)N1CCc2sccc2C1,5.28,3.61,1.218150112131196
O=C(c1nc2ccccc2c(=O)[nH]1)N1C[C@H](Cc2ccccc2)[C@@H](O)C1,4.24,4.46,0.8214334427919472
O=C(c1nc2cccnc2[nH]1)N1CCCC(c2nnc[nH]2)C1,2.85,,
O=C(c1ncc(F)cc1F)N1CCN(c2ncnc3ccsc23)CC1,,,0.1974339968589187
O=C(c1ncc2c(n1)CCNC2)N1CCc2ccccc21,,,0.2608123568159408
O=C(c1ncc2ccccn12)N1CCCC(n2ccc(C(F)(F)F)n2)C1,5.06,2.54,0.9213473766685637
O=C(c1nccc2[nH]ccc12)N1CCC(c2nc3cc(F)ccc3s2)CC1,,,0.17328970608479322
O=C(c1ncn2c1COc1ccccc1-2)N1CC[C@H]2[C@H](O)C[C@H]21,,,0.166163389249835
O=C(c1ncnc2[nH]cc(Br)c12)N1CCCC(c2ccn[nH]2)C1,,,0.0610809058268227
O=C(c1ncnc2c1OCCO2)N1CCCC1Cc1cccc2ccccc12,5.19,3.03,0.877337481842668
O=C(c1ncoc1-c1ccon1)N1CCOc2c(Br)cccc2C1,4.79,3.18,0.9706504894358077
O=C(c1ncoc1C1CC1)N1CCc2c(ncn2-c2ccc(F)cc2)C1,,,1.1059662581550618
O=C(c1nn[nH]c1NC(=O)N1CCCC1c1nc2ccccc2[nH]1)N1CCCC1,,,0.0280017172985249
O=C(c1nnc2ccccc2n1)N1CCOC(c2ccccc2)CC1,,,0.30479196988519736
O=C(c1noc2c1CCCCC2)N1CCn2cccc2C1c1ccccc1,5.77,3.02,1.3752983386227342
O=C(c1occ2c1CCC2)N1CCN(CCc2ccncc2)CC1,,,0.0449128718436394
O=C(c1ocnc1-c1ccccc1)N1CCOCC12CC2,,,0.434176369491034
O=C(c1ocnc1C(F)(F)F)N1CCN(CCc2ccccc2)CC1,,,0.28211719083575726
O=C(c1onc2c1CCCC2)N1COCCC1c1ccccc1,5.54,2.11,1.1326990196721027
O=C(c1onc2c1CCCC2)N1Cc2ncccc2N2CCC[C@H]2C1,5.45,2.03,0.8999360796481981
O=C(c1sc2ccccc2c1Cl)N1CCN(c2ccc(F)cc2)CC1,4.32,,
O=C(c1sccc1-n1ccnn1)N1CCCC(N2CCOCC2)CC1,,,0.02787778629618345
O=C(c1sccc1C1CC1)N1CCC(C(=O)N2CCCCC2)CC1,5.31,1.93,0.9377443700146625
O=C(c1snc(O)c1Cl)N1CCC(O)(c2cccc(OC(F)(F)F)c2)CC1,,,0.4849839007052662
O=C/C=C/c1ccccc1,,,0.15602449196118887
O=C1C(CCS(=O)c2ccccc2)C(=O)N(c2ccccc2)N1c1ccccc1,3.88,2.98,
O=C1C(CC[S+]([O-])c2ccccc2)C(=O)N(c2ccccc2)N1c1ccccc1,,,0.7623099220773397
O=C1C(N2CCC(c3cc(=O)[nH]c(=O)[nH]3)C2)CCN1c1ccccc1F,,,0.3629079442802461
O=C1C(N2CCN(CCc3ccc4c(c3)CCO4)CC2)CCN1c1ccccc1,,,0.02494775792343045
O=C1C(O)=C([C@H]2CC[C@H](c3ccc(Cl)cc3)CC2)C(=O)c2ccccc21,,,0.7172592324644007
O=C1C2C(O)CCCN2C(=O)N1Cc1cc2ccccc2[nH]1,,,0.23604570912488315
O=C1C2CCCCN2C(=O)N1c1ccc2nc(C3CC3)oc2c1,,,0.23598498673946106
O=C1C2CCCCN2S(=O)(=O)N1CCC1CCc2ccccc21,5.98,3.21,0.7452541539989357
O=C1C=CC=CC1=C1NC(=C2C=CC=CC2=O)N(c2ccc(C(=O)O)cc2)N1,,,0.0754231827485356
O=C1CC(C(=O)N2CC34CCCCC3(C2)CN(c2cc(=O)n3ccccc3n2)C4)CC(=O)N1,,,-0.16446485181346546
O=C1CC(C(=O)N2CCN(c3ccccc3)C(=O)C2)CN1CC(F)(F)F,,,0.1464243688148337
O=C1CC(C(=O)N2CCNC(=O)C2c2ccc(OC(F)(F)F)cc2)CN1,,,0.2165065065226477
O=C1CC(C(=O)NCC2(c3ccc(Br)cc3)CCOCC2)CCN1,,,0.0040975476486043
O=C1CC(C(=O)NCc2ccc3[nH]c(=O)[nH]c3c2)c2cccnc2N1,,,0.1826705191178253
O=C1CC(C(=O)N[C@@H]2CCCc3ccc(F)cc32)c2ccc(F)cc2N1,5.0,3.59,0.8069445666811185
O=C1CC(CC(=O)NC(CCc2ccccc2)CCc2ccccc2)CC(=O)N1,,,0.5960586792583223
O=C1CC(CNC(=O)N2CC3(CCCC3)c3c(F)cccc32)CN1,,,0.3938529835291279
O=C1CC(Cn2cc(CNC(=O)c3ccccc3)nn2)CN1,,,0.301826031939276
O=C1CC(Nc2cnn(Cc3ccccc3)c(=O)c2)C2CCCCN12,,,0.6432727664843523
O=C1CC(Nc2ncnc3[nH]ccc23)CN1C1CC1c1ccccc1,,,0.0639630579851743
O=C1CC(c2ccc(NC(=O)C3CC3(Cl)Cl)cc2)NC(=O)N1,,,0.1991652071473726
O=C1CC(c2cccc(NC(=O)CN3CCCCC3=O)c2)CN1,,,-0.018301576160280796
O=C1CC(c2ccccc2)N(C(=O)CCCC(=O)N2CCNC(=O)CC2c2ccccc2)CCN1,,,0.1933569734596118
O=C1CC(c2ccccc2)N(C(=O)Nc2cccc(C(=O)NC3CC3)c2)CCN1,,,0.1145867901270866
O=C1CC(c2ccccc2)N(C(=O)c2ccc(-n3cncn3)nc2)CCN1,,,0.11895766346678124
O=C1CC(c2ccccc2)N(Cc2cnnn2-c2ccccc2)CCN1,,,0.6006911417447542
O=C1CC(c2nnc(-c3ccc4ccccc4c3)o2)CN1c1c(F)cccc1F,4.23,1.8,0.8861471896325193
O=C1CC(c2noc(Cn3nc4ccccn4c3=O)n2)CN1CC1CCC1,,,0.0756839862639053
O=C1CC2(CCCC2)CC(=O)N1CCCCN1CCN(c2ncccn2)CC1,,,0.5843642522292475
O=C1CC2(CCCc3ccccc32)C(=O)NN1CCc1ccccn1,,,0.8213267786847287
O=C1CC2(CCOCC2)N(Cc2nc(Cc3ccccc3)no2)CCN1,,,0.1490920370111229
O=C1CC2(CCc3ccccc32)C(=O)N1CCOc1ccccc1,5.15,4.09,1.3626767080727453
O=C1CC2(CNC2)N(Cc2cn(-c3ccc(Cl)cc3)nn2)CCN1,,,0.0160677880980289
O=C1CC2CC(F)(F)CN2C(=O)C(C2Cc3ccccc3C2)N1,,,0.24045647519628344
O=C1CC2CCCC(CN1)N2C(=O)c1ccc(-c2ccccc2C(F)(F)F)o1,6.39,,1.2259990954342
O=C1CC2COCCN2C(=O)[C@@H](CCc2ccccc2)N1,,,0.24144804951572515
O=C1CCC(=O)N1CCC(=O)N1CCOCc2ccccc21,,,0.06966571598031085
O=C1CCC(C(=O)NC(c2ccccc2)C2CCOC2)N1,,,0.2433540736110083
O=C1CCC(C(=O)NCC2(c3cccc(Br)c3)CCC2)N1,,,0.055152830507129
O=C1CCC(CN2CC=C(c3ccc4c(c3)OCCO4)CC2)CCN1,,,0.0785019962827585
O=C1CCC(N2C(=O)CC(CC#Cc3ccccn3)C2=O)C(=O)N1,,,0.16609153569495616
O=C1CCC(N2C(=O)c3cccc(N4CCNCC4)c3C2=O)C(=O)N1,,,0.040785918769681254
O=C1CCC(N2C(=O)c3ccccc3C2=O)C(=O)N1,,,-0.0215870800988118
O=C1CCC(N2Cc3c(NC(=O)Cn4cc(-c5ccccc5Cl)nn4)cccc3C2=O)C(=O)N1,,,-0.10795286148008945
O=C1CCC(N2Cc3ccc(-n4cc(C5CCCC5)nn4)cc3C2=O)C(=O)N1,,,0.057041646791823455
O=C1CCC(N2Cc3ccc(C(=O)Nc4ccc(OC(F)F)nc4)cc3C2=O)C(=O)N1,,,-0.15741925877613624
O=C1CCC(N2Cc3ccc(CNC(=O)c4c[nH]nc4-c4ccc(F)cc4)cc3C2=O)C(=O)N1,,,0.1386206339040873
O=C1CCC(N2Cc3ccc(CNS(=O)(=O)c4ccc5c(c4)OCCO5)cc3C2=O)C(=O)N1,,,0.19432714196811335
O=C1CCC(NC(=O)C2CC(=O)N(c3ccc4c(c3)OCO4)C2)C(=O)N1,,,-0.07791466361614205
O=C1CCC(NC(=O)Nc2cccc(C(=O)Nc3ccc(Cl)cn3)c2)C(C2CCCO2)N1,,,0.45633347067209296
O=C1CCC(NC(=O)c2c3c(nc4ccccc24)CCCC3)C(=O)N1,,,-0.062825289188763
O=C1CCC(NC(=O)c2ccc3nc(-c4ccccc4)oc3c2)C(=O)N1,,,0.16923319704136625
O=C1CCC(c2cccc(F)c2)=NN1C1CCCS(=O)(=O)C1,,,0.7268652528091043
O=C1CCC(c2cccc(NC(=O)c3cc(-c4ccccc4)ccn3)c2)N1,,,0.18315026347949181
O=C1CCC(c2cccc(NS(=O)(=O)c3cccc(F)c3)c2)N1,4.66,2.65,0.8110541809114447
O=C1CCC(c2noc(-c3cc(O)ccn3)n2)CN1CC1CCC1,,,0.18343787192080435
O=C1CCC(n2cc(-c3cncc4ccccc34)nn2)C(=O)N1,,,-0.0082387636772167
O=C1CCC2(C(=O)N3CCOc4cc(O)ccc4C3)Sc3ccccc3N12,5.22,5.82,2.4510706149768047
O=C1CCC2CN(C(=O)c3ccc4c(c3)-c3ccccc3C4)CCC2N1,,,0.08849269923630905
O=C1CCCC(CC(=O)N2CCN(C(=O)c3ccc(Cl)cc3F)CC2)N1,,,0.006547677663366
O=C1CCCC(CC(=O)N2CCOc3c2ccc(F)c3F)N1,,,0.19306956774246464
O=C1CCCCN1C1CCCN(c2nccc3[nH]cnc23)C1,,,0.08939038881980055
O=C1CCCCN1CC1CCN(C(=O)c2c[nH]cc2-c2ccccc2)CC1,,,0.5964035483224028
O=C1CCCN1C1CCN(Cc2cnc(CCc3ccccc3)s2)C1,,,0.35497963648900377
O=C1CCCN1CC(NCc1n[nH]c2ccccc12)c1ccccc1,4.72,3.86,0.9721157400149221
O=C1CCCN1CC(O)COc1ccc2c3c(c(=O)oc2c1)CCCCC3,,,0.5041702921528057
O=C1CCCN1Cc1ccc(-c2noc(Cc3ccc(O)c(F)c3)n2)cc1,,,0.3123629533958612
O=C1CCCN1Cc1ccc(NCc2cnn(-c3ccccc3)n2)cc1,,,0.2404965072924312
O=C1CCCN1Cc1ccc(Nc2nccc(Oc3ccccc3)n2)cc1,5.74,2.11,0.942996804532857
O=C1CCCN1Cc1ccccc1NCc1cnc(-c2ccsc2)s1,5.37,,1.1926091170841826
O=C1CCCN1[C@H]1CCCC[C@H]1c1nc(-c2cnn(CCF)c2)no1,4.76,2.94,0.7599834484472896
O=C1CCCN1c1ccc(F)c(C(=O)N2CC(O)CC2c2ccccc2)c1,,,0.40701497590979185
O=C1CCCN1c1ccc(NCc2cncc(Cl)c2Cl)nc1,,,0.5152046996489833
O=C1CCCN1c1ccc(S(=O)(=O)Nc2cccc(O)c2)cc1,5.41,2.01,1.2520421059209699
O=C1CCCN1c1cccc(CNC2CCOC3(CCCC3)C2)c1,,,0.21090260705062133
O=C1CCC[C@H](C(=O)N[C@@H]2CCCc3ccc(Cl)cc32)N1,,,0.2393695858956547
O=C1CCC[C@H](CNC(=O)c2cc3cccc(Cl)c3o2)N1,,,0.1044180883944689
O=C1CCC[C@H](CNC(=O)c2cccc(-c3ccccc3)n2)N1,,,0.3836660822637065
O=C1CCC[C@H](CNC(=O)c2cccn2Cc2ccccc2)N1,,,0.34472830438463065
O=C1CCCc2c(cccc2-c2cccc(C(=O)O)c2)N1,,,0.0983077109919427
O=C1CCCc2cc(C(=O)N(Cc3ccc(F)cc3)C3CCOCC3)ccc2N1,,,0.5535946668411464
O=C1CCCc2cc(NC(=O)N3CCN(C(=O)C(F)(F)F)C4(CCCCC4)C3)ccc2N1,,,0.6096544377239043
O=C1CCN(C(=O)C2CCN(S(=O)(=O)c3cccs3)CC2)CCCCCCN1,4.65,,
O=C1CCN(C(=O)c2c[nH]cc2Cc2ccccc2)CCCCCN1,,,0.4507920939749142
O=C1CCN(C(=O)c2cccc(S(=O)(=O)N3CCCCCC3)c2)c2cnccc2N1,4.77,2.73,1.2276385614317489
O=C1CCN(C(=O)c2ccnc(-c3ccccc3)n2)C2(CN1)COC2,,,0.11315266075149019
O=C1CCN(CC2CCCO2)C(=O)N1Cc1ccc[nH]c1=O,,,0.1280710920607484
O=C1CCN(Cc2cccnc2)C(=O)N1Cc1ccccc1C(F)(F)F,,,0.5182305933429806
O=C1CCN(Cc2cncs2)C(=O)N1CC1CCCC12CCOCC2,,,0.4645233893326382
O=C1CCN(Cc2nccs2)C(=O)N1Cc1ccc[nH]c1=O,,,-0.0267602004225097
O=C1CCNC(=O)N1Cc1ccccc1OCC(F)(F)F,,,0.16614778287152832
O=C1CCO1,,,0.02320844923095535
O=C1CC[C@@H](C(=O)NCC2CCN(c3ncc(F)cn3)CC2)N1,,,-0.2166287721919867
O=C1CC[C@@H](C(=O)O)N1,,,-0.013535210929375652
O=C1CC[C@@]2(O)[C@H]3Cc4ccc(O)c5c4[C@@]2(CCN3CC2CC2)[C@H]1O5,,,0.13780790559175593
O=C1CC[C@H](NCc2ncccc2F)[C@@H](c2ccccc2)N1,,,-0.0776340300317023
O=C1CCc2cc(-c3cccc(O)c3F)cc3c2N1CCC3,4.05,3.19,0.716653071402457
O=C1CCc2cc(-c3csc(C4CCCCN4)n3)c(F)cc2N1,,,0.1502759609742795
O=C1CCc2cc(-c3csc(NC(=O)C4CSc5ccccc5O4)n3)ccc2N1,,,0.8043757406419917
O=C1CCc2cc(-c3nc(C4CCC(F)(F)C4)no3)c(F)cc2N1,,,0.38055868899541334
O=C1CCc2cc(OCCCCc3nnnn3C3CCCCC3)ccc2N1,,,0.5768208491996187
O=C1CCc2cc(OCCNC(=O)[C@H]3C[C@H]4OCC[C@H]4N3)ccc2N1,,,0.14246090848989001
O=C1CCc2cc(OCCOC(=O)c3cccc4cnccc34)ccc2N1,,,-0.2051136437850277
O=C1CCc2cc(S(=O)(=O)N3CCOc4ccccc4C3)ccc2N1,4.93,1.92,0.8370592674754739
O=C1CCc2ccc(C(=O)N3CC4(CCOCC4)CC3CNC(=O)c3cccnc3)cc2N1,,,-0.0639807965746333
O=C1CCc2ccc(C(=O)Nc3ccc(-c4ncc[nH]4)cc3)cc2N1,,,-0.1180231180735348
O=C1CCc2ccc(NC(=O)C3CC(=O)N(CCN4CCOCC4)C3)cc2N1,,,-0.10053387310569886
O=C1CCc2ccc(NS(=O)(=O)c3ccnn3C3CCC3)cc2N1,,,0.5528956387455308
O=C1CCc2ccc(OCCCCN3CCN(c4cccc(Cl)c4Cl)CC3)cc2N1,,,0.2823547080980494
O=C1CN(C(=O)C(=O)N2CCCC2C2CCCC2)CCN1,,,0.3992320609255212
O=C1CN(C(=O)CCC(=O)N2CCC2c2ccccc2)c2ccccc2N1,5.04,4.3,1.5174819923971257
O=C1CN(C(=O)CN2CCC(C(O)C(=O)NC3CC3)CC2)c2ccccc2N1,,,0.0415256555805288
O=C1CN(C(=O)CN2CCOCC2=O)c2cc(F)c(F)cc2N1,,,0.0343508161667186
O=C1CN(C(=O)NCc2ccc(OC(F)F)cn2)C2CCCCC2N1,,,0.3213094337069074
O=C1CN(C(=O)NCc2cccc(-c3ccccn3)c2)C2CCCCC2N1,,,0.5259639088616938
O=C1CN(C(=O)c2ccc3c(n2)CCCC3)CN1CC1CC1,,,0.41479217242238425
O=C1CN(C(=O)c2ccccc2SCc2cn3ccccc3n2)CN1,,,0.983588097170367
O=C1CN(C(=O)c2cnc(-c3ccco3)s2)CN1CC1CC1,,,0.2706639213201988
O=C1CN(C(=O)c2ocnc2C2CC2)c2cc(F)c(F)cc2N1,,,0.2504069908751102
O=C1CN(CC(=O)N2CCC(c3nc(-c4ccccc4)no3)CC2)C(=O)N1,,,-0.0667086915296891
O=C1CN(N=Cc2ccc(-c3ccc([N+](=O)[O-])cc3)o2)C(=O)N1,,,0.38217451122426105
O=C1CN(N=Cc2ccc([N+](=O)[O-])o2)C(=O)N1,,,-0.025616829905549393
O=C1CN(S(=O)(=O)c2cccc(C(=O)Nc3ccc(O)cc3)c2)CCN1,,,0.2452325847324531
O=C1CN(S(=O)(=O)c2cnc3onc(-c4ccccc4)c3c2)CN1CC1CC1,,,0.5035892806151732
O=C1CN(c2ccnc(C(=O)N3CCCc4ccccc4CC3)c2)CCN1,,,0.0839487462372697
O=C1CN(c2nnc(C(F)(F)F)s2)CCN1c1ccccc1,,,0.03990467567222965
O=C1CN2Cc3c(ccc(Cl)c3Cl)N=C2N1,,,0.011608410403410898
O=C1CNC(=O)N1CCNC(=O)N1CCCC1Cc1ccccc1,,,0.1539749078985529
O=C1CNC(=O)c2ccc(C(=O)N3CC4CCCCC43c3ccccc3)cc2N1,5.23,,1.7613407387359168
O=C1CN[C@H]2CCN(C(=O)c3cccc(SC(F)(F)F)c3)C[C@H]2N1,,,0.04136245006575915
O=C1CNc2nc(C(=O)N3CCC(Oc4ccc(Cl)cc4)CC3)ccc2N1,,,-0.0207102653003689
O=C1COc2c(NCCCOc3ccc(Cl)cc3)cc(Cl)cc2N1,4.76,2.22,0.7843753299974742
O=C1COc2c(cccc2C(=O)N2CCCC(n3cncn3)C2)N1,,,0.223266821064608
O=C1COc2cc(NC(=O)NCc3ccc(-n4ccnc4)c(F)c3)ccc2N1,,,-0.02048460551963065
O=C1COc2cc(S(=O)(=O)N3CCN(Cc4cccc(Cl)c4)C(=O)C3)ccc2N1,,,0.6285668733737289
O=C1COc2cccc(C(=O)N3CC[C@H]4CC[C@]43c3cccnc3)c2N1,,,0.6407132598519485
O=C1COc2cccc(S(=O)(=O)Nc3cnc4c(c3)CCC4)c2N1,4.48,4.48,1.3365580908562469
O=C1COc2ncc(C(=O)N3CC(CC4COCC(=O)N4)c4ccccc43)cc2N1,,,-0.06667010188519774
O=C1COc2ncnc(NCC34CCCCC3C4(F)F)c2N1,2.06,5.52,
O=C1CS(=O)(=O)c2cc(NC(=O)c3ccsc3Br)ccc2N1,4.66,4.05,0.8403541014557682
O=C1CSc2ccc(C(=O)NC[C@@H]3CCO[C@H]3c3ccccc3)cc2N1,,,0.3854478060554718
O=C1C[C@@H](C(=O)NC2CCN(CCN3CCCC3=O)C2)NC(=O)N1,,,0.0215468816535885
O=C1C[C@@H](C(=O)NCC(NC(=O)Cc2cc(F)ccc2F)C2CC2)NC(=O)N1,,,0.1608722490603431
O=C1C[C@@]2(NC(=O)Cc3cc4ccccc4c(=O)[nH]3)CCCC[C@H]2N1,,,0.0704833990944332
O=C1C[C@@]2(NCc3ccc4[nH]cnc4c3)CCCC[C@H]2N1,,,0.3395339197475129
O=C1C[C@@]2(Nc3cnc(C(=O)N4CCCNCC4)cn3)CCCC[C@H]2N1,,,-0.00234406994687475
O=C1C[C@H](c2ccccc2Cl)NC(=O)N1CC12CCC(CC1)O2,5.51,3.42,0.8071995706892774
O=C1C[C@H]2OCC[C@@]2(c2nc(-c3ccc4c(c3)CCC4)no2)CN1,,,0.2534686510462723
O=C1Cc2cc(CCCC(=O)N3CCC3c3ccc(F)c(F)c3)ccc2N1,5.16,1.96,1.640991414105892
O=C1Cc2cc(NS(=O)(=O)c3cccc(-c4ccccc4)c3)ccc2N1,4.86,3.11,0.9197146029793533
O=C1Cc2cc(S(=O)(=O)Nc3ccc(-n4cncn4)cc3)c(Cl)cc2N1,,,-0.0009360662635738981
O=C1Cc2ccc(CC(=O)N3CC[C@H]4CC[C@]43c3cccnc3)cc2N1,,,0.6887859112863153
O=C1Cc2ccc(NC(=O)C3CCN(C(=O)OCc4ccccc4)C3)cc2N1,,,0.6826774302210139
O=C1N(CCc2c[nH]c3c(Cl)cccc23)C(=O)C23CC(CN12)C3,5.18,1.81,1.224924233983268
O=C1NC(=O)C([C@H]2C[C@H](NC(=O)c3cc(C4CC4)nc(C(F)(F)F)c3)C2)N1,,,0.05717667758775555
O=C1NC(=O)C(c2ccccc2)(c2ccccc2)N1,,,0.29517473354822943
O=C1NC(=O)C2(CCC(c3nc(-c4ccc(Cl)o4)no3)CC2)N1,,,0.3699620244671371
O=C1NC(=O)C2(CCCN(C(=O)Cn3c(-c4ccccc4)cc4ccccc43)C2)N1,5.1,4.04,1.306693494333187
O=C1NC(=O)C2(CCCN(S(=O)(=O)c3ccc(OC4CC4)cc3)C2)N1,,,0.2641147416753315
O=C1NC(=O)C2(CCN(C(=O)c3cn(Cc4ccccc4)nc3-c3ccccc3)CC2)N1,4.47,3.06,1.092353654027402
O=C1NC(=O)c2c1cccc2-c1cccc2c1C(=O)NC2=O,,,0.037051618701805795
O=C1NC(=O)c2cc(NC(=O)N3CCCC(C(=O)Nc4ccc(Cl)cn4)C3)ccc21,,,0.3384091268574593
O=C1NC(=O)c2cc(S(=O)(=O)N3CC4(CCCC4)c4ccccc43)ccc21,,,0.46622050375507995
O=C1NC(C2CCN(C(=O)c3ccc4c(c3)CCNC4=O)CC2)CO1,,,-0.0362344376537602
O=C1NC(CC2CC2)C(=O)N1Cc1ccc(C(F)(F)F)cn1,,,0.3228775811833336
O=C1NC(CC2CCCc3ccccc32)C(=O)N1c1cccc2cccnc12,5.6,1.93,1.3959814001412694
O=C1NC(Cc2ccccn2)C(=O)N1CCc1cccc2cccnc12,5.18,3.06,0.9765960912844187
O=C1NC(Cc2nccs2)C(=O)NC1Cc1cc(Cl)cc(Cl)c1,,,0.5659052354176812
O=C1NC2(CCCC2)C(=O)N1CCc1nc(C2(c3ccccc3)CCC2)no1,5.31,2.05,1.034643100841082
O=C1NC2(CCCCC2)C(=O)N1C1CCN(c2ccc(Cl)cc2Cl)C1,4.73,2.45,0.9453650459521619
O=C1NC2(CCCCCC2)C(=O)N1Cc1ccc2c(c1)COC2,,,0.7418738160392653
O=C1NC2(CCOCC2)C(=O)N[C@H]1Cc1c[nH]cn1,2.79,,
O=C1NC2(CCSC2)C(=O)N1Cc1ncc(-c2cccc(Br)c2)o1,,,0.20016995214128405
O=C1NCC(Cc2ccccc2)C(=O)N1Cc1ccccc1,,,0.5899383596102679
O=C1NCC(Cn2cc(C(=O)NCC(O)c3ccc(OC(F)(F)F)cc3)nn2)O1,,,0.06609959677954676
O=C1NCC2(CCCC2)C(=O)N1CCc1ccc(F)cc1F,4.8,1.95,1.1813575761403243
O=C1NCC2(CCN(C(=O)c3ccc4nncn4c3)CC2)Oc2ccccc21,,,0.012862719275220952
O=C1NCC2(CCN(CC(O)c3ccccc3C(F)(F)F)CC2)Oc2ccccc21,,,0.7127065265781679
O=C1NCC2(CCN(CCc3ccccc3)CC2)O1,,,-0.0552109990741858
O=C1NCC2(CCN(c3ncnc4[nH]ccc34)CC2)Oc2ccccc21,,,-0.1773008600907719
O=C1NCC2CCC1N2C(=O)Cc1csc(COc2ccc(Cl)cc2)n1,,,0.25162309017130224
O=C1NCC2CCC1N2S(=O)(=O)c1ccccc1OC(F)(F)F,4.93,2.08,0.8192724706326449
O=C1NCC2CN(Cc3ccc(-c4cccc(Cl)c4Cl)o3)CCN12,,,0.11328845180140924
O=C1NCC2CN(S(=O)(=O)CC3CCC(C4CC4)O3)CCN12,,,0.3617038665980488
O=C1NCC2CN(S(=O)(=O)c3cc(F)ccc3O)CCN12,,,0.14485233931136615
O=C1NCCC1(c1nc(C2(c3ccccc3)CCOCC2)no1)C1CCCC1,5.96,3.09,1.6451861825922962
O=C1NCCC1CC(=O)N1CCC(O)(c2cccc(C(F)(F)F)c2)C1,,,0.013132710447171302
O=C1NCCC1CCn1cc(-c2ccc3cnccc3c2)nn1,,,-0.0448333676213677
O=C1NCCC1n1cc(NS(=O)(=O)c2ccccc2)cn1,,,0.2117978587184277
O=C1NCCCN(C(=O)CCC2CCOCC2)C1Cc1ccccc1,,,0.39663295703787405
O=C1NCCCN(C(=O)c2cc3cccn3cn2)C1Cc1ccccc1,4.3,2.94,1.5286642892036004
O=C1NCCCN(C(=O)c2cc[nH]c2C2CC2)C1Cc1ccccc1,4.84,3.77,1.1081647971345434
O=C1NCCCN(C(=O)c2ccc3scnc3c2)C1c1ccccc1,,,0.6255412710709178
O=C1NCCCN1c1cccc(-c2ccc(OC3CC3)cc2)c1,,,0.551257312705021
O=C1NCCN(C(=O)CC2OCCc3ccccc32)C1c1ccccc1,,,0.646461975828072
O=C1NCCN(C(=O)NC2CCc3c(Cl)cccc32)C1c1ccccc1,4.73,3.14,1.12815514252779
O=C1NCCN1CC1CCN(C(=O)c2cc3cccnc3[nH]2)CC1,,,0.14740738800032271
O=C1NCCN1CC1CCN(C(=O)c2cc3ccncc3s2)CC1,,,-0.1160512150722038
O=C1NCCOc2ccc(C(=O)N3CC4(CC4)c4ccccc43)cc21,,,0.5448066482183656
O=C1NCCc2ccc(CNC(=O)C34CCCN(CC3)C4)cc21,,,0.2801401782640263
O=C1NCCc2ccc(CNC(=O)c3ccc(C4CC4)nc3O)cc21,,,0.16675340893503018
O=C1NCCc2ccc(S(=O)(=O)Nc3cccc4cc[nH]c34)cc21,5.33,4.06,1.0793629057950143
O=C1NCCn2ncc(C(=O)N3CCOC(c4ccccc4)C3)c21,,,0.16963097328478724
O=C1NC[C@H](O)C(=O)N1Cc1nc2c(s1)CC(c1ccccc1)CC2,,,0.33449425552133183
O=C1NCc2c(NC(=O)c3cnn4ccccc34)cccc21,,,0.15785979147567597
O=C1NCc2c(NCc3ccc(C4CCCC4)cc3)cccc21,3.64,,-0.653105977811777
O=C1NCc2cc(NS(=O)(=O)c3cccc4ccccc34)ccc21,,,0.39034240379287133
O=C1N[C@@H](Cc2ccccc2)C(=O)N1c1cncc(F)c1,,,0.04926376518094365
O=C1N[C@H](Cc2ccc(Br)cc2)C(=O)N1Cc1ccnc(F)c1,,,0.3302454953946333
O=C1N[C@H](Cc2csc(Br)c2)C(=O)N2CC3(CCC3)OCC12,,,0.5134460653197116
O=C1N[C@H]2C[C@H](NC(=O)C3(c4ccc(F)cn4)CC3)[C@H](C2)O1,,,0.1127676506096226
O=C1N[C@H]2C[C@H](NC(=O)c3cc(Cl)cc(F)c3F)[C@H](C2)O1,,,0.03422027556601925
O=C1Nc2c3ccccc3nn2CC1Cc1nc(N2CCCC2)no1,,,0.0991758477601051
O=C1Nc2cc(-c3ccc(C(F)F)nc3)ccc2C12CC2,,,0.29876987472623345
O=C1Nc2cc(C(F)(F)F)ccc2SC1CC(=O)N1CCCS(=O)(=O)CC1,,,0.26388314338200874
O=C1Nc2ccc(Cl)cc2[C@@](C#CC2CC2)(C(F)(F)F)O1,5.18,3.31,1.8128271920069228
O=C1Nc2ccccc2C1(O)CCNc1ncnc2ccc(Br)cc12,,,0.2789065664239633
O=C1Nc2ccccc2C12CCN(c1nccn3cnnc13)C2,,,0.24702049223734548
O=C1Nc2ccccc2C2(CCN(C(=O)NC3COC4(CCCCC4)C3)CC2)O1,,,0.1004117481738585
O=C1Nc2ccccc2CC1CCC(=O)N1CCc2c(nc[nH]c2=O)C1,,,0.14398354905416474
O=C1Nc2ccccc2CCC1NC(=O)N1Cc2cc(F)c(F)cc2C1,4.43,3.68,0.8868214482801403
O=C1OC(c2ccc(O)cc2)(c2ccc(O)cc2)c2ccccc21,4.47,3.89,1.5588379779251613
O=C1OC(c2ccccc2)CC1C(=O)N1Cc2ccccc2C(c2ccccc2)C1,5.12,4.01,1.2221794966613027
O=C1OCCC1CCn1cc(-c2cnc3[nH]ccc3c2)nn1,,,0.1396609218979544
O=C1OCCN1N=Cc1ccc([N+](=O)[O-])o1,2.89,1.82,-0.25130870335753797
O=C1OCCN1c1cc(NS(=O)(=O)c2cc(F)cc(F)c2)ccc1F,4.42,5.13,1.1798211997837853
O=C1OCCN1c1cccc(C(=O)N2CC3(CCCC3)c3c(F)cccc32)c1,,,0.8337209911889575
O=C1O[C@H](CO)[C@@H](O)[C@H](O)[C@H]1O,1.89,1.99,-0.2434276164299469
O=C1O[C@H]([C@@H](O)CO)C(O)=C1O,,,-0.11524040998677515
O=C1[C@@H]2[C@H]3CC[C@H](C3)[C@@H]2C(=O)N1C[C@@H]1CCCC[C@H]1CN1CCN(c2nsc3ccccc23)CC1,4.6,1.82,0.9696196978150694
O=C1[C@H](CC[C@H](O)c2ccc(F)cc2)[C@@H](c2ccc(O)cc2)N1c1ccc(F)cc1,4.89,1.82,1.309149253140628
O=C1c2c(O)cccc2Cc2cccc(O)c21,,,0.12106314835362164
O=C1c2cccc3c2[C@H](CCC3)CN1[C@@H]1CN2CCC1CC2,,,0.39092263463797616
O=C1c2ccccc2C(=O)C1c1ccccc1,,,0.5737776769984031
O=C1c2ccccc2CN1CC(=O)N1CCCC1c1nc2ccccc2s1,4.94,4.75,0.8709622263504484
O=C1c2ccccc2S(=O)(=O)N1Cc1ccccc1SC(F)F,5.21,4.25,0.9513043467224507
O=CNc1cccc(NC(=O)NCCCc2ccc3c(c2)C(=O)N(C2CCC(=O)NC2=O)C3=O)c1,1.62,,
O=C[C@H](O)[C@@H](O)[C@H](O)CO,,,0.12397185216319695
O=C[C@H](O)[C@@H](O)[C@H](O)[C@H](O)CO,,,0.0668493552203033
O=Cc1c(-c2ccc(Br)s2)nc2ccccn12,3.67,,
O=Cc1c(Cl)nc(Oc2ccccc2)n1-c1ccccc1,5.04,2.12,
O=Cc1c(O)ccc2cc(OP(=O)(O)O)ccc12,1.89,,
O=Cc1c(Oc2ccc3c(c2)OCO3)nc2ccccn2c1=O,3.34,,
O=Cc1c[nH]nc1CN1C(=O)c2ccccc2C1=O,1.66,,
O=Cc1cc(Cl)cnc1Sc1ccncn1,3.66,,
O=Cc1cc(F)c(OCc2cn(-c3ccc(Cl)cc3)nn2)c(F)c1,3.49,,
O=Cc1ccc(-c2ccc(S(=O)(=O)Nc3ccccc3)cc2)o1,4.87,,
O=Cc1ccc(-c2ncccc2OCCc2ccccn2)cc1,4.5,,
O=Cc1ccc(C(=O)C=Cc2ccc(Cl)cc2)o1,3.87,,
O=Cc1ccc(C(=O)NCC2(c3cccc(Br)c3)CC2)[nH]1,4.58,,
O=Cc1ccc(C(=O)NCc2noc(-c3ccc(Cl)cc3F)n2)[nH]1,3.91,,
O=Cc1ccc(C(=O)OCC(=O)NCCC2=CCCCC2)cc1,3.42,,
O=Cc1ccc(C(=O)OCC(=O)NCc2ccc(Cl)cc2)cc1,2.56,,
O=Cc1ccc(CC(=O)NCCCCc2ccc(Cl)s2)[nH]1,5.2,2.07,
O=Cc1ccc(COc2ccc(Cl)cc2[N+](=O)[O-])o1,2.58,,
O=Cc1ccc(N2CCN(c3ncnc4[nH]ncc34)CC2)s1,1.85,,
O=Cc1ccc(OC(=O)c2cc(-c3ccccc3)nc3ccccc23)cc1,3.94,,
O=Cc1ccc(OCC(=O)NC2CCCc3ccccc32)cc1,4.67,,
O=Cc1ccc(OCCCCN2CCCCC2)cc1,3.52,,
O=Cc1ccc(Oc2ccc(Br)cc2)nc1,2.37,,
O=Cc1ccc(Oc2ncnc3sc(-c4ccccc4)cc23)cc1,2.27,,
O=Cc1ccc2cc(Cl)cc(Br)c2n1,3.28,,
O=Cc1ccccc1OCCOc1ccc(Cl)c2cccnc12,4.58,,
O=Cc1ccccc1S(=O)(=O)N1CCCCC1CCn1ccnn1,4.53,,
O=Cc1cnc(N2CC(c3nc4ccccc4[nH]3)C2)nc1,2.68,,
O=Cc1cnc(N2CC3(CCC3)C2c2ccc(F)cc2)nc1,4.41,,
O=Cc1coc2ccc(Br)cc2c1=O,3.8,,
O=Cc1csc(COc2ccc(Cl)cc2)n1,2.86,,
O=Cc1nc2ccccc2n1Cc1ccc2ccccc2c1,5.16,1.82,
O=Cc1nn(C2CCCCO2)nc1Br,3.29,,
O=Cc1sc(=NS(=O)(=O)c2ccc(F)cc2)n(-c2ccccc2)c1Cl,3.53,,
O=Cc1sc(N2CCCCC2)nc1-c1cccs1,4.7,,
O=Cc1sc(N2CCOCC2)c(-c2ccccc2)c1-c1ccccc1,4.95,,
O=P(O)(O)C(O)(Cc1cccnc1)P(=O)(O)O,,,-0.120290819995433
O=P(O)(O)C(O)(Cn1ccnc1)P(=O)(O)O,,,0.013120413142012802
O=P1(N(CCCl)CCCl)NCCCO1,,,0.08507690647840155
O=S(=O)(C1=Cc2ccccc2CC1)N1CCC[C@H]1c1ncn[nH]1,,,0.3025617097211501
O=S(=O)(C1CC1)N1CCC(Nc2cncc(-n3cccn3)n2)CC1,,,0.22642418312688328
O=S(=O)(CC1CCCCO1)c1ccc2c(c1)OCCCO2,,,0.5325931407370582
O=S(=O)(CC1CCCO1)Nc1cc(C(F)(F)F)c2cn[nH]c2c1,5.12,3.88,1.2478994682270628
O=S(=O)(CCC1CCCC1)Nc1ccc(-n2cncn2)cc1,,,0.785825923351732
O=S(=O)(CCNCc1cc2ccccc2nc1N1CCCCC1)c1ccccc1,5.08,2.91,1.437000187532672
O=S(=O)(CCc1ccc2c(c1)CCO2)N(Cc1ccccc1Cl)C1CC1,4.22,3.96,1.1827061893417712
O=S(=O)(CCc1cccc(Cl)c1)Cc1ccnn1C1CCC1,,,0.1824997612049699
O=S(=O)(Cc1cc(Cc2ccccc2)on1)c1ccccc1,4.77,4.23,1.0374386791614776
O=S(=O)(Cc1ccc(F)cc1)N1CCCC1c1cccnc1,4.55,2.84,1.060622885668297
O=S(=O)(Cc1cccc(OC(F)(F)F)c1)C1CCOCC1,,,0.024307284018017704
O=S(=O)(Cc1ccn(-c2ccc(F)cc2F)n1)c1ccc(F)cc1,,,0.5902665234352473
O=S(=O)(Cc1ccn(CCc2ccccc2)n1)C[C@@H](O)CO,,,-0.03957100060016715
O=S(=O)(Cc1ccno1)NC(c1ccc(Cl)cc1)C1CCC1,4.83,,2.1657365636984363
O=S(=O)(N1CCCCC1)N1CCCN(Cc2c[nH]cn2)CC1,3.39,,
O=S(=O)(N1CCc2ccccc2C1)N(Cc1cccc(O)c1)CC1CC1,5.05,3.17,1.1806401986004027
O=S(=O)(NC1(C(F)(F)F)CC1)c1ccc(-n2cccn2)cc1,4.83,2.22,0.972274065597422
O=S(=O)(NC12CCC(CC1)OC2)c1ccc(N2CCC(Nc3cccnc3)CC2)nc1,,,-0.0042697934739857
O=S(=O)(NC12CCC(F)(CC1)C2)c1cnnn1-c1ccccc1,5.03,3.86,0.9994287970863055
O=S(=O)(NC1CC(O)C12CCC2)c1ccc2c(c1)CCCC2,5.23,1.92,1.1334371007425303
O=S(=O)(NC1CCCN(c2cccc(F)c2)C1)N1CCOCC1,,,0.6042111848623974
O=S(=O)(NC1CCCOCC1)c1ccc(CC(F)(F)F)cc1,,,-0.0189682537905293
O=S(=O)(NCC1CN2CCC1CC2)c1cccc2cnccc12,,,0.058859949927484195
O=S(=O)(NCCCC(F)(F)F)c1nnc(-c2ccccc2)s1,4.78,4.56,1.0309817841871882
O=S(=O)(NCCN1CCCC1)c1cnc2ccccc2c1,,,0.2005878549276616
O=S(=O)(NCCNS(=O)(=O)C1CC1)c1ccc(-c2ccnc3[nH]ccc23)cc1,,,-0.0376828547493143
O=S(=O)(NC[C@H]1CC[C@@H](c2ncn[nH]2)O1)c1ccccc1Cl,,,0.13233592371232966
O=S(=O)(NCc1cn(-c2ccccc2)nc1-c1ccc(F)cc1)c1cccnc1,4.97,4.11,1.1162745876663316
O=S(=O)(NCc1n[nH]c2c1CCC2)c1ccc(F)c(F)c1F,,,0.6365750211521278
O=S(=O)(N[C@@H]1CC(Cn2cccn2)C[C@H]1O)c1cccc2c1CCCC2,5.3,2.73,1.079934984611359
O=S(=O)(N[C@H]1C[C@@H]1c1ccc(Cl)c(F)c1)c1cnn2c1CNCC2,6.605,,1.3876648142629109
O=S(=O)(N[C@H]1C[C@H]2CC[C@@H]1O2)c1cn(-c2ccccc2)nn1,5.26,3.5,0.9385978010376417
O=S(=O)(N[C@]12CCC[C@H]1CNC2)c1onc(C2CC2)c1Cl,,,0.6634951890207739
O=S(=O)(Nc1cc(F)c(F)cc1Cl)c1cnn(C2CCOC2)c1,5.33,5.73,1.7794384205505127
O=S(=O)(Nc1ccc(-c2nncs2)cc1)c1cnn(-c2ccccc2F)c1,5.4,5.78,2.1371374317784704
O=S(=O)(Nc1ccc(-n2cccn2)cc1)c1ccc(Cl)cc1,4.609999999999999,4.97,1.7448203698172147
O=S(=O)(Nc1ccc(CC(F)(F)F)cc1)c1ccc(Cl)s1,4.78,5.44,2.4534429796772423
O=S(=O)(Nc1ccc(F)c(Cl)c1)c1cnc2ccccc2c1,5.15,6.12,1.8928185534555226
O=S(=O)(Nc1ccc2occc2c1)c1cccc2cccnc12,5.83,,1.5539759660661128
O=S(=O)(Nc1cccc(Cl)c1N1CCOCC1)c1cccc2ccccc12,6.09,3.05,1.217032236702562
O=S(=O)(Nc1cccc2[nH]ccc12)c1sccc1C1CC1,6.050000000000001,2.02,1.3156846614239277
O=S(=O)(Nc1cccc2c1CN(C1CC1)C2)c1sccc1C1CC1,5.4,4.43,1.543813925570217
O=S(=O)(Nc1ccn(-c2ncccc2F)n1)c1ccc(OC(F)(F)F)cc1,4.11,3.88,0.8610695636158625
O=S(=O)(Nc1ccnn1-c1ccccn1)c1cccnc1,,,0.07097566588343569
O=S(=O)(Nc1ccnn1C1CCC1)c1ccc2c(c1)CCCC2,4.77,4.34,1.6959331790438579
O=S(=O)(Nc1ccnn1C1CCCOC1)c1cc(F)cc(F)c1,,,0.6082152613064217
O=S(=O)(Nc1cn(CC(F)(F)F)cn1)c1cccc2c1OCCC2,5.69,3.35,1.1740377538549127
O=S(=O)(Nc1cnc(C2CC2)nc1)c1c[nH]c2ccccc12,5.15,,1.473973284744394
O=S(=O)(Nc1cnc(C2CC2)nc1)c1cccc2c1COC2,4.23,4.05,0.9366525082397235
O=S(=O)(Nc1cnc2c(F)cccc2c1)c1ccnn1C1CCC1,5.14,5.11,1.4465945683773451
O=S(=O)(Nc1cnc2c(c1)CCC2)c1ccccc1C(F)F,4.92,4.49,1.3541347384086468
O=S(=O)(Nc1cnn(CC(F)(F)F)c1C1CC1)c1cccc2ncccc12,5.1,1.81,0.9807791825387939
O=S(=O)(Nc1n[nH]cc1Cl)c1c[nH]c2cc(C(F)(F)F)ccc12,6.225,6.52,1.441505543715044
O=S(=O)(Nc1ncn(CC(F)(F)F)n1)c1cccc2c1OCC2,,,0.06637356961390234
O=S(=O)(O)CCS,,,0.2597860898496863
O=S(=O)(c1c[nH]c2ncccc12)N1CCN(c2cc(C3CC3)n[nH]2)CC1,,,0.46266863056056845
O=S(=O)(c1ccc(-c2cc(CO)ccn2)c(CO)c1)N1CCCC1,,,0.33590359734042724
O=S(=O)(c1ccc(-c2cccc3[nH]ncc23)cc1)N1CCNCC1,,,-0.178539194308169
O=S(=O)(c1ccc(-c2cccc3c2OCO3)cc1)N1CCNCC1,,,0.5027906753111459
O=S(=O)(c1ccc(C2(C(F)(F)F)N=N2)cc1)N1CCOCC1,,,0.4707691135434
O=S(=O)(c1ccc(CC(F)(F)F)cc1)N1C[C@H]2CNC[C@H]2C1,,,0.5306711820832264
O=S(=O)(c1ccc(CNC2(Cc3ccc(F)cc3)CCOCC2)o1)N1CCCC1,5.5,,1.3061076579464466
O=S(=O)(c1ccc(CNC2CCC23CCC3)cc1)N1CCOCC1,,,0.8334233090315196
O=S(=O)(c1ccc(Cc2nc(-c3ccc4nccnc4c3)no2)cc1)N1CCCCC1,,,0.22196668165922714
O=S(=O)(c1ccc(F)c(Cl)c1)N1CCN(CCn2cccn2)CC1,,,0.5596657687610289
O=S(=O)(c1ccc(F)cc1)C1CCN(S(=O)(=O)c2ccc(F)cc2)C1,4.68,2.62,0.8623408074363685
O=S(=O)(c1ccc(OC(F)(F)F)cc1)N1CCOC[C@H]1CO,,,0.0302559244511025
O=S(=O)(c1ccc2c(c1)OCO2)N(CC1CC1)CC1CC1,5.51,,2.164552599631449
O=S(=O)(c1cccc(Cl)c1O)N1CC(CO)(c2ccccc2)C1,4.93,4.2,1.657703778241408
O=S(=O)(c1cccc(F)c1)N1CCC(Oc2cc(F)cc(F)c2)C1,5.1,1.81,1.0438069053903969
O=S(=O)(c1cccc(NCCOc2ccccc2)c1)N1CCOCC1,,,0.6885026321852747
O=S(=O)(c1cccc(NCc2ccco2)n1)N1CCCC2CC21,5.44,,1.3258611689035167
O=S(=O)(c1cccc2cnccc12)N1CCCNCC1,2.92,3.13,-0.40722924011243156
O=S(=O)(c1ccccc1)N(CC(F)(F)F)c1ccc(C(O)(C(F)(F)F)C(F)(F)F)cc1,7.54855421686747,,1.4715299126917456
O=S(=O)(c1ccccc1-c1ccccc1)N1CCC2CC21,5.64,2.34,1.1913234234157115
O=S(=O)(c1ccccc1F)N1CC(Oc2ccccc2Cl)C1,4.72,2.77,1.1827549054039297
O=S(=O)(c1ccccc1F)N1CCN(Cc2cocn2)CC1,,,0.26430986920221317
O=S(=O)(c1ccccn1)N1CC2(CCCCC2)C1c1ccccc1,5.34,4.28,1.6682584750898086
O=S(=O)(c1ccnn1CC1CCC1)N1CCc2ccncc21,5.6,1.99,1.3029123285537871
O=S(=O)(c1cncc(F)c1)N1CC(c2ccccc2)C2(CCC2)C1,5.54,,1.151068734558053
O=S(=O)(c1cnn(C2CCOCC2)c1)N1c2ccccc2C[C@H]1CO,,,0.5239296523526482
O=S(=O)(c1cnn2ncccc12)N1CCCC(c2ccn[nH]2)C1,,,0.541655509026528
O=S1(=O)CCC(CNc2ccccc2OCC2CCCCC2)C1,4.43,2.21,0.9923282786792039
O=S1(=O)CCC(Nc2ccc3nnc(-c4ccsc4)n3n2)CC1,,,0.08977501301278396
O=S1(=O)CCC(Nc2nnc(-c3c[nH]c4ccccc34)o2)C1,,,0.38868104333648545
O=S1(=O)CCC(O)(CNc2cc(-c3ccccc3)ncn2)C1,,,0.0292281864132465
O=S1(=O)CCC(c2csc(-c3ccc4c(c3)OCCO4)n2)C1,,,0.4686239341614724
O=S1(=O)CCC(c2csc(Cc3cccc4ccccc34)n2)C1,4.25,1.99,0.8661889531673486
O=S1(=O)CCC(n2nc(-c3cncc(Br)c3)nc2CCn2cnnn2)C1,,,0.5243664237025665
O=S1(=O)CCC2(CCCN(Cc3cnc(-c4ccccc4)o3)C2)C1,5.2,3.61,0.9521348078888356
O=S1(=O)CCC2(CCCN(c3nc(-c4cccnc4)nc4ccccc34)C2)C1,5.45,4.97,1.6950007961039564
O=S1(=O)CCCC(Cn2cc(-c3ccc4c(c3)CCC4)nn2)C1,4.66,3.1,0.9569460337134321
O=S1(=O)CCCC(NCc2c(Cl)ccc3cccnc23)C1,,,0.7538543466356228
O=S1(=O)CCCC(c2cn(-c3ccc(Cl)cc3O)nn2)C1,4.76,4.56,1.1093546326058923
O=S1(=O)CCCC1c1nc(C2(c3ccc(F)cc3)CCC2)no1,4.58,2.7,0.9627276075357032
O=S1(=O)CCCc2cc(-c3nc(Cc4ccno4)no3)ccc21,,,0.06652771882560685
O=S1(=O)CCN(CN2CCS(=O)(=O)NC2)CN1,,,0.3294382578018018
O=S1(=O)CCN(S(=O)(=O)c2ccn(C3CC3(F)F)n2)CCN1,,,0.0842364302196014
O=S1(=O)C[C@H]2CC[C@H](C2)N1Cc1cn(-c2ccccc2)nn1,5.41,2.6,0.9323993463201578
O=S1(=O)Cc2ccc(Nc3ncnc4ccc(N5CCOCC5)cc34)cc2C1,,,0.3160877994225768
O=S1(=O)NCCOc2ccc(-c3cccc(O)c3F)cc21,,,0.4527289226133806
O=S1(=O)OC(c2ccc(O)cc2)(c2ccc(O)cc2)c2ccccc21,,,0.1748211321351951
O=[N+]([O-])O[C@H]1CO[C@H]2[C@@H]1OC[C@H]2O[N+](=O)[O-],,,0.052503397383714595
O=[N+]([O-])c1ccc(-c2ccccc2)cc1,2.54,1.9,0.05292667683168125
O=[N+]([O-])c1ccc(N2CCNCC2)cc1,2.92,,
O=[N+]([O-])c1ccc(O)c2ncccc12,2.06,2.2,-0.2672259052018636
O=[N+]([O-])c1ccc2nc(CN3CCOC4(CCCCCC4)C3)[nH]c2c1,,,0.7619575764768033
O=[N+]([O-])c1cn2c(n1)OC[C@@H](OCc1ccc(OC(F)(F)F)cc1)C2,,,0.7315568498980787
O=c1[nH]c(-c2ccc3c(c2)OCCO3)nc2cc(-c3ccc(F)cc3)sc12,,,0.3273017239958254
O=c1[nH]c(-c2ccncn2)nc2sc(-c3ccccc3)cc12,3.63,,
O=c1[nH]c(-c2nnc(C3CC3)[nH]2)nc2sc3c(c12)CCCO3,,,-0.013051623521782588
O=c1[nH]c(=O)n(C2CCCO2)cc1F,,,-0.1454722587171604
O=c1[nH]c(C(F)(F)F)ccc1-c1noc(CC2CCOC2)n1,,,0.3389111307289407
O=c1[nH]c(C2CCCCO2)nc2scc(-c3ccccc3Cl)c12,5.39,2.74,1.1988228055683376
O=c1[nH]c(CN2CCO[C@H]3CCC[C@H]32)nc2cc(-c3ccc(F)cc3)sc12,,,0.536228358520775
O=c1[nH]c(CSc2nc3cc(OC(F)F)ccc3[nH]2)nc2c1cnn2-c1ccccc1,,,0.49698653669202963
O=c1[nH]c(Cc2cc[nH]n2)nc2cc3c(cc12)OC(F)(F)O3,,,0.32859810563794
O=c1[nH]c(N2CCc3sccc3C2)nc2c1cnn2-c1ccccc1,,,0.30464146935507264
O=c1[nH]c(N[C@@H]2CC(Cn3cc(Cl)cn3)C[C@H]2O)ncc1Cl,,,-0.082209222805367
O=c1[nH]c2c(-c3nc(Cn4cnc5ccccc54)no3)cccc2o1,,,0.5014937717578068
O=c1[nH]c2c(c(=O)[nH]1)CCN(CC1CCC3(CCC4(CC3)OCCO4)O1)C2,,,0.0783478690507216
O=c1[nH]c2c(c(=O)[nH]1)CN(CC1CCC(c3ccccc3)O1)C2,,,-0.0137619902249355
O=c1[nH]c2c(cc1-c1noc(-c3ccc(F)cc3)n1)COCC2,,,0.000964344657860855
O=c1[nH]c2c(cc1-c1noc(C3CCN(c4nc5ccccc5o4)CC3)n1)CNCC2,,,-0.0491398638639663
O=c1[nH]c2cc(Cl)c(S(=O)(=O)Nc3ccc(OC4CCCC4)c(F)c3)cc2o1,5.02,,1.7293895397739418
O=c1[nH]c2cc(Cl)ccc2o1,,,0.3421798089843335
O=c1[nH]c2ccc(S(=O)(=O)Nc3ccc4cn[nH]c4c3)cc2[nH]1,,,-0.006985104379859251
O=c1[nH]c2cccc(-c3ccc(N4CC[C@@H](O)C4)nc3)c2[nH]1,,,-0.32846962222056025
O=c1[nH]c2ccccc2c(=O)n1CCS(=O)(=O)NC1CC1,,,0.30462548652781224
O=c1[nH]c2ccccc2cc1Cn1cc(C2(O)CC3CCC2C3)nn1,4.34,1.91,0.8778841451142945
O=c1[nH]c2ccccc2n1C1=CCN(CCc2ccsc2)CC1,,,0.29432309961556813
O=c1[nH]c2ccccc2n1C1CCN(CCCC(c2ccc(F)cc2)c2ccc(F)cc2)CC1,,,0.2489732933838376
O=c1[nH]cc(F)c(=O)[nH]1,2.79,1.84,-0.4676289962695204
O=c1[nH]cnc2c1ncn2[C@@H]1O[C@H](CO)[C@@H](O)[C@H]1O,,,0.0299278191107296
O=c1[nH]cnc2c1ncn2[C@H]1CC[C@@H](CO)O1,,,0.3260004832372283
O=c1[nH]nc(-c2nc(C3CCCc4ccccc43)no2)c2ccccc12,5.29,1.84,1.143479414113791
O=c1c(Cl)c(N2CCc3ccccc3C2)cnn1Cc1ccccc1,4.66,4.78,1.0792988923120461
O=c1c(NCc2ccc(F)cc2C(F)(F)F)nnc2n1CCC2,,,0.5097606386250031
O=c1c(NS(=O)(=O)c2cnn3c2CCCC3)cccn1C(F)F,4.75,4.6,1.6629421921572134
O=c1c2c(-c3ccc(Cl)cc3)csc2ncn1CCC1CCNC1,,,0.5265452113066953
O=c1c2c3c(sc2ncn1Cc1noc(-c2ccsc2)n1)CCCCC3,,,0.6698126826311237
O=c1c2cccc(F)c2ncn1CC1CCCOC1,3.11,,
O=c1c2cccc(O)c2cnn1-c1ccn(C2CCOCC2)n1,,,0.2652108638848214
O=c1c2ccccc2c(-c2nc(Cn3cncn3)no2)nn1Cc1ccccc1,,,0.5403622449450164
O=c1c2ccccc2n2c(SCC3CC3)nnc2n1Cc1ccccc1,5.6,3.81,1.9198146870137591
O=c1c2ccccc2nc(NCC2CCCCO2)n1CCO,,,0.1444935498634046
O=c1c2ccccc2ncn1CC1CCCC(C(F)(F)F)O1,4.23,1.88,0.8500972656071349
O=c1c2ccccc2ncn1CCn1cc(C2CC2)nn1,,,0.1110082665744441
O=c1c2cccn2ccn1Cc1cn(-c2ccccc2)nn1,4.87,4.62,1.0990250785294333
O=c1c2cncn2c2ccccc2n1CC1C2CCCCCC21,,,0.32087166696527847
O=c1c2nn(-c3ccc(Cl)c(Cl)c3)cc2cnn1-c1ccc(OC(F)F)cc1,,,0.27445158027983135
O=c1c2nnn(C3CC3)c2ncn1Cc1cccc(Cl)c1,,,0.5716724374821675
O=c1c2sc3ncccc3c2ncn1Cc1ncoc1C1CCC1,,,0.5889491544101413
O=c1cc(N2CCC(c3nn[nH]n3)CC2)c2ccccc2o1,,,-0.0119463823212843
O=c1cc(N2CCCC3(CCCCN3)C2)[nH]c(=O)n1Cc1ccccc1,4.53,3.19,0.817985477616487
O=c1cc[nH]c(=O)[nH]1,,,0.15380922285403076
O=c1ccc(-c2nc(-c3ccc4c(c3)OCO4)no2)nn1-c1ccc(F)cc1,,,0.02821747478006345
O=c1ccc2cc(O[C@@H]3O[C@H](CO)[C@@H](O)[C@H](O)[C@H]3O)c(O)cc2o1,,,0.2466807106509887
O=c1ccc2cc(S(=O)(=O)Nc3cc(O)cc(F)c3)ccc2o1,,,0.3905901791546341
O=c1ccc2ccc(OCCCCN3CCN(c4cccc5sccc45)CC3)cc2[nH]1,,,0.23593147222133948
O=c1ccc2cccc(NS(=O)(=O)N3CCOCC3)c2[nH]1,,,0.41118246925056123
O=c1ccc2ccccc2o1,,,0.08333624848189485
O=c1cccc2n1C[C@@H]1CNC[C@H]2C1,6.09,1.96,1.7487877856864555
O=c1ccn(-c2ccc(F)cc2)nc1-c1nc(Cc2cccc(Cl)c2)no1,4.28,4.34,0.997603549653387
O=c1cnc(-c2nc3scc(-c4ccccc4)c3c(=O)[nH]2)c[nH]1,,,0.5673961894247008
O=c1n(CC2OCCO2)c2cccnc2n1-c1ccc(Cl)cc1,4.34,4.42,0.9122558668928913
O=c1n(CCCN2CCN(c3cccc(Cl)c3)CC2)nc2ccccn12,4.53,3.96,1.8114769820976746
O=c1n(Cc2noc(C3(O)CCc4ccccc4C3)n2)nc2ccccn12,,,0.4408565624026029
O=c1nc(N2CCCC(c3nc4c(s3)CCC4)C2)[nH]c2[nH]ncc12,,,0.27544503725955155
O=c1nc[nH]c2[nH]ncc12,,,-0.0070214967939331435
O=c1oc2ccccc2c(O)c1Cc1c(O)c2ccccc2oc1=O,,,0.2818474845176337
O=c1onc(-c2cnccn2)n1Cc1cnn(CCF)c1,,,-0.0585828000637153
OB1OCc2cc(F)ccc21,,,-0.0624697566371579
OC(CC1CCCO1)CN1CCN(c2ccccc2F)CC1,,,0.4448129549259437
OC(CCCN1CCCCC1)(c1ccccc1)c1ccccc1,,,0.6579369800806089
OC(CCN1CCCCC1)(c1ccccc1)C1CCCCC1,,,0.6029654567935656
OC(CN1CCC(O)(c2ccc(F)cc2)C1)CC1(O)CCC1,,,0.24176333219532548
OC(CN1CCCC(c2nnc3n2CCCCC3)C1)CC(F)(F)F,,,0.1479621347436105
OC(CN1CCOCC1)Cn1cc(-c2cncc(F)c2)nn1,,,0.062706965188351
OC(CN[C@@H]1CCCC[C@H]1O)Cc1ccc2ccccc2c1,,,0.8122475487585553
OC(Cn1cc(CC2(O)CCC2)nn1)c1cc(F)ccc1F,,,0.022070374434370998
OC(Cn1cncn1)(Cn1cncn1)c1ccc(F)cc1F,,,-0.07279017185645636
OC(c1ccc(Cl)cc1)c1cn(C[C@H](O)Cc2ccccc2)nn1,,,0.6905673616529263
OC(c1ccccc1)C1CCCN1Cc1coc(-c2ccccc2C(F)(F)F)n1,4.8,2.07,1.0262574274614262
OC/C=C/c1ccccc1,,,0.1118928542443197
OC1(C(F)(F)F)CCN(c2cc(N3CCCCC3)ncn2)C1,5.19,3.02,0.8086317969940683
OC1(C(F)(F)F)CCN(c2cncc(OC3CCCCC3)n2)C1,5.15,1.81,0.934500814200804
OC1(C2CCN(Cc3cnnn3Cc3ccccc3)CC2)CC1,,,0.6200257149986785
OC1(CCNc2ccc(Cl)cn2)CCCC1,3.92,,
OC1(CNCc2cn(Cc3ccccc3)nc2-c2cccnc2)CCCCC1,4.42,3.9,1.0318671558715804
OC1(CNc2ncnc3ccc(F)cc23)CCCCCC1,1.75,2.57,
OC1(c2ccc(-c3cc4c(cc3Cl)NCC4)cc2)CCC1,,,0.32537708656965214
OC1(c2cn(-c3ccc(Br)cn3)nn2)CC[C@H]2CO[C@@H]1O2,,,0.1892500624268742
OC1(c2cn(CCOc3ccc(Cl)cc3)nn2)CCOCC1,3.2,1.85,-0.18831712641589946
OC1(c2cn(Cc3ccc4cn[nH]c4c3)nn2)CCOCC1,,,-0.0320770058725099
OC1(c2nc(-c3cccc(OCc4cccnc4)c3)no2)CCCCC1,4.95,2.64,0.9278203681857549
OC1CCCNc2ccc(Cl)cc21,2.6,,
OC1CCN(CCc2cn(C3Cc4ccccc4[C@H]3O)nn2)CC1,,,0.31288430352061675
OC1CCN(Cc2cn(Cc3csc(-c4ccoc4)n3)nn2)CC1,,,0.0246443822489734
OC1CCN(c2ccc(CNCc3c[nH]nc3-c3cccs3)cc2)CC1,,,0.0113747103850995
OCC(Cc1ccc(F)cc1)NCc1ccc(Cl)cc1-n1cncn1,,,0.6644839169351023
OCC(F)(F)CN1CCN(c2nc3ccccc3n3cncc23)CC1,,,0.0486867940105058
OCC(Nc1nc(-c2ccccc2)ns1)c1cccc(Cl)c1F,5.46,,0.7466225833020391
OCC(Nc1nc(CC2CC2)ns1)c1cc(F)c(F)c(F)c1,,,0.5777368779421851
OCC(Nc1ncnc2c1oc1ccccc12)c1c(F)cccc1F,5.7,2.06,
OCC(O)COc1ccc(Cl)cc1,,,-0.044612438636156805
OCC1(CC2CC2)CCCN(c2nc(-c3ccccc3)no2)C1,4.88,,
OCC1(F)CCN(c2ncnc3c2ncn3C2CC(O)c3ccccc32)CC1,,,0.147162485300205
OCC1(NCc2cc(O)cc(Cl)c2)CCCc2ccccc21,5.25,,1.5893735231688857
OCC1(Nc2nc(C(F)F)nc3ccccc23)CCCC1,,,0.6823412093943261
OCC1(O)CCN(Cc2ncnn2-c2ccccc2)CC1,,,0.1202083983265747
OCC12COC(CNC3CCCc4nc(-c5ccccc5F)sc43)(C1)C2,,,0.29927303998645227
OCC12COCCN1CCN(c1ncnc3scnc13)C2,,,0.2227621868834758
OCC1CCN(Cc2cc3cc4c(cc3nc2-c2ccc(Cl)cc2)OCO4)CC1,4.36,,
OCC1CCN(c2ccnc(-c3ccc(Br)cc3)n2)CC1,,,0.493205982542537
OCC1CN(Cc2nc(-c3ccccc3)no2)c2ccccc21,,,0.5127665018349675
OCC1CN(c2ncccn2)CC12CCN(Cc1cccc3[nH]ccc13)CC2,2.86,,
OCCC(Cc1ccccc1)Nc1nccn2ncc(Br)c12,,,-0.0150599948832741
OCCC(Nc1ncnc2[nH]c3cc(F)ccc3c12)c1ccc(Cl)c(F)c1,,,0.4294087641270168
OCCC1(CNC2CCCc3ccc(O)cc32)CCOC1,,,0.5247930570027739
OCCN(CCO)c1nc(N2CCCCC2)c2nc(N(CCO)CCO)nc(N3CCCCC3)c2n1,5.33,1.8,2.023842936264085
OCCN1CCN(CCCN2c3ccccc3Sc3ccc(Cl)cc32)CC1,,,0.2099185298506672
OCCN1C[C@H](O)[C@@H](O)[C@H](O)[C@H]1CO,,,0.2750521121697155
OCCNCCO,2.6,,
OCCOCCN1CCN(C(c2ccccc2)c2ccc(Cl)cc2)CC1,3.89,1.88,0.6968792585359869
OCCOCCN1CCN(C2=Nc3ccccc3Sc3ccccc32)CC1,4.18,2.23,1.373554837710859
OCCOc1ccccc1,,,-0.14878618321462866
OC[C@@H](NC[C@@H](O)c1ccc(Cl)c(Cl)c1)c1ccccc1,3.99,2.09,0.6832026676752931
OC[C@@H](O)CN1CCN(c2ccccc2)CC1,,,0.20072684834958476
OC[C@@H](O)[C@@H](O)[C@H](O)[C@H](O)CO,,,-0.060076610820013254
OC[C@@H]1COCCN1c1cc(-c2cccc(Cl)c2)ncn1,,,0.6470156279209214
OC[C@@H]1O[C@H](O)[C@@H](O)[C@H](O)[C@H]1O[C@@H]1O[C@H](CO)[C@H](O)[C@H](O)[C@H]1O,1.77,1.9,-0.182481006568475
OC[C@H](NCc1cn2ccc(Br)cc2n1)c1ccccc1,,,0.2525581725679741
OC[C@H]1CC[C@H](NCc2cc3ccccc3nc2O)CC1,,,0.09519928960041076
OC[C@H]1CN(c2nsc(C3CC3)n2)C[C@@H]1c1ccccc1,5.55,2.1,0.8501031768227933
OC[C@H]1CN2CCC[C@H]2CN1c1cc(C2CC2)nc(C2CC2)n1,,,0.29757401924955407
OC[C@H]1O[C@@H](c2ccc(Cl)c(Cc3ccc(O[C@H]4CCOC4)cc3)c2)[C@H](O)[C@@H](O)[C@@H]1O,,,0.06054663323021356
OC[C@H]1O[C@@H](n2cnc3c2N=CNC[C@H]3O)C[C@@H]1O,,,0.02255017105555345
OC[C@H]1O[C@@](CO)(O[C@H]2O[C@H](CO)[C@@H](O)[C@H](O)[C@H]2O)[C@@H](O)[C@@H]1O,,,0.2633927691254482
OCc1ccc(Cl)cc1Cl,,,0.02867758685863295
OCc1ccc(F)c(-n2cc(C3(n4cccn4)CC3)nn2)c1,,,0.25171648617832043
OCc1cccc(-c2cn(Cc3cnc(C(F)(F)F)s3)nn2)n1,,,0.06365794166938235
OCc1cccc(OCc2cn(Cc3ncoc3C(F)F)nn2)c1,,,-0.02866443512496055
OCc1ccccc1,,,-0.0516351497578971
OCc1cccnc1,,,0.0668924007744557
OCc1cnn(Cc2ccc(-c3cccnc3F)cc2)c1,,,0.0248158493267807
O[C@@H](CNc1nc(C(F)(F)F)nc2[nH]cnc12)c1ccc(Cl)cc1,4.94,,1.2408137534689252
O[C@@H](COc1ccc(OCc2cccnc2)cc1)c1ccc(Cl)cc1,,,0.567702254673939
O[C@@H]1CC(Nc2cnc3cc(F)c(F)cc3n2)CC[C@@H]1O,,,-0.0061476458281059
O[C@@H]1CO[C@H]2[C@@H]1OC[C@@H]2O,,,0.30313075640253956
O[C@@H]1C[C@H](O)CN(c2ccc(-c3ccccc3Cl)nn2)C1,,,0.1009461581723171
O[C@@H]1C[C@H]2CN(c3cccc(-n4cnc5ccccc54)n3)CCN2C1,2.67,,-0.38524784599910467
O[C@H](c1cc(C(F)(F)F)nc2c(C(F)(F)F)cccc12)[C@@H]1CCCCN1,,,0.2488263134510121
O[C@H]1CC(Cn2cc(Cl)cn2)C[C@@H]1NCc1cnc(N2CCOCC2)nc1,,,0.05493962237173999
O[C@H]1CC(Cn2cccn2)C[C@@H]1NCc1cccc(-n2cccn2)c1,,,0.182672355088465
O[C@H]1CC(Cn2cccn2)C[C@@H]1NCc1nccn1C1CC1,,,0.0203058861064188
O[C@H]1CC(Cn2cccn2)C[C@@H]1Nc1ccc(-n2ccnc2)nn1,,,0.181346104804198
O[C@H]1CC(Cn2cccn2)C[C@@H]1Nc1nccc(-n2cccn2)n1,,,0.30633726246730614
O[C@H]1CC(Cn2cccn2)C[C@@H]1Nc1ncnc2c1CCCC2,,,0.09703459292979005
O[C@H]1CC(Cn2ccnc2)C[C@@H]1NC1CCN(Cc2ccco2)CC1,,,0.1620669093477608
O[C@H]1CCN(c2ncc3c(n2)COC3)[C@H]1c1ccc(Br)cc1,,,0.22836841768085675
O[C@H]1C[C@](CNc2ccnc3c(Br)cnn23)(c2ccccc2)C1,,,0.4332849506862114
O[C@H]1[C@H](O)[C@H](O)[C@@H](O)[C@@H](O)[C@H]1O,,,0.0344948108086751
Oc1c(Cl)cc(Cl)c2cccnc12,1.82,1.99,-0.1694749901935061
Oc1c(I)cc(Cl)c2cccnc12,1.76,1.81,-0.21540509372767486
Oc1c(I)cc(I)c2cccnc12,3.25,3.2,-0.430292164113966
Oc1cc(-c2noc(-c3cc(-c4cnc5[nH]ccc5c4)ccn3)n2)ccc1F,,,0.07199955909632749
Oc1cc(O)cc(O)c1,,,0.018377266286724748
Oc1cc2c(NCCc3ccc4[nH]ccc4c3)ncnc2cc1F,1.8,3.2,
Oc1ccc(C2CNCCc3c2cc(O)c(O)c3Cl)cc1,,,0.20789082348490795
Oc1ccc(CN2CCCCC2c2nc(CCOCC3CC3)no2)cc1,4.61,,
Oc1ccc(Cl)cc1,,,0.006877633076778848
Oc1ccc(O)cc1,,,0.3958846555542393
Oc1ccc(OCc2ccccc2)cc1,1.82,1.83,-0.23244041811078903
Oc1ccc2c(c1)CCC(NCc1c[nH]nc1-c1ccccc1)C2,,,0.1980777337938618
Oc1ccc2c(c1)CCN(c1nccn3nc(C(F)(F)F)cc13)CC2,,,0.26701500007710877
Oc1cccc(O)c1,,,-0.12017409694360866
Oc1cccc2cccnc12,,,0.1383018670202556
Oc1ccccc1,,,-0.005721864047496347
Oc1ccccc1N1CCNCC1,1.98,,
Oc1ccnc2cc(Cl)ccc12,,,0.022496251966051
Oc1ncnc2ccc(-c3noc(C4CC5(CC(OCc6ccccc6)C5)C4)n3)cc12,,,0.23012399129057687
S=P(N1CC1)(N1CC1)N1CC1,,,0.31694306627653496
Sc1nc2ccccc2s1,,,0.1582128256487807
Sc1ncnc2[nH]cnc12,,,0.1136721338417839
[O-][n+]1ccccc1S,1.75,2.09,-0.111357317761773
c1c(C23CC4CC(CC(C4)C2)C3)nnn1Cc1n[nH]c2c1COCC2,,,0.5928971631381003
c1cc(-c2cc(C3CCN(c4cnccn4)CC3)n[nH]2)ccn1,,,0.3269674024853775
c1cc(-c2cc[nH]n2)cc(-c2cncc(NC3CCNC3)n2)c1,,,-0.1044505474680792
c1cc(-c2nnc(-c3cccc(C4CCOC4)c3)o2)cc(C2CCOC2)c1,,,0.7439467259002459
c1cc(-c2nnc3ccc(NCc4ccn(C5CCCC5)n4)nn23)ccn1,,,0.2218100692957407
c1cc(-c2noc(-c3ccc(N4CCNCC4)nc3)n2)nc(N2CCOCC2)c1,,,0.5387569370327103
c1cc(-c2noc(-c3cn[nH]c3-c3ccc4c(c3)OCO4)n2)cs1,4.39,4.79,1.0417031388510278
c1cc(-c2noc(C34CCCN(CCC3)C4)n2)cc(-n2ccnc2)c1,,,0.3001666958163548
c1cc(C2(c3noc(Cc4cnn5c4CCCC5)n3)CCC2)ccn1,5.59,4.19,1.0240899285789196
c1cc(CN2CCCNCCNCCCNCC2)ccc1CN1CCCNCCNCCCNCC1,,,-0.034313666944448096
c1cc(CNC[C@H]2CC[C@@H](c3nc(C4CC4)n[nH]3)O2)n(CC2CCC2)n1,,,0.40906918647238644
c1cc(CNc2cccc3ccccc23)cc(OCCn2ccnc2)c1,,,0.5982109088292195
c1cc(N2CCCC2)ncc1-c1nc(-c2cn(C3CC3)nn2)cs1,3.8,3.25,
c1cc(OC2CCC2)cc(CNc2nnc(-c3ccon3)s2)n1,,,0.3095312841900857
c1cc(OCC2CC2)ncc1-c1noc(C23CCCN(CCC2)C3)n1,,,0.30173508689291473
c1cc2[nH]cc(-c3cnn4ccc(NC5CCCNC5)nc34)c2cn1,,,0.2975720583226814
c1cc2c(cc1CN1CCNCC1)OCO2,2.82,,
c1cc2cc(-c3cn(-c4ccc5c(c4)OCCO5)nn3)cnc2[nH]1,,,0.24945370869818664
c1cc2ccc(-c3noc(C45CCCN(CCC4)C5)n3)nc2[nH]1,,,0.26985914439842207
c1ccc(-c2c[nH]c(C3CCCCN3c3nc(C4CC4)ns3)n2)cc1,,,0.4234867685695932
c1ccc(-c2cc(CNC(c3cccnc3)C3CC3)n[nH]2)cc1,,,0.30629921399372234
c1ccc(-c2cc(CNc3cccc(-c4ccon4)c3)[nH]n2)nc1,,,0.6793276207668193
c1ccc(-c2cc(CNc3ccccc3-n3cccn3)n[nH]2)cc1,5.05,,1.0749612304395935
c1ccc(-c2cc(NC3COC(C4CC4)C3)n3nccc3n2)cc1,5.11,1.81,0.8223487951959164
c1ccc(-c2cc3c(N4CCC(n5cncn5)C4)ncnc3s2)cc1,,,0.4540285863672159
c1ccc(-c2ccc(C(c3ccccc3)n3ccnc3)cc2)cc1,4.39,2.03,1.1125600291629492
c1ccc(-c2ccc(CN3CC(N4CCOCC4)C3)s2)cc1,3.23,,
c1ccc(-c2cnc(N3CCC(n4ncc5ccccc54)C3)s2)cc1,,,0.4260244040623314
c1ccc(-c2cncc(N3CCC(Nc4cccnn4)CC3)n2)cc1,,,0.24398095616589544
c1ccc(-c2cncn2CCNc2c3c(nc4ncnn24)CCC3)cc1,,,0.2346402048425018
c1ccc(-c2n[nH]cc2CN2CCCC2C2CCCOC2)cc1,,,0.20198653326027394
c1ccc(-c2nc(-c3nc(-c4ccccn4)no3)co2)cc1,,,0.4023782353008064
c1ccc(-c2nc(N3CCC(Oc4cnccn4)CC3)c3ccccc3n2)nc1,,,-0.0474226879376507
c1ccc(-c2nnc([C@H]3OCC[C@H]3Cn3ccnc3)[nH]2)cc1,,,0.24046120090909456
c1ccc(-c2nnn(Cc3nc(-c4ccc5[nH]cnc5c4)no3)n2)cc1,,,0.1623296724797838
c1ccc(-n2cc(Cn3cc(CC4CNCCO4)nn3)cn2)cc1,,,0.1798885057660392
c1ccc(-n2cnc(CN3CCc4nc[nH]c4C34CCOCC4)n2)cc1,,,-0.00936261844366
c1ccc(-n2ncc(CN3CCO[C@H]4COCC[C@H]43)n2)cc1,,,0.21528617334164946
c1ccc(-n2nnc3c2CCN(CCc2ccc4c(c2)CCO4)C3)cc1,,,0.36968975622093764
c1ccc(C(Cn2ccnc2)NC2CCc3cnoc3C2)cc1,,,0.6735035532772609
c1ccc(C(NCc2ccc(-n3ccnc3)cc2)c2ncc[nH]2)cc1,,,0.20960524812953074
c1ccc(C(NCc2nnc3n2CCCCC3)c2c[nH]cn2)cc1,,,0.2448357081897546
c1ccc(C(c2ccccc2)N2CCNCC2)cc1,3.95,,
c1ccc(C2(CNc3ncnc4[nH]ncc34)CCC2)nc1,,,-0.0320886753060208
c1ccc(C2CCNC2)cc1,3.95,,
c1ccc(C2CN(c3ncnc4c3oc3ccccc34)C3CCOCC23)cc1,,,0.837225087944536
c1ccc(CC2=NCCN2)cc1,,,0.2049507015141315
c1ccc(CC2CCNCC2)cc1,3.1,,
c1ccc(CC2CN(c3nnc(-c4ccccn4)s3)CCN2)cc1,,,0.1591003928875973
c1ccc(CCCNC2CCOC3(CCOCC3)C2)cc1,,,0.40425444956077483
c1ccc(CCN2CCN(c3nc4cccnc4s3)CC2)cc1,,,0.39386907099616764
c1ccc(CCn2ccnc2CNc2nccn3nc(-c4ccccc4)cc23)cc1,,,0.3700429438348219
c1ccc(CN(CC2=NCCN2)c2ccccc2)cc1,,,0.16692325428273214
c1ccc(CNCc2cn(CC3CC4(CCOCC4)CO3)nn2)cc1,,,0.3383823000250596
c1ccc(COC2(c3nc(Cc4cnc(C5CC5)o4)no3)CCOCC2)cc1,4.53,1.99,0.7090348395202595
c1ccc(COC2CCN(Cc3cc(CN4CCCC4)cs3)CC2)cc1,3.67,,
c1ccc(COc2ccc(-n3cc(C4CCOC4)nn3)cc2)cc1,,,0.0195682912573591
c1ccc(COc2cccc(CNc3ncnc4sccc34)c2)nc1,3.0,2.19,
c1ccc(Cc2nccc(N3CCN(c4ccccc4)CC3)n2)cc1,,,0.6722401358254769
c1ccc(Cn2cc(Cn3cnc(-c4ccccc4)c3)nn2)cc1,,,0.4465868364733777
c1ccc(Cn2ccnc2CN2CCCC(N3CCNCC3)C2)cc1,,,0.0344403307767693
c1ccc(Cn2cncc2Cn2cc(Cn3cncn3)nn2)cc1,,,-0.11097932895838394
c1ccc(N2CCNCC2)nc1,1.94,,
c1ccc(Nc2cc(-c3ccc(OCC4CCOC4)cc3)ccn2)nc1,,,-0.03731219823851081
c1ccc(Nc2cc(-c3cccc(-n4cnnn4)c3)ccn2)nc1,,,0.4148720521779601
c1ccc(Nc2noc(-c3ccnc(C4CCCC4)n3)n2)cc1,4.01,2.22,0.6953987413427086
c1ccc(OCC2CN(c3nc(-c4cccnc4)nc4ccccc34)CCO2)cc1,5.21,4.96,1.7341172595734666
c1ccc(OCCN2CCN(Cc3ccc(C4CCCO4)s3)CC2)cc1,3.53,,
c1ccc(OC[C@@H]2CCCN2c2nccc3nccnc23)cc1,4.41,2.28,0.9239888666111657
c1ccc(OC[C@@H]2CCCN2c2nnc(-c3ccon3)s2)cc1,4.72,4.66,1.2447192526044797
c1ccc(Oc2ccc(COn3nnc4cccnc43)cc2)cc1,,,0.1357866977922049
c1ccc(Oc2ccnc(NC3CCOC(c4ccccc4)C3)n2)cc1,4.82,2.02,0.7669440863087482
c1ccc([C@@H]2C[C@H](c3nc(-c4cnc5cnccn45)no3)CCN2)cc1,,,0.4076882913865594
c1ccc([C@H]2CCO[C@H]2c2nnc3n2CCC2(CC3)OCCO2)cc1,,,0.1945224837202099
c1ccc([C@H]2CN3CCSC3=N2)cc1,,,-0.07097185152363539
c1ccc2[nH]c(-c3cn(CCCn4ccnc4)nn3)cc2c1,,,0.5994065594579283
c1ccc2[nH]c(-c3cscn3)nc2c1,2.11,1.82,0.0689521426808154
c1ccc2c(-c3nnc4n3CC3CCC(C4)N3)c[nH]c2c1,,,0.1308069087946471
c1ccc2c(CC3=NCCN3)cccc2c1,,,0.09578027845204125
c1ccc2c(SC3=NCCN3)c[nH]c2c1,,,0.2511436200888628
c1ccc2c(c1)CCCC2C1=NCCN1,,,-0.03730318415340041
c1ccc2c(c1)CCCc1cc(N3CCOCC3)nnc1-2,,,0.26878991063149305
c1ccc2c(c1)CCNC2,2.22,,
c1ccc2c(c1)CCc1ccccc1N2,3.22,,
c1ccc2c(c1)OCCC2CNc1ncnc2c1ncn2C1CC1,,,0.4671844544055965
c1ccc2c(c1)[nH]c1ncnc(N3CCC(c4ncc5c(n4)CCNC5)CC3)c12,,,-0.2626433443395123
c1ccc2c(c1)ccn2Cc1cn(CCC2OCCO2)nn1,,,0.42662826882178123
c1ccc2c(c1)sc1ncnc(NCC3CN(C4CC4)CCO3)c12,,,0.1804277068197906
c1ccc2cc(Cn3cc(CCN4CCOCC4)nn3)ccc2c1,,,0.43751467529258303
c1ccc2nc(-c3cn(CCOC4CCOC4)nn3)cnc2c1,,,0.37863374448610365
c1ccc2nc(N3CCCC4(CCNCC4)CC3)cnc2c1,3.94,,
c1ccc2oc(C3CCCCN3Cc3nnc4n3CCCCC4)nc2c1,4.13,2.39,0.6307656345852453
c1ccc2sc(CN3CCC(Cc4c[nH]cn4)CC3)nc2c1,,,0.298837840914266
c1ccc2sc(SN3CCOCC3)nc2c1,,,0.2422960195556536
c1ccc2sc(SSc3nc4ccccc4s3)nc2c1,,,0.1023976347875143
c1cn(-c2cc(NCC34COCCN3CCOC4)ncn2)cn1,,,-0.11202872620446346
c1cn(-c2ccc(CNCc3cn4c(n3)CCCCC4)cc2)cn1,,,0.064624677076918
c1cn(CCCN2CCN(c3cc(N4CCOCC4)ncn3)CC2)cn1,,,0.21135114494237195
c1cn2ccnc2c(N2CCCCC3(CCCCC3)C2)n1,4.39,1.79,0.7892050624930506
c1cn2cncc2cc1-c1noc(-c2ccc(CN3CCCCC3)o2)n1,,,0.3366695925023462
c1cn2cncc2cc1-c1noc(C2CC23CCOC3)n1,,,0.284845721320477
c1cnc(C(CC2CCCCC2)n2cc(C3CCC3)nn2)nc1,5.51,2.65,0.9671269306907022
c1cnc(N2CCC(c3nnc(NC4CCOC4)o3)CC2)nc1,,,-0.055517594698619804
c1cnc(N2CCN(c3nnc(-c4cc5ccccc5[nH]4)[nH]3)CC2)nc1,,,0.5054984580536379
c1cnc(N2CCNCC2)nc1,1.83,,
c1cnc(N2CCOCC2)c(CNC2CCOCC23CCCCC3)c1,,,0.4249257557692344
c1cnc(NC2CCN(Cc3nnc(-c4ccco4)o3)C2)nc1,,,0.3708393469671863
c1cnc2c(c1)CCC[C@H]2n1cc(COC2CCCCO2)nn1,5.18,2.87,1.2600438689166795
c1cnc2cc3c(cc2n1)[C@@H]1CNC[C@H]3C1,,,0.02642918039344655
c1cnc2ccc(CNc3ncnc4sccc34)cc2c1,1.77,3.25,-0.3952252157768775
c1cncc(C2N(c3nc(C4CCOCC4)ns3)CC23CCC3)c1,,,0.6747288228225246
c1cncc(CC2CCCN(c3nsc4cccnc34)C2)c1,,,0.343855841532573
c1cncc(COc2ccc(Cc3noc(C4CCc5ncncc5C4)n3)cc2)c1,,,0.4621273350109454
c1coc(-c2noc(CNCc3cccnc3-n3cncn3)n2)c1,3.93,,
c1coc(CNc2ncnc3nc[nH]c23)c1,,,0.174531413058727
c1csc(CCNc2nnc(-c3ccc4cc[nH]c4c3)o2)c1,,,0.14893847408700686
c1csc(CN2CCN(c3ncnc4[nH]ccc34)CC2)c1,1.76,3.08,-0.3078363195777221
c1n[nH]c([C@@H]2CCCN2Cc2csc(-c3ccsc3)n2)n1,4.92,5.62,1.192116212869689
c1nc(N2CC(c3ncc(C4CC4)cn3)C2)c2cc[nH]c2n1,,,0.3377289940815762
c1nc(NCc2ccc3c(c2)OCO3)c2nnn(C3CC3)c2n1,,,0.28168964799489155
c1nc(NCc2ccn(C3CCCC3)n2)c2cc[nH]c2n1,,,0.18563560196545503
c1nc(NCc2ccn(C3CCCC3)n2)c2ccsc2n1,,,-0.2085847989973913
c1ncc(Cc2nc(-c3ccc4c(c3)OCO4)no2)cn1,,,0.34020424467738963
c1nn(CC2CCC2)cc1CN1CC(C2CCOCC2)C1,,,0.19807441030293765
c1nn(CC2CCOC2)cc1-c1cn(CC2CCCN2)nn1,,,-0.0885708266878595
c1oc([C@@H]2CCCN2)nc1-c1nc(C2CN3CCC2CC3)no1,,,0.1728446521823182
