cid,smiles,ik
17931,CN1C(=S)CN=C(C2=C1C=CC(=C2)Cl)C3=CC=CC=C3,MWGWTOPCKLQYEU-UHFFFAOYSA-N
14708,C[C@]12CC[C@H]3[C@H]([C@@H]1CC[C@]2(C)O)CC[C@@H]4[C@@]3(CC5=NON=C5C4)C,RGLLOUBXMOGLDQ-IVEVATEUSA-N
92140,CCCC(=O)OC[C@H]([C@H]([C@H](CN1C2=C(C=C(C(=C2)C)C)N=C3C1=NC(=O)NC3=O)OC(=O)CCC)OC(=O)CCC)OC(=O)CCC,MJNIWUJSIGSWKK-BBANNHEPSA-N
6505,CCCCOC(=O)CC(CC(=O)OCCCC)(C(=O)OCCCC)OC(=O)C,QZCLKYGREBVARF-UHFFFAOYSA-N
92942,C[C@H](CN1CCOCC1)C(C2=CC=CC=C2)(C3=CC=CC=C3)C(=O)N4CCCC4.[C@@H]([C@H](C(=O)O)O)(C(=O)O)O,ACRMUSVWIFZVSM-JTHHODAVSA-N
62300,CCC(=O)N(C1CCN(CC1)CCC2=CC=CC=C2)C3=CC=C(C=C3)F,KXUBAVLIJFTASZ-UHFFFAOYSA-N
119057604,CCC(=O)N([C@H]1CCN(C[C@H]1C)CCC2=CC=CC=C2)C3=CC=CC=C3.Cl,GQIWDGKLQJBQJU-GVWAYPJCSA-N
60196318,CCC(=O)N(C1CCN(CC1)CC2=CC=CC=C2)C3=CC=CC=C3.Cl,IHEUGHQOXFVWOX-UHFFFAOYSA-N
60196321,CCC(=O)N(C1CCN(CC1)CC(C2=CC=CC=C2)O)C3=CC=CC=C3.Cl,NTUISTSMMNDSGF-UHFFFAOYSA-N
60196322,CCC(=O)N(C1CCN(CC1)C(C)CC2=CC=CS2)C3=CC=CC=C3.Cl,ZPCTWZBZFKQKPU-UHFFFAOYSA-N
91864482,CCC(=O)N([C@H]1CCN(C[C@H]1C)CCC2=CC=CS2)C3=CC=CC=C3.Cl,BZESOWZMHVTLLQ-XLCHORMMSA-N
46783063,CCC(=O)N(C1CCN(CC1)CC2=CC=CS2)C3=CC=CC=C3.Cl,PXIVVZPZKLVXAH-UHFFFAOYSA-N
9567,CC1=NC2=CC=CC=C2C(=O)N1C3=CC=CC=C3Cl,SFITWQDBYUMAPS-UHFFFAOYSA-N
12626562,CC(CC1=CC(=C(C=C1OC)Br)OC)N.Cl,SPBBKPOIDQIWDZ-UHFFFAOYSA-N
12259683,C[C@H]1[C@H]2CC3=C([C@@]1(CCN2CC=C(C)C)C)C=C(C=C3)O.C(CC(=O)O)C(=O)O,KFPNZIZLGZZGHO-DTOXXUQYSA-N
64761,CCC(=O)N(C1=CC=CC=C1)C2(CCN(CC2)CCN3C(=O)N(N=N3)CC)COC.Cl,AQORHZJDCHLLJN-UHFFFAOYSA-N
65494,CCC(=O)N(C1=CC=CC=C1)C2(CCN(CC2)CCC3=CC=CS3)COC.C(C(=O)O)C(CC(=O)O)(C(=O)O)O,OJCZPLDERGDQRJ-UHFFFAOYSA-N
14184,CCC(=O)C(CC(C)N(C)C)(C1=CC=CC=C1)C2=CC=CC=C2.Cl,FJQXCDYVZAHXNS-UHFFFAOYSA-N
5281091,CC(C)(C)C(C)([C@H]1C[C@@]23CC[C@@]1([C@H]4[C@@]25CCN([C@@H]3CC6=C5C(=C(C=C6)O)O4)CC7CC7)OC)O.Cl,UAIXRPCCYXNJMQ-CYVYHKOSSA-N
5362115,CCOC(=O)[C@H](CCC1=CC=CC=C1)N[C@@H](C)C(=O)N(CC(=O)O)C2CC3=CC=CC=C3C2.Cl,FDJCVHVKXFIEPJ-JCNFZFLDSA-N
3307,CCC1=CC2=C(S1)N3C(=NN=C3CN=C2C4=CC=CC=C4Cl)C,VMZUTJCNQWMAGF-UHFFFAOYSA-N
5282199,CC(=CCC/C(=C/CC/C(=C/CC/C(=C/CCC(=O)C)/C)/C)/C)C,HUCXKZBETONXFO-NJFMWZAGSA-N
3047798,CC1CC(=O)NN=C1C2=CC=C(C=C2)NCC(C)(C)NCC(COC3=C(C=CC(=C3)Cl)C#N)O,SHAJOALCPZUGLR-UHFFFAOYSA-N
5282215,C1CCNC2=C(C1)C=CC(=C2)C(=O)CCC3CCN(CC3)CC4=CC=CC=C4.C(=C/C(=O)O)\C(=O)O,CWEHWZPCDBRUNO-WLHGVMLRSA-N
27891,CCCCNC1=CC=C(C=C1)C(=O)OCC[NH+](CC)CC.[Cl-],XTIUAXFQEAMQRU-UHFFFAOYSA-N
3003141,C1[C@H](S/C(=C(\C#N)/N2C=CN=C2)/S1)C3=C(C=C(C=C3)Cl)Cl,YTAOBBFIOAEMLL-REQDGWNSSA-N
132916,C1CN2C(=O)[C@H](N=C(C3=CC=CC1=C32)C4=CC=CC=C4F)NC(=O)C5=CC6=CC=CC=C6N5,WKJDXKWFGJWGAS-XMMPIXPASA-N
10455790,C1CN2C(=O)[C@@H](N=C(C3=CC=CC1=C32)C4=CC=CC=C4F)NC(=O)C5=CC6=CC=CC=C6N5,WKJDXKWFGJWGAS-DEOSSOPVSA-N
133264,CCCCCOC1=C(C=C(C=C1)C2C(=O)NC(=O)S2)OCC,CRPGRUONUFDYBG-UHFFFAOYSA-N
3309,CCN1C(C2=CC=CC=C2C1=O)NC3=CC=C(C=C3)OCCN4CCCCC4,ITIONVBQFUNVJV-UHFFFAOYSA-N
9568078,CC1=CC=C(C=C1)/C=N/N2C(=CSC2=S)C3=CC=CC=C3,SRANDCPSMJNFCK-WOJGMQOQSA-N
20054967,CCCCC/C=C\C/C=C\CCCCCCCC(=O)NC(C)C1=CC=CC=C1,RWIUTHWKQHRQNP-NQLNTKRDSA-N
65953,CC1=C(C(C(=C(N1)COC(=O)N)C(=O)OC(C)C)C2=C(C(=CC=C2)Cl)Cl)C(=O)OC,WTOVRSWDBLIFHU-UHFFFAOYSA-N
443947,CC[C@H]1C[C@H]2[C@@H]3CCC4=CC(=O)CC[C@@H]4[C@H]3CC[C@@]2([C@H]1O)C,FCKLFGKATYPJPG-SSTBVEFVSA-N
34051,CC1=CC(=CC=C1)N(C)C(=S)OC2=CC3=C(CCC3)C=C2,ANJNOJFLVNXCHT-UHFFFAOYSA-N
119175,CC1C2=NN=C(N2C3=C(C=C(S3)CCC4=CC=C(C=C4)CC(C)C)C(=N1)C5=CC=CC=C5Cl)C,RMSWMRJVUJSDGN-UHFFFAOYSA-N
15004,CCCOC(=O)CC1=CC(=C(C=C1)OCC(=O)N(CC)CC)OC,KEJXLQUPYHWCNM-UHFFFAOYSA-N
9570475,C/C(=N\O)/C1=CC=C(C=C1)OCC(=O)N2CCCCC2,XUDSQIDNHJMBBW-FOWTUZBSSA-N
35751,CC(=O)C1=CC=C(C=C1)OCC(=O)N2CCCCC2,HFHLKKYWNAOHCI-UHFFFAOYSA-N
27901,CN1CCC(CC1)N(CC2=CC=CS2)C3=CC=CC=C3,KLOHYVOVXOUKQI-UHFFFAOYSA-N
31473,CC(C)CCOCC(CN1CCOCC1)OC(=O)C2=CC(=C(C(=C2)OC)OC)OC,YOKPRDAUBGOISU-UHFFFAOYSA-N
4921,CCCN(CCC)C(=O)C(CCC(=O)OCCCN1CCN(CC1)CCOC(=O)CC2=C(N(C3=C2C=C(C=C3)OC)C(=O)C4=CC=C(C=C4)Cl)C)NC(=O)C5=CC=CC=C5,PTXGHCGBYMQQIG-UHFFFAOYSA-N
4047,CC1(CCCO1)CN(C)S(=O)(=O)C2=CC(=C(C=C2)Cl)S(=O)(=O)N,SMNOERSLNYGGOU-UHFFFAOYSA-N
208836,CC(C(C1=CC=CC=C1)O)N(C)CCOC(C2=CC=CC=C2)C3=CC=CC=C3,OEHKWMHRFWWMQK-UHFFFAOYSA-N
3300,CCOC(=O)C1=CC=C(C=C1)NC(=O)CN2CCCCC2,QLGIFPJNYPWBMQ-UHFFFAOYSA-N
164072,CC1=NC2=C(CC3=C(O2)C=CC(=C3)C(C)C(=O)OCC(=O)N(C)C)C=C1,ZAKRMJAETCUYKK-UHFFFAOYSA-N
156414,C=CC(=O)NC1=C(C=C2C(=C1)C(=NC=N2)NC3=CC(=C(C=C3)F)Cl)OCCCN4CCOCC4,OMZCMEYTWSXEPZ-UHFFFAOYSA-N
5284620,C[C@@H]1C/C=C/C=C/[C@@H]([C@@H](C[C@@H]([C@@H]([C@H]([C@@H](CC(=O)O1)OC(=O)C)OC)O[C@H]2[C@@H]([C@H]([C@@H]([C@H](O2)C)O[C@H]3C[C@@]([C@H]([C@@H](O3)C)O)(C)O)N(C)C)O)CC=O)C)O[C@@H]4CC[C@@H]([C@H](O4)C)N(C)C,ZPCCSZFPOXBNDL-TXJOLGFOSA-N
656667,CC1=C([C@H](C(=C(N1)C)C(=O)O[C@@H]2CCCN(C2)CC3=CC=CC=C3)C4=CC(=CC=C4)[N+](=O)[O-])C(=O)OC.Cl,KILKDKRQBYMKQX-MIPPOABVSA-N
5311454,CC(C)(C)C(/C=C/C1=CC2=C(C=C1)OCO2)O,IBLNKMRFIPWSOY-FNORWQNLSA-N
21660,C1CCC(C(C1)C(=O)OCC2CO2)C(=O)OCC3CO3,XFUOBHWPTSIEOV-UHFFFAOYSA-N
67955,CNC1=NC=NC2=C1NC=N2,CKOMXBHMKXXTNW-UHFFFAOYSA-N
5281707,C1=CC2=C(C=C1O)OC3=C2C(=O)OC4=C3C=CC(=C4)O,ZZIALNLLNHEQPJ-UHFFFAOYSA-N
15439,C=CCCCCCCC=C,NLDGJRWPPOSWLC-UHFFFAOYSA-N
5391,CN1C2=C(C=C(C=C2)Cl)C(=NC(C1=O)O)C3=CC=CC=C3,SEQDDYPDSLOBDC-UHFFFAOYSA-N
6537495,CC(=O)[O-].CC(=O)[O-].O.O.[Cd+2],AUIZLSZEDUYGDE-UHFFFAOYSA-L
7248,CC1=C(C=C(C=C1)N)C,DOLQYFPDPKPQSS-UHFFFAOYSA-N
21694,C1=CC2=C3C(=C1)C=CC4=C(C=CC(=C43)C=C2)[N+](=O)[O-],ALRLPDGCPYIVHP-UHFFFAOYSA-N
7595,C1=CC=C(C=C1)NC(=O)NC2=CC=CC=C2,GWEHVDNNLFDJLR-UHFFFAOYSA-N
15752,C1=C(C=C(C(=C1[N+](=O)[O-])N)Br)[N+](=O)[O-],KWMDHCLJYMVBNS-UHFFFAOYSA-N
5281034,C[C@]12CC[C@H]3[C@H]([C@@H]1CC[C@]2(C)O)CC[C@@H]4[C@@]3(C/C(=C/O)/C(=O)C4)C,ICMWWNHDUZJFDW-DHODBPELSA-N
3894848,C1=C(C(=CC(=C1Cl)[N+](=O)[O-])O)N,ZARYBZGMUVAJMK-UHFFFAOYSA-N
4890,C1CC1CN2C(=O)CN=C(C3=C2C=CC(=C3)Cl)C4=CC=CC=C4,MWQCHHACWWAQLJ-UHFFFAOYSA-N
7022,C1=CC(=CC2=C(C=C(C=C21)S(=O)(=O)O)O)N,HBZVNWNSRNTWPS-UHFFFAOYSA-N
29872,C1=CC2=C(C(=C1)Cl)N=C(S2)N,OEQQFQXMCPMEIH-UHFFFAOYSA-N
6633,CC1=CC=C(C=C1)S(=O)(=O)NC2CCCCC2,DKYVVNLWACXMDW-UHFFFAOYSA-N
5842000,COP(=O)(OC)O/C(=C/Cl)/C1=CC(=C(C=C1Cl)Cl)Cl,UBCKGWBNUIFUST-BJMVGYQFSA-N
16741,C1=CC=C(C=C1)CCN=C=S,IZJDOKYDEWTZSO-UHFFFAOYSA-N
21013,C1=C(C(=C(C(=C1Cl)Cl)Cl)Cl)O,RULKYXXCCZZKDZ-UHFFFAOYSA-N
5281873,CC1(C(C1C(=O)OC(C#N)C2=CC(=CC=C2)OC3=CC=CC=C3)/C=C(/C(F)(F)F)\Cl)C,ZXQYGBMAQZUVMI-UNOMPAQXSA-N
16682740,CCCC[Sn](CCCC)(OC(=O)C)OC(=O)C,JJLKTTCRRLHVGL-UHFFFAOYSA-L
5364713,CCCCCCCC/C=C\CCCCCCCCOCCO,KWVPFECTOKLOBL-KTKRTIGZSA-N
61100,C1=CC=C(C=C1)CCNN.OS(=O)(=O)O,RXBKMJIPNDOHFR-UHFFFAOYSA-N
2734223,CCCCCCCCN1C=C[N+](=C1)C.[Cl-],OXFBEEDAZHXDHB-UHFFFAOYSA-M
36159,C1=CC(=C(C=C1Br)Br)OC2=CC(=C(C=C2Br)Br)Br,WHPVYXDFIXRKLN-UHFFFAOYSA-N
171144,CCCCCCCCCCCCC1=CC=CC=C1O,CYEJMVLDXAUOPN-UHFFFAOYSA-N
40301,C1=CC=C(C=C1)C2=CSC(=N2)N.O.Br,SBVYKOGRUCDICV-UHFFFAOYSA-N
99953,CCCCCCCCCOCC1CO1,KEKXMAURKVLACV-UHFFFAOYSA-N
11859,C1=C(C=C(C(=C1Cl)Cl)Cl)O,GBNHEBQXJVDXSW-UHFFFAOYSA-N
7472,CN(C)C1=CC=C(C=C1)N,BZORFPDSXLZWJF-UHFFFAOYSA-N
627458,COC1=C(C=CC(=C1)Cl)OC2=C(C=C(C=C2)Cl)Cl,NLYDHBBTVWMLFD-UHFFFAOYSA-N
41022,CC(=O)O.C1CCNC(C1)CNC(=O)C2=C(C=CC(=C2)OCC(F)(F)F)OCC(F)(F)F,RKXNZRPQSOPPRN-UHFFFAOYSA-N
1910825,CCCCN(CCCC)C1=CC(=C(C=C1)C(=O)C2=CC=CC=C2C(=O)O)O,QPNFUBAIQZJEPO-UHFFFAOYSA-N
22571,CCCCC(CC)COC(=O)C(=C(C1=CC=CC=C1)C2=CC=CC=C2)C#N,FMJSMJQBSVNSBF-UHFFFAOYSA-N
7062,CCN(CC)C1=CC(=CC=C1)O,WAVOOWVINKGEHS-UHFFFAOYSA-N
10474,[C-]#N.[C-]#N.[K+].[Ag+],HKSGQTYSSZOJOA-UHFFFAOYSA-N
50516,CC(C)C(C(=O)OC(C#N)C1=CC(=CC=C1)OC2=CC=CC=C2)NC3=C(C=C(C=C3)C(F)(F)F)Cl,INISTDXBRIBGOC-UHFFFAOYSA-N
21622,COC1=C2C(=CC=C1)SC(=N2)N,YEBCRAVYUWNFQT-UHFFFAOYSA-N
22086,COC1=C(C=C2C(=C1)C3=CC=CC=C3O2)N,SGQVWNYSHWQNOS-UHFFFAOYSA-N
26633,CCN(CC)C(=S)[S-].CCN(CC)C(=S)[S-].[Zn+2],RKQOSDAEEGPRER-UHFFFAOYSA-L
700999,C1=CC=C(C=C1)NC(=S)NC2=CC=CC=C2,FCSHMCFRCYZTRQ-UHFFFAOYSA-N
5993,C1C2C(C(C1Cl)Cl)C3(C(=C(C2(C3(Cl)Cl)Cl)Cl)Cl)Cl,BIWJNBZANLAXMG-UHFFFAOYSA-N
5273621,COC1=CC(=O)OC(=C1)/C=C/C2=CC=CC=C2,DKKJNZYHGRUXBS-BQYQJAHWSA-N
27582,C1=CC(=C(C(=C1O)Cl)Cl)Cl,HSQFVBWFPBKHEB-UHFFFAOYSA-N
2723754,C1CCC2=NC3=CC=CC=C3C(=C2C1)N.Cl,ZUFVXZVXEJHHBN-UHFFFAOYSA-N
15588,C1=CC(=CC=C1N=NC2=CC(=C(C=C2)O)C(=O)O)[N+](=O)[O-],YVJPMMYYRNHJAU-UHFFFAOYSA-N
7546,C1=CC=C(C=C1)NC2=CC(=CC=C2)O,NDACNGSDAFKTGE-UHFFFAOYSA-N
18360,CC(C)(C)C1=CC=C(C=C1)OCC2CO2,HHRACYLRBOUBKM-UHFFFAOYSA-N
6537506,C1=C(C(=C(C(=C1Br)Br)Br)Br)OC2=CC(=C(C(=C2Br)Br)Br)Br,ORYGKUIDIMIRNN-UHFFFAOYSA-N
6439929,C/C=C\1/C(=O)C[C@@H]2[C@@]1(CC[C@H]3[C@H]2CCC4=CC(=O)CC[C@]34C)C,WDXRGPWQVHZTQJ-AUKWTSKRSA-N
1548943,CC(C)/C=C/CCCCC(=O)NCC1=CC(=C(C=C1)O)OC,YKPUWZUDDOIDPM-SOFGYWHQSA-N
95170,C1=CC(=C(C=C1Br)Br)OC2=C(C=C(C=C2)Br)Br,XYBSIYMGXVUVGY-UHFFFAOYSA-N
11080,C1=CC=C2C(=C1)C=CC=C2N=C=S,JBDOSUUXMYMWQH-UHFFFAOYSA-N
2391,CC(=O)OC1=CC=C(C=C1)C(C2=CC=C(C=C2)OC(=O)C)C3=CC=CC=N3,KHOITXIGCFIULA-UHFFFAOYSA-N
11852,C1(=C(C(=C(C(=C1Br)Br)Br)Br)Br)O,SVHOVVJFOWGYJO-UHFFFAOYSA-N
6319,C1=CC=C(C=C1)NC2=CC=C(C=C2)NC3=CC=CC=C3,UTGQNNCQYDRXCH-UHFFFAOYSA-N
6828,CCN(C1=CC=CC=C1)C(=O)N(CC)C2=CC=CC=C2,PZIMIYVOZBTARW-UHFFFAOYSA-N
7102,C1=CC=C(C=C1)C2=CC=C(C=C2)N,DMVOXQPQNTYEKQ-UHFFFAOYSA-N
2482,CCCCOC(=O)C1=CC=C(C=C1)N,IUWVALYLNVXWKX-UHFFFAOYSA-N
2406,C1=C(C=C(C(=C1SC2=C(C(=CC(=C2)Cl)Cl)O)O)Cl)Cl,JFIOVJDNOJYLKP-UHFFFAOYSA-N
54891,CCOC(=O)[C@H](CCC1=CC=CC=C1)N[C@@H](C)C(=O)N2CC3=CC=CC=C3C[C@H]2C(=O)O.Cl,IBBLRJGOOANPTQ-JKVLGAQCSA-N
8442,CCCCCCCCS(=O)C(C)CC1=CC2=C(C=C1)OCO2,ATTZFSUZZUNHBP-UHFFFAOYSA-N
3068143,CC[C@H]1CN2CCC3=CC(=C(C=C3[C@@H]2C[C@@H]1C[C@@H]4C5=CC(=C(C=C5CCN4)OC)OC)OC)OC.Cl.Cl,JROGBPMEKVAPEH-GXGBFOEMSA-N
533728,CCN(CC)C(=S)[S-].[Na+],IOEJYZSZYUROLN-UHFFFAOYSA-M
10452,C1CSCCS1,LOZWAPSEEHRYPG-UHFFFAOYSA-N
17593,CC1=C(C(=CC=C1)N)N,AXNUJYHFQHQZBE-UHFFFAOYSA-N
33934,CC(C)CCCCCOC(=O)C1=CC=CC=C1C(=O)OCCCCCC(C)C,IJFPVINAQGWBRJ-UHFFFAOYSA-N
7112,C1=CC(=CC=C1C2=CC=C(C=C2)O)O,VCCBEIPGXKNHFW-UHFFFAOYSA-N
62130,CCN1C2=C(C=C(C=C2)N)C3=CC=CC=C31.Cl,UUYSTZWIFZYHRM-UHFFFAOYSA-N
146540,C1=CC=C(C=C1)CNN.Cl.Cl,MSJHOJKVMMEMNX-UHFFFAOYSA-N
20240,CC(C)COC(=O)C1=CC=C(C=C1)O,XPJVKCRENWUEJH-UHFFFAOYSA-N
13622,COC1=CC=CC(=C1O)O,LPYUENQFPVNPHY-UHFFFAOYSA-N
6670,C1=CC=C2C(=C1)C=CC(=C2S(=O)(=O)O)N,GWIAAIUASRVOIA-UHFFFAOYSA-N
13297,C1=CC=C(C=C1)N=NC2=C(C=CC3=CC=CC=C32)O,MRQIXHXHHPWVIL-UHFFFAOYSA-N
197873,C1=CC(=CC2=NC3=C(C=CC(=C3)N)C=C21)N.Cl,PBBGTVBGXBUVLT-UHFFFAOYSA-N
10891,CC1=CC=C(C=C1)N.Cl,JQKBUTDZZRGQDR-UHFFFAOYSA-N
25015,C[C@]12C=CC3=C4CCC(=O)C=C4CC[C@H]3[C@@H]1CC[C@@H]2O,MEHHPFQKXOUFFV-OWSLCNJRSA-N
14138,CCCCCCCOC(=O)C1=CC=C(C=C1)O,ZTJORNVITHUQJA-UHFFFAOYSA-N
83050,C1=CC=C(C=C1)C(=O)C2=CC(=CC=C2)O,SHULEACXTONYPS-UHFFFAOYSA-N
8570,COC1=CC(=C(C=C1)C(=O)C2=C(C=C(C=C2)OC)O)O,SODJJEXAWOSSON-UHFFFAOYSA-N
17569,CCCCCCCCCCCCOC(=O)C1=CC=C(C=C1)O,BAYSQTBAJQRACX-UHFFFAOYSA-N
56638112,COC1=CC(=C(C=C1)C(=O)C2=CC(=CC=C2)O)OC,YKEXNVPSARYZDR-UHFFFAOYSA-N
69150,C1=CC(=CC=C1C(=O)C2=CC=C(C=C2)O)O,RXNYJUSEXLAVNQ-UHFFFAOYSA-N
23019,CCCCCOC(=O)C1=CC=C(C=C1)O,ZNSSPLQZSUWFJT-UHFFFAOYSA-N
6620,CC1=C(C=CC(=C1)C(C)(C)C2=CC(=C(C=C2)O)C)O,YMTYZTXUZLQUSF-UHFFFAOYSA-N
608116,CC(C1=CC=C(C=C1)O)C2=CC=C(C=C2)O,HCNHNBLSNVSJTJ-UHFFFAOYSA-N
6619,CC(C)(C1=CC(=C(C(=C1)Cl)O)Cl)C2=CC(=C(C(=C2)Cl)O)Cl,KYPYTERUKNKOLP-UHFFFAOYSA-N
84677,C1=CC(=CC=C1C(=C(Cl)Cl)C2=CC=C(C=C2)O)O,OWEYKIWAZBBXJK-UHFFFAOYSA-N
102724,C1CC2C(C1)C3CC2CC3(C4=CC=C(C=C4)O)C5=CC=C(C=C5)O,WWCSTJWKTAXUGJ-UHFFFAOYSA-N
8633,CC1CCC(C(C1)OC(=O)C2=CC=CC=C2N)C(C)C,SOXAGEOHPCXXIO-UHFFFAOYSA-N
21881620,CC1=CC=C(C=C1)/C=C/2\C3CCC(C2=O)C3(C)C,VFTURGJPQCAITG-JLHYYAGUSA-N
17321,CC1=CC2=C(C=C1)C3=CC=CC=C3C=C2,KANLOADZXMMCQA-UHFFFAOYSA-N
3015167,CCCCCCCC[P+](CCCCCCCC)(CCCCCCCC)CCCCCCCC.[Br-],QVBRLOSUBRKEJW-UHFFFAOYSA-M
22678982,CCCCCCCC[N+](C)(CCCCCCCC)CCCCCCCC.C(F)(F)(F)S(=O)(=O)[O-],WYNCDLDEWVNKJX-UHFFFAOYSA-M
12040509,CCCCCCCCCCN1C=C[N+](=C1)C.C(F)(F)(F)S(=O)(=O)[N-]S(=O)(=O)C(F)(F)F,ZYVGZWFCGPUVSH-UHFFFAOYSA-N
11461044,[B-](F)(F)(F)F.CCCCCCCCCCN1C=C[N+](=C1)C,QGUMDWFYJYXDTH-UHFFFAOYSA-N
22239085,CCCCCCCCCCN1C=C[N+](=C1)C.C(F)(F)(F)S(=O)(=O)[O-],YFLIZKWXKVXRES-UHFFFAOYSA-M
53316407,CCCCCCCCCCCCN1C=C[N+](=C1)C.C(F)(F)(F)S(=O)(=O)[N-]S(=O)(=O)C(F)(F)F,RJCNRVFKCLDBEC-UHFFFAOYSA-N
2734227,CCCCCCCCCCCCN1C=C[N+](=C1)C.[Cl-],OPXNHKQUEXEWAM-UHFFFAOYSA-M
10250129,CCCCCCCCCCCCN1C=C[N+](=C1)C.F[P-](F)(F)(F)(F)F,MPHALGYBTKGJEV-UHFFFAOYSA-N
2734231,CCCCCCCCCCCCCCCCN1C=C[N+](=C1)C.[Cl-],ZCPPLZJPPBIWRU-UHFFFAOYSA-M
16211009,CCCCCCCC[N+](C)(CCCCCCCC)CCCCCCCC.C(F)(F)(F)S(=O)(=O)[N-]S(=O)(=O)C(F)(F)F,LAGQNGWYNLUQRI-UHFFFAOYSA-N
2734239,CCCCCC[N+]1=CC=CC=C1.[Br-],SZRSEFNUSHACPD-UHFFFAOYSA-M
2734172,CCCCCC[N+]1=CC=CC=C1.[Cl-],JEOSMYVMLZTQOH-UHFFFAOYSA-M
7490,CN(C)C1=CC=C(C=C1)N(C)C,CJAOGUFAAWZWNI-UHFFFAOYSA-N
13619,C1=C(C=C(C(=C1O)Cl)Cl)Cl,WWGQHTJIFOQAOC-UHFFFAOYSA-N
6929,CC(C)(C)C1=CC(=CC(=C1O)C(C)(C)C)CO,HNURKXXMYARGAY-UHFFFAOYSA-N
9958,CC1=CC(=C(C=C1)O)O,ZBCATMYQYDCTIZ-UHFFFAOYSA-N
5935,CN(CCCl)CCCl.Cl,QZIQJVCYUQZDIR-UHFFFAOYSA-N
7192,CCOC1=CC2=C(C=C1)N=C(S2)N,KOYJWFGMEBETBU-UHFFFAOYSA-N
9414,CC1=CC(=CC(=C1N(C)C)C)OC(=O)NC,YNEVBPNZHBAYOA-UHFFFAOYSA-N
7543,C1=CC(=C(C=C1CC2=CC(=C(C=C2)N)Cl)Cl)N,IBOFVQJTBBUKMU-UHFFFAOYSA-N
28207,CCOC1=C(C=C(C=C1)NC(=O)C)N,XTXFAVHDQCHWCS-UHFFFAOYSA-N
5366546,CC(C)OC(=O)/C=C(\C)/C=C/CC(C)CCCC(C)(C)OC,NFGXHKASABOEEW-LDRANXPESA-N
22833294,CC1(C(=C)[C@@]2(C([C@]1(C(C2(Cl)Cl)(Cl)Cl)Cl)Cl)Cl)C,HBQPGVWPSQGTJK-TWELXNIESA-N
67349,C[Si](C1=CC=CC=C1)(C2=CC=CC=C2)Cl,OJZNZOXALZKPEA-UHFFFAOYSA-N
9324,CC(=O)[C@]1(CC[C@@H]2[C@@]1(CC[C@H]3[C@H]2C=C(C4=CC(=O)CC[C@]34C)Cl)C)OC(=O)C,QMBJSIBWORFWQT-DFXBJWIESA-N
11112,C1=CC(=CN=C1)C(=O)NN,KFUSANSHCADHNJ-UHFFFAOYSA-N
20250,C1=CC(=C(C=C1Cl)Cl)C(=O)CCl,VYWPPRLJNVHPEU-UHFFFAOYSA-N
5284369,C1=CC=C(C=C1)/C=C/COC(=O)C2=CC=CC=C2N,GABQNAFEZZDSCM-RMKNXTFCSA-N
11830,C1=CC2=C(C(=C1)[N+](=O)[O-])N=CC=C2,OQHHSGRZCKGLCY-UHFFFAOYSA-N
197835,CN1CCC2=CC3=C(C=C2[C@@H]1[C@@H]4C5=C(C(=C(C=C5)OC)OC)C(=O)O4)OCO3,JZUTXVTYJDCMDU-MOPGFXCFSA-N
7264,CC1=CC(=C(C=C1)O)N,ZMXYNJXDULEQCK-UHFFFAOYSA-N
11460221,[B-](F)(F)(F)F.CCCCCCCCN1C=C[N+](=C1)C,GXZCAMSPWNHTAE-UHFFFAOYSA-N
11375816,CCCCCCCCCCCCCC[P+](CCCCCC)(CCCCCC)CCCCCC.[Cl-],JCQGIZYNVAZYOH-UHFFFAOYSA-M
4616,C1=CC=C(C=C1)C2=NC(C(=O)NC3=C2C=C(C=C3)Cl)O,ADIMAYPTOBDMTL-UHFFFAOYSA-N
10236,C1=CC=C2C(=C1)C(=O)C(C2=O)(O)O,FEMOMIGRRWSMCU-UHFFFAOYSA-N
16212746,CCCCCCCCN1C=C[N+](=C1)C.C(F)(F)(F)S(=O)(=O)[O-],BCVMAYRUJBXMAP-UHFFFAOYSA-M
2336,C1=CC=C2C3=C4C(=CC2=C1)C=CC5=C4C(=CC=C5)C=C3,FMMWHPNWAFZXNH-UHFFFAOYSA-N
8407,C1=CC=C(C=C1)NC2=CC=CC=C2[N+](=O)[O-],RUKISNQKOIKZGT-UHFFFAOYSA-N
9158,C1=CC=C2C=C3C4=CC=CC5=C4C(=CC=C5)C3=CC2=C1,HAXBIWFMXWRORI-UHFFFAOYSA-N
329983,CC1CCC2=C(C1)OC=C2C,YGWKXXYGDYYFJU-UHFFFAOYSA-N
7097,CC(=O)OC(C1=CC=C(O1)[N+](=O)[O-])OC(=O)C,HSXKWKJCZNRMJO-UHFFFAOYSA-N
13436,C1=CC=C(C=C1)SSC2=CC=CC=C2,GUUVPOWQJOLRAS-UHFFFAOYSA-N
2734175,CCCCCCN1C=C[N+](=C1)C.F[P-](F)(F)(F)(F)F,YPWSSSRXUOQNMQ-UHFFFAOYSA-N
7331,COC1=C(C=C(C=C1)C(=O)NC2=CC=CC=C2)[N+](=O)[O-],YKOCPBMVMBUTAX-UHFFFAOYSA-N
6815,CCCC(C1=CC(=C(C=C1C)O)C(C)(C)C)C2=CC(=C(C=C2C)O)C(C)(C)C,PFANXOISJYKQRP-UHFFFAOYSA-N
16212610,CCCCCCCCCCCCCC[P+](CCCCCC)(CCCCCC)CCCCCC.F[P-](F)(F)(F)(F)F,WCKLETBLOAOZDE-UHFFFAOYSA-N
12036651,CCCCCCN1C=C[N+](=C1)C.[I-],CZIUVCSYOGFUPH-UHFFFAOYSA-M
6053,CN(C)C1=CC=C(C=C1)N=NC2=CC=CC=C2,JCYPECIVGRXBMO-UHFFFAOYSA-N
2734243,CCCCCCCCN1C=C[N+](=C1)C.F[P-](F)(F)(F)(F)F,GRCIJNHHTXBJAK-UHFFFAOYSA-N
68589,C1=CC(=CC=C1COC(CN2C=CN=C2)C3=C(C=C(C=C3)Cl)Cl)Cl.[N+](=O)(O)[O-],DDXORDQKGIZAME-UHFFFAOYSA-N
5284459,C1=CC=C(C=C1)/C=C/[N+](=O)[O-],PIAOLBVUVDXHHL-VOTSOKGWSA-N
22463,C1=CC2=C(C=CC(=C2)SSC3=CC4=C(C=C3)C=C(C=C4)O)C=C1O,AHXGXXJEEHFHDK-UHFFFAOYSA-N
16218822,CCCCCCCCCCCCCC[P+](CCCCCC)(CCCCCC)CCCCCC.[Br-],RJELOMHXBLDMDB-UHFFFAOYSA-M
11921,C1=CC=C(C(=C1)CCl)[N+](=O)[O-],BXCBUWKTXLWPSB-UHFFFAOYSA-N
5897,CC(=O)NC1=CC2=C(C=C1)C3=CC=CC=C3C2,CZIHNRWJTSTCEX-UHFFFAOYSA-N
21499,CCCCC(CC)COCCCN,DVFGEIYOLIFSRX-UHFFFAOYSA-N
12184591,CCCCCCCCN1C=C[N+](=C1)C.C(F)(F)(F)S(=O)(=O)[N-]S(=O)(=O)C(F)(F)F,LECQXINNQGHJBM-UHFFFAOYSA-N
16420,C1=CC(=CC=C1C2=CSC(=N2)N)[N+](=O)[O-],RIKJWJIWXCUKQV-UHFFFAOYSA-N
20701,CCCCCCCCCCCCCCCCCC(=O)[O-].C(CO)[NH+](CCO)CCO,ZHALDANPYXAMJF-UHFFFAOYSA-N
8540,C1CCC(CC1)C2=C(C(=CC(=C2)[N+](=O)[O-])[N+](=O)[O-])O,QJYHUJAGJUHXJN-UHFFFAOYSA-N
17113,CC1=CC(=C(C=C1)O)N2N=C3C=CC=CC3=N2,MCPKSFINULVDNX-UHFFFAOYSA-N
11955,C1=CC=C(C=C1)C(=O)NN,WARCRYXKINZHGQ-UHFFFAOYSA-N
13101,CC(C)CC(C)NC1=CC=C(C=C1)NC2=CC=CC=C2,ZZMVLMVFYMGSMY-UHFFFAOYSA-N
919792,C1=CC(=CC=C1C(=O)C2=C(C(=C(C=C2)O)O)O)O,ZRDYULMDEGRWRC-UHFFFAOYSA-N
7230,CC(C)(C)NSC1=NC2=CC=CC=C2S1,IUJLOAKJZQBENM-UHFFFAOYSA-N
98613,C1=CC=C(C=C1)C2=CSC(=N2)NN,VTOUNUQLXMNNMQ-UHFFFAOYSA-N
17231,CCCCCCCCOC1=CC=C(C=C1)C(=O)O,IALWCYFULVHLEC-UHFFFAOYSA-N
5930,CNC1=CC=C(C=C1)O.CNC1=CC=C(C=C1)O.OS(=O)(=O)O,ZVNPWFOVUDMGRP-UHFFFAOYSA-N
5281565,COC1=CC(=O)O[C@H](C1)/C=C/C2=CC=CC=C2,XEAQIWGXBXCYFX-GUOLPTJISA-N
5284469,C=C1C(C2(C(C(C1(C2(Cl)Cl)Cl)Cl)Cl)Cl)(CCl)CCl,OEJNXTAZZBRGDN-UHFFFAOYSA-N
76973791,CC1=C(C=CC=C1O)C(=O)N[C@@H](CSC2=CC=CC=C2)[C@@H](CN3C[C@H]4CCCC[C@H]4C[C@H]3C(=O)NC(C)(C)C)O.CS(=O)(=O)O.O,QUWWBORDPJHOJO-GZDSSZIUSA-N
71645,CC1=CC=C(C=C1)C(=O)C2=C(C=C(C=C2)OC)O,MJVGBKJNTFCUJM-UHFFFAOYSA-N
11571,C1=C(C=C(C=C1Cl)Cl)O,VPOMSPZBQMDLTM-UHFFFAOYSA-N
5801,C1=CC=C(C(=C1)N)O,CDAWCLOXVUBKRW-UHFFFAOYSA-N
449459,CC/C(=C(\C1=CC=C(C=C1)O)/C2=CC=C(C=C2)OCCN(C)C)/C3=CC=CC=C3,TXUZVZSFRXZGTL-QPLCGJKRSA-N
7329,C1=CC(=C(C=C1Cl)SC2=C(C=CC(=C2)Cl)O)O,ANUSOIHIIPAHJV-UHFFFAOYSA-N
14709,CC(=O)O[C@H]1CC[C@@]2([C@H]3CC[C@]4([C@H]([C@@H]3CC=C2C1)CCC4=O)C)C,NCMZQTLCXHGLOK-ZKHIMWLXSA-N
18728,C1CC(C(CC1C(CBr)Br)Br)Br,PQRRSJBLKOPVJV-UHFFFAOYSA-N
17570,C1=CC(=CC=C1O)SC2=CC=C(C=C2)O,VWGKEVWFBOUAND-UHFFFAOYSA-N
123504,C1=CC(=CC=C1C(=O)C2=CC=C(C=C2)Cl)O,RUETVLNXAGWCDS-UHFFFAOYSA-N
11888,C1=CC=C(C(=C1)CC#N)[N+](=O)[O-],YPRFCQAWSNWRLM-UHFFFAOYSA-N
11990,C1=CC=C(C(=C1)N)N.Cl.Cl,RIIWUGSYXOBDMC-UHFFFAOYSA-N
7578,C1=CC(=CC=C1N)OC2=CC=C(C=C2)Cl,YTISFYMPVILQRL-UHFFFAOYSA-N
10635,C[C@]12CCC(=O)C[C@@H]1CC[C@@H]3[C@@H]2CC[C@]4([C@H]3CC[C@@H]4O)C,NVKAWKQGWWIWPM-ABEVXSGRSA-N
5288209,CC1=C(C(CCC1)(C)C)/C=C/C(=C/C=C/C(=C/C(=O)NC2=CC=C(C=C2)O)/C)/C,AKJHMTWEGVYYSE-FXILSDISSA-N
8569,COC1=CC(=C(C=C1)C(=O)C2=CC=CC=C2O)O,MEZZCSHVIGVWFI-UHFFFAOYSA-N
6537489,C1=NC2C(N1)C(=S)NC=N2.O,IFEFZCPXSZSSQI-UHFFFAOYSA-N
638015,CC1=C(C(CCC1)(C)C)/C=C/C(=C/C=C/C(=C/C=O)/C)/C,NCYCYZXNIZJOKI-OVSJKPMPSA-N
8428,CCNC1=C(C=CC(=C1)O)C,CTGSQPRDMHCIMM-UHFFFAOYSA-N
7563,C1=CC=C(C=C1)CC2=CC=C(C=C2)O,HJSPWKGEPDZNLK-UHFFFAOYSA-N
5367460,CC/C=C\C/C=C\C/C=C\CCCCCCCC(=O)OCC,JYYFMIOPGOFNPK-AGRJPVHOSA-N
232446,C1CCC(CC1)(C2=CC=C(C=C2)O)C3=CC=C(C=C3)O,SDDLEVPIDBLVHC-UHFFFAOYSA-N
7308,CC1=CC(=C(C=C1SC2=CC(=C(C=C2C)O)C(C)(C)C)C(C)(C)C)O,HXIQYSLFEXIOAV-UHFFFAOYSA-N
2734117,CCCCCCCC[N+](CCCCCCCC)(CCCCCCCC)CCCCCCCC.[Br-],QBVXKDJEZKEASM-UHFFFAOYSA-M
69317,C1=CC=C(C=C1)SCCSC2=CC=CC=C2,MHCVYAFXPIMYRD-UHFFFAOYSA-N
6787,CCCCCCCCCOC(=O)C1=CC=CC=C1C(=O)OCCCCCCCCC,DROMNWUQASBTFM-UHFFFAOYSA-N
113124,CCOC1=CC(=C(C=C1C(=O)C)OCC)OCC,PXBWCOGDYXMWMC-UHFFFAOYSA-N
6436079,CC1=C(C(CCC1)(C)C)/C=C/C(=C/C=C/C(=C\C=O)/C)/C,NCYCYZXNIZJOKI-HWCYFHEPSA-N
34757,CC1=CC2=C(C=C1C)SC(=N2)N,IODWHFFPQHUDAG-UHFFFAOYSA-N
33133,CC1=CC(=CC(=C1)OP(=O)(OC2=CC(=CC(=C2)C)C)OC3=CC(=CC(=C3)C)C)C,LLPMAOBOEQFPRE-UHFFFAOYSA-N
969516,COC1=C(C=CC(=C1)/C=C/C(=O)CC(=O)/C=C/C2=CC(=C(C=C2)O)OC)O,VFLDPWHFBUODDF-FCXRPNKRSA-N
135436526,CN(C(=N)N[N+](=O)[O-])N=O,VZUNGTLZRAYYDE-UHFFFAOYSA-N
5284452,C1=CC(=C(C=C1C2=C(C(=O)C3=C(C=C(C=C3O2)O)O)O)O)O.O.O,GMGIWEZSKCNYSW-UHFFFAOYSA-N
637930,C(=C/C#N)\C#N,KYPOHTVBFVELTG-OWOJBTEDSA-N
73668,CC(C)C(C1=CC=C(C=C1)OC(F)(F)F)(C2=CN=CN=C2)O,VEVZCONIUDBCDC-UHFFFAOYSA-N
15277,COC1=CC=C(C=C1)N=[N+](C2=CC=C(C=C2)OC)[O-],KAEZRSFWWCTVNP-UHFFFAOYSA-N
12111,C1=CC(=CC=C1CC2=CC=C(C=C2)O)O,PXKLMJQFEQBVLD-UHFFFAOYSA-N
5280863,C1=CC(=CC=C1C2=C(C(=O)C3=C(C=C(C=C3O2)O)O)O)O,IYRMWMYZSQPJKC-UHFFFAOYSA-N
10316,C1=CC=C(C=C1)N=[N+](C2=CC=CC=C2)[O-],GAUZCKBSTZFWCT-UHFFFAOYSA-N
70038,C1=CC=C(C(=C1)C(=O)C2=CC=CC=C2O)O,YIYBRXKMQFDHSM-UHFFFAOYSA-N
62969,CC(C)C(CCCN(C)CCC1=CC(=C(C=C1)OC)OC)(C#N)C2=CC(=C(C=C2)OC)OC.Cl,DOQPXTMNIUCOSY-UHFFFAOYSA-N
6618,CC(C)(C1=CC(=C(C(=C1)Br)O)Br)C2=CC(=C(C(=C2)Br)O)Br,VEORPZCZECFIRK-UHFFFAOYSA-N
2346,C1=CC=C(C=C1)CN=C=S,MDKCFLQDBWCQCV-UHFFFAOYSA-N
5371084,CCC(=O)/C=C/C1C(=CCCC1(C)C)C,VPKMGDRERYMTJX-CMDGGOBGSA-N
6753,CC1=C(C=C(C(=C1[N+](=O)[O-])OC)C(C)(C)C)[N+](=O)[O-],SUAUILGSCPYJCS-UHFFFAOYSA-N
2999413,C[C@H]1CCC[C@@H](CCCCCC2=C(C(=CC(=C2)O)O)C(=O)O1)O,DWTTZBARDOXEAM-GXTWGEPZSA-N
53665,C1(C(=C(C(=O)O1)Cl)C(Cl)Cl)O,WNTRMRXAGJOLCU-UHFFFAOYSA-N
79717,CC1=CC(=CC(=C1O)C)C(C)(C)C2=CC(=C(C(=C2)C)O)C,ODJUOZPKKHIEOZ-UHFFFAOYSA-N
13514,CC(=O)C(Cl)(Cl)Cl,SMZHKGXSEAGRTI-UHFFFAOYSA-N
14347,C1=CC=C(C=C1)C(=O)C2=CC=C(C=C2)O,NPFYZDNDJHZQKY-UHFFFAOYSA-N
8640,C1=CC=C2C(=C1)C=CC=C2N,RUFPHBVGCFYCNW-UHFFFAOYSA-N
28780,CCCCNC(=O)N1C2=CC=CC=C2N=C1NC(=O)OC,RIOXQFHNBCKOKP-UHFFFAOYSA-N
10788,CN1CN(C(=S)SC1)C,QAYICIQNSGETAS-UHFFFAOYSA-N
1752,CCCCCCCCCC1=CC=C(C=C1)O,IGFHQQFPSIBGKE-UHFFFAOYSA-N
3035,C1=CC(=CC=C1C(=C(Cl)Cl)C2=CC=C(C=C2)Cl)Cl,UCNVFOCBFJOQAL-UHFFFAOYSA-N
68570,C[C@]12CC[C@H]3[C@H]([C@@H]1CC[C@H]2O)CCC4=C3C=CC(=C4)O,VOXZDWNPVJITMN-SFFUCWETSA-N
6635,C1=CC(=CC=C1OS(=O)(=O)C2=CC=C(C=C2)Cl)Cl,RZXLPPRPEOUENN-UHFFFAOYSA-N
7565,C1=CC=C(C=C1)OC2=CC=C(C=C2)Br,JDUYPUMQALQRCN-UHFFFAOYSA-N
1483,C1=C(C=C(C(=C1Br)O)Br)Br,BSWWXRFVMJHFBN-UHFFFAOYSA-N
9502,CN(C(=O)NC1=CC(=C(C=C1)Cl)Cl)OC,XKJMBINCVNINCA-UHFFFAOYSA-N
8572,C1=CC=C(C=C1)C(=O)C2=C(C=C(C=C2)O)O,ZXDDPOHVAMWLBH-UHFFFAOYSA-N
8413,CC1=C(C=CC(=C1)C2=CC(=C(C=C2)N)C)N,NUIURNJTPRWVAP-UHFFFAOYSA-N
24744,CC1=CC(=CC=C1)NC(=O)OC2=CC=CC(=C2)NC(=O)OC,IDOWTHOLJBTAFI-UHFFFAOYSA-N
6294,C1=CC(=CC=C1C(C2=CC=C(C=C2)Cl)C(Cl)Cl)Cl,AHJKRLASYNVKDZ-UHFFFAOYSA-N
11742,CC(C)(C1=CC=CC=C1)C2=CC=C(C=C2)O,QBDSZLJBMIMQRS-UHFFFAOYSA-N
62276,CCOC(=O)C(C)OC(=O)C1=C(C=CC(=C1)OC2=C(C=C(C=C2)C(F)(F)F)Cl)[N+](=O)[O-],CONWAEURSVPLRM-UHFFFAOYSA-N
22584,C1=CC(=C(C=C1N)Cl)N.OS(=O)(=O)O,GQFGHCRXPLROOF-UHFFFAOYSA-N
8196,CCCCOCCOCCSC#N,JVGPVVUTUMQJKL-UHFFFAOYSA-N
3293,CCOC1=CC2=C(C=C1)NC(C=C2C)(C)C,DECIPOUIJURFOJ-UHFFFAOYSA-N
7231,C1COCCN1SSC2=NC3=CC=CC=C3S2,QRYFCNPYGUORTK-UHFFFAOYSA-N
23673837,CCCCC(CC)COC(=O)CC(C(=O)OCC(CC)CCCC)S(=O)(=O)[O-].[Na+],APSBXTVYXVQYAB-UHFFFAOYSA-M
3598,C1=C(C(=C(C(=C1Cl)Cl)CC2=C(C(=CC(=C2Cl)Cl)Cl)O)O)Cl,ACGUYXCXAPNIKK-UHFFFAOYSA-N
5569,CCCN(CCC)C1=C(C=C(C=C1[N+](=O)[O-])C(F)(F)F)[N+](=O)[O-],ZSDSQXJSNMTJDA-UHFFFAOYSA-N
6732,CC(C)(C)C(=O)C1C(=O)C2=CC=CC=C2C1=O,RZKYEQDPDZUERB-UHFFFAOYSA-N
5753,C[C@]12CCC(=O)C=C1CC[C@@H]3[C@@H]2[C@H](C[C@]4([C@H]3CC[C@@H]4C(=O)CO)C)O,OMFXVFTZEKFJBZ-HJTSIMOOSA-N
4943,CC(C)C1=C(C(=CC=C1)C(C)C)O,OLBCVFGFOZPWHH-UHFFFAOYSA-N
445154,C1=CC(=CC=C1/C=C/C2=CC(=CC(=C2)O)O)O,LUKBXSAWLPMMSZ-OWOJBTEDSA-N
4169,CCC1=CC=CC(=C1N(C(C)COC)C(=O)CCl)C,WVQBLGZPHOPPFO-UHFFFAOYSA-N
136122621,C[C@H]1/C=C\C=C(/C(=O)NC2=C(C(=C3C(=C2O)C(=C(C4=C3C(=O)[C@](O4)(OC=C[C@@H]([C@H]([C@H]([C@@H]([C@@H]([C@@H]([C@H]1O)C)O)C)OC(=O)C)C)OC)C)C)O)O)/C=N/N5CCN(CC5)C)\C,JQXXHWHPUNPDRT-CHTVYFSYSA-N
16230,C1(=C(N=C(C(=N1)Cl)N)N)C(=O)N=C(N)N.Cl,ACHKKGDWZVCSNH-UHFFFAOYSA-N
7567,CN(C)C1=CC=C(C=C1)CC2=CC=C(C=C2)N(C)C,JNRLEMMIVRBKJE-UHFFFAOYSA-N
4937,CC(C)NC1=NC(=NC(=N1)Cl)NC(C)C,WJNRPILHGGKWCK-UHFFFAOYSA-N
51556,CS(=O)(=O)NC(=O)C1=C(C=CC(=C1)OC2=C(C=C(C=C2)C(F)(F)F)Cl)[N+](=O)[O-],BGZZWXTVIYUUEY-UHFFFAOYSA-N
7713,C1=CC=C(C=C1)OCCOC2=CC=CC=C2,XCSGHNKDXGYELG-UHFFFAOYSA-N
18529,C1CC(C(CCC(C(CCC(C1Br)Br)Br)Br)Br)Br,DEIGXXQKDWULML-UHFFFAOYSA-N
13263,CCNC1=NC(=NC(=N1)SC)NC(C)C,RQVYBGPQFYCBGX-UHFFFAOYSA-N
638034,CC1=C(C(CCC1)(C)C)/C=C/C(=C/C=C/C(=C/COC(=O)C)/C)/C,QGNJRVVDBSJHIZ-QHLGVNSISA-N
15630,COC1=CC2=C(C=C1)N=C(S2)N,KZHGPDSVHSDCMX-UHFFFAOYSA-N
5280961,C1=CC(=CC=C1C2=COC3=CC(=CC(=C3C2=O)O)O)O,TZBJGXHYKVUXJN-UHFFFAOYSA-N
3037,C1=CC(=C(C=C1Cl)CC2=C(C=CC(=C2)Cl)O)O,MDNWOSOZYLHTCG-UHFFFAOYSA-N
22833326,CC(C)(C)CCCCCCOC(=O)C1=CC=CC=C1C(=O)OCCCCCCC(C)(C)C,ZDPLUSVKGBFPIW-UHFFFAOYSA-N
40585,CC1([C@H]([C@H]1C(=O)O[C@H](C#N)C2=CC(=CC=C2)OC3=CC=CC=C3)C=C(Br)Br)C,OWZREIFADZCYQD-NSHGMRRFSA-N
3120,CN(C)C(=O)NC1=CC(=C(C=C1)Cl)Cl,XMTQQYYKAHVGBJ-UHFFFAOYSA-N
5281708,C1=CC(=CC=C1C2=COC3=C(C2=O)C=CC(=C3)O)O,ZQSIJRDFPHDXIC-UHFFFAOYSA-N
39327,CCOC1=C(C=CC(=C1)OC2=C(C=C(C=C2)C(F)(F)F)Cl)[N+](=O)[O-],OQMBBFQZGJFLBU-UHFFFAOYSA-N
638014,CC1=C(C(CCC1)(C)C)/C=C/C(=O)C,PSQYTAPXSHCGMF-BQYQJAHWSA-N
62485,CC(C)(C)CC(C)(C)C1=CC(=C(C=C1)O)N2N=C3C=CC=CC3=N2,IYAZLDLPUNDVAG-UHFFFAOYSA-N
33528,CCCCCCCCN1C(=O)C=CS1,JPMIIZHYYWMHDT-UHFFFAOYSA-N
73665,CCCN(CCOC1=C(C=C(C=C1Cl)Cl)Cl)C(=O)N2C=CN=C2,TVLSRXXIMLFWEO-UHFFFAOYSA-N
73864,C1=CC(=CC=C1C(C2=CC=C(C=C2)O)(C(F)(F)F)C(F)(F)F)O,ZFVMWEVVKGLCIJ-UHFFFAOYSA-N
43234,CCCC1COC(O1)(CN2C=NC=N2)C3=C(C=C(C=C3)Cl)Cl,STJLVHWMYQXCPB-UHFFFAOYSA-N
53232,CC[C@H](C)C(=O)O[C@H]1C[C@H](C=C2[C@H]1[C@H]([C@H](C=C2)C)CC[C@@H]3C[C@H](CC(=O)O3)O)C,PCZOHLXUXFIOCF-BXMDZJJMSA-N
73675,C[Si](CN1C=NC=N1)(C2=CC=C(C=C2)F)C3=CC=C(C=C3)F,FQKUGOMFVDPBIZ-UHFFFAOYSA-N
41206,CC1=CC(=CC(=C1N)C)C2=CC(=C(C(=C2)C)N)C,UAIUNKRWKOVEES-UHFFFAOYSA-N
8289,C1=CC=C(C=C1)OP(=O)(OC2=CC=CC=C2)OC3=CC=CC=C3,XZZNDPSIHUTMOC-UHFFFAOYSA-N
16560,CC(=C)C(=O)NC1=CC(=C(C=C1)Cl)Cl,VCBRBUKGTWLJOB-UHFFFAOYSA-N
9352,CC(=O)NC1=CC2=C(C=C1)C3=C(C2)C=C(C=C3)NC(=O)C,XBZBRCVCSVLJJZ-UHFFFAOYSA-N
8341,C1=CC=C2C(=C1)C(=O)C3=C(C2=O)C=C(C=C3)N,XOGPDSATLSAZEK-UHFFFAOYSA-N
67172,CC1=CC(=C(C=C1O)C)C2(C3=CC=CC=C3S(=O)(=O)O2)C4=C(C=C(C(=C4)C)O)C,MGUKYHHAGPFJMC-UHFFFAOYSA-N
338733,CC(C)CCCCCCC1=CC=C(C=C1)O,JSFITYFUKSFPBZ-UHFFFAOYSA-N
8398,CC1=CC(=C(C(=C1)C(C)(C)C)O)CC2=C(C(=CC(=C2)C)C(C)(C)C)O,KGRVJHAUYBGFFP-UHFFFAOYSA-N
6442842,CC1=C(C=CC=C1C2=CC=CC=C2)COC(=O)[C@@H]3[C@@H](C3(C)C)/C=C(/C(F)(F)F)\Cl,OMFRMAHOUUJSGP-IRHGGOMRSA-N
47326,CC1(C(C1(C)C)C(=O)OC(C#N)C2=CC(=CC=C2)OC3=CC=CC=C3)C,XQUXKZZNEFRCAW-UHFFFAOYSA-N
5280443,C1=CC(=CC=C1C2=CC(=O)C3=C(C=C(C=C3O2)O)O)O,KZNIFHPLKGYRTM-UHFFFAOYSA-N
7271,C1=C(C(=CC(=C1Cl)Cl)Cl)O,LHJGJYXLEPZJPM-UHFFFAOYSA-N
6529,CC1=CC=C(C=C1)OP(=O)(OC2=CC=C(C=C2)C)OC3=CC=C(C=C3)C,BOSMZFBHAYFUBJ-UHFFFAOYSA-N
6167,CC(=O)N[C@H]1CCC2=CC(=C(C(=C2C3=CC=C(C(=O)C=C13)OC)OC)OC)OC,IAKHMKGGTNLKSZ-INIZCTEOSA-N
37175,C=CCOC(CN1C=CN=C1)C2=C(C=C(C=C2)Cl)Cl,PZBPKYOVPCNPJY-UHFFFAOYSA-N
7327,C1=CC=C(C=C1)S(=O)(=O)OC2=C(C=C(C=C2)Cl)Cl,OZFAFGSSMRRTDW-UHFFFAOYSA-N
7347,CN(C)C(=S)SC(=S)N(C)C,REQPQFUJGGOFQL-UHFFFAOYSA-N
5865,C[C@]12CC(=O)[C@H]3[C@H]([C@@H]1CC[C@@]2(C(=O)CO)O)CCC4=CC(=O)C=C[C@]34C,XOFYZVNMUHMLCC-ZPOLXVRWSA-N
11937,C1=CC=C2C=C3C=C(C=CC3=CC2=C1)N,YCSBALJAGZKWFF-UHFFFAOYSA-N
7352,CC(C)COC(=O)C(=C)C,RUMACXVDVNRZJZ-UHFFFAOYSA-N
73672,CCC(C)(CC)C1=NOC(=C1)NC(=O)C2=C(C=CC=C2OC)OC,PMHURSZHKKJGBM-UHFFFAOYSA-N
7076,C1=CC=C(C=C1)C2=CC(=CC=C2)C3=CC=CC=C3,YJTKZCDBKVTVBY-UHFFFAOYSA-N
20087,CCC1=CC(=C(C(=C1)C(C)(C)C)O)C(C)(C)C,BVUXDWXKPROUDO-UHFFFAOYSA-N
40326,CC1(C(C1C(=O)OCC2=CC(=CC=C2)OC3=CC=CC=C3)C=C(Cl)Cl)C,RLLPVAHGXHCWKJ-UHFFFAOYSA-N
5284441,CC(COC1=CC=CC=C1)N(CCCl)CC2=CC=CC=C2.Cl,VBCPVIWPDJVHAN-UHFFFAOYSA-N
8449,C1=CC(=C(C=C1Cl)Cl)O,HFZWRUODUSTPEG-UHFFFAOYSA-N
299,C1(=O)C2(C3(C4(C1(C5(C2(C3(C(C45Cl)(Cl)Cl)Cl)Cl)Cl)Cl)Cl)Cl)Cl,LHHGDZSESBACKH-UHFFFAOYSA-N
6540,CCCCOCCOP(=O)(OCCOCCCC)OCCOCCCC,WTLBZVNBAKMVDP-UHFFFAOYSA-N
3346,CC1=C(C=CC(=C1)OP(=S)(OC)OC)SC,PNVJTZOFSHSLTO-UHFFFAOYSA-N
13806,CCNC1=CC2=C(C=C1C)C(=C3C=C(C(=[NH+]CC)C=C3O2)C)C4=CC=CC=C4C(=O)OCC.[Cl-],VYXSBFYARXAAKO-UHFFFAOYSA-N
91511,C1C(O1)COC2=CC=C(C=C2)CC3=CC=C(C=C3)OCC4CO4,XUCHXOAWJMEFLF-UHFFFAOYSA-N
5853,COP(=O)(C(C(Cl)(Cl)Cl)O)OC,NFACJZMKEDPNKN-UHFFFAOYSA-N
3423265,CCCCCCCCCCCCOS(=O)(=O)[O-].[Na+],DBMJMQXJHONAFJ-UHFFFAOYSA-M
30773,CCNC1=NC(=NC(=N1)Cl)NC(C)(C)C#N,MZZBPDKVEFVLFF-UHFFFAOYSA-N
9275,CCCCC(CC)COP(=O)(O)OCC(CC)CCCC,SEGLCEQVOFDUPX-UHFFFAOYSA-N
7064,C1=CC=C(C=C1)C2=NC(=NC(=N2)N)N,GZVHEAJQGPRDLQ-UHFFFAOYSA-N
15096,CCCC[Sn](CCCC)(CCCC)Cl,GCTFWCDSFPMHHS-UHFFFAOYSA-M
5284363,C1=CC(=CC=C1N)Cl.Cl,ISJBQSJDQZLCSF-UHFFFAOYSA-N
43226,C1=CC=C(C(=C1)C(C2=CC=C(C=C2)Cl)(C3=CN=CN=C3)O)Cl,NHOWDZOIZKMVAI-UHFFFAOYSA-N
493570,CC1=CC2=C(C=C1C)N(C3=NC(=O)NC(=O)C3=N2)C[C@@H]([C@@H]([C@@H](CO)O)O)O,AUNGANRZJHBGPY-SCRDCRAPSA-N
6295,CCC1=CC=C(C=C1)C(C2=CC=C(C=C2)CC)C(Cl)Cl,QFMDFTQOJHFVNR-UHFFFAOYSA-N
4420,COP(=O)(OC)OC(C(Cl)(Cl)Br)Br,BUYMVQAILCEWRR-UHFFFAOYSA-N
87244,CC[Si](OC(=O)C)(OC(=O)C)OC(=O)C,KXJLGCBCRCSXQF-UHFFFAOYSA-N
6503,C(C(CO)(CO)N)O,LENZDBCJOHFCAS-UHFFFAOYSA-N
8371,C1(=C(C(=O)C(=C(C1=O)Cl)Cl)Cl)Cl,UGNWTBMOAKPKBL-UHFFFAOYSA-N
17142,C1C(O1)CN2C(=O)N(C(=O)N(C2=O)CC3CO3)CC4CO4,OUPZKGBUJRBPGC-UHFFFAOYSA-N
78170,CC(=O)CC(=O)NC1=CC(=C(C=C1OC)Cl)OC,MOUVJGIRLPZEES-UHFFFAOYSA-N
37517,CC(C)NC(=O)N1CC(=O)N(C1=O)C2=CC(=CC(=C2)Cl)Cl,ONUFESLQCSAYKA-UHFFFAOYSA-N
2724385,C[C@@H]1[C@H]([C@H](C[C@@H](O1)O[C@@H]2[C@H](O[C@H](C[C@@H]2O)O[C@@H]3[C@H](O[C@H](C[C@@H]3O)O[C@H]4CC[C@]5([C@@H](C4)CC[C@@H]6[C@@H]5C[C@H]([C@]7([C@@]6(CC[C@@H]7C8=CC(=O)OC8)O)C)O)C)C)C)O)O,LTMHDMANZUZIPE-PUGKRICDSA-N
3032791,COC(=O)NC(=S)NC1=CC=CC=C1NC(=S)NC(=O)OC,QGHREAKMXXNCOA-UHFFFAOYSA-N
6702,CC1=C(C2=C(C=C1)C(=O)C3=CC=CC=C3C2=O)N,ZLCUIOWQYBYEBG-UHFFFAOYSA-N
9880,CC(=O)[C@]1(CC[C@@H]2[C@@]1(CC[C@H]3[C@H]2C=C(C4=CC(=O)[C@@H]5C[C@@H]5[C@]34C)Cl)C)OC(=O)C,UWFYSQMTEOIJJG-FDTZYFLXSA-N
15910,C(#N)C1=C(C(=C(C(=C1Cl)Cl)Cl)C#N)Cl,CRQQGFGUEAVUIL-UHFFFAOYSA-N
73670,C1=CC=C(C(=C1)C2=NN=C(N=N2)C3=CC=CC=C3Cl)Cl,UXADOQPNKNTIHB-UHFFFAOYSA-N
19241,CCCCNS(=O)(=O)C1=CC=CC=C1,IPRJXAGUEGOFGG-UHFFFAOYSA-N
9787,C[C@@]1(C(=O)N2[C@H](C(=O)N3CCC[C@H]3[C@@]2(O1)O)CC4=CC=CC=C4)NC(=O)[C@H]5CN([C@@H]6CC7=CNC8=CC=CC(=C78)C6=C5)C.C[C@@]1(C(=O)N2[C@H](C(=O)N3CCC[C@H]3[C@@]2(O1)O)CC4=CC=CC=C4)NC(=O)[C@H]5CN([C@@H]6CC7=CNC8=CC=CC(=C78)C6=C5)C.[C@@H]([C@H](C(=O)O)O)(C(=O)O)O,CJMJLDQKTOJACI-BGQAIRJTSA-N
9074,C1=CC=C(C=C1)NC2=CC=C(C=C2)N=O,OIJHFHYPXWSVPF-UHFFFAOYSA-N
67271,C1=CC=C(C=C1)C(=O)NC2=CC=CC=C2SSC3=CC=CC=C3NC(=O)C4=CC=CC=C4,ZHMIOPLMFZVSHY-UHFFFAOYSA-N
23707968,CCCCCCCCCC(CC)C1=CC=C(C=C1)S(=O)(=O)[O-].[Na+],HOXWFOVSCUWIEH-UHFFFAOYSA-M
8813,C1=CC(=CC=C1C(=N)N)OCCCCCOC2=CC=C(C=C2)C(=N)N.C(CS(=O)(=O)O)O.C(CS(=O)(=O)O)O,YBVNFKZSMZGRAD-UHFFFAOYSA-N
7577,C1=CC(=CC=C1CC2=CC=C(C=C2)N)N,YBRVSVVVWCFQMG-UHFFFAOYSA-N
10332,CC1=CC(=C(C=C1)N)N,DGRGLKZMKWPMOH-UHFFFAOYSA-N
10522,CCOC(=O)C(C1=CC=C(C=C1)Cl)(C2=CC=C(C=C2)Cl)O,RAPBNVDSDCTNRC-UHFFFAOYSA-N
5934,CC1=CC(=CC=C1)N=NC2=CC=C(C=C2)N(C)C,LVTFSVIRYMXRSR-UHFFFAOYSA-N
11057,CN(C)C1=CC=C(C=C1)C(=C2C=CC(=[N+](C)C)C=C2)C3=CC=C(C=C3)N(C)C.[Cl-],ZXJXZNDDNMQXFV-UHFFFAOYSA-M
11831,C1C2=CC=CC=C2C3=C1C=C(C=C3)[N+](=O)[O-],XFOHWECQTFIEIX-UHFFFAOYSA-N
4114,COC1=C2C(=CC3=C1OC=C3)C=CC(=O)O2,QXKHYNVANLEOEG-UHFFFAOYSA-N
727,C1(C(C(C(C(C1Cl)Cl)Cl)Cl)Cl)Cl,JLYXXMFPNIAWKQ-UHFFFAOYSA-N
7771,CC1=CC(=C(C=C1)O)C,KUFFULVDNCHOFZ-UHFFFAOYSA-N
7050,CCN(CC)C1=CC2=C(C=C1)C(=CC(=O)O2)C,AFYCEAFSNDLKSX-UHFFFAOYSA-N
6436,C[C@]12C[C@@H]([C@]3([C@H]([C@@H]1C[C@@H]4[C@]2(OC(O4)(C)C)C(=O)CO)CCC5=CC(=O)C=C[C@@]53C)F)O,YNDXUCZADRHECN-JNQJZLCISA-N
50896,CC(C(=O)OC)OC1=CC=C(C=C1)OC2=C(C=C(C=N2)C(F)(F)F)Cl,MFSWTRQUCLNFOM-UHFFFAOYSA-N
31356,C(C(CBr)Br)OP(=O)(OCC(CBr)Br)OCC(CBr)Br,PQYJRMFWJJONBO-UHFFFAOYSA-N
6001,CC1=C2C=CC3=CC=CC=C3C2=C(C4=CC=CC=C14)C,ARSRBNBHOADGJU-UHFFFAOYSA-N
727200,C1CCC(CC1)NC(=S)NC2CCCCC2,KAJICSGLHKRDLN-UHFFFAOYSA-N
7092,CC1=CC2=C(C=C1)OC(=O)C=C2,FXFYOPQLGGEACP-UHFFFAOYSA-N
5543,CC(C)N(C(C)C)C(=O)SCC(=C(Cl)Cl)Cl,MWBPRDONLNQCFV-UHFFFAOYSA-N
27189,CCN(CC)C(=O)C(C)OC1=CC=CC2=CC=CC=C21,WXZVAROIGSFCFJ-UHFFFAOYSA-N
9161,C1=CC2=C3C(=C1)C=CC3=CC=C2,HXGDTGSAIMULJN-UHFFFAOYSA-N
5281004,CCCC1O[C@@H]2C[C@H]3[C@@H]4CCC5=CC(=O)C=C[C@@]5([C@H]4[C@H](C[C@@]3([C@@]2(O1)C(=O)CO)C)O)C,VOVIALXJUBGFJZ-KWVAZRHASA-N
9154,C1=CC=C2C(=C1)C3=CC=CC4=C3C2=CC=C4,GVEPBJHOBDJJJI-UHFFFAOYSA-N
6129,CNC(=O)OC1=CC=CC2=CC=CC=C21,CVXBEEMKQHEXEN-UHFFFAOYSA-N
5361514,CC(C)[C@H](C1=CC=C(C=C1)Cl)C(=O)O[C@@H](C#N)C2=CC(=CC=C2)OC3=CC=CC=C3,NYPJDWWKZLNGGM-BJKOFHAPSA-N
2871,CCOP(=S)(OCC)OC1=CC2=C(C=C1)C(=C(C(=O)O2)Cl)C,BXNANOICGRISHX-UHFFFAOYSA-N
62097,CCCCNC(=O)OCC#CI,WYVVKGNFXHOCQV-UHFFFAOYSA-N
12525,CC(=O)[O-].CC(=O)[O-].[Mn+2],UOGMEBQRZBEZQT-UHFFFAOYSA-L
2728,CC(C)OC(=O)NC1=CC(=CC=C1)Cl,CWJSHJJYOPWUGX-UHFFFAOYSA-N
29732,CC(C)OC1=C(C=C(C(=C1)N2C(=O)OC(=N2)C(C)(C)C)Cl)Cl,CHNUNORXWHYHNE-UHFFFAOYSA-N
8663,C1=CC=C2C=C(C=CC2=C1)O,JWAZRIHNYRIHIV-UHFFFAOYSA-N
8679,C1=CC=C(C=C1)NC2=CC3=CC=CC=C3C=C2,KEQFTVQCIQJIQW-UHFFFAOYSA-N
38479,CCC(CC)NC1=C(C=C(C(=C1[N+](=O)[O-])C)C)[N+](=O)[O-],CHIFOSRWCNZCFN-UHFFFAOYSA-N
11933,C1=CC(=C(C=C1C2=CC(=C(C=C2)N)Cl)Cl)N.Cl.Cl,BXAONUZFBUNTQR-UHFFFAOYSA-N
11860,C1=C(C=C(C(=C1Cl)N)Cl)N,HQCHAOKWWKLXQH-UHFFFAOYSA-N
3485262,CN(C)C(=S)[S-].CN(C)C(=S)[S-].[Zn+2],DUBNHZYBDBBJHD-UHFFFAOYSA-L
3589,C1=CC(C2C1C3(C(=C(C2(C3(Cl)Cl)Cl)Cl)Cl)Cl)Cl,FRCCEHPWNOQAEU-UHFFFAOYSA-N
36242,CC12CC1(C(=O)N(C2=O)C3=CC(=CC(=C3)Cl)Cl)C,QXJKBPAVAHBARF-UHFFFAOYSA-N
6336,CCCCC(CN1C=NC=N1)(C#N)C2=CC=C(C=C2)Cl,HZJKXKUJVSEEFU-UHFFFAOYSA-N
7421,CN(C)C1=CC(=CC=C1)O,MESJRHHDBDCQTH-UHFFFAOYSA-N
6028,C1=C(C(=C(C(=C1Cl)Cl)Cl)O)Cl,VGVRPFIJEJYOFN-UHFFFAOYSA-N
5125,CCCCSP(=O)(SCCCC)SCCCC,ZOKXUAHZSKEQSS-UHFFFAOYSA-N
79878,CCN(CC)C1=CC(=C(C=C1)C(=O)C2=CC=CC=C2C(=O)O)O,FQNKTJPBXAZUGC-UHFFFAOYSA-N
75576,C1=CC=C(C(=C1)CC2=CC=C(C=C2)O)O,LVLNPXCISNPHLE-UHFFFAOYSA-N
6,C1=CC(=C(C=C1[N+](=O)[O-])[N+](=O)[O-])Cl,VYZAHLCBVHPDDF-UHFFFAOYSA-N
2662,CC1=CC=C(C=C1)C2=CC(=NN2C3=CC=C(C=C3)S(=O)(=O)N)C(F)(F)F,RZEKVGVHFLEQIL-UHFFFAOYSA-N
2268,COP(=S)(OC)SCN1C(=O)C2=CC=CC=C2N=N1,CJJOSEISRRTUQB-UHFFFAOYSA-N
86607,CCC(C)OC(=O)C1=CC=C(C=C1)O,ZUOTXZHOGPQFIU-UHFFFAOYSA-N
4632,COC1=CC(=C(C=C1)C(=O)C2=CC=CC=C2)O,DXGLGDHPHMLXJC-UHFFFAOYSA-N
2256,CCNC1=NC(=NC(=N1)Cl)NC(C)C,MXWJVTOOROXGIU-UHFFFAOYSA-N
8607,C1=CC=C2C(=C1)C(=O)N(C2=O)SC(Cl)(Cl)Cl,HKIOYBQGHSTUDB-UHFFFAOYSA-N
21307,CC1=C(SCCO1)C(=O)NC2=CC=CC=C2,GYSSRZJIHXQEHQ-UHFFFAOYSA-N
638024,C1CCN(CC1)C(=O)/C=C/C=C/C2=CC3=C(C=C2)OCO3,MXXWOMGUGJBKIW-YPCIICBESA-N
7814,C1=CC(=CC=C1N)N,CBCKQZAAMUWICA-UHFFFAOYSA-N
5881,C[C@]12CC[C@H]3[C@H]([C@@H]1CCC2=O)CC=C4[C@@]3(CC[C@@H](C4)O)C,FMGSKLZLMKYGDP-USOAJAOKSA-N
1318,C1=CC2=C(C3=C(C=CC=N3)C=C2)N=C1,DGEZNRSVGBDHLK-UHFFFAOYSA-N
991,CCOP(=S)(OCC)OC1=CC=C(C=C1)[N+](=O)[O-],LCCNCVORNKJIRZ-UHFFFAOYSA-N
5546,C1=CC=C(C=C1)C2=NC3=C(N=C(N=C3N=C2N)N)N,FNYLWPVRPXGIIP-UHFFFAOYSA-N
27465,C1=C(C(=CC(=C1Cl)N)Cl)C2=CC(=C(C=C2Cl)N)Cl,UXOXUHMFQZEAFR-UHFFFAOYSA-N
7547,C1=CC(=CC=C1NC(=O)NC2=CC(=C(C=C2)Cl)Cl)Cl,ICUTUKXCWQYESQ-UHFFFAOYSA-N
7579,C1=CC(=CC=C1N)OC2=CC=C(C=C2)N,HLBLWEWZXPIGSM-UHFFFAOYSA-N
33775,CNC1=C(C(=O)N(N=C1)C2=CC=CC(=C2)C(F)(F)F)Cl,NVGOPFQZYCNLDU-UHFFFAOYSA-N
4936,CC(C)(C)C1=CC=C(C=C1)OC2CCCCC2OS(=O)OCC#C,ZYHMJXZULPZUED-UHFFFAOYSA-N
5757,C[C@]12CC[C@H]3[C@H]([C@@H]1CC[C@@H]2O)CCC4=C3C=CC(=C4)O,VOXZDWNPVJITMN-ZBRFXRBCSA-N
5954,C1=CC=C2C(=C1)C=CC3=CC4=CC=CC=C4C=C32,DXBHBZVCASKNBY-UHFFFAOYSA-N
13690,C1CCCCCC(=O)NCCCCC1,JHWNWJKBPDFINM-UHFFFAOYSA-N
2733525,CC/C(=C(\C1=CC=CC=C1)/C2=CC=C(C=C2)OCCN(C)C)/C3=CC=CC=C3.C(C(=O)O)C(CC(=O)O)(C(=O)O)O,FQZYTYWMLGAPFJ-OQKDUQJOSA-N
12310947,C1[C@@H]2C=C[C@H]1[C@H]3[C@@H]2[C@]4(C(=C([C@@]3(C4(Cl)Cl)Cl)Cl)Cl)Cl,QBYJBZPUGVGKQQ-SJJAEHHWSA-N
7013,C1=CC=C(C=C1)NC2=CC=CC3=CC=CC=C32,XQVWYOYUZDUNRW-UHFFFAOYSA-N
158076,CC(C)(C)[C@H]([C@@H](CC1=CC=C(C=C1)Cl)N2C=NC=N2)O,RMOGWMIKYWRTKW-KGLIPLIRSA-N
13450,CCNC1=NC(=NC(=N1)SC)NC(C)(C)C,IROINLKCQGIITA-UHFFFAOYSA-N
7057,C1=CC=C2C=C(C=CC2=C1)N,JBIJLHTVPXGSAM-UHFFFAOYSA-N
5284366,C[NH+](C)CCC(C1=CC=C(C=C1)Cl)C2=CC=CC=N2.C(=C\C(=O)[O-])\C(=O)O,DBAKFASWICGISY-BTJKTKAUSA-N
5280373,COC1=CC=C(C=C1)C2=COC3=CC(=CC(=C3C2=O)O)O,WUADCCWRTIWANL-UHFFFAOYSA-N
4928,CC(C)NC1=NC(=NC(=N1)OC)NC(C)C,ISEUFVQQFVOBCY-UHFFFAOYSA-N
8152,CCCCCCCCCCCC[N+](C)(C)C.[Cl-],DDXLVDQZPFLQMZ-UHFFFAOYSA-M
8362,CC1CC(CC(C1)(C)C)OC(=O)C2=CC=CC=C2O,WSSJONWNBBTCMG-UHFFFAOYSA-N
11776,C1=CC=C(C=C1)P(C2=CC=CC=C2)C3=CC=CC=C3,RIOQSEWOXXDEQQ-UHFFFAOYSA-N
7005,C1=CC=C2C(=C1)C=CC=C2O,KJCVRFUGPWSIIH-UHFFFAOYSA-N
81259,CC(C)CC(C)(C1=CC=C(C=C1)O)C2=CC=C(C=C2)O,VHLLJTHDWPAQEM-UHFFFAOYSA-N
8749,CN(C)C1=CC=C(C=C1)N=O,CMEWLCATCRTSGF-UHFFFAOYSA-N
992,C1(=C(C(=C(C(=C1Cl)Cl)Cl)Cl)Cl)O,IZUPBVBPLAPZRR-UHFFFAOYSA-N
5053,CC(=CC1C(C1(C)C)C(=O)OCC2=COC(=C2)CC3=CC=CC=C3)C,VEMKTZHHVJILDY-UHFFFAOYSA-N
2286,CC(C)(C1=CC=C(C=C1)OCC2CO2)C3=CC=C(C=C3)OCC4CO4,LCFVJGUPQDGYKZ-UHFFFAOYSA-N
62630,C1C(O1)COC2=CC=C(C=C2)C(C3=CC=C(C=C3)OCC4CO4)C(C5=CC=C(C=C5)OCC6CO6)C7=CC=C(C=C7)OCC8CO8,HDDQXUDCEIMISH-UHFFFAOYSA-N
62311,COC1=C(C=CC(=C1)C2=CC(=C(C=C2)N)OC)N.Cl.Cl,UXTIAFYTYOEQHV-UHFFFAOYSA-N
8691,C1=CC=C(C=C1)N=NC2=C(N=C(C=C2)N)N.Cl,QQBPIHBUCMDKFG-UHFFFAOYSA-N
39676,CC1(C(=O)N(C(=O)O1)C2=CC(=CC(=C2)Cl)Cl)C=C,FSCWZHGZWWDELK-UHFFFAOYSA-N
43079,CN1C=C(C(=O)C(=C1)C2=CC(=CC=C2)C(F)(F)F)C3=CC=CC=C3,YWBVHLJPRPCRSD-UHFFFAOYSA-N
26177,C(C(CCl)OP(=O)(OC(CCl)CCl)OC(CCl)CCl)Cl,ASLWPAWFJZFCKF-UHFFFAOYSA-N
8455,CCC(C)(C)C1=CC(=C(C=C1)O)C(C)(C)CC,WMVJWKURWRGJCI-UHFFFAOYSA-N
8615,C1=CC=C(C=C1)CCOC(=O)C2=CC=CC=C2N,PXWNBAGCFUDYBE-UHFFFAOYSA-N
54678486,CC(=O)CC(C1=CC=CC=C1)C2=C(C3=CC=CC=C3OC2=O)O,PJVWKTKQMONHTI-UHFFFAOYSA-N
87984,CCN(CCN)C1=CC=CC(=C1)C,FTMVEUXYYDLYFH-UHFFFAOYSA-N
108938,CC1=C(C=CC(=C1)C2=CC(=C(C=C2)N)C)N.Cl.Cl,LUKPNZHXJRJBAN-UHFFFAOYSA-N
60962,C1=CC=C(C=C1)NN.Cl,JOVOSQBPPZZESK-UHFFFAOYSA-N
2078,CCC1=C(C(=CC=C1)CC)N(COC)C(=O)CCl,XCSGPAVHZFQHGE-UHFFFAOYSA-N
62306,CC1COC2=CC=CC=C2N1C(=O)C(Cl)Cl,PFJJMJDEVDLPNE-UHFFFAOYSA-N
7103,C1=CC=C(C=C1)C2=CC=C(C=C2)O,YXVFYQXJAXKLAK-UHFFFAOYSA-N
66166,CCC(C)(C1=CC=C(C=C1)O)C2=CC=C(C=C2)O,HTVITOHKHWFJKO-UHFFFAOYSA-N
7070,C1=CC(=C(C=C1C2=CC(=C(C=C2)N)Cl)Cl)N,HUWXDEQWWKGHRV-UHFFFAOYSA-N
8418,C1=CC=C2C=C3C=CC=CC3=CC2=C1,MWPLVEDNUUSJAV-UHFFFAOYSA-N
36606,CCCN(CCC)C1=C(C=C(C=C1[N+](=O)[O-])C(C)C)[N+](=O)[O-],NEKOXWSIMFDGMA-UHFFFAOYSA-N
24633,[Cl-].[Cl-].[Cd+2],YKYOUMDCQGMQQO-UHFFFAOYSA-L
6868,C1=CC2=C(C=C(C=C2C=C1N)S(=O)(=O)O)O,KYARBIJYVGJZLB-UHFFFAOYSA-N
441140,C[C@@H]1CC(=O)C=C([C@]12C(=O)C3=C(O2)C(=C(C=C3OC)OC)Cl)OC,DDUHZTYCFQRHIY-RBHXEPJQSA-N
38037,C1=CC(=CC(=C1)Cl)C2=CC(=CC(=C2)Cl)Cl,RIBGNAJQTOXRDK-UHFFFAOYSA-N
8689,C1=CC=C(C=C1)NN=NC2=CC=CC=C2,ALIFPGGMJDWMJH-UHFFFAOYSA-N
5284416,[Cl-].[Cl-].[Hg+2],LWJROJCJINYWOX-UHFFFAOYSA-L
7340,CC1=CC=CC=C1N=NC2=CC(=C(C=C2)N)C,PFRYFZZSECNQOL-UHFFFAOYSA-N
3610,CCCCCCC1=C(C=C(C=C1)O)O,WFJIVOKAWHGMBH-UHFFFAOYSA-N
6014,CC(CN1C2=CC=CC=C2SC3=CC=CC=C31)N(C)C.Cl,XXPDBLUZJRXNNZ-UHFFFAOYSA-N
6128,C[C@]12CCC(=O)C=C1CC[C@@H]3[C@@H]2CC[C@]4([C@H]3CCC4=O)C,AEMFNILZOJDQLW-QAGGRKNESA-N
2319,CCCCN(CC)C1=C(C=C(C=C1[N+](=O)[O-])C(F)(F)F)[N+](=O)[O-],SMDHCQAYESWHAE-UHFFFAOYSA-N
2554,C1=CC=C2C(=C1)C=CC3=CC=CC=C3N2C(=O)N,FFGPTBGBLSHEPO-UHFFFAOYSA-N
5368821,C/C=C(\C)/C=C/C=C(C)C,GQVMHMFBVWSSPF-SOYUKNQTSA-N
8571,C1=CC(=C(C=C1O)O)C(=O)C2=C(C=C(C=C2)O)O,WXNRYSGJLQFHBR-UHFFFAOYSA-N
4793,CCOP(=S)(OCC)SCN1C2=C(C=C(C=C2)Cl)OC1=O,IOUNQDKNJZEDEP-UHFFFAOYSA-N
13271,C1=CC=C(C=C1)NC2=CC=C(C=C2)[N+](=O)[O-],XXYMSQQCBUKFHE-UHFFFAOYSA-N
24502,[O-][Cr](=O)(=O)O[Cr](=O)(=O)[O-].[K+].[K+],KMUONIBRACKNSN-UHFFFAOYSA-N
5280343,C1=CC(=C(C=C1C2=C(C(=O)C3=C(C=C(C=C3O2)O)O)O)O)O,REFJWTPEDVJJIY-UHFFFAOYSA-N
16043,CC(C)(C)C1=C(C=CC(=C1)O)O,BGNXCDMCOKJUMV-UHFFFAOYSA-N
73852,C1=CC(=CC=C1C(=O)C2=C(C=C(C=C2)O)O)O,OKJFKPFBSPZTAH-UHFFFAOYSA-N
5111791,C1=CC(=C(C=C1[N+](=O)[O-])N)N,RAUWPNXIALNKQM-UHFFFAOYSA-N
289,C1=CC=C(C(=C1)O)O,YCIMNLLNPGFGHC-UHFFFAOYSA-N
62530,CC(C)(C)CC(C)(C)C1=CC=CC=C1O,XSXWOBXNYNULJG-UHFFFAOYSA-N
22772,C(SC#N)SC#N,JWZXKXIUSSIAMR-UHFFFAOYSA-N
444795,CC1=C(C(CCC1)(C)C)/C=C/C(=C/C=C/C(=C/C(=O)O)/C)/C,SHGAZHPCJJPHSC-YCNIQYBTSA-N
86102,CC(C)(C)C(CCC1=CC=C(C=C1)Cl)(CN2C=NC=N2)O,PXMNMQRDXWABCY-UHFFFAOYSA-N
17170,CN(C)C1=CC=C(C=C1)C(=N)C2=CC=C(C=C2)N(C)C.Cl,KSCQDDRPFHTIRL-UHFFFAOYSA-N
4929,CC(C)NC1=NC(=NC(=N1)SC)NC(C)C,AAEVYOVXGOFMJO-UHFFFAOYSA-N
785,C1=CC(=CC=C1O)O,QIGBRXMKCJKVMJ-UHFFFAOYSA-N
6536972,C[C@H](/C=C/[C@H](C)C(C)C)[C@H]1CC[C@@H]\2[C@@]1(CCC/C2=C\C=C\3/C[C@H](CCC3=C)O)C,MECHNRXZTMCUDQ-VLOQVYPSSA-N
10377,CCCCCC1=CC(=CC(=C1)O)O,IRMPFYJSHJGOPE-UHFFFAOYSA-N
5362,CCCCC1(C(=O)N(N(C1=O)C2=CC=CC=C2)C3=CC=CC=C3)COC(=O)CCC(=O)O,ONWXNHPOAGOMTG-UHFFFAOYSA-N
2355,COC1=C2C=CC(=O)OC2=CC3=C1C=CO3,BGEBZHIAGXMEMV-UHFFFAOYSA-N
7111,C1=CC(=CC=C1C2=CC=C(C=C2)N)N,HFACYLZERDEVSX-UHFFFAOYSA-N
34192,CCN(CC)C(=O)SCC1=CC=C(C=C1)Cl,QHTQREMOGMZHJV-UHFFFAOYSA-N
11289,COC1=CC=C(C=C1)C(=C(C2=CC=C(C=C2)OC)Cl)C3=CC=C(C=C3)OC,BFPSDSIWYFKGBC-UHFFFAOYSA-N
3224,C1C2C(COS(=O)O1)C3(C(=C(C2(C3(Cl)Cl)Cl)Cl)Cl)Cl,RDYMFSUJUZBWLH-UHFFFAOYSA-N
13283,CC1=C(C=CC(=C1)CC2=CC(=C(C=C2)N)C)N,WECDUOXQLAIPQW-UHFFFAOYSA-N
12902,CC(C)(C)C1=CC(=C(C(=C1)C(C)(C)C)O)C(C)(C)C,PFEFOYRSMXVNEL-UHFFFAOYSA-N
12472902,C1=CC(=C(C=C1C(=O)C2=C(C=C(C=C2)O)O)O)O,UQQYIAVMUUJWGX-UHFFFAOYSA-N
9153,C1=CC=C2C3=C4C(=CC=C3)C5=CC=CC=C5C4=CC2=C1,FTOVXSOBNPWTSH-UHFFFAOYSA-N
2730,CCOP(=S)(OCC)OC1=NC(=C(C=C1Cl)Cl)Cl,SBPBAQFWLVIOKP-UHFFFAOYSA-N
8305,C1=CC(=CC=C1S(=O)(=O)C2=CC(=C(C=C2Cl)Cl)Cl)Cl,MLGCXEBRWGEOQX-UHFFFAOYSA-N
17719,CC(C)(C1=CC(=CC=C1)C(C)(C)N=C=O)N=C=O,AZYRZNIYJDKRHO-UHFFFAOYSA-N
7031,CN(C)C1=CC=C(C=C1)C(=O)C2=CC=C(C=C2)N(C)C,VVBLNCFGVYUYGU-UHFFFAOYSA-N
7232,C1CCC(CC1)NSC2=NC3=CC=CC=C3S2,DEQZTKGFXNUBJL-UHFFFAOYSA-N
15787,C1=CC(=CC=C1[N+](=O)[O-])OC2=C(C=C(C=C2)Cl)Cl,XITQUSLLOSKDTB-UHFFFAOYSA-N
8411,COC1=C(C=CC(=C1)C2=CC(=C(C=C2)N)OC)N,JRBJSXQPQWSCCF-UHFFFAOYSA-N
1988,CCC1=CC=CC(=C1N(COCC)C(=O)CCl)C,VTNQPKFIQCLBDU-UHFFFAOYSA-N
76013,CC(C)(C1=CC=CC=C1)C2=CC(=C(C=C2)O)C(C)(C)C3=CC=CC=C3,FMUYQRFTLHAARI-UHFFFAOYSA-N
3016,CN1C(=O)CN=C(C2=C1C=CC(=C2)Cl)C3=CC=CC=C3,AAOVKJBEBIDNHE-UHFFFAOYSA-N
6040503,CC(=O)/C=C/C1=CC2=C(C=C1)OCO2,XIYPXOFSURQTTJ-NSCUHMNNSA-N
8981,CC1=CC(NC2=CC=CC=C12)(C)C,ZNRLMGFXSPUZNR-UHFFFAOYSA-N
174223,CC1=C(C2=C(C=C1)N=C(S2)C3=CC=C(C=C3)N)S(=O)(=O)O,KGZUHYIHYBDNLC-UHFFFAOYSA-N
31426,CC1=C(C2=C(C=C1)C(=O)C3=CC=CC=C3C2=O)[N+](=O)[O-],FYXKXZFTZBYYNP-UHFFFAOYSA-N
177,CC=O,IKHGUXGNUITLKF-UHFFFAOYSA-N
46783367,C[C@H]1/C=C/C=C\C=C\C=C\C=C\C=C\C=C\[C@@H](C[C@H]2[C@@H]([C@H](C[C@](O2)(C[C@H](C[C@H]([C@@H](CC[C@H](C[C@H](CC(=O)O[C@H]([C@@H]([C@@H]1O)C)C)O)O)O)O)O)O)O)C(=O)O)O[C@H]3[C@H]([C@H]([C@@H]([C@H](O3)C)O)N)O,APKFDSVGJQXUKY-IATLUPDASA-N
10771,C1=CC=C(C=C1)N=NC2=C(C=C(C=C2)N)N.Cl,MCTQNEBFZMBRSQ-UHFFFAOYSA-N
8478,CC(C)(C)CC(C)(C)C1=CC=C(C=C1)OCCOCC[N+](C)(C)CC2=CC=CC=C2.[Cl-],UREZNYTWGJKWBI-UHFFFAOYSA-M
82917,[CH-]1C=CC=C1.[CH-]1C=CC=C1.Cl[V]Cl,UMGIRDUNLQIEBM-UHFFFAOYSA-L
6537498,CCC(CC(C(C(C(C(C)Cl)Cl)Cl)Cl)Cl)Cl,GJGHBJCMOWRRSZ-UHFFFAOYSA-N
10208,CC1=CC2=C(C(=C1)O)C(=O)C3=C(C2=O)C=CC=C3O,LQGUBLBATBMXHT-UHFFFAOYSA-N
6731,C1=CC=C2C(=C1)C=CC(=N2)C3C(=O)C4=CC=CC=C4C3=O,IZMJMCDDWKSTTK-UHFFFAOYSA-N
5889,C1=CC=C2C(=C1)C=CC3=CC4=C(C=CC5=CC=CC=C54)C=C32,LHRCREOYAASXPZ-UHFFFAOYSA-N
13816,CC1=C(C=CC(=C1)C2=CC(=C(C=C2)N=NC3=C(C4=CC=CC=C4C(=C3)S(=O)(=O)[O-])N)C)N=NC5=C(C6=CC=CC=C6C(=C5)S(=O)(=O)[O-])N.[Na+].[Na+],SUXCALIDMIIJCK-UHFFFAOYSA-L
6450278,C/C=C/1\C(=O)C[C@@H]2[C@@]1(CC[C@H]3[C@H]2CCC4=CC(=O)CC[C@]34C)C,WDXRGPWQVHZTQJ-OSJVMJFVSA-N
2724411,CN(C)C1=CC=C(C=C1)C(=C2C=CC(=[N+](C)C)C=C2)C3=CC=CC=C3.CN(C)C1=CC=C(C=C1)C(=C2C=CC(=[N+](C)C)C=C2)C3=CC=CC=C3.C(=O)(C(=O)O)O.C(=O)(C(=O)[O-])O.C(=O)(C(=O)[O-])O,CNYGFPPAGUCRIC-UHFFFAOYSA-L
460612,C1=CC(=CC=C1C[C@@H](C(=O)O)N)N(CCCl)CCCl,SGDBTWWWUNNDEQ-LBPRGKRZSA-N
60934,CC(C)(C)NC(=O)[C@@H]1C[C@@H]2CCCC[C@@H]2CN1C[C@H]([C@H](CC3=CC=CC=C3)NC(=O)[C@H](CC(=O)N)NC(=O)C4=NC5=CC=CC=C5C=C4)O.CS(=O)(=O)O,IRHXGOXEBNJUSN-YOXDLBRISA-N
108005,O.O.[O-][Cr](=O)(=O)O[Cr](=O)(=O)[O-].[Na+].[Na+],JYDRNIYTFCBIFC-UHFFFAOYSA-N
5590,CC(C)(C)CC(C)(C)C1=CC=C(C=C1)OCCO,JYCQQPHGFMYQCF-UHFFFAOYSA-N
5283711,C[C@H](CCCC(C)C)[C@H]1CC[C@@H]\2[C@@]1(CCC/C2=C\C=C\3/C[C@H](CCC3=C)O)C,QYSXJUFSXHHAJI-FVUVGDFOSA-N
5281575,COC1=CC=C(C=C1)/C=C/C2=CC(=CC(=O)O2)OC,XLHIYUYCSMZCCC-VMPITWQZSA-N
6627,C1=CC=C(C=C1)[Si](C2=CC=CC=C2)(Cl)Cl,OSXYHAQZDCICNX-UHFFFAOYSA-N
10754,C1=CC(=CC=C1C2=CC=C(C=C2)N)N.Cl.Cl,RUAXWVDEYJEWRY-UHFFFAOYSA-N
1674,CC1=C2CCC3=C2C(=CC4=C3C=CC5=CC=CC=C54)C=C1,PPQNQXQZIWHJRB-UHFFFAOYSA-N
158629,C1=CC(=C(C(=C1C2=CC(=C(C(=C2)Br)Br)Br)Br)Br)Br,PCEAPJVBSINMNW-UHFFFAOYSA-N
23892,C1=CC(=C(C=C1C2=CC(=C(C=C2)N)N)N)N.Cl.Cl.Cl.Cl,KJDSORYAHBAGPP-UHFFFAOYSA-N
16682804,CC(=O)O[Sn](C1=CC=CC=C1)(C2=CC=CC=C2)C3=CC=CC=C3,WDQNIWFZKXZFAY-UHFFFAOYSA-M
104741,C[C@]12CC[C@H]3[C@H]([C@@H]1CC[C@@H]2O)[C@@H](CC4=C3C=CC(=C4)O)CCCCCCCCCS(=O)CCCC(C(F)(F)F)(F)F,VWUXBMIQPBEWFH-WCCTWKNTSA-N
5702746,CC[C@H](C)COC(=O)/C=C/C1=CC=C(C=C1)N=CC2=CC=C(C=C2)OC,FKZXVOQEYXOXAD-VPCHJHAQSA-N
16217238,CCCCCCCCCCCCCC[P+](CCCCCC)(CCCCCC)CCCCCC.C(=[N-])=NC#N,DOMOOBQQQGXLGU-UHFFFAOYSA-N
11181836,CCCCCCCCCCCCCC[P+](CCCCCC)(CCCCCC)CCCCCC.C(F)(F)(F)S(=O)(=O)[N-]S(=O)(=O)C(F)(F)F,HYNYWFRJHNNLJA-UHFFFAOYSA-N
11674455,CCCCN1C=C[N+](=C1)C.Cl[Fe-](Cl)(Cl)Cl,FYHLFBVHUIJIII-UHFFFAOYSA-J
22078297,CCCCCCCCCCN1C=C[N+](=C1)C.[Br-],HOISBTKPPVRFDS-UHFFFAOYSA-M
2734225,CCCCCCCCCCN1C=C[N+](=C1)C.[Cl-],HTZVLLVRJHAJJF-UHFFFAOYSA-M
10044526,CCCCCCCCCCN1C=C[N+](=C1)C.F[P-](F)(F)(F)(F)F,OXZSRXCEZNETER-UHFFFAOYSA-N
2775940,CCCCCCCCCCN1C=C[N+](=C1C)CCCCCCCCCC.[Cl-],GJYWPRKIEORZLX-UHFFFAOYSA-M
46226173,[B-](F)(F)(F)F.CCCCCCCCCCCCN1C=C[N+](=C1)C,DXBLSHGDRZIBJZ-UHFFFAOYSA-N
23160059,CCCCCCCCCCCCN1C=C[N+](=C1)C.C(F)(F)(F)S(=O)(=O)[O-],RSNWMNCQEJIOHL-UHFFFAOYSA-M
16211417,CCCCCCCCCCCCN1C=C[N+](=C1)C.[I-],RQVJLVQTNZVVRZ-UHFFFAOYSA-M
53316406,CCN1C=C[N+](=C1)C.CCOP(=O)([O-])OCC,HQWOEDCLDNFWEV-UHFFFAOYSA-M
18506491,[B-](F)(F)(F)F.CCCCCCCCCCCCCCCCN1C=C[N+](=C1)C,WXCIBNGOVJQXTI-UHFFFAOYSA-N
60196375,CCCCCCCCCCCCCCCCN1C=C[N+](=C1)C.C(F)(F)(F)S(=O)(=O)[N-]S(=O)(=O)C(F)(F)F,IEKPEVWFUIKZFI-UHFFFAOYSA-N
10411334,CCCCCCN1C=C[N+](=C1)C.C(F)(F)(F)S(=O)(=O)[N-]S(=O)(=O)C(F)(F)F,RCNFOZUBFOFJKZ-UHFFFAOYSA-N
60196379,CCCCCCCCCCCCCCN1C=C[N+](=C1)C.C(F)(F)(F)S(=O)(=O)[N-]S(=O)(=O)C(F)(F)F,AEZLAQZYZLLTIV-UHFFFAOYSA-N
2734229,CCCCCCCCCCCCCCN1C=C[N+](=C1)C.[Cl-],SDXDXENAFAXVMX-UHFFFAOYSA-M
11074101,CCCC[N+]1=CC=C(C=C1)C.[Cl-],YTSDTJNDMGOTFN-UHFFFAOYSA-M
11254899,CCCC[N+]1=CC=C(C=C1)C.F[P-](F)(F)(F)(F)F,XBSZSSGZQFAUPF-UHFFFAOYSA-N
15927,CC[N+]1=CC=CC=C1.[Br-],ABFDKXBSQCTIKH-UHFFFAOYSA-M
60196397,CCCCCCCCCCCCCC[P+](CCCC)(CCCC)CCCC.CCCCCCCCCCCCC1=CC=CC=C1S(=O)(=O)[O-],UIWFKZBONQGUDI-UHFFFAOYSA-M
14425,CCCCCCCCCCCCOC(=O)C1=CC(=C(C(=C1)O)O)O,RPWFJAMTCNSJKK-UHFFFAOYSA-N
21534,C(C(=O)[O-])S.[NH4+],ZZTCCAPMZLDHFM-UHFFFAOYSA-N
7115,C1=CC=C(C=C1)C2=CC=C(C=C2)C3=CC=CC=C3,XJKSTNDFUHDPQJ-UHFFFAOYSA-N
75628,CC(C)C1=CC=C(C=C1)OP(=O)(OC2=CC=C(C=C2)C(C)C)OC3=CC=C(C=C3)C(C)C,ANVREEJNGJMLOV-UHFFFAOYSA-N
22882,C1=C(C=C(C(=C1SC2=C(C(=CC(=C2)Cl)Cl)[O-])[O-])Cl)Cl.[Na+].[Na+],FNYZFZRGBBCWBI-UHFFFAOYSA-L
13530,C(C(=O)C(Cl)Cl)Cl,ZWILTCXCTVMANU-UHFFFAOYSA-N
51040,CC(C)(C)C1=CC=C(C=C1)C(=O)CC(=O)C2=CC=C(C=C2)OC,XNEFYCZVKIDDMS-UHFFFAOYSA-N
71027,C1=CC=C(C=C1)C(=CC=O)C2=CC=CC=C2,MWAFWBDWAWZJGK-UHFFFAOYSA-N
66062,CN1CCCCC1CCN2C3=CC=CC=C3SC4=C2C=C(C=C4)SC.Cl,NZFNXWQNBYZDAQ-UHFFFAOYSA-N
155819421,C[C@H]1/C=C\C=C(/C(=O)NC2=CC(=C3C(=C2O)C(=C(C4=C3C(=O)[C@](O4)(OC=C[C@@H]([C@H]([C@H]([C@@H]([C@@H]([C@@H]([C@H]1O)C)O)C)OC(=O)C)C)OC)C)C)O)[O-])\C.[Na+],YVOFSHPIJOYKSH-JMSFQLJYSA-M
15412,CCCCN(CCCC)C(=S)SSC(=S)N(CCCC)CCCC,PGAXJQVAHDTGBB-UHFFFAOYSA-N
256687,COC(=O)C1=CC=C(C=C1)CBr,NLWBJPPMPLPZIE-UHFFFAOYSA-N
67589,C1=CC=C(C=C1)C(=O)CC(=O)C(F)(F)F,VVXLFFIFNVKFBD-UHFFFAOYSA-N
68297,C1=CC=C(C=C1)NC2=CC=CC=C2N,NFCPRRWCTNLGSN-UHFFFAOYSA-N
104677,C1=CC(=C(C=C1SC#N)[N+](=O)[O-])N,QUWHIBBGKKRYFW-UHFFFAOYSA-N
4788,C1=CC(=CC=C1CCC(=O)C2=C(C=C(C=C2O)O)O)O,VGEREEWJJVICBM-UHFFFAOYSA-N
27882,CC1=C(C=C(C=C1)N)OC,ONADZNBSLRAJFW-UHFFFAOYSA-N
11764,C1=CC2=C(C(=C1)[N+](=O)[O-])C(=CC=C2)[N+](=O)[O-],AVCSMMMOCOTIHF-UHFFFAOYSA-N
6528,CC1=CC=C(C=C1)OP(=O)(OC2=CC=CC=C2)OC3=CC=CC=C3,OJUZRFGUKHQNJX-UHFFFAOYSA-N
7571,COC1=CC=C(C=C1)NC2=CC=C(C=C2)OC,VCOONNWIINSFBA-UHFFFAOYSA-N
16719,C1=CC=C2C(=C1)C(=CC=C2N)N,OKBVMLGZPNDWJK-UHFFFAOYSA-N
11796,C1=CC=C2C(=C1)C(=O)C3=C(C2=O)C=C(C=C3)O,GCDBEYOJCZLKMC-UHFFFAOYSA-N
2737408,CC(C)(C)OC(=O)C1=CC(=CC=C1)N,YGIRNXMYJLWFLH-UHFFFAOYSA-N
17279,C1=CC=C2C(=C1)C=C(C3=CC=CC=C23)C#N,CWFIYYOQYVYBPW-UHFFFAOYSA-N
17599,C1=CC=C2C(=C1)C3=C4C2=CC=CC4=C(C=C3)N,VHGJAFIHUSTRGB-UHFFFAOYSA-N
17819,CC1=C(C=CC(=C1)O)N,QGNGOGOOPUYKMC-UHFFFAOYSA-N
95717,C1CC2=C(C=C3C=CC4=C5C3=C2C=CC5=CC=C4)C(=O)C1,AIGDHFJPKNZUOR-UHFFFAOYSA-N
135408753,C1=CC=C2C(=C1)C(=O)NC=N2,QMNUDYFKZYBWQX-UHFFFAOYSA-N
10607,COC1=CC(=CC(=C1OC)OC)[C@H]2[C@@H]3[C@H](COC3=O)[C@H](C4=CC5=C(C=C24)OCO5)O,YJGVMLPVUAXIQN-XVVDYKMHSA-N
11309,C1=CC=C2C(=C1)C=C(C3=CC=CC=C23)Br,RSQXKVWKJVUZDG-UHFFFAOYSA-N
69908,CC(=O)C1=CC2=C(C=C1)C3=CC=CC=C3C2,IBASEVZORZFIIH-UHFFFAOYSA-N
6724,C1=CC2=C3C(=C1)C(=O)C(=O)C3=CC=C2,AFPRJLBZLPBTPZ-UHFFFAOYSA-N
3884,CC(=CCC1=C(C2=CC=CC=C2C(=O)C1=O)O)C,CWPGNVFCJOPXFB-UHFFFAOYSA-N
7018,C1C2=CC=CC=C2C(=O)C3=CC=CC=C31,RJGDLRCDCYRQOQ-UHFFFAOYSA-N
74867,CC(=O)C1=CC2=C(C=CC3=CC=CC=C32)C=C1,JKVNPRNAHRHQDD-UHFFFAOYSA-N
74062,C1=CC=C2C(=C1)C=C3C=CC=CC3=C2Br,ZIRVQSRSPDUEOJ-UHFFFAOYSA-N
78490,C1=CC=C2C(=C1)C(=NN=C2Cl)Cl,ODCNAEMHGMYADO-UHFFFAOYSA-N
14586,C1=CC=C2C(=C1)C=C3C=CC=CC3=C2C#N,KEQZHLAEKAVZLY-UHFFFAOYSA-N
73848,C1=CC=C2C(=C1)C=C3C=CC=CC3=C2CO,JCJNNHDZTLRSGN-UHFFFAOYSA-N
9164,C1=CC=C2C=C3C4=CC=CC=C4C5=CC=CC=C5C3=CC2=C1,RAASUWZPTOJQAY-UHFFFAOYSA-N
15529,C1=CC=C(C=C1)N=NC2=CC=C(C=C2)O,BEYOBVMPDRKTNR-UHFFFAOYSA-N
1539,C1C2=CC=CC=C2C3=C1C=C(C=C3)N,CFRFHWQYWJMEJN-UHFFFAOYSA-N
14589,C1CC2=CC=CC=C2C(=O)C3=CC=CC=C31,BMVWCPGVLSILMU-UHFFFAOYSA-N
5377323,C1=CC=C(C=C1)C(=O)/C=C/C2=CC=C(C=C2)[N+](=O)[O-],WDZGGAFMGIOIQS-DHZHZOJOSA-N
70425,CC(C)(C)C1=CC=C(C=C1)OP(=O)(OC2=CC=CC=C2)OC3=CC=CC=C3,ULGAVXUJJBOWOD-UHFFFAOYSA-N
34697,CC(C)CCCCCCCOP(=O)(OC1=CC=CC=C1)OC2=CC=CC=C2,RYUJRXVZSJCHDZ-UHFFFAOYSA-N
26176,CC(CCl)OP(=O)(OC(C)CCl)OC(C)CCl,KVMPUXDNESXNOH-UHFFFAOYSA-N
6527,CC1=CC=CC=C1OP(=O)(OC2=CC=CC=C2C)OC3=CC=CC=C3C,YSMRWXYRXBRSND-UHFFFAOYSA-N
7263,C1=CC(=C(C=C1Cl)N)N,BXIXXXYDDJVHDL-UHFFFAOYSA-N
8425,C1=CC=C(C=C1)CC2=C(C=CC(=C2)Cl)O,NCKMMSIFQUPKCK-UHFFFAOYSA-N
10680,C1=CC=C(C=C1)C2=CC(=O)C3=CC=CC=C3O2,VHBFFQKBGNRLFZ-UHFFFAOYSA-N
7381,CC(C)(C)C1=CC(=C(C=C1)O)O,XESZUVZBAMCAEJ-UHFFFAOYSA-N
6623,CC(C)(C1=CC=C(C=C1)O)C2=CC=C(C=C2)O,IISBACLAFKSPIT-UHFFFAOYSA-N
3220,CC1=CC2=C(C(=C1)O)C(=O)C3=C(C2=O)C=C(C=C3O)O,RHMXXJGYXNZAPX-UHFFFAOYSA-N
10868,C1CCC(CC1)N=C=NC2CCCCC2,QOSSAOTZNIDXMA-UHFFFAOYSA-N
16682746,CCCC[Sn](CCCC)(CCCC)O[Sn](CCCC)(CCCC)CCCC,APQHKWPGGHMYKJ-UHFFFAOYSA-N
7564,C1=CC=C(C=C1)NC2=CC=C(C=C2)N,ATGUVEKSASEFFO-UHFFFAOYSA-N
7247,CC1=CC(=C(C=C1)C)C,GWHJZXXIDMPWGX-UHFFFAOYSA-N
7471,CC1=CC=C(C=C1)N(C)C,GYVGXEWAOAAJEU-UHFFFAOYSA-N
31357,CCCCOP(=O)(OCCCC)OCCCC,STCOOQWBFONSKY-UHFFFAOYSA-N
7813,CC1=CC=C(C=C1)N,RZXMPPFPUUCRFN-UHFFFAOYSA-N
3286,CCOP(=S)(OCC)SCSP(=S)(OCC)OCC,RIZMRRKBZQXFOY-UHFFFAOYSA-N
137319701,CC(C)(C)C1=CC(=CC(=C1O)C(C)(C)C)/C=C\2/C(=O)NC(=N)S2.CS(=O)(=O)O,BAZGFSKJAVQJJI-CHHCPSLASA-N
9865514,CC1=CC2=C3C(=C1)C(=N[C@H](C(=O)N3CC2)NC(=O)C4=CC=NC=C4)C5=CC=CC=C5,KYFWUBJMTHVBIF-QFIPXVFZSA-N
9799979,CCC1=NN(C2=C1C=CC(=C2)C3(CCC(CC3)C(=O)O)C#N)C4CCCCC4,PRUGWHGQBHEDAX-UHFFFAOYSA-N
9831581,CCOC1=NC2=C(C=C1)NC=C(C2=O)C(=O)NCC3=CC=CC=C3,DGFVZQGXKQCQGK-UHFFFAOYSA-N
10483134,CCN1CCC2(CC1)COC3=C2C=C4C(=C3)CCN4C(=O)C5=CC=C(C=C5)C6=C(C=C(C=C6)C7=NN=C(O7)C)C.Cl,LVCMHQCPNBYOGQ-UHFFFAOYSA-N
15981450,CC1=CC2=C(C=C1C(F)(F)F)N(CC2)C(=O)NC3=CN=C(C=C3)OC4=C(N=CC=C4)C.Cl,OOOGUILTDUSZPA-UHFFFAOYSA-N
153939,C1[C@H](C2=C(O1)C=C(C=C2)OCC3=CC=CC=C3)N(C(=O)N)O,FYAQEFBDKOWIIL-CQSZACIVSA-N
9931156,C1=CC=C(C=C1)OC2=NC=CC(=N2)C3=C(N=CN3C(CO)CO)C4=CC=C(C=C4)F,ZDKIAVFEUPUCMR-UHFFFAOYSA-N
10233356,CCC1=C(C=CC(=C1)SCC2=C(N=C(S2)C3=CC=C(C=C3)C(F)(F)F)CN4CCN(CC4)C5=CC=C(C=C5)OC)OCC(=O)O,CESIUPFUCGHEPP-UHFFFAOYSA-N
53316396,C1=CC(=CC(=C1)C2=N[N-]C(=N2)C(=O)N)C3=C(C=CC(=C3)F)OCC(C(F)(F)F)(F)F.O.[K+],HEJCGNRJBFSGRM-UHFFFAOYSA-M
9865233,CC(C)(C1=NC2=NC=C(N2N=C1)C3=CC(=C(C=C3)F)C4=C(C=CC=C4F)C#N)O,PCZLQMGFNUNVOM-UHFFFAOYSA-N
9882837,C1C2C(C3=C1C=C(C=C3)Cl)(N=C(S2)C4=CC=CC=C4)O,RUBKYBIDEVUTQU-UHFFFAOYSA-N
60196402,CN(C)C(=O)NC1(CCN(CC1)CC[C@]2(CN(CCO2)C(=O)C3=CC=CC=C3)C4=CC(=C(C=C4)F)F)C5=CC=CC=C5.Cl,CUYCXSCEWNTJEZ-WAQYZQTGSA-N
60196403,COC1=CC=CC(=C1)C2=C(C=C(C=C2)/C=C\CN3CCCCCC3)Cl.Cl,PUFYTIICXQIWOC-CFYXSCKTSA-N
9954540,C1CCN[C@@H](C1)[C@H](C2=CC=CC=C2)NC(=O)C3=C(C(=CC=C3)C(F)(F)F)Cl,MEZRZVWPLXVLSO-WMZOPIPTSA-N
138394832,CN(C)C(=O)C1(CCN(CC1)CC[C@]2(CN(CCO2)C(=O)C3=CC=CC=C3)C4=CC(=C(C=C4)Cl)Cl)N5CCCCC5.Cl,WOWWMEJZBIHYNI-UCRKPPETSA-N
9849616,CCC1=C(N(N=C1C(=O)NN2CCCCC2)C3=C(C=C(C=C3)Cl)Cl)C4=CC=C(C=C4)Br,HMXDWDSNPRNUKI-UHFFFAOYSA-N
9895468,CN(C)C(=O)[C@@H]1C[C@H](CN1[C@]2(C3=C(C=CC(=C3)Cl)N(C2=O)S(=O)(=O)C4=C(C=C(C=C4)OC)OC)C5=CC=CC=C5OC)O,NJXZWIIMWNEOGJ-WEWKHQNJSA-N
53316382,C1=CC(=CC(=C1)F)CN2C3=C(C=C(C=C3)F)C=C2C(=O)NC4=CC5=C(C=C4)NC=C5,OCSHTBUKRNOLMC-UHFFFAOYSA-N
9872438,CC(C)C1=C2C(=CC(=C1)OC)S(=O)(=O)N(C2=O)COC3=CC(=O)N4C=CC=C(C4=N3)OCCN5CCCCC5,DRZXDZYWZSKFDL-UHFFFAOYSA-N
60196406,CC1=CC(=C2C(=C1)C=C(N2CC(=O)O)C(=O)NC3=NC(=C(S3)CCC4CCCCC4)C5=CC(=C(C=C5OC)Cl)OC)C.C(=O)(C(F)(F)F)O,UJGBTZUTZSMGCO-UHFFFAOYSA-N
24852044,CC[C@@H](C1=CC=CC=C1)NC(=O)C2=C(C=CC(=C2)F)[N-]S(=O)(=O)C3=CC=CC4=C3N=CC=C4.[Na+],USXOYRFFKSZUAN-BOXHHOBZSA-M
10201497,COC1=CC=C(C=C1)C(=O)NC2=NC3=CC=CC=C3C(=C2C#N)NCC4=CC=CC=C4,FFHQNQNMELQOEF-UHFFFAOYSA-N
60196408,CCN(CC1=CN=CC=C1)C(=O)C2=C(C(=CC=C2)Cl)[C@]3(C4=C(C=CC(=C4)Cl)N(C3=O)CC5=C(C=C(C=C5)OC)OC)C.Cl,DRQOXZJWZHECAP-MGDILKBHSA-N
60196411,CC(=O)NC1(CCN(CC1)CC[C@]2(CN(C(=O)CO2)C3=CC=CC=C3)C4=CC(=C(C=C4)Cl)Cl)C5=CC(=CC=C5)F.C(CC(=O)O)C(=O)O,XGCWGIQCKROJJU-YNMZEGNTSA-N
25099474,CC1=CN(C2=C1C=C(C=C2)F)NC(=O)C3=CN=C(N=C3C)C4=CC=CC=N4,YNVKAENVJKEMOU-UHFFFAOYSA-N
44578765,CCOC1=CC=CC(=C1)N2C=C(N=C2C3=CC=C(C=C3)C)C(=O)N4CCN(CC4)C5=CC6=CC=CC=C6C(=C5)C(=O)[O-].[Na+],KQJNPHDTBVUCDU-UHFFFAOYSA-M
5018304,C1=CC=C(C(=C1)CC(=O)[O-])NC2=C(C=CC=C2Cl)Cl.[Na+],KPHWPUGNDIVLNH-UHFFFAOYSA-M
23674889,CCC1(C(=O)NC(=NC1=O)[O-])C2=CC=CC=C2.[Na+],WRLGYAWRGXKSKG-UHFFFAOYSA-M
61253,CCCCCCCCOC(=O)C1=CC(=C(C(=C1)O)O)O,NRPKURNSADTHLJ-UHFFFAOYSA-N
3034368,C(CNC(=S)[S-])NC(=S)[S-].C(CNC(=S)[S-])NC(=S)[S-].[Mn+2].[Zn+2],CHNQZRKUZPNOOH-UHFFFAOYSA-J
6537,CCCCC(CC)COP(=O)(OCC(CC)CCCC)OCC(CC)CCCC,GTVWRXDRKAHEAD-UHFFFAOYSA-N
7184,CCCCOC(=O)C1=CC=C(C=C1)O,QFOHBWFCKVYLES-UHFFFAOYSA-N
62459,CCCCCCCCCCCCN1CCCC1=O,NJPQAIBZIHNJDO-UHFFFAOYSA-N
71245,CCOC1=CC=C(C=C1)C(C)(C)COCC2=CC(=CC=C2)OC3=CC=CC=C3,YREQHYQNNWYQCJ-UHFFFAOYSA-N
2374,CC(C)(C)C1=CC(=C(C=C1O)C(C)(C)C)O,JZODKRWQWUWGCD-UHFFFAOYSA-N
441325,CCCCC1=C(C2=CC=CC=C2O1)C(=O)C3=CC(=C(C(=C3)I)OCCN(CC)CC)I.Cl,ITPDYQOUSLNIHG-UHFFFAOYSA-N
93118,CC(C1=CC=C(C=C1)O)(C2=CC=C(C=C2)O)C3=CC=C(C=C3)O,BRPSWMCDEYMRPE-UHFFFAOYSA-N
4807,C1=CC=C(C(=C1)C=O)C=O,ZWLUXSQADUDCSB-UHFFFAOYSA-N
16682828,CCCC[Sn](CCCC)(CCCC)OC(=O)C(=C)C,LPUCKLOWOWADAC-UHFFFAOYSA-M
2812,C1=CC=C(C=C1)C(C2=CC=CC=C2)(C3=CC=CC=C3Cl)N4C=CN=C4,VNFPBHJOKIVQEB-UHFFFAOYSA-N
27195,C1=CC=C(C=C1)NC(=O)C2=CC=CC=C2I,LJOZMWRYMKECFF-UHFFFAOYSA-N
6950,CCC(C)C1=C(C(=CC(=C1)[N+](=O)[O-])[N+](=O)[O-])O,OWZPCEFYPSAJFR-UHFFFAOYSA-N
18992283,C1CCC2=NC3=C(CN2CC1)C(=CC(=C3)Cl)Cl.Cl,KPVQNWQDBLOUQW-UHFFFAOYSA-N
54687772,CC1=CC(=C(C=C1CO)C(C)(C)C)SC2=C(C[C@@](OC2=O)(CCC3=CC=C(C=C3)N)C(C)C)O,ZUBPKHVCBGWWGO-NDEPHWFRSA-N
10021362,C1CN(CCC1(C2=CC=C(C=C2)F)O)[C@@H]3COC4=C([C@@H]3O)C=CC(=C4)O,JGYVZUCCBOVDJE-MJGOQNOKSA-N
9984487,CC1=CC(=CC2=C1NC(=O)CC2(C)C)CCN3CCN(CC3)C4=NSC5=CC=CC=C54.CS(=O)(=O)O,SRGGJELKHPOIIN-UHFFFAOYSA-N
9935274,CC1=NC=CN1C2=CC=C(C=C2)SC3=CC=CC(=C3)C4(CCOCC4)C(=O)N.CS(=O)(=O)O,WRQQAESBKZTAFL-UHFFFAOYSA-N
9839190,CNCC1=CC=C(C=C1)NC(=O)C2=CNC3=C2C(=O)CCC3,XFJIYNUISLDNLP-UHFFFAOYSA-N
6914152,CN1CCN(CC1)C2=CC=CC=C2/C=C\3/C(=O)N(CCS3)C4=CC(=C(C=C4)Cl)Cl,LHYMPSWMHXUWSK-STZFKDTASA-N
10407399,CC(C)(C1=CC=C(C=C1)CNC(=O)C2=C(N=CC=C2)OC3=CC=C(C=C3)F)O,UHBUSMAHWHZQKS-UHFFFAOYSA-N
10145345,CC[C@@H]1C[C@@H](C2=C(N1C(=O)OC(C)C)C=CC(=C2)C(F)(F)F)N(CC3=CC(=CC(=C3)C(F)(F)F)C(F)(F)F)C(=O)C,TUPKOWFPVAXQFP-OFNKIYASSA-N
9888347,CC[C@H]1CC[C@@H]([C@@H](N1)C2=CC=CC=C2)NCC3=CC4=C(C=C3OC)[C@H]5C[C@H]5C(=O)N4C,KDGDTPNBDMVKHC-XIAWMOHYSA-N
135430996,CCCOC1=C(C=C(C=C1)S(=O)(=O)N2CCN(CC2)CC)C3=NC4=C(N(N=C4C(=O)N3)CC5=CC=CC=N5)CC,NIBCDDKWFDEBEP-UHFFFAOYSA-N
9949821,CC(C)C1=NN=C2N1C=C(C=C2)C3=C(N=CO3)C4=C(C=CC(=C4)F)F,UACOXBQBNWQWOK-UHFFFAOYSA-N
5724,C1=CC2=C(C=C1Cl)N(C(=O)N(C2=O)CC3=C(C=C(C=C3)Br)F)CC(=O)O,SXONDGSPUVNZLO-UHFFFAOYSA-N
53316393,C1[C@@H](C=C[C@@H]1OC2=CC=CC(=C2)OC3=CC=C(C=C3)F)N(C(=O)N)O,CJFQUWMJNVTKDJ-DYVFJYSZSA-N
9885850,C1=C2C(C(=O)N(C2=CC(=C1F)Cl)C(=O)N)C(=O)C3=CC(=CS3)Cl,TVBUSVDXSSKDSK-UHFFFAOYSA-N
9867257,C1CCC(C1)(C2=CC3=C(C=C2)[C@@H]([C@H](CO3)CC4=CC=C(C=C4)C5=CC=CC=C5)O)C(=O)O,KMNLXCBYBKHKSK-BKMJKUGQSA-N
5591,CC1=C(C2=C(CCC(O2)(C)COC3=CC=C(C=C3)CC4C(=O)NC(=O)S4)C(=C1O)C)C,GXPHKUHSUJUWKP-UHFFFAOYSA-N
53316398,CN1CCN([C@H](C1)C2=CC=C(C=C2)F)CC3=CC(=CO3)C4=CC5=C(C=C4)NC(=O)O5.O.Cl,BQBQAWXALAGUIW-GHVWMZMZSA-N
17520,C1=CC=C2C(=C1)C(=O)NS2,DMSMPAJRVJJAGA-UHFFFAOYSA-N
31222,C1=CC=C(C=C1)NNC2=CC=CC=C2,YBQZXXMEJHZYMB-UHFFFAOYSA-N
60560,CCC1=CN=C(C=C1)CCOC2=CC=C(C=C2)CC3C(=O)NC(=O)S3.Cl,GHUUBYQTCDQWRA-UHFFFAOYSA-N
22206,CCNC1=NC(=NC(=N1)Cl)NC(C)(C)C,FZXISNSWEXTPMF-UHFFFAOYSA-N
20279,C1[C@@H]([C@H](O[C@H]1N2C=NC3=C(N=C(N=C32)Cl)N)CO)O,PTOAARAWEBMLNO-KVQBGUIXSA-N
12358480,C1[C@@H]2[C@@H]3[C@H]([C@H]1[C@H]4[C@@H]2O4)[C@@]5(C(=C([C@]3(C5(Cl)Cl)Cl)Cl)Cl)Cl,DFBKLUNHFCTMDC-GKRDHZSOSA-N
21387,C1=CC2=C3C(=C1)C=CC4=C(C=CC(=C43)C=C2)O,BIJNHUAPTJVVNQ-UHFFFAOYSA-N
1345,CCC(C)N(C)C(=O)C1=CC2=CC=CC=C2C(=N1)C3=CC=CC=C3Cl,RAVIZVQZGXBOQO-UHFFFAOYSA-N
11285653,CO/C=C(\C1=CC=CC=C1COC2=CC=CC(=N2)C(F)(F)F)/C(=O)OC,IBSNKSODLGJUMQ-SDNWHVSQSA-N
96088,C1C2=C(C=C(C=C2)O)C3=CC=CC=C31,PVUBSZGNXLNTLX-UHFFFAOYSA-N
833466,C=CCC1=C(C=CC(=C1)S(=O)(=O)C2=CC(=C(C=C2)O)CC=C)O,MTMKZABGIQJAEX-UHFFFAOYSA-N
11723708,CC(C)C1=C(C(=CC=C1)C(C)C)N2C(=O)C3=C(C2=O)C=C(C=C3)O,LAKWINYVWJPHQW-UHFFFAOYSA-N
86296,CC#CC1=NC(=NC(=C1)C)NC2=CC=CC=C2,CIFWZNRJIBNXRE-UHFFFAOYSA-N
9839306,CC1=C(C(=O)CC1OC(=O)C2C(C2(C)C)C=C(C)C)CC#C,SMKRKQBMYOFFMU-UHFFFAOYSA-N
65067,C1=CSC(=C1)C2=CC=C(S2)C3=CC=CS3,KXSFECAJUBPPFE-UHFFFAOYSA-N
3033865,CCOC(=O)C1=NN(C(=N1)C(Cl)(Cl)Cl)C2=C(C=C(C=C2)Cl)Cl,GMBRUAIJEFRHFQ-UHFFFAOYSA-N
76302,C1=CC(=CC=C1C(C2=CC=C(C=C2)O)C(Cl)(Cl)Cl)O,IUGDILGOLSSKNE-UHFFFAOYSA-N
7551,C1=CC(=CC(=C1)Cl)NC(=O)OCC#CCCl,MCOQHIWZJUDQIC-UHFFFAOYSA-N
5281162,CCCCC/C=C\C=C\C(=O)OCC,OPCRGEVPIBLWAY-QNRZBPGKSA-N
66461,CCCCC(CN1C=NC=N1)(C2=C(C=C(C=C2)Cl)Cl)O,STMIIPIFODONDC-UHFFFAOYSA-N
8433,C1=CC=C(C=C1)C(=O)CC(=O)C2=CC=CC=C2,NZZIMKJIVMHWJC-UHFFFAOYSA-N
34469,CCCN(CCC)C1=C(C=C(C(=C1[N+](=O)[O-])N)C(F)(F)F)[N+](=O)[O-],RSVPPPHXAASNOL-UHFFFAOYSA-N
182951,CCOC(=O)COC1=C(C=C(C(=C1)C2=NN(C(=C2Cl)OC(F)F)C)F)Cl,APTZNLHMIGJTEW-UHFFFAOYSA-N
91753,CC(COC1=CC=C(C=C1)OC2=CC=CC=C2)OC3=CC=CC=N3,NHDHVHZZCFYRSB-UHFFFAOYSA-N
91768,CC(C)[C@H](C(=O)OC(C#N)C1=CC(=CC=C1)OC2=CC=CC=C2)NC3=C(C=C(C=C3)C(F)(F)F)Cl,INISTDXBRIBGOC-XMMISQBUSA-N
107720,COC(=O)[C@]12CC3=C(C1=NN(CO2)C(=O)N(C4=CC=C(C=C4)OC(F)(F)F)C(=O)OC)C=CC(=C3)Cl,VBCVPMMZEGZULK-NRFANRHFSA-N
17533,C1=CC(=CC=C1C(CO)C2=CC=C(C=C2)Cl)Cl,ZVIDYKRNLNAXFT-UHFFFAOYSA-N
12932,CC(C)OP(=S)(OC(C)C)SCCNS(=O)(=O)C1=CC=CC=C1,RRNIZKPFKNDSRS-UHFFFAOYSA-N
25152,C1=CC=C2C(=C1)C(=O)C(C2=O)C3=NC4=CC=CC=C4C(=C3O)Br,DVBLPJWQXDCAKU-UHFFFAOYSA-N
7555,C=CCOC1=NC(=NC(=N1)OCC=C)OCC=C,BJELTSYBAHKXRW-UHFFFAOYSA-N
14994,CC(C)(C)C1=C(C(=CC(=C1)[N+](=O)[O-])[N+](=O)[O-])O,IIPZYDQGBIWLBU-UHFFFAOYSA-N
38779,CCCSP(=O)(OCC)OC1=C(C=C(C=C1)Br)Cl,QYMMJNLHFKGANY-UHFFFAOYSA-N
6327657,C1=CC=C(C=C1)[Sn](C2=CC=CC=C2)C3=CC=CC=C3.O,NRHFWOJROOQKBK-UHFFFAOYSA-N
91766,C1=CC(=C(C(=C1)F)C(=O)NC(=O)NC2=C(C=C(C=C2)OC3=C(C=C(C=C3)C(F)(F)F)Cl)F)F,RYLHNOVXKPXDIP-UHFFFAOYSA-N
11402127,[N+](=O)(O)[O-].[N+](=O)(O)[O-].[Cd],OQWUFYSTEGTOID-UHFFFAOYSA-N
61719,CC(C)NC1=C2C(=C(C=C1)NC(C)C)C(=O)C3=CC=CC=C3C2=O,BLFZMXOCPASACY-UHFFFAOYSA-N
13940,C1C2C(COS(=O)(=O)O1)C3(C(=C(C2(C3(Cl)Cl)Cl)Cl)Cl)Cl,AAPVQEMYVNZIOO-UHFFFAOYSA-N
10342051,CC(C)[C@@H](C1=CC=C(C=C1)Cl)C(=O)O[C@H](C#N)C2=CC(=CC=C2)OC3=CC=CC=C3,NYPJDWWKZLNGGM-RPWUZVMVSA-N
8227,CCCCC(CC)CN1C(=O)C2C3CC(C2C1=O)C=C3,WLLGXSLBOPFWQV-UHFFFAOYSA-N
9862076,CC1=CC=C(C=C1)C2=C(N=C(N2S(=O)(=O)N(C)C)C#N)Cl,YXKMMRDKEKCERS-UHFFFAOYSA-N
25912,CN(C(=O)NC1=CC(=C(C=C1)Br)Cl)OC,NLYNUTMZTCLNOO-UHFFFAOYSA-N
25146,CCOP(=S)(OCC)SC(CCl)N1C(=O)C2=CC=CC=C2C1=O,MUMQYXACQUZOFP-UHFFFAOYSA-N
86138,C1=CC=C(C=C1)C(CCC2=CC=C(C=C2)Cl)(CN3C=NC=N3)C#N,RQDJADAKIFFEKQ-UHFFFAOYSA-N
5383,CC(C)(C)C1=NN=C(S1)N(C)C(=O)NC,HBPDKDSFLXWOAE-UHFFFAOYSA-N
15766,CSC1=C(C(=C(C(=C1Cl)Cl)Cl)Cl)Cl,LGZZJTIUEJNNKV-UHFFFAOYSA-N
443048,CCCCCOC(=O)COC1=C(C=C(C(=C1)N2C(=O)C3=C(C2=O)CCCC3)F)Cl,IRECWLYBCAZIJM-UHFFFAOYSA-N
91776,CC(C)CC1=C(C(=NC(=C1C(=O)OC)C(F)F)C(F)(F)F)C2=NCCS2,YIJZJEYQBAAWRJ-UHFFFAOYSA-N
11048796,CO/N=C(\C1=CC=CC=C1OC2=C(C(=NC=N2)OC3=CC=CC=C3Cl)F)/C4=NOCCO4,UFEODZBUAFNAEU-NLRVBDNBSA-N
3032581,C(CNC(=S)[S-])NC(=S)[S-].[Mn+2],YKSNLCVSTHTHJA-UHFFFAOYSA-L
39223,CCOP(=S)(OCC)OC1=NN(C(=N1)Cl)C(C)C,XRHGWAGWAHHFLF-UHFFFAOYSA-N
1787910,C/C=C/C=C/CCCCCCCO,CSWBSLXBXRFNST-MQQKCMAXSA-N
7430,C1=C(C=C(C(=C1Cl)N)Cl)[N+](=O)[O-],BIXZHMJUSMUDOQ-UHFFFAOYSA-N
3391107,C1=CC(=CC=C1OC2=C3C(=CC(=CC3=NC=C2)Cl)Cl)F,WRPIRSINYZBGPK-UHFFFAOYSA-N
5372405,CCNP(=S)(OC)O/C(=C/C(=O)OC(C)C)/C,BZNDWPRGXNILMS-VQHVLOKHSA-N
91699,CCCOCC(=NC1=C(C=C(C=C1)Cl)C(F)(F)F)N2C=CN=C2,HSMVPDGQOIQYSR-UHFFFAOYSA-N
176879,CC(C)OC(=O)NNC1=C(C=CC(=C1)C2=CC=CC=C2)OC,VHLKTXFWDRXILV-UHFFFAOYSA-N
39385,CC(C)(C)C(=O)C(N1C=NC=N1)OC2=CC=C(C=C2)Cl,WURBVZBTWMNKQT-UHFFFAOYSA-N
6436605,CC(C)(C)C(/C(=C\C1=C(C=C(C=C1)Cl)Cl)/N2C=NC=N2)O,FBOUIAKEJMZPQG-AWNIVKPZSA-N
2912,CC1(C(C1C(=O)OC(C#N)C2=CC(=CC=C2)OC3=CC=CC=C3)C=C(Cl)Cl)C,KAATUXNTWXVJKI-UHFFFAOYSA-N
54745,CCCCCCC(C)OC(=O)COC1=NC(=C(C(=C1Cl)N)Cl)F,OLZQTUCTGLHFTQ-UHFFFAOYSA-N
9576412,CC1=NN(C(=C1/C=N/OCC2=CC=C(C=C2)C(=O)OC(C)(C)C)OC3=CC=CC=C3)C,YYJNOYZRYGDPNH-MFKUBSTISA-N
5889665,COC1=C(C=C(C=C1)/C(=C/C(=O)N2CCOCC2)/C3=CC=C(C=C3)Cl)OC,QNBTYORWCCMPQP-NBVRZTHBSA-N
25127,CCOC(=O)C1=CC=C(C=C1)N(C)C,FZUGPQWGEGAKET-UHFFFAOYSA-N
5803450,CCC(=O)/C=C/C1=CC=C(C=C1)OC,SLDQOBRACOQXGE-QPJJXVBHSA-N
31677,CCCCOCN(C1=C(C=CC=C1CC)CC)C(=O)CCl,HKPHPIREJKHECO-UHFFFAOYSA-N
122087,CCC(C)(C(=O)CCl)NC(=O)C1=CC(=C(C(=C1)Cl)C)Cl,SOUGWDPPRBKJEX-UHFFFAOYSA-N
86367,CC1=CC(=NC(=N1)NC2=CC=CC=C2)C3CC3,HAORKNGNJCEJBX-UHFFFAOYSA-N
9959038,CC[C@@H]1[C@H](CC[C@@]2(O1)C[C@@H]3C[C@H](O2)C/C=C(/C[C@H](/C=C/C=C/4\CO[C@H]5[C@@]4([C@@H](C=C([C@H]5O)C)C(=O)O3)O)C)\C)C,VOZIAWLUULBIPN-LRBNAKOISA-N
3317081,C1=CC=C(C(=C1)C2C(O2)(CN3C=NC=N3)C4=CC=C(C=C4)F)Cl,ZMYFCFLJBGAQRS-UHFFFAOYSA-N
62210,CCN(CC1=C(C=CC=C1Cl)F)C2=C(C=C(C=C2[N+](=O)[O-])C(F)(F)F)[N+](=O)[O-],PWNAWOCHVWERAR-UHFFFAOYSA-N
54778,CC1(CON(C1=O)CC2=CC=CC=C2Cl)C,KIEDNEWSYUYDSN-UHFFFAOYSA-N
93516,CCOP(=S)(OC1=CN=C(N=C1)C(C)(C)C)OC(C)C,AWYOMXWDGWUJHS-UHFFFAOYSA-N
29216,CNC(=O)N(C)C1=NC2=CC=CC=C2S1,RRVIAQKBTUQODI-UHFFFAOYSA-N
2724159,CC(=C)[C@H]1CCC(=CC1)C=O,RUMOYJJNUMEFDD-SNVBAGLBSA-N
5284341,C1=CC=C(C=C1)C2=CC=C(C=C2)N.Cl,GUHXYHYUBFCYGJ-UHFFFAOYSA-N
2723622,CCCCNC(=S)NCCCC,KFFQABQEJATQAT-UHFFFAOYSA-N
8268,C1=CC(=CC=C1C(C2=CC=C(C=C2)Cl)(C(Cl)(Cl)Cl)O)Cl,UOAMTSKGCBMZTC-UHFFFAOYSA-N
7693,C1=CC(=CC=C1N=C=O)Cl,ADAKRBAJFHTIEW-UHFFFAOYSA-N
80277,C1=CC(=C(C=C1Cl)Cl)C(CN2C=NC=N2)COC(C(F)F)(F)F,LQDARGUHUSPFNL-UHFFFAOYSA-N
3032472,CC(C)NC1=NC(=NC(=N1)SC)N=[N+]=[N-],AFIIBUOYKYSPKB-UHFFFAOYSA-N
83975,CC(=CC1C(C1(C)C)C(=O)OCN2C(=O)C3=C(C2=O)CCCC3)C,CXBMCYHAMVGWJQ-UHFFFAOYSA-N
153974,CCOC1=C(C=CC(=C1)C(C)(C)C)C2COC(=N2)C3=C(C=CC=C3F)F,IXSZQYVWNJNRAL-UHFFFAOYSA-N
213031,CC1(CCCCC1)C(=O)NC2=C(C(=C(C=C2)O)Cl)Cl,VDLGAVXLJYLFDH-UHFFFAOYSA-N
62829,CC1=C(C(=O)C[C@@H]1OC(=O)[C@@H]2[C@H](C2(C)C)C=C(C)C)CC=C,ZCVAOQKBXKSDMS-PVAVHDDUSA-N
9578570,C/C(=N\OCC1=CC=CC=C1/C(=N/OC)/C(=O)OC)/C2=CC(=CC=C2)C(F)(F)F,ONCZDRURRATYFI-QTCHDTBASA-N
86398,C1=CC(=C2C(=C1)OC(O2)(F)F)C3=CNC=C3C#N,MUJOIMFVNIBMKC-UHFFFAOYSA-N
13218777,C[C@H]1[C@@H](SC(=O)N1C(=O)NC2CCCCC2)C3=CC=C(C=C3)Cl,XGWIJUOSCAQSSV-XHDPSFHLSA-N
135491830,CCC/C(=N\OCC)/C1=C(CC(CC1=O)CC(C)SCC)O,CSPPKDPQLUUTND-NBVRZTHBSA-N
92425,C#CCN1C(=O)COC2=CC(=C(C=C21)N3C(=O)C4=C(C3=O)CCCC4)F,FOUWCSDKDDHKQP-UHFFFAOYSA-N
21804,CCOP(=O)(OCC)OC1=NC(=C(C=C1Cl)Cl)Cl,OTMOUPHCTWPNSL-UHFFFAOYSA-N
90462,C1=CC=C2C(=C1)C(=O)N(N=N2)CCl,DIBUQPIFKGWZDT-UHFFFAOYSA-N
30692,C1=CC=C2C(=C1)N=C(S2)SCSC#N,TUBQDCKAWGHZPF-UHFFFAOYSA-N
86429,CC(C)N(C1=CC=C(C=C1)F)C(=O)COC2=NN=C(S2)C(F)(F)F,IANUJLZYFUDJIH-UHFFFAOYSA-N
11097730,C1CC1(C(=O)NC2=C(C=C(C=C2)Cl)Cl)C(=O)O,GLWWLNJJJCTFMZ-UHFFFAOYSA-N
41381,CCN(CC(=C)C)C1=C(C=C(C=C1[N+](=O)[O-])C(F)(F)F)[N+](=O)[O-],PTFJIKYUEPWBMS-UHFFFAOYSA-N
50367,CC(C)N1C(=NC(C)(C)C)SCN(C1=O)C2=CC=CC=C2,PRLVTUNWOQKEAI-UHFFFAOYSA-N
10403199,C[C@@]1(C(=O)N(C(=N1)SC)NC2=CC=CC=C2)C3=CC=CC=C3,LMVPQMGRYSRMIW-KRWDZBQOSA-N
93379,C1=CC=C(C=C1)NC(=O)NC2=CC(=NC=C2)Cl,GPXLRLUVLMHHIK-UHFFFAOYSA-N
20965,CCOP(=S)(OCC)OC1=CC(=C(C=C1Cl)Br)Cl,KWGUFOITWDSNQY-UHFFFAOYSA-N
28999,CCCCC(CC)C(=O)OCCOCCOCCOCCOC(=O)C(CC)CCCC,GYHPTPQZVBYHLC-UHFFFAOYSA-N
86173,CC1COC(O1)(CN2C=NC=N2)C3=C(C=C(C=C3)OC4=CC=C(C=C4)Cl)Cl,BQYJATMQXGBDHF-UHFFFAOYSA-N
33360,CCOC1C(C2=C(O1)C=CC(=C2)OS(=O)(=O)C)(C)C,IRCMYGHHKLLGHV-UHFFFAOYSA-N
22833489,CCC(C(C(CC(C(C(C)Cl)Cl)Cl)Cl)Cl)Cl,ZPSFPNSXYWWGRF-UHFFFAOYSA-N
3352,C1=C(C=C(C(=C1Cl)N2C(=C(C(=N2)C#N)S(=O)C(F)(F)F)N)Cl)C(F)(F)F,ZOCSXAVNDGMNBV-UHFFFAOYSA-N
36565,CCC(C)NC1=C(C=C(C=C1[N+](=O)[O-])C(C)(C)C)[N+](=O)[O-],SPNQRCTZKIBOAX-UHFFFAOYSA-N
6422843,COC(=O)N(C1=CC=CC=C1COC2=NN(C=C2)C3=CC=C(C=C3)Cl)OC,HZRSNVGNWUDEFX-UHFFFAOYSA-N
177863,CCC(C)(C)C(=O)OC1=C(C(=O)OC12CCCCC2)C3=C(C=C(C=C3)Cl)Cl,DTDSAWVUFPGDMX-UHFFFAOYSA-N
213032,CC1(C(=O)N(C(=O)O1)NC2=CC=CC=C2)C3=CC=C(C=C3)OC4=CC=CC=C4,PCCSBWNGDMYFCW-UHFFFAOYSA-N
11826859,CC(C)(C(=O)OCC=C)OC(=O)C1=C(C=CC(=C1)N2C(=O)C=C(N(C2=O)C)C(F)(F)F)Cl,JEDYYFXHPAIBGR-UHFFFAOYSA-N
60490,CC(C1=CC2=CC=CC=C2S1)N(C(=O)N)O,MWLSOWXNZPKENC-UHFFFAOYSA-N
91757,CC(C)CC1=C(C(=NC(=C1C(=O)SC)C(F)(F)F)C(F)F)C(=O)SC,YUBJPYNSGLJZPQ-UHFFFAOYSA-N
47938,CCOC(=O)C(C)OC1=CC=C(C=C1)OC2=NC3=C(O2)C=C(C=C3)Cl,PQKBPHSEKWERTG-UHFFFAOYSA-N
19587,CC(C#C)N(C)C(=O)NC1=CC=C(C=C1)Cl,BYYMILHAKOURNM-UHFFFAOYSA-N
91731,C1=C(C=NC(=C1Cl)NC2=C(C=C(C(=C2[N+](=O)[O-])Cl)C(F)(F)F)[N+](=O)[O-])C(F)(F)F,UZCGKGPEKUCDTF-UHFFFAOYSA-N
86132,CC(C1CC1)C(CN2C=NC=N2)(C3=CC=C(C=C3)Cl)O,UFNOUKDBUJZYDE-UHFFFAOYSA-N
100524,CC1=CC(=C(C=C1)OP(=S)(NC(C)C)OC)[N+](=O)[O-],VHEWQRWLIDWRMR-UHFFFAOYSA-N
51605,CCOC(=O)NCCOC1=CC=C(C=C1)OC2=CC=CC=C2,HJUFTIJOISQSKQ-UHFFFAOYSA-N
61594,C1CCC(C1)C2=C(C=CC(=C2)Cl)O,LZUKCYHMVDGDBK-UHFFFAOYSA-N
86013,CCOC1=CC2=C(C=C1)NC(CC2C)(C)C,YLDDCEXDGNXCIO-UHFFFAOYSA-N
12942137,CCCCCCCCCCCCCCN(CCO)CCO,CPHJEACXPATRSU-UHFFFAOYSA-N
64865,CC(C)(C)C1=CC(=CC(=C1O)C(C)(C)C)CCC(=O)NN,KMWIPXLIKIAZMT-UHFFFAOYSA-N
62379,CCCCCCCCCCCCCC[N+]1=CC=CC=C1.[Br-],HJNAJKBRYDFICV-UHFFFAOYSA-M
87323,C(#N)C1=C(C(=C(C(=N1)Cl)Cl)Cl)Cl,KFPBGJYBKSQIAI-UHFFFAOYSA-N
18193,CO[Si](C)(C1=CC=CC=C1)OC,CVQVSVBUMVSJES-UHFFFAOYSA-N
119193,CCCCCCOC1=C(C(=C(C(=C1)C)O)C)C,ATMNQRRJNBCQJO-UHFFFAOYSA-N
117640,CC(C)(C)OC(=O)C1=CC=C(C=C1)O,WHWMOMRHHQLBQQ-UHFFFAOYSA-N
91683,C1=CC=C(C(=C1)C(C2=CC=C(C=C2)F)(C3=CN=CN=C3)O)Cl,SAPGTCDSBGMXCD-UHFFFAOYSA-N
53672,CCOC(=O)COC(=O)C1=C(C=CC(=C1)OC2=C(C=C(C=C2)C(F)(F)F)Cl)[N+](=O)[O-],IPPAUTOBDWNELX-UHFFFAOYSA-N
91692,C1CCC(C1)N(CC2=CC=C(C=C2)Cl)C(=O)NC3=CC=CC=C3,OGYFATSSENRIKG-UHFFFAOYSA-N
89440,CC1CC(C2=C(C1(C)C)C=C(C(=C2)C(=O)C)C)(C)C,DNRJTBAOUJJKDY-UHFFFAOYSA-N
28768,C1=CC(=CN=C1)C(C2=CC=C(C=C2)Cl)(C3=CC=C(C=C3)Cl)O,NBNTWDUNCHRWMT-UHFFFAOYSA-N
74266,CC(C)OP(=O)(CP(=O)(OC(C)C)OC(C)C)OC(C)C,ODTQUKVFOLFLIQ-UHFFFAOYSA-N
66573,CCN1C2=C(C=C(C=C2)[N+](=O)[O-])C3=CC=CC=C31,WONHLSYSHMRRGO-UHFFFAOYSA-N
2723715,C1=CC2=C(C3=C(C=CC=N3)C=C2)N=C1.O.Cl,NDLHUHRGAIHALB-UHFFFAOYSA-N
91693,CCCC(CN1C=NC=N1)C2=C(C=C(C=C2)Cl)Cl,WKBPZYKAUNRMKP-UHFFFAOYSA-N
6636,C1=CC=C(C=C1)S(=O)(=O)OC2=CC=C(C=C2)Cl,SPJOZZSIXXJYBT-UHFFFAOYSA-N
11488,C1=CC=C(C=C1)[Hg]C2=CC=CC=C2,HWMTUNCVVYPZHZ-UHFFFAOYSA-N
36679,CC(C)C1=CC=C(C=C1)NC(=O)N(C)C,PUIYMUZLKQOUOZ-UHFFFAOYSA-N
15530,C1=C(C=C(C(=C1I)O)I)C#N,NRXQIUSYPAHGNM-UHFFFAOYSA-N
34313,CC1=C(OC(=C1C(=O)NC2=CC=CC=C2)C)C,ZWJNEYVWPYIKMB-UHFFFAOYSA-N
36392,CCCN(CCCl)C1=C(C=C(C=C1[N+](=O)[O-])C(F)(F)F)[N+](=O)[O-],MNFMIVVPXOGUMX-UHFFFAOYSA-N
15969,COC(=O)NC1=CC(=C(C=C1)Cl)Cl,WOZQBERUBLYCEG-UHFFFAOYSA-N
10303,CN(C)C1=CC=C(C=C1)N=NC2=CC=CC=C2C(=O)O,CEQFOVLGLXCDCX-UHFFFAOYSA-N
118703,CCCC1C(=CC(=CN1C2=CC=CC=C2)CC)CC,IAAASXBHFUJLHW-UHFFFAOYSA-N
7348,CCCCCCCCCCCC(=O)N(C)CC(=O)O,BACYUWVYYTXETD-UHFFFAOYSA-N
27295,C1=CC(=CC=C1[N+](=O)[O-])OC2=C(C=C(C=C2)C(F)(F)F)[N+](=O)[O-],HHMCAJWVGYGUEF-UHFFFAOYSA-N
28292,CCOP(=O)(SC1=CC=CC=C1)SC2=CC=CC=C2,AWZOLILCOUMRDG-UHFFFAOYSA-N
37125,CCCSP(=S)(OCC)OC1=CC=C(C=C1)SC,JXHJNEJVUNHLKO-UHFFFAOYSA-N
26033,CCOC(=O)C1=CN2C(=CC(=N2)OP(=S)(OCC)OCC)N=C1C,JOOMJVFZQRQWKR-UHFFFAOYSA-N
803,C1=CC=C2C(=C1)C(=CN2)CC(=O)C(=O)O,RSTKLPZEZYGQPY-UHFFFAOYSA-N
6515,CCO[Si](CC)(OCC)OCC,DENFJSAFJTVPJR-UHFFFAOYSA-N
91593,C1C(O1)CN(CC2CO2)C3=CC=C(C=C3)CC4=CC=C(C=C4)N(CC5CO5)CC6CO6,FAUAZXVRLVIARB-UHFFFAOYSA-N
517383,C1=CC=C(C=C1)C2=CC=CC=C2[O-].O.O.O.O.[Na+],SEVSIOOUCUTMMP-UHFFFAOYSA-M
87391,CCO[Si](CC(C)C)(OCC)OCC,ALVYUZIFSCKIFP-UHFFFAOYSA-N
66609,CC(C)(C)C1=CC(=CC(=C1O)C(C)(C)C)CN(C)C,VMZVBRIIHDRYGK-UHFFFAOYSA-N
1711973,C[C@@H](CCCC(C)(C)OC)C/C=C/C(=C/C(=O)OC(C)C)/C,NFGXHKASABOEEW-GYMWBFJFSA-N
93335,CC(C)CC(C)N(C1=CC=CC=C1)C2=CC=C(C=C2)N,KZTCAXCBXSIQSS-UHFFFAOYSA-N
189821,CC1=N[C@@]2([C@H](O1)C[C@@H]3[C@@]2(C[C@@H]([C@H]4[C@H]3CCC5=CC(=O)C=C[C@]45C)O)C)C(=O)COC(=O)C,FBHSPRKOSMHSIF-GRMWVWQJSA-N
8228,CN(C)CCCN1C2=CC=CC=C2CCC3=CC=CC=C31.Cl,XZZXIYZZBJDEEP-UHFFFAOYSA-N
1548887,CC\1=C(C2=C(/C1=C\C3=CC=C(C=C3)S(=O)C)C=CC(=C2)F)CC(=O)O,MLKXDPUZXIRXEP-MFOYZWKCSA-N
33443,CCC(C)NC1=NC(=NC(=N1)NCC)OC,ZJMZZNVGNSWOOM-UHFFFAOYSA-N
17531,CCOP(=S)(OCC)SCN1C(=O)C2=CC=CC=C2N=N1,RQVGAIADHNPSME-UHFFFAOYSA-N
16116,CC1CCCCC1NC(=O)NC2=CC=CC=C2,JXVIIQLNUPXOII-UHFFFAOYSA-N
13081,CCOP(=S)(OCC)SCSC1=CC=C(C=C1)Cl,VEDTXTNSFWUXGQ-UHFFFAOYSA-N
38884,CCCCC1=C(N=C(N=C1OS(=O)(=O)N(C)C)NCC)C,DSKJPMWIHSOYEA-UHFFFAOYSA-N
1474,C1=CC=NC(=C1)C2=CC=CC=N2,ROFVEXUMMXZLPA-UHFFFAOYSA-N
31957,CCN(CC)C1=NC(=CC(=N1)OP(=S)(OCC)OCC)C,TZBPRYIIJAJUOY-UHFFFAOYSA-N
6694,CCN(CC)C1=CC2=C(C=C1)C(=C3C=CC(=[N+](CC)CC)C=C3O2)C4=CC=CC=C4C(=O)O.[Cl-],PYWVYCXTNDRMGF-UHFFFAOYSA-N
66571,CCOC1=CC(=C(C=C1N2CCOCC2)OCC)[N+](=O)[O-],KNHGNICBXADRMC-UHFFFAOYSA-N
192197,CC[C@H](C1=CC=C(C=C1)O)[C@@H](CC)C2=CC=C(C=C2)O,PBBGSZCBWVPOOL-HDICACEKSA-N
18980,C1=CC=C2C(=C1)C(=NC2=N)N,RZVCEPSDYHAHLX-UHFFFAOYSA-N
6624,CC(C1=CC=C(C=C1)Cl)(C2=CC=C(C=C2)Cl)O,URYAFVKLYSEINW-UHFFFAOYSA-N
15325,C1=CC(=C(C=C1[N+](=O)[O-])[N+](=O)[O-])SC#N,XQDQRCRASHAZBA-UHFFFAOYSA-N
93012,CCCCC(CC)C(C#C)O,CUUQUEAUUPYEKK-UHFFFAOYSA-N
23661981,C1=CC=C2C(=C1)C(=O)C3=C(C2=O)C=C(C=C3)S(=O)(=O)[O-].[Na+],GGCZERPQGJTIQP-UHFFFAOYSA-M
79688,C1=CC=C(C=C1)C2=C(C=C(C=C2)O)Cl,MXORDJXBRHNWBE-UHFFFAOYSA-N
84733,C(COCCS)OCCS,HCZMHWVFVZAHCR-UHFFFAOYSA-N
85821,CCCCCCC(C)NC1=CC=C(C=C1)NC2=CC=CC=C2,JQTYAZKTBXWQOM-UHFFFAOYSA-N
1549133,CC(C)C[C@@H](C(=O)O)NC(=O)OCC1C2=CC=CC=C2C3=CC=CC=C13,CBPJQFCAFFNICX-IBGZPJMESA-N
81346,CCCOC(=O)C1=C(C(=C(C(=C1Cl)Cl)Cl)Cl)C(=O)OCCC,QJRSPJSHRYYBJL-UHFFFAOYSA-N
352309,CCCCCCCCCCCCN(CCO)CCO,NKFNBVMJTSYZDV-UHFFFAOYSA-N
80434,C1=CC(=CC=C1N)OC2=CC(=C(C=C2)N)N,MPKIJEUTPZPJFP-UHFFFAOYSA-N
6867,CC1=CC(=O)OC2=C1C=CC(=C2)N(C)C,GZEYLLPOQRZUDF-UHFFFAOYSA-N
75444,CC[NH+]=C1C=CC(=C(C2=CC=C(C=C2)N(CC)CC)C3=CC=C(C=C3)N(CC)CC)C4=CC=CC=C14.[Cl-],ROVRRJSRRSGUOL-UHFFFAOYSA-N
79633,CC(C)C1=CC2=C(C=C1)SC3=CC=CC=C3C2=O,KTALPKYXQZGAEG-UHFFFAOYSA-N
16143,CCCCCCCC1=CC=C(C=C1)O,KNDDEFBFJLKPFE-UHFFFAOYSA-N
10234,CCC(C)C1=C(C(=CC(=C1)[N+](=O)[O-])[N+](=O)[O-])OC(=O)C=C(C)C,ZRDUSMYWDRPZRM-UHFFFAOYSA-N
51369,CC1=C(C(=CC=C1)C)N(C(C)C(=O)OC)C(=O)CC2=CC=CC=C2,CJPQIRJHIZUAQP-UHFFFAOYSA-N
4578030,CCC1OCC(O1)COC2=CC=C(C=C2)OC3=CC=CC=C3,ZDOOQPFIGYHZFV-UHFFFAOYSA-N
40520,CC(C)OC(=O)C(C)N(C1=CC(=C(C=C1)F)Cl)C(=O)C2=CC=CC=C2,IKVXBIIHQGXQRQ-UHFFFAOYSA-N
19402,C1=CC=C(C=C1)C(C2=CC=C(C=C2)Cl)C(=O)C3C(=O)C4=CC=CC=C4C3=O,UDHXJZHVNHGCEC-UHFFFAOYSA-N
33500,CCCN(CC1CC1)C2=C(C=C(C=C2[N+](=O)[O-])C(F)(F)F)[N+](=O)[O-],ITVQAKZNYJEWKS-UHFFFAOYSA-N
91673,CCC1COC(O1)(CN2C=NC=N2)C3=C(C=C(C=C3)Cl)Cl,DWRKFAJEBUWTQM-UHFFFAOYSA-N
4767,CC(=CC1C(C1(C)C)C(=O)OCC2=CC(=CC=C2)OC3=CC=CC=C3)C,SBNFWQZLDJGRLK-UHFFFAOYSA-N
93365,C[C@@H]1CN(C[C@@H](O1)C)CC(C)CC2=CC=C(C=C2)C(C)(C)C,RYAUSSKQMZRMAI-ALOPSCKCSA-N
5377791,CCOP(=O)(OCC)O/C(=C/Cl)/C1=C(C=C(C=C1)Cl)Cl,FSAVDKDHPDSCTO-XYOKQWHBSA-N
19756,C1=CC=C2C(=C1)NC(=N2)C3=CC=CO3,UYJUZNLFJAWNEZ-UHFFFAOYSA-N
11140605,CCC1=CC=CC(=C1N([C@@H](C)COC)C(=O)CCl)C,WVQBLGZPHOPPFO-LBPRGKRZSA-N
32184,CCOP(=S)(OCC)OC1=NN(C=N1)C2=CC=CC=C2,AMFGTOFWMRQMEM-UHFFFAOYSA-N
91778,CCOCN1C(=C(C(=C1C(F)(F)F)Br)C#N)C2=CC=C(C=C2)Cl,CWFOCCVIPCEQCK-UHFFFAOYSA-N
9570290,CCOP(=S)(OCC)O/N=C(\C#N)/C1=CC=CC=C1,ATROHALUCMTWTB-WYMLVPIESA-N
12309460,C1[C@@H]2[C@H](COS(=O)O1)[C@@]3(C(=C([C@]2(C3(Cl)Cl)Cl)Cl)Cl)Cl,RDYMFSUJUZBWLH-AZVNHNRSSA-N
76716,C1=CC=C2C(=C1)C3=CC=CC=C3C2(C4=CC=C(C=C4)O)C5=CC=C(C=C5)O,YWFPGFJLYRKYJZ-UHFFFAOYSA-N
66491,C1=CC2=C3C(=C1)C(=O)NC(=O)C3=CC=C2,XJHABGPPCLHLLV-UHFFFAOYSA-N
4493,CC1(C(=O)N(C(=O)N1)C2=CC(=C(C=C2)[N+](=O)[O-])C(F)(F)F)C,XWXYUMMDTVBTOU-UHFFFAOYSA-N
181518,[I-].[I-].[Hg+2],YFDLHELOZYVNJE-UHFFFAOYSA-L
5387121,C1=CC=C(C=C1)COC(=O)/N=N/C(=O)OCC2=CC=CC=C2,IRJKSAIGIYODAN-ISLYRVAYSA-N
16834,C1CCOC(C1)N2C=NC3=C(N=CN=C32)NCC4=CC=CC=C4,POFWRMVFWIJXHP-UHFFFAOYSA-N
39230,COC(=O)C1=C(C=CC(=C1)OC2=C(C=C(C=C2)Cl)Cl)[N+](=O)[O-],SUSRORUBZHMPCO-UHFFFAOYSA-N
6669,CC1=C(C(=C(C(=C1[N+](=O)[O-])C(C)(C)C)[N+](=O)[O-])C)C(=O)C,WXCMHFPAUCOJIG-UHFFFAOYSA-N
10568,C(=C(I)I)(I)I,ZGQURDGVBSSDNF-UHFFFAOYSA-N
87019,C1=CN=CC=C1CCCC2=CC=NC=C2,OGNCVVRIKNGJHQ-UHFFFAOYSA-N
118379,CCC(COC(=O)CCS)(COC(=O)CCS)COC(=O)CCS,IMQFZQVZKBIPCQ-UHFFFAOYSA-N
94544,C1=CC=C(C=C1)OC2=CC=CC(=C2)CBr,UJUNUASMYSTBSK-UHFFFAOYSA-N
4320947,C1C(O1)COC2=CC=C(C=C2)C(C3=CC=C(C=C3)OCC4CO4)C5=CC=C(C=C5)OCC6CO6,IGZBSJAMZHNHKE-UHFFFAOYSA-N
671,C1=CC=C2C(=C1)C(=CC(=C2O)C(=O)O)O,VOJUXHHACRXLTD-UHFFFAOYSA-N
92387,CC(C)(C(=O)C1=CC=C(C=C1)SC)N2CCOCC2,LWRBVKNFOYUCNP-UHFFFAOYSA-N
6621,C1=CC=C(C=C1)S(=O)(=O)C2=CC=C(C=C2)Cl,OFCFYWOKHPOXKF-UHFFFAOYSA-N
78435,CC1=CC(=C(C(=C1C(=O)OC)O)C)O,UUQHKWMIDYRWHH-UHFFFAOYSA-N
108381,CC(C)C1N(CCO1)CCOC(=O)NCCCCCCNC(=O)OCCN2CCOC2C(C)C,KQYKAMMEDGWORJ-UHFFFAOYSA-N
243274,CCOC(=O)C(=C(C1=CC=CC=C1)C2=CC=CC=C2)C#N,IAJNXBNRYMEYAZ-UHFFFAOYSA-N
15284,CC(=C)C(=O)OCC(COC1=CC=C(C=C1)C(C)(C)C2=CC=C(C=C2)OCC(COC(=O)C(=C)C)O)O,AMFGWXWBFGVCKG-UHFFFAOYSA-N
62556,C=CC(=O)OCC(COC(=O)C=C)(COC(=O)C=C)COC(=O)C=C,KNSXNCFKSZZHEA-UHFFFAOYSA-N
6772,CCC1=CC2=C(C=C1)C(=O)C3=CC=CC=C3C2=O,SJEBAWHUJDUKQK-UHFFFAOYSA-N
116814,CN(C1CCCCC1)S(=O)(=O)C2=CC=CC=C2N,IPEHSCPRVOWQFQ-UHFFFAOYSA-N
93162,CCCCCC1=CC=C(C=C1)N,DGFTWBUZRHAHTH-UHFFFAOYSA-N
93312,C1=CC(=CC=C1C(=O)OCCCOC(=O)C2=CC=C(C=C2)N)N,YPACMOORZSDQDQ-UHFFFAOYSA-N
86171,CCC(CC1=CC=CC=C1)(C(=O)C2=CC=C(C=C2)N3CCOCC3)N(C)C,UHFFVFAKEGKNAQ-UHFFFAOYSA-N
604152,CC(=C)C1=CC(=CC=C1)C(C)(C)N=C=O,ZVEMLYIXBCTVOF-UHFFFAOYSA-N
74937,C1=CC=C(C=C1)CCCC2=CC=NC=C2,AQIIVEISJBBUCR-UHFFFAOYSA-N
108956,C=CC(=O)OCC(CO)(COCC(COC(=O)C=C)(COC(=O)C=C)COC(=O)C=C)COC(=O)C=C,INXWLSDYDXPENO-UHFFFAOYSA-N
170286,C=CC(=O)OCCN1C(=O)N(C(=O)N(C1=O)CCOC(=O)C=C)CCOC(=O)C=C,YIJYFLXQHDOQGW-UHFFFAOYSA-N
20113,CC(C)(C1=CC(=C(C(=C1)Br)OCCO)Br)C2=CC(=C(C(=C2)Br)OCCO)Br,RVHUMFJSCJBNGS-UHFFFAOYSA-N
18198,CC(C#CC(C)O)O,KDOWHHULNTXTNS-UHFFFAOYSA-N
3005572,CN(C)CCOC1=CC=C(C=C1)/C(=C(/CCCl)\C2=CC=CC=C2)/C3=CC=CC=C3.C(C(=O)O)C(CC(=O)O)(C(=O)O)O,IWEQQRMGNVVKQW-OQKDUQJOSA-N
69765,CC(C)(C)C1=CC(=CC(=C1O)C(C)(C)C)[N+](=O)[O-],FCGKUUOTWLWJHE-UHFFFAOYSA-N
5284462,COP(=O)(OC)O/C(=C\Cl)/C1=CC(=C(C=C1Cl)Cl)Cl,UBCKGWBNUIFUST-YHYXMXQVSA-N
22628,C1=CC=C2C(=C1)C(=O)C3=C(C=C(C(=C3C2=O)N)S(=O)(=O)O)Br,QZZSAWGVHXXMID-UHFFFAOYSA-N
27211,C1C2=CC=CC=C2N(C1=O)C3=C(C=CC=C3Cl)Cl,JCICIFOYVSPMHG-UHFFFAOYSA-N
42981,CCCCCCCCCCCCN1CCCCCC1=O,AXTGDCSMTYGJND-UHFFFAOYSA-N
23690437,CCOC(=S)[S-].[Na+],RZFBEFUNINJXRQ-UHFFFAOYSA-M
6610,CCC(C)(C)C1=CC(=C(C=C1O)C(C)(C)CC)O,CZNRFEXEPBITDS-UHFFFAOYSA-N
60196421,COCCCCCCCCOCCC[Si](C)(O[Si](C)(C)C)O[Si](C)(C)C,HBEMYXWYRXKRQI-UHFFFAOYSA-N
459494,C1=CC=C(C=C1)CCCC2=CC=CC=N2,JJJPNTQYUJPWGQ-UHFFFAOYSA-N
5392,COP(=S)(OC)OC1=CC=C(C=C1)SC2=CC=C(C=C2)OP(=S)(OC)OC,WWJZWCUNLNYYAU-UHFFFAOYSA-N
16683072,CCCC[Sn](CCCC)(CCCC)OC(=O)C=C,YSUXTNDMKYYZPR-UHFFFAOYSA-M
9403,C[C@]12CC[C@H]3[C@H]([C@@H]1CC[C@@H]2OC(=O)CCC4CCCC4)CCC5=C3C=CC(=C5)O,UOACKFBJUYNSLK-XRKIENNPSA-N
68539,CN(C)CCCN1C2=CC=CC=C2CCC3=C1C=C(C=C3)Cl.Cl,WIMWMKZEIBHDTH-UHFFFAOYSA-N
6428555,CCCC/C=C/C=C\C=O,ZHHYXNZJDGDGPJ-MDAAKZFYSA-N
3334,COC(=O)NC1=NC2=C(N1)C=C(C=C2)SC3=CC=CC=C3,HDDSHPAODJUKPD-UHFFFAOYSA-N
41114,CC1=C(C(C(=C(N1)C)C(=O)OCCN(C)CC2=CC=CC=C2)C3=CC(=CC=C3)[N+](=O)[O-])C(=O)OC.Cl,AIKVCUNQWYTVTO-UHFFFAOYSA-N
6291,C[C@]12CC[C@H]3[C@H]([C@@H]1CC[C@]2(C#C)O)CCC4=C3C=CC(=C4)OC,IMSSROKUHAOUJS-MJCUULBUSA-N
5280378,COC1=CC=C(C=C1)C2=COC3=C(C2=O)C=CC(=C3)O,HKQYGTCOTHHOMP-UHFFFAOYSA-N
24743,CCOC(=O)NC1=CC(=CC=C1)OC(=O)NC2=CC=CC=C2,WZJZMXBKUWKXTQ-UHFFFAOYSA-N
15583,C1C(C2(C(=C(C1(C2(Cl)Cl)Cl)Cl)Cl)Cl)CBr,DAASOABUJRMZAD-UHFFFAOYSA-N
8292,CCOP(=S)(OCC)OC1=CC=C(C=C1)S(=O)C,XDNBJTQLKCIJBV-UHFFFAOYSA-N
1730,C1=CC(=CC=C1C(=O)O)[Hg]Cl,YFZOUMNUDGGHIW-UHFFFAOYSA-M
23678979,CC(C)C1=CC2=CC[C@@H]3[C@@]([C@H]2CC1)(CCC[C@@]3(C)C(=O)[O-])C.[Na+],ITCAUAYQCALGGV-XTICBAGASA-M
3033832,CCN(CC)CCOC1=CC=C(C=C1)/C(=C(/C2=CC=CC=C2)\Cl)/C3=CC=CC=C3.C(C(=O)O)C(CC(=O)O)(C(=O)O)O,PYTMYKVIJXPNBD-OQKDUQJOSA-N
97354,CC1=CC(=CC=C1)OCCOC2=CC=CC(=C2)C,OAGNKYSIOSDNIG-UHFFFAOYSA-N
5360487,C1=CC(=CC=C1CCO)NC2=C3C(=C(C=C2)O)C(=O)C4=C(C=CC(=C4C3=O)[N+](=O)[O-])O,VOCYGZAHYQXJOF-UHFFFAOYSA-N
23665583,COC1=CC=C(C=C1)C(=O)/C(=C\C(=O)[O-])/Br.[Na+],DVDCIQWIGOVWEX-MLBSPLJJSA-M
9690,C1C2=CC=CC=C2C3=C1C=C(C=C3)NC(=O)C(F)(F)F,XPHPBNGAXWJHHP-UHFFFAOYSA-N
19113,CNC(=O)NC1=CC(=C(C=C1)Cl)Cl,IDQHRQQSSQDLTR-UHFFFAOYSA-N
9571280,CC(=CCC/C(=C/C=N/O)/C)C,LXFKDMGMYAHNAQ-AMMQDNIMSA-N
20848,CCCN(CCC)C1=C(C=C(C=C1[N+](=O)[O-])S(=O)(=O)C)[N+](=O)[O-],UMKANAFDOQQUKE-UHFFFAOYSA-N
16115,CN(C)C(=O)NC1=CC=C(C=C1)OC2=CC=C(C=C2)Cl,IVUXTESCPZUGJC-UHFFFAOYSA-N
30709,COP(=S)(C1=CC=CC=C1)OC2=CC(=C(C=C2Cl)Br)Cl,CVRALZAYCYJELZ-UHFFFAOYSA-N
36274,CC(C)(C#N)NC1=NC(=NC(=N1)NC2CC2)Cl,WUZNHSBFPPFULJ-UHFFFAOYSA-N
5859,CN(C)S(=O)(=O)C1=CC=C(C=C1)OP(=S)(OC)OC,JISACBWYRJHSMG-UHFFFAOYSA-N
3032792,CCOC(=O)NC(=S)NC1=CC=CC=C1NC(=S)NC(=O)OCC,YFNCATAIYKQPOO-UHFFFAOYSA-N
91742,CCOC1=C(C=C(C=C1)NC(=O)OC(C)C)OCC,LNJNFVJKDJYTEU-UHFFFAOYSA-N
38283,CC(=CC1C(C1(C)C)C(=O)OC(C#N)C2=CC(=CC=C2)OC3=CC=CC=C3)C,FJDPATXIBIBRIM-UHFFFAOYSA-N
31315,C1=CC=C2C(=C1)C(C(=O)N2)(C3=CC=C(C=C3)O)C4=CC=C(C=C4)O,SJDACOMXKWHBOW-UHFFFAOYSA-N
117746,CN1C(=O)C=CS1.Cl,SJXPQSRCFCPWQQ-UHFFFAOYSA-N
28417,C[C@]12CC[C@H]3[C@H]([C@@H]1CC[C@]2(C#C)O)CCC4=CC5=C(C[C@]34C)C=NO5,POZRVZJJTULAOH-LHZXLZLDSA-N
170530,CC1=NC2=C(C1(C)C)C3=CC=CC=C3C=C2,WJZSZXCWMATYFX-UHFFFAOYSA-N
3034351,CCOC(=O)CN1C2=C(C=CC=C2Cl)SC1=O,WQRCEBAZAUAUQC-UHFFFAOYSA-N
18290,CN(C(=O)NC1=CC=C(C=C1)Br)OC,WLFDQEVORAMCIM-UHFFFAOYSA-N
15376,CC[C@@]12CCCN3[C@@H]1C4=C(CC3)C5=CC=CC=C5N4[C@](C2)(C(=O)OC)O,RXPRRQLKFXBCSJ-GIVPXCGWSA-N
5857,C[C@]12CC[C@H]3[C@H]([C@@H]1CC[C@]2(C#C)O)CCC4=CCCC[C@H]34,YNVGQYHLRCDXFQ-XGXHKTLJSA-N
2097895,CC1=C(C=CC(=C1)Br)NC(=O)CCl,AKNLFHJQVCPHHO-UHFFFAOYSA-N
31208,C1=CC=C(C=C1)NC2=CC=C(C=C2)O,JTTMYKSFKOOQLP-UHFFFAOYSA-N
67274,COC1=CC=CC=C1NC(=O)C2=CC3=CC=CC=C3C=C2O,AQYMRQUYPFCXDM-UHFFFAOYSA-N
644213,C1=CC=C(C=C1)NC(=O)C2=C(C=CC(=C2)[N+](=O)[O-])Cl,DNTSIBUQMRRYIU-UHFFFAOYSA-N
15337,CC(=O)[O-].CC(=O)[O-].[Hg+2],BRMYZIKAHFEUFJ-UHFFFAOYSA-L
17434,CCOC(=O)N(C)C(=O)CSP(=S)(OCC)OCC,KLGMSAOQDHLCOS-UHFFFAOYSA-N
3086172,CC1([C@@H]([C@@H]1C(=O)O[C@@H](C#N)C2=CC(=CC=C2)OC3=CC=CC=C3)C=C(Cl)Cl)C,KAATUXNTWXVJKI-WSTZPKSXSA-N
6436633,C/C=C\C/C=C/CCCCCCCCOC(=O)C,ZZGJZGSVLNSDPG-WWVFNRLHSA-N
36382,CCCCCCC1=CC=C(C=C1)N,OVEMTTZEBOCJDV-UHFFFAOYSA-N
6741,C[C@H]1C[C@H]2[C@@H]3CC[C@@]([C@]3(C[C@@H]([C@@H]2[C@@]4(C1=CC(=O)C=C4)C)O)C)(C(=O)CO)O,VHRSUDSXCMQTMA-PJHHCJLFSA-N
2361,C1=CC=C(C=C1)C2=CC(=O)C3=C(O2)C=CC4=CC=CC=C43,OUGIDAPQYNCXRA-UHFFFAOYSA-N
445070,CC(=CCC/C(=C/CC/C(=C/CO)/C)/C)C,CRDAMVZIKSXKFV-YFVJMOTDSA-N
6773,CC1=CC2=C(C=C1)C(=O)C3=CC=CC=C3C2=O,NJWGQARXZDRHCD-UHFFFAOYSA-N
13097,C1=CC=C(C=C1)P(=O)(C2=CC=CC=C2)C3=CC=CC=C3,FIQMHBFVRAXMOP-UHFFFAOYSA-N
83648,C1=CC(=CC=C1CC2=CC=C(C=C2)N3C(=O)C=CC3=O)N4C(=O)C=CC4=O,XQUPVDVFXZDTLT-UHFFFAOYSA-N
14249,CCCCCCCCCCCC[N+](C)(C)C.[Br-],XJWSAJYUBXQQDR-UHFFFAOYSA-M
67215,CN(C)C1=CC=C(C=C1)C(C2=CC=CC=C2)C3=CC=C(C=C3)N(C)C,WZKXBGJNNCGHIC-UHFFFAOYSA-N
24773,CCCCCCCCCC1=CC=C(C=C1)OCCOCCO,BLXVTZPGEOGTGG-UHFFFAOYSA-N
96359,CCCCC(CC)COC(=O)CC#N,ZNYBQVBNSXLZNI-UHFFFAOYSA-N
90571,COC(C1=CC=CC=C1)(C(=O)C2=CC=CC=C2)OC,KWVGIHKZDCUPEU-UHFFFAOYSA-N
9948,C1=CC=C(C=C1)CC(=O)C2=CC=CC=C2,OTKCEEWUXHVZQI-UHFFFAOYSA-N
7071,C1=CC(=C(C=C1C2=CC(=C(C=C2)N)N)N)N,HSTOKWSFWGCZMH-UHFFFAOYSA-N
4534,CC(CC1=CC(=C(C=C1)O)O)C(C)CC2=CC(=C(C=C2)O)O,HCZKYJDFEPMADG-UHFFFAOYSA-N
442021,COC1=C(C=C2C(=C1)[C@]34CCN5[C@H]3C[C@@H]6[C@@H]7[C@@H]4N2C(=O)C[C@@H]7OCC=C6C5)OC,RRKTZKIUPZVBMF-IBTVXLQLSA-N
16684434,CC[Hg]SC1=CC=CC=C1C(=O)[O-].[Na+],RTKIYNMVFMVABJ-UHFFFAOYSA-L
13254,C1=CC=C(C=C1)OC2=CC=C(C=C2)O,ZSBDGXGICLIJGD-UHFFFAOYSA-N
23540,CN(C)C1=CC=C(C=C1)SC#N,WCCIEZDFRJREQJ-UHFFFAOYSA-N
449171,CC1=C(C(CCC1)(C)C)/C=C/C(=C\C=C\C(=C\C(=O)O)\C)/C,SHGAZHPCJJPHSC-ZVCIMWCZSA-N
77328,C1C(C(CS1(=O)=O)(Cl)Cl)(Cl)Cl,GCAXGCSCRRVVLF-UHFFFAOYSA-N
36462,C[C@@H]1OC[C@@H]2[C@@H](O1)[C@@H]([C@H]([C@@H](O2)O[C@H]3[C@H]4COC(=O)[C@@H]4[C@@H](C5=CC6=C(C=C35)OCO6)C7=CC(=C(C(=C7)OC)O)OC)O)O,VJJPUSNTGOMMGY-MRVIYFEKSA-N
2540,CCOC1=NC2=CC=CC(=C2N1CC3=CC=C(C=C3)C4=CC=CC=C4C5=NNN=N5)C(=O)OC(C)OC(=O)OC6CCCCC6,GHOSNRCGJFBJIB-UHFFFAOYSA-N
29307,CCOP(=S)(OCC)OC1=NOC(=C1)C2=CC=CC=C2,SDMSCIWHRZJSRN-UHFFFAOYSA-N
53249535,C/C=C/C(=O)OC1=C(C=C(C=C1[N+](=O)[O-])[N+](=O)[O-])CCCCCC(C)C,CJODAJKFLVIKHL-XBXARRHUSA-N
32872,CCOP(=S)(NC(C)C)OC1=CC=CC=C1C(=O)OC(C)C,HOQADATXFBOEGG-UHFFFAOYSA-N
34468,CCN(CC)C1=C(C=C(C(=C1[N+](=O)[O-])N)C(F)(F)F)[N+](=O)[O-],OFDYMSKSGFSLLM-UHFFFAOYSA-N
16722125,CC1([C@@H]([C@@H]1C(=O)OCC2=COC(=C2)CC3=CC=CC=C3)/C=C/4\CCSC4=O)C,UGWALRUNBSBTGI-QJLCOAGJSA-N
31573,CCNC1=NC(=NC(=N1)SC)NC(C)C(C)C,IKYICRRUVNIHPP-UHFFFAOYSA-N
13783,CCC(C)C1=C(C(=CC(=C1)[N+](=O)[O-])[N+](=O)[O-])OC(=O)OC(C)C,HDWLUGYOLUHEMN-UHFFFAOYSA-N
83322,CCN(CCC#N)C1=CC=C(C=C1)N=NC2=C(C=C(C=C2Cl)[N+](=O)[O-])Cl,KHZRTXVUEZJYNE-UHFFFAOYSA-N
441371,CCCCCCCCCCCCOS(=O)(=O)O.CC[C@@H]1[C@@]([C@@H]([C@H](C(=O)[C@@H](C[C@@]([C@@H]([C@H]([C@@H]([C@H](C(=O)O1)C)O[C@H]2C[C@@]([C@H]([C@@H](O2)C)O)(C)OC)C)O[C@H]3[C@@H]([C@H](C[C@H](O3)C)N(C)C)OC(=O)CC)(C)O)C)C)O)(C)O,AWMFUEJKWXESNL-JZBHMOKNSA-N
6857648,[C-]#N.[C-]#N.[K+].[Au+],XTFKWYDMKGAZKK-UHFFFAOYSA-N
67005,CC1=C(C=C2C(=C1[N+](=O)[O-])C(CC2(C)C)(C)C)[N+](=O)[O-],UHWURQRPEIFIAK-UHFFFAOYSA-N
11774,C1=CC=C(C=C1)[Bi](C2=CC=CC=C2)C3=CC=CC=C3,ZHXAZZQXWJJBHA-UHFFFAOYSA-N
9786,C1=CC=C(C=C1)[Sn](C2=CC=CC=C2)(C3=CC=CC=C3)F,JBYRKMGOSFMHRL-UHFFFAOYSA-M
62329,CC1=C(C(=C(C(=C1[N+](=O)[O-])C(C)(C)C)[N+](=O)[O-])C)[N+](=O)[O-],XMWRWTSZNLOZFN-UHFFFAOYSA-N
6112114,CC1=CC=CC=C1OCC2=CC=CC=C2/C(=N\OC)/C(=O)OC,ZOTBXTZVPHCKPN-HTXNQAPBSA-N
11127402,CC1(CCC=C2[C@@]13CC[C@@H](C3)C2(C)C)C,CQUAYTJDLQBXCQ-NHYWBVRUSA-N
12797557,CC(C)[C@@H](C1=CC=C(C=C1)OC(F)F)C(=O)OC(C#N)C2=CC(=CC=C2)OC3=CC=CC=C3,GBIHOLCMZGAKNG-CGAIIQECSA-N
116529,CC1=C(C(=C(C=C1)Cl)N)Cl,AYVZXDFCFQSWJD-UHFFFAOYSA-N
91677,C1C(C(C(=O)N1C2=CC=CC(=C2)C(F)(F)F)Cl)CCl,OQZCSNDVOWYALR-UHFFFAOYSA-N
9300,CC(C)(C)C1=CC(=C(C=C1)OP(=O)(NC)OC)Cl,BOFHKBLZOYVHSI-UHFFFAOYSA-N
91590,CC(C)(C)NC1=NC(=NC(=N1)NC2CC2)SC,HDHLIWCXDDZUFH-UHFFFAOYSA-N
33565,C1CN(CCN1C(C(Cl)(Cl)Cl)NC=O)C(C(Cl)(Cl)Cl)NC=O,RROQIUMZODEXOR-UHFFFAOYSA-N
5995,CCC(=O)O[C@H]1CC[C@@H]2[C@@]1(CC[C@H]3[C@H]2CCC4=CC(=O)CC[C@]34C)C,PDMMFKSKQVNJMI-BLQWBTBKSA-N
60196428,CC(C)C1=CC2=C(C=C1)C(=CC(=C2S(=O)(=O)[O-])C(C)C)C(C)C.[Na+],NHQVTOYJPBRYNG-UHFFFAOYSA-M
86210,CC1(CCC(C1(CN2C=NC=N2)O)CC3=CC=C(C=C3)Cl)C,XWPZUHJBOLQNMN-UHFFFAOYSA-N
9462,C1=CC(=CC=C1C2=CC=C(C=C2)F)N,HTRVALPKPVGOSZ-UHFFFAOYSA-N
8594,C1=CC=C2C(=C1)C=CC=C2NC(=O)C3=CC=CC=C3C(=O)O,JXTHEWSKYLZVJC-UHFFFAOYSA-N
61124,CC1=C(C(CCC1)(C)C)CC=O,VHTFHZGAMYUZEP-UHFFFAOYSA-N
11273,C[C@]12CCC(=O)C(=C1CC[C@@H]3[C@@H]2CC[C@]4([C@H]3CCC4=O)C)O,OSVMTWJCGUFAOD-KZQROQTASA-N
16533,CCCCC(=O)O[C@@]1([C@H](C[C@@H]2[C@@]1(C[C@@H]([C@]3([C@H]2CCC4=CC(=O)C=C[C@@]43C)F)O)C)C)C(=O)CO,SNHRLVCMMWUAJD-SUYDQAKGSA-N
61953,CC1CCC2(O1)C(=CCCC2(C)C)C,GYUZHTWCNKINPY-UHFFFAOYSA-N
442482,CC1=CC[C@@H](C=C1)C(C)C,OGLDWXZKYODSOB-SNVBAGLBSA-N
5371002,CC1CC=C(C(C1(C)C)/C=C/C(=O)C)C,JZQOJFLIJNRDHK-CMDGGOBGSA-N
14720269,CC1=C(C=CN=C1CS(=O)C2=NC3=CC=CC=C3[N-]2)OCCCOC.[Na+],KRCQSTCYZUOBHN-UHFFFAOYSA-N
299728,C1=CC=C(C=C1)[Bi](C2=CC=CC=C2)(C3=CC=CC=C3)(Cl)Cl,QWMMHFXTVYRMTO-UHFFFAOYSA-L
85979,CC(CC=O)C1=CC=CC=C1,MYHGOWDLVRDUFA-UHFFFAOYSA-N
7170,CCOC(=O)CC(=O)C1=CC=CC=C1,GKKZMYDNDDMXSE-UHFFFAOYSA-N
169870,CCCCCC(=O)O[C@@]1(CC[C@@H]2[C@@]1(CC[C@H]3[C@H]2CCC4=CC(=O)CC[C@]34C)C)C(=O)C,DOMWKUIIPQCAJU-LJHIYBGHSA-N
5281607,C1=CC=C(C=C1)C2=CC(=O)C3=C(C=C(C=C3O2)O)O,RTIXKCRFFJGDFG-UHFFFAOYSA-N
15008962,COC1=C(C(=NC=C1)CS(=O)C2=NC3=C([N-]2)C=CC(=C3)OC(F)F)OC.[Na+],YNWDKZIIWCEDEE-UHFFFAOYSA-N
6215,C[C@]12C[C@@H]([C@]3([C@H]([C@@H]1C[C@@H]4[C@]2(OC(O4)(C)C)C(=O)CO)C[C@@H](C5=CC(=O)C=C[C@@]53C)F)F)O,FEBLZLNTKCEFIT-VSXGLTOVSA-N
5281025,C1CN(CCN1CCOCCO)C2=NC3=CC=CC=C3SC4=CC=CC=C42.C1CN(CCN1CCOCCO)C2=NC3=CC=CC=C3SC4=CC=CC=C42.C(=C/C(=O)O)\C(=O)O,ZTHJULTYCAQOIJ-WXXKFALUSA-N
5281055,CN(CCOC1=CC=C(C=C1)CC2C(=O)NC(=O)S2)C3=CC=CC=N3.C(=C\C(=O)O)\C(=O)O,SUFUKZSWUHZXAV-BTJKTKAUSA-N
54900,C1CCN(CC1)CCOC2=CC=C(C=C2)C(=O)C3=C(SC4=C3C=CC(=C4)O)C5=CC=C(C=C5)O.Cl,BKXVVCILCIUCLG-UHFFFAOYSA-N
60822,CC(C)C1=C(C(=C(N1CC[C@H](C[C@H](CC(=O)[O-])O)O)C2=CC=C(C=C2)F)C3=CC=CC=C3)C(=O)NC4=CC=CC=C4.CC(C)C1=C(C(=C(N1CC[C@H](C[C@H](CC(=O)[O-])O)O)C2=CC=C(C=C2)F)C3=CC=CC=C3)C(=O)NC4=CC=CC=C4.[Ca+2],FQCKMBLVYCEXJB-MNSAWQCASA-L
35969,CN(C)C1CSSSC1.C(=O)(C(=O)O)O,ICTQUFQQEYSGGJ-UHFFFAOYSA-N
40854,COC(=O)NC1=NC2=C(N1)C=C(C=C2)S(=O)C3=CC=CC=C3,BEZZFPOZAYTVHN-UHFFFAOYSA-N
1268142,C[C@@H]1CC(=O)C=C2[C@]1(C[C@@H](CC2)C(=C)C)C,WTOYNNBCKUYIKC-JMSVASOKSA-N
162381,CC(=C[C@@H]1[C@H](C1(C)C)C(=O)OCC2=COC(=C2)CC3=CC=CC=C3)C,VEMKTZHHVJILDY-UXHICEINSA-N
47936,CC(=O)O[C@H]1[C@H]([C@@H]2[C@]([C@H](CCC2(C)C)O)([C@@]3([C@@]1(O[C@@](CC3=O)(C)C=C)C)O)C)O,OHCQJHSOBUTRHG-KGGHGJDLSA-N
6166,C[C@]12CC[C@H]3[C@H]([C@@H]1CC[C@@H]2C(=O)CO)CCC4=CC(=O)CC[C@]34C,ZESRJSPZRDMNHY-YFWFAHHUSA-N
18771,C1=CC=C2C(=C1)C(=O)C3=C(C2=O)SC(=C(S3)C#N)C#N,PYZSVQVRHDXQSL-UHFFFAOYSA-N
82146,CC1=CC2=C(C=C1C(=C)C3=CC=C(C=C3)C(=O)O)C(CCC2(C)C)(C)C,NAVMQTYZDKMPEU-UHFFFAOYSA-N
91688,CCCCCCCCN1C(=O)C(=C(S1)Cl)Cl,PORQOHRXAJJKGK-UHFFFAOYSA-N
6917655,CC(=CC[C@@H]1[C@@](O1)(C)[C@H]2[C@@H]([C@@H](CC[C@]23CO3)OC(=O)/C=C/C=C/C=C/C=C/C(=O)O)OC)C,NGGMYCMLYOUNGM-CSDLUJIJSA-N
9934458,CC1=C(C=CC(=C1)SCC2=C(N=C(S2)C3=CC(=C(C=C3)C(F)(F)F)F)C)OCC(=O)O,HWVNEWGKWRGSRK-UHFFFAOYSA-N
3969,CCCC1=C(C=CC(=C1O)C(=O)C)OCCCCC2=NNN=N2,MWYHLEQJTQJHSS-UHFFFAOYSA-N
5462355,CC(C)(C)NC(=O)[C@@H]1CN(CCN1C[C@H](C[C@@H](CC2=CC=CC=C2)C(=O)N[C@@H]3[C@@H](CC4=CC=CC=C34)O)O)CC5=CN=CC=C5.OS(=O)(=O)O,NUBQKPWHXMGDLP-BDEHJDMKSA-N
22522,CC(COP(=O)(OCC(C)Cl)OCC(C)Cl)Cl,GTRSAMFYSUBAGN-UHFFFAOYSA-N
20906,C1=CC(=CC(=C1)NC(=O)C2=C(C(=CC(=C2)Br)Br)O)C(F)(F)F,VYKKDKFTDMVOBU-UHFFFAOYSA-N
6025,C1=CC=C(C=C1)C=C(C2=CC=CC=C2)C3=CC=CC=C3,MKYQPGPNVYRMHI-UHFFFAOYSA-N
6230,C[C@]12CC[C@H]3[C@H]([C@@H]1CC[C@]2(C#C)O)CCC4=CC(=O)CC[C@H]34,VIKNJXKGJWUCNN-XGXHKTLJSA-N
41632,CC1=CC=CC=C1C(=O)NC2=CC(=CC=C2)OC(C)C,BCTQJXQXJVLSIG-UHFFFAOYSA-N
3444,C1C(COC1(CN2C=NC=N2)C3=C(C=C(C=C3)Cl)Cl)Br,HJJVPARKXDDIQD-UHFFFAOYSA-N
20641892,CC(CN(CCN(CC(C)OCCO)CC(C)OCCO)CC(C)OCCO)OCCO,YKNFBGRYAKVNNI-UHFFFAOYSA-N
5320128,CC(=CCC/C(=C\CCC(C)(C=C)O)/C)C,FQTLCLSUCSAZDY-KAMYIIQDSA-N
5463934,CC(C)C/C=C(\C=O)/C1=CC=CC=C1,YURDCJXYOLERLO-UKTHLTGXSA-N
5362564,CCC(C)C1N=C(C(S1)C)C,FLBOQJFNAYJWIA-UHFFFAOYSA-N
5365976,CC1=CCCC(C1/C=C/C(=O)CCC=C)(C)C,FXCYGAGBPZQRJE-ZHACJKMWSA-N
3571582,C=CC1=CC=C(C=C1)S(=O)(=O)[O-].[Na+],XFTALRAZSCGSKN-UHFFFAOYSA-M
161803,C1CN(CCN1CC2=CC3=C(C=C2)OCO3)C(=O)COC4=CC=C(C=C4)Cl.Cl,MVOWQBJZZKOQNU-UHFFFAOYSA-N
98615047,CC1(CCC(=O)[C@H]2[C@@]13CC[C@H](C3)C2(C)C)C,VCOCESNMLNDPLX-HCKVZZMMSA-N
18783,CCCCCCCCCCCC(=O)N(CC)CC,CWNSVVHTTQBGQB-UHFFFAOYSA-N
23347,C1=CSC(=C1)SSC2=CC=CS2,YOLFWWMPGNMXFI-UHFFFAOYSA-N
42504,CC1=C(C(=CC=C1)C)N(C(C)C(=O)OC)C(=O)C2=CC=CO2,CIEXPHRYOLIQQD-UHFFFAOYSA-N
9351,C1=CC=C2C(=C1)C=NN=C2NN.Cl,ZUXNZUWOTSUBMN-UHFFFAOYSA-N
86211,CC(C)C1CCC(C1(CN2C=NC=N2)O)CC3=CC=C(C=C3)Cl,QTYCMDBMOLSEAM-UHFFFAOYSA-N
23666110,C1=CC(=C(C=C1OC2=C(C=C(C=C2I)C[C@@H](C(=O)[O-])N)I)I)O.[Na+],SBXXSUDPJJJJLC-YDALLXLXSA-M
9895,CC1=C(C(CCC1)(C)C)C=O,MOQGCGNUWBPGTQ-UHFFFAOYSA-N
5388510,CC(C)(C)C(=O)/C=C/C1=CC=C(C=C1)Cl,LXJZYHPGRKBVGF-RMKNXTFCSA-N
94398,C1=C(C(=C(C(=C1[N+](=O)[O-])Cl)[N+](=O)[O-])Cl)C(F)(F)F,DPQYRXNRGNLPFC-UHFFFAOYSA-N
5362736,C1CCCCCC(=O)CCC/C=C\CCCC1,ABRIMXGLNHCLIP-VURMDHGXSA-N
929262,C[C@]12CCCC([C@@H]1CC[C@@]3([C@@H]2CC(=O)O3)C)(C)C,IMKJGXCIJJXALX-SHUKQUCYSA-N
7460,CC1=CCC(C=C1)C(C)C,OGLDWXZKYODSOB-UHFFFAOYSA-N
62217,C1=CC=C2C=C(C=CC2=C1)OC(=O)C3=CC=CC=C3N,YJFCKXVXEKHSEC-UHFFFAOYSA-N
16678,CC1=C(C(=CC=C1)C(C)(C)C)O,BKZXZGWHTRCFPX-UHFFFAOYSA-N
71612,C1CN(CCN1CCOCCO)C(C2=CC=CC=C2)C3=CC=C(C=C3)Cl.Cl,IPSVAUIEEPSJRZ-UHFFFAOYSA-N
62539,CCC(=O)C(=O)CC,KVFQMAZOBTXCAZ-UHFFFAOYSA-N
61982,CC1CCC(C(=O)C1)C(C)(C)S,RVOKNSFEAOYULQ-UHFFFAOYSA-N
9878,C[C@H]1C[C@H]2[C@@H]3CC[C@@]([C@]3(C[C@@H]([C@@]2([C@@]4(C1=CC(=O)C=C4)C)F)O)C)(C(=O)C)O,FAOZLTXFLGPHNG-KNAQIMQKSA-N
75547,C1C2=CC=CC=C2C3=C1C=C(C=C3)O,ZDOIAPGLORMKTR-UHFFFAOYSA-N
15209,C[C@]12CCC(=O)C=C1[C@H](C[C@@H]3[C@@H]2[C@H](C[C@]4([C@H]3C[C@@H]5[C@]4(OC(O5)(C)C)C(=O)CO)C)O)F,POPFMWWJOGLOIF-XWCQMRHXSA-N
16821,CCCCCCCCC1CCC(=O)O1,WGPCZPLRVAWXPW-UHFFFAOYSA-N
26049,CC1=CCC2C(C1)C2(C)C,BQOFWKZOCNGFEC-UHFFFAOYSA-N
5355858,CC(=CCCC(C)(C=C)OC(=O)/C=C/C1=CC=CC=C1)C,DPFUEXLIKDHJNB-BUHFOSPRSA-N
223368,C[C@]12CC[C@H]3C(=CCC4=C3C=CC(=C4)O)[C@@H]1CCC2=O,WKRLQDKEXYKHJB-HFTRVMKXSA-N
62558,C1C(O1)CN(CC2CO2)C3=CC=C(C=C3)OCC4CO4,AHIPJALLQVEEQF-UHFFFAOYSA-N
60196372,CC1C=C[C-]=C1.[C-]#[O+].[C-]#[O+].[C-]#[O+].[Mn],PIVRQNUPYVIVCC-UHFFFAOYSA-N
62935,C1CN(CCN1CCCN2C(=O)N3C=CC=CC3=N2)C4=CC(=CC=C4)Cl.Cl,OHHDIOKRWWOXMT-UHFFFAOYSA-N
164512,CC1=CC(=C(C(=C1)C)C(=O)P(=O)(C2=CC=CC=C2)C(=O)C3=C(C=C(C=C3C)C)C)C,GUCYFKSBFREPBC-UHFFFAOYSA-N
657220,CC/C(=C(/CC)\C1=CC=C(C=C1)OC(=O)CC)/C2=CC=C(C=C2)OC(=O)CC,VZMLEMYJUIIHNF-QURGRASLSA-N
163263,C[C@]12CCCC([C@@H]1CC[C@@]([C@@H]2CC[C@](C)(C=C)O)(C)O)(C)C,XVULBTBTFGYVRC-HHUCQEJWSA-N
57363,C[C@]12CC[C@H]3[C@H]([C@@H]1CC[C@@H]2C(=O)NC(C)(C)C)CC[C@@H]4[C@@]3(C=CC(=O)N4)C,DBEPLOCGEIEOCV-WSBQPABSSA-N
446155,CC(C)N1C2=CC=CC=C2C(=C1/C=C/[C@H](C[C@H](CC(=O)O)O)O)C3=CC=C(C=C3)F,FJLGEFLZQAZZCD-MCBHFWOFSA-N
12484,CC1=CC=CC=C1N.Cl,OGVXWEOZQMAAIM-UHFFFAOYSA-N
9903,C[C@H](CCC(=O)O)[C@H]1CC[C@@H]2[C@@]1(CC[C@H]3[C@H]2CC[C@H]4[C@@]3(CC[C@H](C4)O)C)C,SMEROWZSTRWXGI-HVATVPOCSA-N
107377,CCCCC(CC)COC(=O)C1=CC=C(C=C1)O,VTIMKVIDORQQFA-UHFFFAOYSA-N
11769,C1CC2=CC=C(C3=CC=CC1=C23)[N+](=O)[O-],CUARLQDWYSRQDF-UHFFFAOYSA-N
15098,CCCC[Sn](CCCC)(CCCC)CCCC,AFCAKJKUYFLYFK-UHFFFAOYSA-N
5284421,CCCCC/C=C\C/C=C\CCCCCCCC(=O)OC,WTTJVINHCBCLGX-NQLNTKRDSA-N
135465076,C1=CC=C(C=C1)/[N+](=N/[O-])/[O-].[NH4+],GXCSNALCLRPEAS-CFYXSCKTSA-N
8805,CC(=O)NC1=CC=C(C=C1)C(=O)CCl,VMMDOCYDNRLESP-UHFFFAOYSA-N
2723789,C(=S)(N)NN,BRWIZMBXBAOCCF-UHFFFAOYSA-N
5280531,CCCCCCCCCCCCCCCC(=O)OC/C=C(\C)/C=C/C=C(\C)/C=C/C1=C(CCCC1(C)C)C,VYGQUTWHTHXGQB-FFHKNEKCSA-N
9395,CCOP(=O)(OCC)OC1=CC=C(C=C1)[N+](=O)[O-],WYMSBXTXOHUIGT-UHFFFAOYSA-N
5463081,C/C=C\1/CC2CC1C=C2,OJOWICOBYCXEKR-WAPJZHGLSA-N
13728,CN(C)C(=O)C(C1=CC=CC=C1)C2=CC=CC=C2,QAHFOPIILNICLA-UHFFFAOYSA-N
5281226,C/C(=C\C=C\C=C(/C)\C=C\C=C(\C)/C=C/C(=O)OC)/C=C/C=C(\C)/C=C/C(=O)O,RAFGELQLHMBRHD-SLEZCNMESA-N
7648,C1COCCN1SSN2CCOCC2,HLBZWYXLQJQBKU-UHFFFAOYSA-N
6777,C1CCC(CC1)OC(=O)C2=CC=CC=C2C(=O)OC3CCCCC3,VOWAEIGWURALJQ-UHFFFAOYSA-N
6796,C1=CC=C2C(=C1)C=CC3=C2C=CC=N3,HCAUQPZEWLULFJ-UHFFFAOYSA-N
7573,CC(C)NC1=CC=C(C=C1)NC2=CC=CC=C2,OUBMGJOQLXMSNT-UHFFFAOYSA-N
26041,C1=CC=[N+](C(=C1)[S-])[O-].C1=CC=[N+](C(=C1)[S-])[O-].[Zn+2],OTPSWLRZXRHDNX-UHFFFAOYSA-L
70400,B(C1=CC=CC=C1)(C2=CC=CC=C2)C3=CC=CC=C3,MXSVLWZRHLXFKH-UHFFFAOYSA-N
7078,CC(=O)CC(=O)NC1=CC=CC=C1OC,KYYRTDXOHQYZPO-UHFFFAOYSA-N
7969,C1=CC=C(C=C1)S,RMVRSNDYEFQCLF-UHFFFAOYSA-N
26124,CCOP(=S)(OCC)OC1=NC2=CC=CC=C2N=C1,JYQUHIFYBATCCY-UHFFFAOYSA-N
14716,CCCCC(CC)COP(=O)(OC1=CC=CC=C1)OC2=CC=CC=C2,CGSLYBDCEGBZCG-UHFFFAOYSA-N
10068207,CC1=C(C2=C(O1)C(=CC=C2)NC(=O)C3=C(C=CC=C3Cl)Cl)C(C)(C)O,GCAOVMKRBUCSET-UHFFFAOYSA-N
59086459,CS(=O)(=O)C1=C(C=C(C=C1)[C@@H](CC2CCCC2)C(=O)NC3=NC=CN=C3)Cl,QULLOTSYPAOTIW-OAHLLOKOSA-N
20352,CCCCOC1=CC=C(C=C1)N,UBRIHZOFEJHMIT-UHFFFAOYSA-N
6928,CCC1=CC(=C(C(=C1)C(C)(C)C)O)CC2=C(C(=CC(=C2)CC)C(C)(C)C)O,GPNYZBKIGXGYNU-UHFFFAOYSA-N
60196348,CCN(CC)C(=O)C1=CC(=C(C=C1N(CC)CCN(C)C)N2CCC(CC2)C3=CC=CC=C3)S(=O)(=O)CC4=CC=CC=C4.C(=O)(C(F)(F)F)O,XDSUEKSKAPHPTN-UHFFFAOYSA-N
3420996,CCC(C)(C)C1CCC(CC1)OC,AJULSUVNFQEPHC-UHFFFAOYSA-N
23692768,C1CCC(CC1)OC(=O)CC(C(=O)OC2CCCCC2)S(=O)(=O)[O-].[Na+],UELAIMNOXLAYRW-UHFFFAOYSA-M
16682834,CCCC[Sn](CCCC)(CCCC)OC(=O)C1=CC=CC=C1,JUEAPPHORMOWPK-UHFFFAOYSA-M
10345790,CN1C2=NC(=NC=C2CN(C1=O)C3=CC=CC=C3Br)NC4=CC5=C(C=C4)OC(CO5)CO,KCIDXSZMKJKCSV-UHFFFAOYSA-N
10160166,C1=CC(=CC(=C1)N(CC2=CN=CC=C2)C3=CC(=C(C=C3)OC(F)F)OC(F)F)C(=O)O,GLUDVMFRXKAGHO-UHFFFAOYSA-N
250948,CC1=C[C@@H]2[C@H](CC[C@]3([C@H]2CC(=C)[C@@]3(C(=O)C)OC(=O)C)C)[C@@]4(C1=CC(=O)CC4)C,UDKABVSQKJNZBH-DWNQPYOZSA-N
132932,COC1=CC=C(C=C1)N2C(=CC(=N2)C(F)F)C3=CC=C(C=C3)S(=O)C,JJAPPCJXQFKMJL-UHFFFAOYSA-N
6440554,CC1([C@H]([C@H]1C(=O)O[C@H](C#N)C2=CC(=CC=C2)OC3=CC=CC=C3)/C=C(/C(F)(F)F)\Cl)C,ZXQYGBMAQZUVMI-GCMPRSNUSA-N
11193251,CC1=C(C=CC(=C1)C(C(F)(F)F)(C(F)(F)F)F)NC(=O)C2=C(C(=CC=C2)I)C(=O)NC(C)(C)CS(=O)(=O)C,ZGNITFSDLCMLGI-UHFFFAOYSA-N
8816,CCCCCCCCCCCCCCCC[N+]1=CC=CC=C1.[Br-],DVBJBNKEBPCGSY-UHFFFAOYSA-M
11982778,CC1=C(C=CO1)C(=O)NC2=CC=C(C=C2)C(=O)N3C4=CC=CC=C4/C(=C/C(=O)N5CCC(CC5)N6CCCCC6)/C(CC3)(F)F.CC1=C(C=CO1)C(=O)NC2=CC=C(C=C2)C(=O)N3C4=CC=CC=C4/C(=C/C(=O)N5CCC(CC5)N6CCCCC6)/C(CC3)(F)F.C(=C/C(=O)O)\C(=O)O,BJAABGGGEMTGDF-GWYARAEGSA-N
29354,CCCCCCOC1=CC=C(C=C1)O,XIIIHRLCKLSYNH-UHFFFAOYSA-N
10159191,CC(C)(C)C1=CSC(=N1)C2=CC3=C(O2)C=CC(=C3)OCC4=CC=CC=C4CC(=O)O,PSILZZNMGXTOOP-UHFFFAOYSA-N
38360,CCCCCCOC1=CC=C(C=C1)N,DJRKHTCUXRGYEU-UHFFFAOYSA-N
65552,C1=C(C=C(C(=C1I)OC2=CC(=C(C(=C2)I)O)I)I)CC(=O)O,PPJYSSNKSXAVDB-UHFFFAOYSA-N
3437714,CC1=CC2C3CC(C2C1)C=C3C,IYQYZZHQSZMZIG-UHFFFAOYSA-N
60196440,C1CCCN(CC1)CC2=CC=C(S2)C3=NC(=NO3)CCN4C(=O)C5=CC=CC=C5C4=O.C(=C/C(=O)O)\C(=O)O,RBWGAPACMHUDKS-WLHGVMLRSA-N
162461,CC1=C(C=CC(=C1)OC)NC2=CC=CC=C2,CYMPUOGZUXAIMY-UHFFFAOYSA-N
180494,CC1=C2CC[C@@H](C(=O)N2C3=CC=CC=C13)CC4=C(NC=N4)C.Cl,POKFYJWUPWZYQV-BTQNPOSSSA-N
16850,C1=CC=C2C(=C1)C(=O)OC23C4=C(C=C(C=C4)O)OC5=C3C=CC(=C5)O,GNBHRKFJIUUOQI-UHFFFAOYSA-N
173058,CC(C)C1=CC2=CC[C@@H]3[C@@]([C@H]2CC1)(CCC[C@@]3(C)C(=O)OC)C,OVXRPXGVKBHGQO-UYWIDEMCSA-N
86287525,CC1=C2C(=NN1)NC3=C(C=C(C=C3)[N+](=O)[O-])C(=N2)C4=CC=CC=C4Cl,UVLBAPBHAHFJSY-UHFFFAOYSA-N
25015677,CN1CCC(CC1)NC(=O)C2=CC(=C(C=C2)NC3=NC=C4C(=N3)N(CC(C(=O)N4C)(F)F)C5CCCC5)OC,DJNZZLZKAXGMMC-UHFFFAOYSA-N
15032,CC(=O)[C@H]1[C@@H](C[C@@H]2[C@@]1(CC[C@H]3[C@H]2CC=C4[C@@]3(CC[C@@H](C4)O)C)C)C#N,VSBHRRMYCDQLJF-ZDNYCOCVSA-N
517000,C1=CC2=C(C(=C1)O)N=CC=C2.C1=CC2=C(C(=C1)O)N=CC=C2.OS(=O)(=O)O,YYVFXSYQSOZCOQ-UHFFFAOYSA-N
23700188,C1=CC=C(C=C1)/C=C/S(=O)(=O)[N-]C(=O)C2=C(C=C(C=C2)F)Cl.[Na+],SOWZCYCSVVVHCA-HRNDJLQDSA-M
19602,CCCCCC1=CC=CO1,YVBAUDVGOFCUSG-UHFFFAOYSA-N
83656,CCC1=CC(=CC(=C1N)CC)CC2=CC(=C(C(=C2)CC)N)CC,NWIVYGKSHSJHEF-UHFFFAOYSA-N
23668568,CCCCC1=NC2=C(N1CC3=CC=C(C=C3)C4=CC=CC=C4C5=NN=N[N-]5)N=CC=C2.[Na+],YFABTKCYNBWJHS-UHFFFAOYSA-N
9889168,CCCCCCCCCCCCCC[P+](CCCC)(CCCC)CCCC.[Cl-],AKUNSPZHHSNFFX-UHFFFAOYSA-M
2375,CC(CS(=O)(=O)C1=CC=C(C=C1)F)(C(=O)NC2=CC(=C(C=C2)C#N)C(F)(F)F)O,LKJPYSCBVHEWIU-UHFFFAOYSA-N
26295,C1=CC=C(C=C1)OC2=CC=CC(=C2)CO,KGANAERDZBAECK-UHFFFAOYSA-N
129491,C1CN(CCC1C=C(C2=CC=CC=C2)C3=CC=CC=C3)C(=O)CCCCCCCCC4=CN=CC=C4,NHKWRRHZTGQJMT-UHFFFAOYSA-N
16036578,C1=CSC(=C1)/C=C/S(=O)(=O)NC(=O)C2=C(C=C(C=C2)F)Br,QXWJDGMLSMFETH-FNORWQNLSA-N
31100,CC(C)C[C@H]1C(=O)N2CCC[C@H]2[C@]3(N1C(=O)[C@](O3)(C(C)C)NC(=O)[C@H]4CN([C@@H]5CC6=C(NC7=CC=CC(=C67)C5=C4)Br)C)O.CS(=O)(=O)O,NOJMTMIRQRDZMT-GSPXQYRGSA-N
75575,C1=CC=C(C(=C1)CC2=CC=CC=C2O)O,MQCPOLNSJCWPGT-UHFFFAOYSA-N
60196441,CC1=C(C=CC(=C1)F)C2=CC(=NC=C2N(C)C(=O)C(C)(C)C3=CC(=CC(=C3)C(F)(F)F)C(F)(F)F)N4CC[C@H]([C@H]4CO)O,QOOXCQFWUYVSGU-JWQCQUIFSA-N
31492,CC1C(=NC(O1)C)C,YFSGRMONVCFYTC-UHFFFAOYSA-N
5281516,CC(=CCC/C(=C/C/C=C(\C)/C=C)/C)C,CXENHBSYCFFKJS-VDQVFBMKSA-N
35785,CCC(=O)C1CC(CC=C1C)C(C)C,DZSVIVLGBJKQAP-UHFFFAOYSA-N
10958189,CC1=CC=C(C=C1)C(C)NC(=O)[C@H](C(C)C)NC(=O)OC(C)C,NWUWYYSKZYIQAE-WMCAAGNKSA-N
5352135,CC/C(=C(/C1=CC=C(C=C1)O)\C2=CC=C(C=C2)OCCN(C)C)/C3=CC=CC=C3,TXUZVZSFRXZGTL-OCEACIFDSA-N
135492483,CC/C(=N\OCC)/C1=C(CC(CC1=O)C2=C(C=C(C=C2C)C)C)O,DQFPEYARZIQXRM-LTGZKZEYSA-N
23668198,CN(C)C1=CC=C(C=C1)N=NS(=O)(=O)[O-].[Na+],IWDQPCIQCXRBQP-UHFFFAOYSA-M
8765,C1=CC(=CC=C1N)SC2=CC=C(C=C2)N,ICNFHJVPAJKPHW-UHFFFAOYSA-N
6625,C1=CC(=CC=C1S(=O)(=O)C2=CC=C(C=C2)Cl)Cl,GPAPPPVRLPGFEQ-UHFFFAOYSA-N
7108,C1=CC=C2C(=C1)NC3=CC=CC=C3S2,WJFKNYWRSNBZNX-UHFFFAOYSA-N
7243,C1=CC=C(C(=C1)N)N,GEYOCULIXLDCMW-UHFFFAOYSA-N
15730,CCCCCCCCC1=CC=C(C=C1)O,NTDQQZYCCIDJRK-UHFFFAOYSA-N
6051,C1=CC=C(C=C1)N=NC2=CC=C(C=C2)N,QPQKUYVSJWQSDY-UHFFFAOYSA-N
69779,C1=CC=C(C=C1)OC(=O)C2=CC(=CC=C2)C(=O)OC3=CC=CC=C3,FHESUNXRPBHDQM-UHFFFAOYSA-N
11767,C1=CC=C2C(=C1)C=C3C=CC=CC3=C2[N+](=O)[O-],LSIKFJXEYJIZNB-UHFFFAOYSA-N
969491,C1[C@@H]2[C@H]3[C@@H]([C@H]1[C@H]4[C@@H]2O4)[C@]5(C(=C([C@@]3(C5(Cl)Cl)Cl)Cl)Cl)Cl,DFBKLUNHFCTMDC-PICURKEMSA-N
16720,C1=CC2=C(C=CC=C2N)C(=C1)N,KQSABULTKYLFEV-UHFFFAOYSA-N
7594,C1=CC=C(C=C1)NC(=NC2=CC=CC=C2)N,OWRCNXZUPFZXOS-UHFFFAOYSA-N
171660,C1=CC=C2C=C3C(=CC2=C1)C(=NC3=N)N,JAWNWEKHDFBPSG-UHFFFAOYSA-N
6436449,CC1(CC/C(=C/C2=CC=C(C=C2)Cl)/C1(CN3C=NC=N3)O)C,PPDBOQMNKNNODG-ZROIWOOFSA-N
3712,C1=CC=C2C(=C1)C(=CN2)CO,IVYPNXXAYMYVSP-UHFFFAOYSA-N
11818,C1=CC=C2C(=C1)C=C(C=C2[N+](=O)[O-])[N+](=O)[O-],ULALSFRIGPMWRS-UHFFFAOYSA-N
43704,CC(C)OC(=O)C1=CC(=CC(=C1)[N+](=O)[O-])C(=O)OC(C)C,VJAWBEFMCIINFU-UHFFFAOYSA-N
4197,CC1=C(C=C(C(=O)N1)C#N)C2=CC=NC=C2,PZRHRDRVRGEVNW-UHFFFAOYSA-N
11442,CC1=C(C(=O)CC1OC(=O)C2C(C2(C)C)C=C(C)C)CC=C,ZCVAOQKBXKSDMS-UHFFFAOYSA-N
4115,COC1=CC=C(C=C1)C(C2=CC=C(C=C2)OC)C(Cl)(Cl)Cl,IAKOZHOLGAGEJT-UHFFFAOYSA-N
41368,CC(C)(C)C(C(N1C=NC=N1)OC2=CC=C(C=C2)Cl)O,BAZVSMNPJJMILC-UHFFFAOYSA-N
29393,CCCN(CCC)C1=C(C=C(C=C1[N+](=O)[O-])S(=O)(=O)N)[N+](=O)[O-],UNAHYJYOSSSJHH-UHFFFAOYSA-N
5564,C1=CC(=C(C=C1Cl)O)OC2=C(C=C(C=C2)Cl)Cl,XEFQLINVKFYRCS-UHFFFAOYSA-N
31070,CCOP(=O)(NC(C)C)OC1=CC(=C(C=C1)SC)C,ZCJPOPBZHLUFHF-UHFFFAOYSA-N
47898,CC(C)OC1=CC=CC(=C1)NC(=O)C2=CC=CC=C2C(F)(F)F,PTCGDEVVHUXTMP-UHFFFAOYSA-N
5794,CCCCOCCOCCOCC1=CC2=C(C=C1CCC)OCO2,FIPWRIJSWJWJAI-UHFFFAOYSA-N
3034285,CO/C=C(\C1=CC=CC=C1OC2=NC=NC(=C2)OC3=CC=CC=C3C#N)/C(=O)OC,WFDXOXNFNRHQEC-GHRIWEEISA-N
6279,C[C@H]1C[C@@H]2[C@H](CC[C@]3([C@H]2CC[C@@]3(C(=O)C)OC(=O)C)C)[C@@]4(C1=CC(=O)CC4)C,PSGAAPLEWMOORI-PEINSRQWSA-N
60198,C[C@]12CC[C@H]3[C@H]([C@@H]1CCC2=O)CC(=C)C4=CC(=O)C=C[C@]34C,BFYIZQONLCFLEV-DAELLWKTSA-N
4170,CC1NC2=CC(=C(C=C2C(=O)N1C3=CC=CC=C3C)S(=O)(=O)N)Cl,AQCHWTWZEMGIFD-UHFFFAOYSA-N
441336,C[C@@H]1C[C@H]2[C@@H]3CCC4=CC(=O)C=C[C@@]4([C@]3([C@H](C[C@@]2([C@]1(C(=O)CCl)OC(=O)C5=CC=CO5)C)O)Cl)C,WOFMFGQZHJDGCX-ZULDAHANSA-N
54746,CCNC(=O)N(CCCN(C)C)C(=O)[C@@H]1C[C@H]2[C@@H](CC3=CNC4=CC=CC2=C34)N(C1)CC=C,KORNTPPJEAJQIU-KJXAQDMKSA-N
5381,CCOC(=O)C1=CN=C(C=C1)C#CC2=CC3=C(C=C2)SCCC3(C)C,OGQICQVSFDPSEI-UHFFFAOYSA-N
11634155,CC(C)C[C@H]1CN2CCC3=CC(=C(C=C3[C@@H]2CC1=O)OC)OC,MKJIEFSOBYUXJB-HOCLYGCPSA-N
16051942,C[C@@H]1C[C@H]2[C@@H]3CCC4=CC(=O)C=C[C@@]4([C@H]3[C@H](C[C@@]2([C@@]1(C)C(=O)OC)C)O)C,HJPMTDNGLRNDJA-ZVXCBTRXSA-N
9801803,C[C@H](/C=C/[C@H](C1CC1)O)[C@H]2CC[C@@H]\3[C@@]2(CCC/C3=C\C=C\4/C[C@H](C[C@@H](C4=C)O)O)C,LWQQLNNNIPYSNX-GMGGYIQASA-N
9642,CC(=O)OCC(=O)[C@@]12[C@@H](C[C@@H]3[C@@]1(C[C@@H]([C@]4([C@H]3C[C@@H](C5=CC(=O)C=C[C@@]54C)F)F)O)C)OC(O2)(C)C,WJOHZNCJWYWUJD-IUGZLZTKSA-N
3168,C1CN(CC=C1N2C3=CC=CC=C3NC2=O)CCCC(=O)C4=CC=C(C=C4)F,RMEDXOLNCUSCGS-UHFFFAOYSA-N
6540478,CC[C@]12CC[C@H]3[C@H]([C@@H]1CC[C@]2(C#C)OC(=O)C)CCC4=C/C(=N/O)/CC[C@H]34,KIQQMECNKUGGKA-NMYWJIRASA-N
23665410,CCCC(C)C1(C(=O)NC(=NC1=O)[S-])CC.[Na+],AWLILQARPMWUHA-UHFFFAOYSA-M
5281032,CN1CCN(CC1)CCCN2C3=C(SC4=CC=CC=C24)C=CC(=C3)Cl.C(=C\C(=O)O)\C(=O)O.C(=C\C(=O)O)\C(=O)O,DSKIOWHQLUWFLG-SPIKMXEPSA-N
6420040,CCCCOC1=C(C=CC(=C1)C(=O)OCCN(CC)CC)N.Cl,PRGUDWLMFLCODA-UHFFFAOYSA-N
92727,CC1=C(C(=CC=C1)C)OCC(=O)N[C@@H](CC2=CC=CC=C2)[C@H](C[C@H](CC3=CC=CC=C3)NC(=O)[C@H](C(C)C)N4CCCNC4=O)O,KJHKTHWMRKYKJE-SUGCFTRWSA-N
5282494,CCCCC(=O)O[C@@]1(CC[C@@H]2[C@@]1(C[C@@H]([C@H]3[C@H]2CCC4=CC(=O)CC[C@]34C)O)C)C(=O)CO,FZCHYNWYXKICIO-FZNHGJLXSA-N
68304,CCCCOC1=CC=C(C=C1)C(=O)CCN2CCCCC2.Cl,KNZADIMHVBBPOA-UHFFFAOYSA-N
3696,CN(C)CCCN1C2=CC=CC=C2CCC3=CC=CC=C31,BCGWQEUPMDMJNV-UHFFFAOYSA-N
135413536,C[C@H](C1=CC(=CC(=C1)C(F)(F)F)C(F)(F)F)O[C@@H]2[C@@H](N(CCO2)CC3=NNC(=O)N3)C4=CC=C(C=C4)F,ATALOFNDEOCMKK-OITMNORJSA-N
5324346,COCCCC/C(=N\OCCN)/C1=CC=C(C=C1)C(F)(F)F,CJOFXWAVKWHTFT-XSFVSMFZSA-N
66063,CN1CCC(CC1)OC(C2=CC=CC=C2)C3=CC=CC=C3.Cl,LPRLDRXGWKXRMQ-UHFFFAOYSA-N
74990,CCC1=C2CN3C(=CC4=C(C3=O)COC(=O)[C@@]4(CC)O)C2=NC5=C1C=C(C=C5)OC(=O)N6CCC(CC6)N7CCCCC7.Cl,GURKHSYORGJETM-WAQYZQTGSA-N
5362376,CCOC1=CC=CC=C1OCCN[C@H](C)CC2=CC(=C(C=C2)OC)S(=O)(=O)N.Cl,ZZIZZTHXZRDOFM-XFULWGLBSA-N
4748,C1CN(CCN1CCCN2C3=CC=CC=C3SC4=C2C=C(C=C4)Cl)CCO,RGCVKNLCSQQDEP-UHFFFAOYSA-N
5281078,CC1=C2COC(=O)C2=C(C(=C1OC)C/C=C(\C)/CCC(=O)OCCN3CCOCC3)O,RTGDFNSFWBGLEC-SYZQJQIISA-N
3042,CCN(CC)CCOC(=O)C1(CCCCC1)C2CCCCC2,CURUTKGFNZGFSE-UHFFFAOYSA-N
47471,C1=CC(=C(C(=C1)Cl)SC(CCC2=CC=C(C=C2)Cl)CN3C=CN=C3)Cl.[N+](=O)(O)[O-],ZHPWRQIPPNZNML-UHFFFAOYSA-N
2477,C1CCC2(C1)CC(=O)N(C(=O)C2)CCCCN3CCN(CC3)C4=NC=CC=N4,QWCRAEMEVRGPNT-UHFFFAOYSA-N
5070,C1=CC2=C(C=C1OC(F)(F)F)SC(=N2)N,FTALBRSUTCGOEG-UHFFFAOYSA-N
9270,CC(=O)O[C@H]1CC[C@@H]2[C@H]3CC[C@]4([C@H]([C@@H]3CCC2=C1)CC[C@]4(C#C)OC(=O)C)C,ONKUMRGIYFNPJW-KIEAKMPYSA-N
55283,CCC(C)N1C(=O)N(C=N1)C2=CC=C(C=C2)N3CCN(CC3)C4=CC=C(C=C4)OC[C@H]5CO[C@](O5)(CN6C=NC=N6)C7=C(C=C(C=C7)Cl)Cl,VHVPQPYKVGDNFY-ZPGVKDDISA-N
1548955,CCN(CC)CCOC1=CC=C(C=C1)/C(=C(/C2=CC=CC=C2)\Cl)/C3=CC=CC=C3,GKIRPKYJQBWNGO-QPLCGJKRSA-N
468595,CC[C@@H]([C@H](C)O)N1C(=O)N(C=N1)C2=CC=C(C=C2)N3CCN(CC3)C4=CC=C(C=C4)OC[C@H]5C[C@](OC5)(CN6C=NC=N6)C7=C(C=C(C=C7)F)F,RAGOYPUPXAKGKH-XAKZXMRKSA-N
4409,CC(=O)CCC1=CC2=C(C=C1)C=C(C=C2)OC,BLXXJMDCKKHMKV-UHFFFAOYSA-N
444036,CCC(=O)O[C@@]1([C@@H](C[C@@H]2[C@@]1(C[C@@H]([C@]3([C@H]2C[C@@H](C4=CC(=O)C=C[C@@]43C)F)F)O)C)C)C(=O)SCF,WMWTYOKRWGGJOA-CENSZEJFSA-N
5388983,CC[C@@]1(C[C@H]2C[C@@](C3=C(CCN(C2)C1)C4=CC=CC=C4N3)(C5=C(C=C6C(=C5)[C@]78CCN9[C@H]7[C@@](C=CC9)([C@H]([C@@]([C@@H]8N6C)(C(=O)OC)O)OC(=O)C)CC)OC)C(=O)OC)O.OS(=O)(=O)O,KDQAABAKXDWYSZ-PNYVAJAMSA-N
20469,C[C@H]1C[C@H]2[C@@H]3CCC4=CC(=O)C=C[C@@]4([C@]3([C@H](C[C@@]2([C@]1(C(=O)CO)O)C)O)Cl)C,NBMKJKDGKREAPL-DVTGEIKXSA-N
5362123,CCOC(=O)[C@H](CCC1=CC=CC=C1)N[C@H]2CCC3=CC=CC=C3N(C2=O)CC(=O)O.Cl,VPSRQEHTHIMDQM-FKLPMGAJSA-N
73957,CCCCOC1=CC=C(C=C1)OCCCN2CCOCC2.Cl,SYCBXBCPLUFJID-UHFFFAOYSA-N
43032,CC1=NC=C2N1C3=C(C=C(C=C3)Cl)C(=NC2)C4=CC=CC=C4F.Cl,PLYSCVSCYOQVRP-UHFFFAOYSA-N
3393,CCN(CC)CCN1C(=O)CN=C(C2=C1C=CC(=C2)Cl)C3=CC=CC=C3F,SAADBVWGJQAEFS-UHFFFAOYSA-N
71764,CN(CCCNC(=O)C1CCCO1)C2=NC3=CC(=C(C=C3C(=N2)N)OC)OC.Cl,YTNKWDJILNVLGX-UHFFFAOYSA-N
9046,C[C@]12CC[C@H]3[C@H]([C@@H]1CC[C@]2(C#C)O)CCC4=C3C=CC(=C4)OC5CCCC5,PWZUUYSISTUNDW-VAFBSOEGSA-N
208898,CCCCC1=C(C2=C(O1)C=CC(=C2)NS(=O)(=O)C)C(=O)C3=CC=C(C=C3)OCCCN(CCCC)CCCC,ZQTNQVWKHCQYLQ-UHFFFAOYSA-N
4870,CN1C(NC2=CC(=C(C=C2S1(=O)=O)S(=O)(=O)N)Cl)CSCC(F)(F)F,CYLWJCABXYDINA-UHFFFAOYSA-N
3784,CC1=C(C(C(=C(N1)C)C(=O)OC(C)C)C2=CC=CC3=NON=C32)C(=O)OC,HMJIYCCIJYRONP-UHFFFAOYSA-N
44383,COC1=C(C=C2C(=C1)C(=NC(=N2)N3CCN(CC3)C(=O)C4CCCO4)N)OC.Cl,IWSWDOUXSCRCKW-UHFFFAOYSA-N
62960,CS(=O)(=O)O.C1[C@@H]2[C@@H](C2N)CN1C3=C(C=C4C(=O)C(=CN(C4=N3)C5=C(C=C(C=C5)F)F)C(=O)O)F,DYNZICQDCVYXFW-GIPYJWDTSA-N
54911,CCC1=NN(C(=O)N1CCOC2=CC=CC=C2)CCCN3CCN(CC3)C4=CC(=CC=C4)Cl.Cl,DYCKFEBIOUQECE-UHFFFAOYSA-N
5452,CN1CCCCC1CCN2C3=CC=CC=C3SC4=C2C=C(C=C4)SC,KLBQZWRITKRQQV-UHFFFAOYSA-N
3295,CCOC1=CC2=C(C=C1)N=C(S2)S(=O)(=O)N,OUZWUKMCLIBBOG-UHFFFAOYSA-N
73303,C[C@@H]1[C@@H]2[C@H](C(=O)N2C(=C1S[C@H]3C[C@H](NC3)CNS(=O)(=O)N)C(=O)O)[C@@H](C)O,AVAACINZEOAHHE-VFZPANTDSA-N
71399,CN1CCN(CC1)C2=NC3=CC=CC=C3OC4=C2C=C(C=C4)Cl.C(CC(=O)O)C(=O)O,YQZBAXDVDZTKEQ-UHFFFAOYSA-N
5282517,C[C@@H](C(=O)N[C@@H](C)C(=O)NC1[C@H]2[C@@H]1CN(C2)C3=C(C=C4C(=O)C(=CN(C4=N3)C5=C(C=C(C=C5)F)F)C(=O)O)F)N.CS(=O)(=O)O,CYETUYYEVKNSHZ-RSUMCGCKSA-N
9051,CC(=O)[C@H]1CC[C@@H]2[C@@]1(CC[C@@H]3[C@H]2C=CC4=CC(=O)CC[C@@]34C)C,JGMOKGBVKVMRFX-HQZYFCCVSA-N
23663992,CC(C)C1=C(C(=C(C(=N1)C(C)C)COC)C2=CC=C(C=C2)F)/C=C/[C@H](C[C@H](CC(=O)[O-])O)O.[Na+],GPUADMRJQVPIAS-QCVDVZFFSA-M
36339,CCOC(=O)C1=CN=CN1C(C)C2=CC=CC=C2,NPUKDXXFDDZOKR-UHFFFAOYSA-N
60699,CC[C@@]1(C2=C(COC1=O)C(=O)N3CC4=CC5=C(C=CC(=C5CN(C)C)O)N=C4C3=C2)O.Cl,DGHHQBMTXTWTJV-BQAIUKQQSA-N
37392,CCCCN(CCCC)CCC(C1=C2C=CC(=CC2=C3C=C(C=C(C3=C1)Cl)Cl)C(F)(F)F)O.Cl,WANGFTDWOFGECH-UHFFFAOYSA-N
34632,CCOC(=O)NC1=CC2=C(C=C1)SC3=CC=CC=C3N2C(=O)CCN4CCOCC4.Cl,GAQAKFHSULJNAK-UHFFFAOYSA-N
119607,CC1=C(C(=NO1)C2=CC=CC=C2)C3=CC=C(C=C3)S(=O)(=O)N,LNPDTQAFDNKSHK-UHFFFAOYSA-N
54360,CN1CCCC(CC1)N2C(=O)C3=CC=CC=C3C(=N2)CC4=CC=C(C=C4)Cl.Cl,YEJAJYAHJQIWNU-UHFFFAOYSA-N
5978,CC[C@@]1(C[C@@H]2C[C@@](C3=C(CCN(C2)C1)C4=CC=CC=C4N3)(C5=C(C=C6C(=C5)[C@]78CCN9[C@H]7[C@@](C=CC9)([C@H]([C@@]([C@@H]8N6C=O)(C(=O)OC)O)OC(=O)C)CC)OC)C(=O)OC)O,OGWKCGZFUXNPDA-XQKSVPLYSA-N
52195,CC(C)NCCCC1(C2=CC=CC=C2C3=CC=CC=C31)C(=O)N,UCEWGESNIULAGX-UHFFFAOYSA-N
247839,C[C@H]1C[C@H]2[C@@H]3CC[C@@H]([C@]3(C[C@@H]([C@@H]2[C@@]4(C1=CC(=O)CC4)C)O)C)C(=O)C,GZENKSODFLBBHQ-ILSZZQPISA-N
444025,CCOC(=O)O[C@@]1(CC[C@@H]2[C@@]1(C[C@@H]([C@H]3[C@H]2CCC4=CC(=O)C=C[C@]34C)O)C)C(=O)OCCl,DMKSVUSAATWOCU-HROMYWEYSA-N
71360,CC(=O)C1=CC(=C(C=C1)OCCCN2CCC(CC2)C3=NOC4=C3C=CC(=C4)F)OC,XMXHEBAFVSFQEX-UHFFFAOYSA-N
2769,COC1CN(CCC1NC(=O)C2=CC(=C(C=C2OC)N)Cl)CCCOC3=CC=C(C=C3)F,DCSUBABJRXZOMT-UHFFFAOYSA-N
13765,CC[C@@]1(CC[C@@H]2[C@@]1(CC[C@H]3[C@H]2CCC4=CCCC[C@H]34)C)O,AOXRBFRFYPMWLR-XGXHKTLJSA-N
134018,CC1=C(SC(=N1)C2=CC(=C(C=C2)OCC(C)C)C#N)C(=O)O,BQSJTQLCZDPROO-UHFFFAOYSA-N
9556529,C1=CC(=C(C=C1Cl)Cl)CO/N=C(\CN2C=CN=C2)/C3=C(C=C(C=C3)Cl)Cl.[N+](=O)(O)[O-],WVNOAGNOIPTWPT-NDUABGMUSA-N
16757820,COC(=O)C(C1=CC=CC=C1Cl)N2CCC3=C(C2)C=CS3.OS(=O)(=O)O,FDEODCTUSIWGLK-UHFFFAOYSA-N
2351,CC(C)COCC(CN(CC1=CC=CC=C1)C2=CC=CC=C2)N3CCCC3,UIEATEWHFDRYRU-UHFFFAOYSA-N
5732,CC1=CC=C(C=C1)C2=C(N3C=C(C=CC3=N2)C)CC(=O)N(C)C,ZAFYATHCZYHLPB-UHFFFAOYSA-N
25249,C[C@]12CC[C@H]3[C@H]([C@@H]1CC[C@]2(C)O)CC[C@@H]4[C@@]3(CC5=C(C4)NN=C5)C,LKAJKIOFIWVMDJ-IYRCEVNGSA-N
9818306,CC(=O)OC1=CC2=C(C=C1)[C@H]3CC[C@]4([C@H]([C@@H]3CC2)CC[C@@H]4O)C,FHXBMXJMKMWVRG-SLHNCBLASA-N
5282318,CC(CN1C2=CC=CC=C2CCC3=CC=CC=C31)CN(C)C.C(=C\C(=O)O)\C(=O)O,YDGHCKHAXOUQOS-BTJKTKAUSA-N
8944,CCOC(=O)C1(CCN(CC1)CCC2=CC=C(C=C2)N)C3=CC=CC=C3,LKYQLAWMNBFNJT-UHFFFAOYSA-N
4078,CN1CCCCC1CCN2C3=CC=CC=C3SC4=C2C=C(C=C4)S(=O)C,SLVMESMUVMCQIY-UHFFFAOYSA-N
135413523,CCCC1=NN(C2=C1N=C(NC2=O)C3=C(C=CC(=C3)S(=O)(=O)N4CCN(CC4)C)OCC)C.C(C(=O)O)C(CC(=O)O)(C(=O)O)O,DEIYFTQMQPDXOT-UHFFFAOYSA-N
2444,CN(C)CCOC(C1=CC=CC=C1)C2=CC=C(C=C2)Br,NUNIWXHYABYXKF-UHFFFAOYSA-N
84088,CCN(CC)CC(=O)OCC(=O)[C@]1(CC[C@@H]2[C@@]1(C[C@@H]([C@H]3[C@H]2CCC4=CC(=O)CC[C@]34C)O)C)O,FWFVLWGEFDIZMJ-FOMYWIRZSA-N
77993,CN1CCC[C@@H]1CC2=CNC3=C2C=C(C=C3)CCS(=O)(=O)C4=CC=CC=C4,PWVXXGRKLHYWKM-LJQANCHMSA-N
92151,C1CCN(CC1)CCC(C2CC3CC2C=C3)(C4=CC=CC=C4)O.Cl,RDNLAULGBSQZMP-UHFFFAOYSA-N
16051941,CCC1=C[C@H]2C[C@@](C3=C(CN(C2)C1)C4=CC=CC=C4N3)(C5=C(C=C6C(=C5)[C@]78CCN9[C@H]7[C@@](C=CC9)([C@H]([C@@]([C@@H]8N6C)(C(=O)OC)O)OC(=O)C)CC)OC)C(=O)OC.C(C(C(=O)O)O)(C(=O)O)O.C(C(C(=O)O)O)(C(=O)O)O,CILBMBUYJCWATM-UDRBCWGGSA-N
82153,C[C@]12C[C@@H]([C@H]3[C@H]([C@@H]1C[C@@H]4[C@]2(OC(O4)(C)C)C(=O)CO)C[C@@H](C5=CC(=O)C=C[C@]35C)F)O,XSFJVAJPIHIPKU-XWCQMRHXSA-N
6432394,CCOC(=O)C1(CCN(CC1)CCC(C#N)(C2=CC=CC=C2)C3=CC=CC=C3)C4=CC=CC=C4.Cl,SHTAFWKOISOCBI-UHFFFAOYSA-N
156418,C[C@H](C1=CC=CC2=CC=CC=C21)NCCCC3=CC(=CC=C3)C(F)(F)F.Cl,QANQWUQOEJZMLL-PKLMIRHRSA-N
5585,CC1=CC(=O)OC2=C1C=C3C=C(OC3=C2C)C,FMHHVULEAZTJMA-UHFFFAOYSA-N
60854,C1CN(CCN1CCC2=C(C=C3C(=C2)CC(=O)N3)Cl)C4=NSC5=CC=CC=C54,MVWVFYHBGMAFLY-UHFFFAOYSA-N
65495,C1=CC(=CC=C1CSC(CN2C=CN=C2)C3=C(C=C(C=C3)Cl)Cl)Cl.[N+](=O)(O)[O-],CRKGMGQUHDNAPB-UHFFFAOYSA-N
2754,C1CCC(CC1)N2C(=NN=N2)CCCCOC3=CC4=C(C=C3)NC(=O)CC4,RRGUKTPIGVIEKM-UHFFFAOYSA-N
19675,CC(=O)C1=CC2=C(C=C1)SC3=CC=CC=C3N2CCCN4CCC(CC4)CCO,BTFMCMVEUCGQDX-UHFFFAOYSA-N
2161,CC(C)C1=CC2=C(C=C1)OC3=NC(=C(C=C3C2=O)C(=O)O)N,SGRYPYWGNKJSDL-UHFFFAOYSA-N
5282375,CCOC(=O)/C=C(\C)/C=C/C=C(\C)/C=C/C1=C(C(=C(C=C1C)OC)C)C,HQMNCQVAMBCHCO-DJRRULDNSA-N
32798,CCC(=O)O[C@@]1([C@H](C[C@@H]2[C@@]1(C[C@@H]([C@]3([C@H]2CCC4=CC(=O)C=C[C@@]43C)F)O)C)C)C(=O)CCl,CBGUOGMQLZIXBE-XGQKBEPLSA-N
6437380,CCCCN(CCCC)CC(C1=CC(=CC\2=C1C3=C(/C2=C/C4=CC=C(C=C4)Cl)C=C(C=C3)Cl)Cl)O,DYLGFOYVTXJFJP-MYYYXRDXSA-N
443943,C[C@]12CCC(=O)C=C1CC[C@@H]3[C@@]2([C@H](C[C@]4([C@H]3C[C@@H]5[C@]4(OC(O5)(C)C)C(=O)CCl)C)O)F,MUQNGPZZQDCDFT-JNQJZLCISA-N
60795,C1CC(=O)NC2=C1C=CC(=C2)OCCCCN3CCN(CC3)C4=C(C(=CC=C4)Cl)Cl,CEUORZQYGODEFX-UHFFFAOYSA-N
123596,CC1=C(C=C(C=C1)NC(=O)C2=CC=C(C=C2)CN3CCN(CC3)C)NC4=NC=CC(=N4)C5=CN=CC=C5.CS(=O)(=O)O,YLMAHDNUQAMNNX-UHFFFAOYSA-N
62978,COC1=C(C=C2C(=C1)C(=NC(=N2)N3CCN(CC3)C(=O)C4COC5=CC=CC=C5O4)N)OC.CS(=O)(=O)O,VJECBOKJABCYMF-UHFFFAOYSA-N
93055,C[C@]12C[C@@H]([C@H]3[C@H]([C@@H]1CC[C@@]2(C(=O)COC(=O)CC(C)(C)C)O)CCC4=CC(=O)C=C[C@]34C)O,HUMXXHTVHHLNRO-KAJVQRHHSA-N
16667700,COC1=CC=CC=C1OCCNCC(COC2=CC=CC3=C2C4=CC=CC=C4N3)O.C(C(C(=O)O)O)(C(=O)O)O,WWXYYTOHUGNKSA-UHFFFAOYSA-N
10158453,CC(=O)OC1=CC2=C(S1)CCN(C2)C(C3=CC=CC=C3F)C(=O)C4CC4.Cl,JALHGCPDPSNJNY-UHFFFAOYSA-N
11088,CC1=CC(=C(C=C1C2=CC(=C(C=C2C)OI)C(C)C)C(C)C)OI,SHOKWSLXDAIZPP-UHFFFAOYSA-N
16682935,CC1=C2C(=C(C=C1)[N+](=O)[O-])[Hg]O2,UEHLXXJAWYWUGI-UHFFFAOYSA-M
517304,CCN(CC)CCOC(=O)C1(CCCC1)C2=CC=CC=C2.CCN(CC)CCOC(=O)C1(CCCC1)C2=CC=CC=C2.C(CS(=O)(=O)O)S(=O)(=O)O,BANIDACEBXZGNK-UHFFFAOYSA-N
3036,C1=CC(=CC=C1C(C2=CC=C(C=C2)Cl)C(Cl)(Cl)Cl)Cl,YVGGHNCTFXOJCH-UHFFFAOYSA-N
10830,C1CCN(CC1)CC(COC(=O)NC2=CC=CC=C2)OC(=O)NC3=CC=CC=C3.Cl,OWULVAZDMWJBLB-UHFFFAOYSA-N
275196,CN1CCC2=CC3=C(C(=C2[C@@H]1[C@@H]4C5=C(C(=C(C=C5)OC)OC)C(=O)O4)OC)OCO3,AKNNEGZIBPJZJG-MSOLQXFVSA-N
37907,CC(C)(C)C(=O)C(N1C=CN=C1)OC2=CC=C(C=C2)Cl,OWEGWHBOCFMBLP-UHFFFAOYSA-N
6436059,CC(=O)/C=C/C=C\1/C2CCC(C2)C1(C)C,WDMFHQNUSVLQMS-XFYQWYMDSA-N
61574,CCCCCCCCCCCCSCCOCCO,BXSSNHYHHLFNAV-UHFFFAOYSA-N
2562,CCN(CC)CCOCCOC(=O)C1(CCCC1)C2=CC=CC=C2,CFJMRBQWBDQYMK-UHFFFAOYSA-N
71386,CCCC(=O)O[C@@]1([C@H](C[C@@H]2[C@@]1(CC(=O)[C@]3([C@H]2CCC4=CC(=O)C=C[C@@]43C)F)C)C)C(=O)CCl,FBRAWBYQGRLCEK-AVVSTMBFSA-N
5468,CC(C1=CC=C(S1)C(=O)C2=CC=CC=C2)C(=O)O,GUHPRPJDBZHYCJ-UHFFFAOYSA-N
5311217,CCOC(=O)C1=C(NC(=C(C1C2=CC=CC=C2/C=C/C(=O)OC(C)(C)C)C(=O)OCC)C)C,GKQPCPXONLDCMU-CCEZHUSRSA-N
91610,CC1(C2=C(C=C(C=C2)OC)C(=O)N(C1=O)CCC3=CC=C(C=C3)S(=O)(=O)NC(=O)NC4CCCCC4)C,LLJFMFZYVVLQKT-UHFFFAOYSA-N
65057,C1=CC=C(C=C1)C2=C(C2=O)C3=CC=CC=C3,HCIBTBXNLVOFER-UHFFFAOYSA-N
153997,C1CN(CCN1C[C@H](COC2=CC=CC3=C2C=CC=N3)O)C4C5=CC=CC=C5[C@H]6[C@H](C6(F)F)C7=CC=CC=C47.Cl.Cl.Cl,ZPFVQKPWGDRLHL-ZLYBXYBFSA-N
104850,CC1=C(N(N=C1C(=O)NN2CCCCC2)C3=C(C=C(C=C3)Cl)Cl)C4=CC=C(C=C4)Cl,JZCPYUJPEARBJL-UHFFFAOYSA-N
65906,CN(C1CCN(CC1)C2=NC3=CC=CC=C3N2CC4=CC=C(C=C4)F)C5=NC=CC(=O)N5,PVLJETXTTWAYEW-UHFFFAOYSA-N
135749823,CCCC1=NC(=C2N1N=C(NC2=O)C3=C(C=CC(=C3)S(=O)(=O)N4CCN(CC4)CC)OCC)C.C(C(=O)O)C(CC(=O)O)(C(=O)O)O,KRRAUGJKMHOFMD-UHFFFAOYSA-N
60149,C1CN(CCC1C2=CN(C3=C2C=C(C=C3)Cl)C4=CC=C(C=C4)F)CCN5CCNC5=O,GZKLJWGUPQBVJQ-UHFFFAOYSA-N
312915,CCN(CC)CCOC(=O)C(CC1CCCO1)CC2=CC=CC3=CC=CC=C32.C(=O)(C(=O)O)O,SSAJNPNVUYMUCI-UHFFFAOYSA-N
20395,CCC(C1=CC=CC=C1)C(=O)OCCN2CCOC(C2C)C3=CC=CC=C3,BAQKJENAVQLANS-UHFFFAOYSA-N
160796,CC(CC1=CC=CC=C1)NCC2=CC=CC=C2Cl.Cl,ASTCUURTJCZRSC-UHFFFAOYSA-N
10113978,CC1=C(C=C(C=C1)NC2=NC=CC(=N2)N(C)C3=CC4=NN(C(=C4C=C3)C)C)S(=O)(=O)N,CUIHSIWYWATEQL-UHFFFAOYSA-N
9570438,C1=CC(=CC=C1/C=N/N/C(=N/N=C/C2=CC=C(C=C2)Cl)/N)Cl,MOOFYEJFXBSZGE-LQGKIZFRSA-N
4621,CC(C)(CC1=CC=CC=C1)N(C)C(=O)CN(CCO)CC(=O)N(C)C(C)(C)CC2=CC=CC=C2,FTLDJPRFCGDUFH-UHFFFAOYSA-N
10288,CC1=CC2=C(C(=C1)O)C(=C3C(=C2)C=CC=C3O)O,JBGKVNQFVAJOGC-UHFFFAOYSA-N
4622,CCCOC1=CC2=C(C=C1)N=C(N2)NC(=O)OC,RAOCRURYZCVHMG-UHFFFAOYSA-N
2194,COC1=CC=C(C=C1)C2=CC(=S)SS2,KYLIZBIRMBGUOP-UHFFFAOYSA-N
10090,CCC(=O)C(CCN(C)C)(C1=CC=CC=C1)C2=CC=CC=C2,WCJFBSYALHQBSK-UHFFFAOYSA-N
3058754,COC1=C(C=C(C=C1)C2=CC(=NN2C3=CC=C(C=C3)S(=O)(=O)N)C(F)F)F,WAZQAZKAZLXFMK-UHFFFAOYSA-N
3360,C1=CC=C(C(=C1)C(=O)OCC(CO)O)NC2=C3C=CC=C(C3=NC=C2)C(F)(F)F,APQPGQGAWABJLN-UHFFFAOYSA-N
6084,COC1=C(C=C(C=C1)CC2=NC=CC3=CC(=C(C=C32)OC)OC)OC.Cl,UOTMYNBWXDUBNX-UHFFFAOYSA-N
637566,CC(=CCC/C(=C/CO)/C)C,GLZPCOQZEFWAFX-JXMROGBWSA-N
15443,C1CN(CCN1CCCC(=O)C2=CC=C(C=C2)F)C3=CC=CC=N3,XTKDAFGWCDAMPY-UHFFFAOYSA-N
91670,CCCCC(=O)OCC(=O)[C@H]1[C@@H](C[C@@H]2[C@@]1(C[C@@H]([C@]3([C@H]2C[C@@H](C4=CC(=O)C=C[C@@]43C)F)F)O)C)C,HHJIUUAMYGBVSD-YTFFSALGSA-N
6708701,C[C@]12C3CCC([C@]1(C(=O)OC2=O)C)O3,DHZBEENLJMYSHQ-OBDNUKKESA-N
10219,CC[C@H]1CN2CCC3=CC(=C(C=C3[C@@H]2C[C@@H]1C[C@@H]4C5=CC(=C(C=C5CCN4)OC)OC)OC)OC,AUVVAXYIELKVAI-CKBKHPSWSA-N
656743,CN1CCC2=CC3=C(C=C2[C@H]1[C@H]4C5=C(C(=C(C=C5)OC)OC)C(=O)O4)OCO3,JZUTXVTYJDCMDU-RBUKOAKNSA-N
7188,C1CCN(CC1)C(=S)SSC(=S)N2CCCCC2,KNBRWWCHBRQLNY-UHFFFAOYSA-N
216235,CC1=CC2=C(C=C1CC(=O)C3=C(C=CS3)S(=O)(=O)NC4=C(C(=NO4)C)Cl)OCO2,PHWXUGHIIBDVKD-UHFFFAOYSA-N
221071,C[C@H]1[C@@H]2CC[C@]3(C=CC(=O)C(=C3[C@H]2OC1=O)C)C,XJHDMGJURBVLLE-BOCCBSBMSA-N
3607,CCCCC(CC)CN1CC(CN(C1)CC(CC)CCCC)(C)N,DTOUUUZOYKYHEP-UHFFFAOYSA-N
5388977,CCC(COC(=O)C1=CC(=C(C(=C1)OC)OC)OC)(C2=CC=CC=C2)N(C)C.C(=C\C(=O)O)\C(=O)O,FSRLGULMGJGKGI-BTJKTKAUSA-N
71777,C1=CC(=C(C(=C1)F)C(=O)NC(=O)NC2=CC(=C(C=C2Cl)OC(C(C(F)(F)F)F)(F)F)Cl)F,PWPJGUXAGUPAHP-UHFFFAOYSA-N
72026,C1CCC(CC1)C(=O)N2CC3C4=CC=CC=C4CCCN3C(=O)C2,LGUDKOQUWIHXOV-UHFFFAOYSA-N
10126299,CC1CC(=O)NN=C1C2=CC3=C(C=C2)N=C(N3)C4=CC=C(C=C4)OC.Cl,OJLOGBZTFKPHDQ-UHFFFAOYSA-N
16490,C[C@@H]1C[C@H]2[C@@H]3C[C@@H](C4=CC(=O)C=C[C@@]4([C@]3([C@H](C[C@@]2([C@]1(C(=O)CO)O)C)O)F)C)F,WXURHACBFYSXBI-GQKYHHCASA-N
135410,CCC(=O)O[C@@]1([C@H](C[C@@H]2[C@@]1(C[C@@H](C3([C@H]2CCC4=CC(=O)C=C[C@@]43C)F)O)C)C)C(=O)COC,ZMYGOSBRLPSJNB-AKBCLJBMSA-N
13713368,CC(C)C[C@@H]1[C@@H](OC(=O)N1CCCN2CCCCCC2)C3=CC=CC=C3.Cl,WXDRKSLHMGNBSF-BHDTVMLSSA-N
65948,CC1=C(C(C(=C(N1)N)C(=O)OC2CN(C2)C(C3=CC=CC=C3)C4=CC=CC=C4)C5=CC(=CC=C5)[N+](=O)[O-])C(=O)OC(C)C,ZKFQEACEUNWPMT-UHFFFAOYSA-N
2793,C1CCN(CC1)C2(CCN(CC2)CCCN3C4=CC=CC=C4CCC5=C3C=C(C=C5)Cl)C(=O)N,QAZKXHSIKKNOHH-UHFFFAOYSA-N
2816,C1COC2(N1CC(=O)NC3=C2C=C(C=C3)Cl)C4=CC=CC=C4Cl,ZIXNZOBDFKSQTC-UHFFFAOYSA-N
2333,CCC1=C(C2=CC=CC=C2O1)C(=O)C3=CC(=C(C(=C3)Br)O)Br,WHQCHUCQKNIQEC-UHFFFAOYSA-N
5702220,CN(CC1=C(C(=CC(=C1)Br)Br)N)C2CCCCC2.Cl,UCDKONUHZNTQPY-UHFFFAOYSA-N
3074,COC1=CC(=CC(=C1OC)OC)C(=O)OCCCN2CCCN(CC2)CCCOC(=O)C3=CC(=C(C(=C3)OC)OC)OC,QVZCXCJXTMIDME-UHFFFAOYSA-N
2577,CCCCCCNC(=O)N1C=C(C(=O)NC1=O)F,AOCCBINRVIKJHY-UHFFFAOYSA-N
4177,CC1COC2(N1CC(=O)NC3=C2C=C(C=C3)Cl)C4=CC=CC=C4Cl,ANUCDXCTICZJRH-UHFFFAOYSA-N
3033988,C/C(=C(\C1=C(C=C(C=C1)Cl)Cl)/OCCOC2=CC=C(C=C2)Cl)/N3C=CN=C3,JMFOSJNGKJCTMJ-ZHZULCJRSA-N
73356,CCOC(CN1CCN(CC1)CC(C)C(=O)C2=CC=CC=C2)C3=CC=CC=C3.Cl.Cl,BPMQVOKMMQFZGV-UHFFFAOYSA-N
5265,C1CN(CCC12C(=O)NCN2C3=CC=CC=C3)CCCC(=O)C4=CC=C(C=C4)F,DKGZKTPJOSAWFA-UHFFFAOYSA-N
443955,CC[C@@]12CCCN3[C@@H]1C4=C(CC3)C5=CC=CC=C5N4C(=C2)C(=O)OCC,DDNCQMVWWZOMLN-IRLDBZIGSA-N
3515,CC1=C2C=CC(=C2C=C(C=C1)C(C)C)C,FWKQNCXZGNBPFD-UHFFFAOYSA-N
5506,CC1=CC(=CC=C1)N(C)C(=S)OC2=CC3=C(C=C2)C4CCC3C4,CANCCLAKQQHLNK-UHFFFAOYSA-N
5282138,CC1=C(C(C(=C(N1)C)C(=O)OC/C=C/C2=CC=CC=C2)C3=CC(=CC=C3)[N+](=O)[O-])C(=O)OCCOC,KJEBULYHNRNJTE-DHZHZOJOSA-N
2448,C1CN(CCC1(C2=CC=C(C=C2)Br)O)CCCC(=O)C3=CC=C(C=C3)F,RKLNONIVDFXQRX-UHFFFAOYSA-N
5282209,CO[C@H]1[C@@H](C[C@@H]2CN3CCC4=C([C@H]3C[C@@H]2[C@@H]1C(=O)OC)NC5=C4C=CC(=C5)OC)OC(=O)/C=C/C6=CC(=C(C=C6)O)OC,MMUMZMIKZXSFSD-ADSVITMPSA-N
4006,CC(C)OC(=O)C(=C1SC=CS1)C(=O)OC(C)C,YPIQVCUJEKAZCP-UHFFFAOYSA-N
5355019,CCCSS/C(=C(\C)/N(CC1=CN=C(N=C1N)C)C=O)/CCO,UDCIYVVYDCXLSX-SDNWHVSQSA-N
9927058,C1C(S/C(=C(/C#N)\N2C=CN=C2)/S1)C3=CC=CC=C3Cl,ZRTQSJFIDWNVJW-OWBHPGMISA-N
2247,COC1=CC=C(C=C1)CCN2CCC(CC2)NC3=NC4=CC=CC=C4N3CC5=CC=C(C=C5)F,GXDALQBWZGODGZ-UHFFFAOYSA-N
91771,C1C(CC2=CC=CC=C2C1C3=C(SC4=CC=CC=C4C3=O)O)C5=CC=C(C=C5)C6=CC=C(C=C6)Br,VSVAQRUUFVBBFS-UHFFFAOYSA-N
4507,CCOC(=O)C1=C(NC(=C(C1C2=CC(=CC=C2)[N+](=O)[O-])C(=O)OC)C)C,PVHUJELLJLJGLN-UHFFFAOYSA-N
676166,C1=NC(=S)C2=C(N1)N(C=N2)[C@H]3[C@@H]([C@@H]([C@H](O3)CO)O)O,NKGPJODWTZCHGF-KQYNXXCUSA-N
3086676,COC1=C2CCCCC(C2=NC=C1)S(=O)C3=NC4=CC=CC=C4N3,JWMQOWBYKLZSPY-UHFFFAOYSA-N
6607,CC#C[C@@]1(CC[C@@H]2[C@@]1(CC[C@H]3[C@H]2C[C@@H](C4=CC(=O)CC[C@]34C)C)C)O,LVHOURKCKUYIGK-RGUJTQARSA-N
111318,C[C@]12CC[C@H]3[C@H]([C@@H]1CC[C@@H]2OC(=O)CCC4=CC=CO4)CCC5=CC(=O)CC[C@H]35,ICNIVTHKZKRHPD-YNFNDHOQSA-N
5309446,C1CCN(C1)CC2=NC3=CC=CC=C3N2CC4=CC=C(C=C4)Cl.Cl,DNFMJYXRIMLMBZ-UHFFFAOYSA-N
33611,CN(CCCN1C2=CC=CC=C2CCC3=CC=CC=C31)CC(=O)C4=CC=C(C=C4)Cl.Cl,ZWZIQPOLMDPIQM-UHFFFAOYSA-N
636411,CC1=CN=C(C(=C1OC)C)CS(=O)C2=NC3=C(N2)C=CC(=N3)OC,ZBFDAUIVDSSISP-UHFFFAOYSA-N
2273,C1=CSC(=C1)CNC2=CC(=C(C=C2C3=NNN=N3)S(=O)(=O)N)Cl,HMEDEBAJARCKCT-UHFFFAOYSA-N
16351,CN1CCN(CC1)C2=NC3=CC=CC=C3SC4=C2C=C(C=C4)Cl,KAAZGXDPUNNEFN-UHFFFAOYSA-N
71587,C1CN(CCN1CCCN2C3=CC=CC=C3C=CC4=CC=CC=C42)CCO.Cl.Cl,DLTOEESOSYKJBK-UHFFFAOYSA-N
3085326,C1=CC=C(C(=C1)C(=O)OCC(CO)O)NC2=C3C=CC(=CC3=NC=C2)Cl.Cl,CEUMONXVSJOJIH-UHFFFAOYSA-N
18377,C1=CC=C(C=C1)N(CCC(=O)O)C(=O)C2=C(C(=C(C=C2I)I)N)I,FJYJNLIEGUTPIJ-UHFFFAOYSA-N
6321253,CCN(CC)C(=O)N[C@H]1CN([C@H]2CC3=CNC4=CC=CC(=C34)C2=C1)C,BKRGVLQUQGGVSM-KDOFPFPSSA-N
11368,CC(COC1=CC=CC=C1)NC(C)C(C2=CC=C(C=C2)O)O.Cl,QVPSGVSNYPRFAS-UHFFFAOYSA-N
35455,CC(=CCC1C(=O)N(N(C1=O)C2=CC=CC=C2)C3=CC=CC=C3)C,RBBWCVQDXDFISW-UHFFFAOYSA-N
2225,CC1=C(C(C(=C(N1)C)C(=O)OCC(=O)C)C2=CC=CC=C2[N+](=O)[O-])C(=O)OC,NCUCGYYHUFIYNU-UHFFFAOYSA-N
3316,CCCCCCOC1=CC=CC=C1C(=O)N,CKSJXOVLXUMMFF-UHFFFAOYSA-N
119442,CC(C)C(CCCN(C)CCC1=CC(=C(C=C1)OC)OC)(C#N)C2=CC(=C(C(=C2)OC)OC)OC.Cl,OKCRIUNHEQSXFD-UHFFFAOYSA-N
10206,CN1CCC2=CC3=C(C4=C2[C@@H]1CC5=CC=C(C=C5)OC6=C(C=CC(=C6)C[C@@H]7C8=CC(=C(C=C8CCN7C)OC)O4)OC)OCO3,YVPXVXANRNDGTA-WDYNHAJCSA-N
3747,CC(C)OC1=CC2=C(C=C1)C(=O)C(=CO2)C3=CC=CC=C3,SFBODOKJTYAUCM-UHFFFAOYSA-N
5284629,CCO[C@H]1[C@@H]([C@H]([C@H](O1)C(COCC2=CC=CC=C2)OCC3=CC=CC=C3)OCC4=CC=CC=C4)O,ULLNJSBQMBKOJH-SCNPRXQJSA-N
3275,CCN(CC)CCOC1=CC=CC=C1C(=O)CCC2=CC=CC=C2,OEGDFSLNGABBKJ-UHFFFAOYSA-N
443945,CN1C2=CC=CC=C2C(=O)N(C3=CC=CC=C31)CCN(C)C.Cl,RJPZIQRLRMWPRF-UHFFFAOYSA-N
5365672,CCCCC/C=C/C/C=C/CCCCCCCC(=O)OCC,FMMOOAYVCKXGMF-MVKOLZDDSA-N
119583,CCOC1=CC(=C(C=C1C(=O)NCC2CN(CCO2)CC3=CC=C(C=C3)F)Cl)N.C(C(=O)O)C(CC(=O)O)(C(=O)O)O,HUZTYZBFZKRPFG-UHFFFAOYSA-N
122125,COC1=C(C(=C(C=C1)CN2CCN(CC2)C(C3=CC=C(C=C3)F)C4=CC=C(C=C4)F)OC)OC.Cl.Cl,LOGVKVSFYBBUAJ-UHFFFAOYSA-N
3760,C1=CC(=C(C(=C1)Cl)COC(CN2C=CN=C2)C3=C(C=C(C=C3)Cl)Cl)Cl,MPIPASJGOJYODL-UHFFFAOYSA-N
5282183,CC1=C(C2=C(N1C(=O)C3=CC=C(C=C3)Cl)C=CC(=C2)OC)CC(=O)OC/C=C(\C)/CC/C=C(\C)/CCC=C(C)C,CFIGYZZVJNJVDQ-LMJOQDENSA-N
5282422,CCN(CC)CC1=NC=CN1C2=C(C=C(C=C2)[N+](=O)[O-])C(=O)C3=CC=CC=C3Cl.C(=C/C(=O)O)\C(=O)O,JDQAUUIBFFFOOV-WLHGVMLRSA-N
71622,CCCC1=CC(=C(C=C1)OCC(=O)N2CCN(CC2)C(=O)COC3=C(C=C(C=C3)CCC)OC)OC,IMOLVSPMDGCLMB-UHFFFAOYSA-N
159271,CC1=NC(=C(O1)C2=CC(=C(C=C2)S(=O)(=O)N)F)C3CCCCC3,MIMJSJSRRDZIPW-UHFFFAOYSA-N
5282433,CCCCCOC1=CC=CC=C1/C(=C\SC)/N2C=CN=C2,VWOIKFDZQQLJBJ-DTQAZKPQSA-N
441412,CCCOC(C1=CC=CC=C1)(C2=CC=CC=C2)C(=O)OC3CCN(CC3)C.Cl,KFUJMHHNLGCTIJ-UHFFFAOYSA-N
16473,C1CCC(CC1)N2CC3=CC(=C(C=C3C2=O)S(=O)(=O)N)Cl,VPMWFZKOWULPGT-UHFFFAOYSA-N
5282229,CC(=CCC/C(=C/CC/C(=C/C(=O)OCC(=O)[C@]1(CC[C@@H]2[C@@]1(C[C@@H]([C@H]3[C@H]2CCC4=CC(=O)C=C[C@]34C)O)C)O)/C)/C)C,SBQAKZYUNWNIRL-WIPKXTQKSA-N
3671,CC(C)C1=NN2C=CC=CC2=C1C(=O)C(C)C,ZJVFLBOZORBYFE-UHFFFAOYSA-N
93858,CC1=CC=C(C=C1)S(=O)(=O)O.C1CN(CC1N)C2=C(C=C3C(=O)C(=CN(C3=N2)C4=C(C=C(C=C4)F)F)C(=O)O)F,CSSQVOKOWWIUCX-UHFFFAOYSA-N
3936,CN(C1=NC(=CC=C1)OC)C(=S)OC2=CC3=C(CCCC3)C=C2,VPHPQNGOVQYUMG-UHFFFAOYSA-N
4615,C1CN(CCN1CCCN2C3=CC=CC=C3NC2=O)C(C4=CC=CC=C4)C5=CC=CC=C5,BAINIUMDFURPJM-UHFFFAOYSA-N
3326,CC(C)C1=C(N(N(C1=O)C2=CC=CC=C2)C)CN(C)C(C)CC3=CC=CC=C3,GNUXVOXXWGNPIV-UHFFFAOYSA-N
71128,CCN(CC)CCOC(=O)C(C)(C1=CC=CC=C1)C2=CC=CC=C2,DIDYGLSKVUKRRP-UHFFFAOYSA-N
92806,CCN(CC)CCOC(=O)C(C1CCCCC1)C2=CC=CC=C2.Cl,WIELVDXKOYPANK-UHFFFAOYSA-N
4122,COC(=O)NC1=NC2=C(N1)C=C(C=C2)C(=O)C3=CC=CS3,KYRVNWMVYQXFEU-UHFFFAOYSA-N
115367,C1CC[C@H]2[C@@H](C1)C(=O)N(C2=O)CCCCN3CCN(CC3)C4=NSC5=CC=CC=C54.Cl,HIZFAPMOZFYELI-GNXQHMNLSA-N
71267,CC1=C(C(=CC=C1)C)NC(=O)CN2CCCCCC2,RJOUHGWLHPOQSA-UHFFFAOYSA-N
135565674,CCCCCCOC(=O)NC(=N)C1=CC=C(C=C1)NCC2=NC3=C(N2C)C=CC(=C3)C(=O)N(CCC(=O)OCC)C4=CC=CC=N4,KSGXQBZTULBEEQ-UHFFFAOYSA-N
60662,CC(C)[C@H]1C2=C(CC[C@@]1(CCN(C)CCCC3=NC4=CC=CC=C4N3)OC(=O)COC)C=C(C=C2)F.Cl.Cl,MTJLQTFHJIHXIX-GDUXWEAWSA-N
24871267,CCCCNC1=C2C=NN(C2=NC(=C1C(=O)OCC)C)CC.Cl,TUIXDPUEMQXVHO-UHFFFAOYSA-N
65758,C1=CC=C(C(=C1)C2=NC(=NO2)C3=CC=NC=C3)Cl,YXVGPSQAIBDQJD-UHFFFAOYSA-N
151194,C1=CC=C2C(=C1)C(=NN=C2NC3=CC=C(C=C3)Cl)CC4=CC=NC=C4,YCOYDOIWSSHVCK-UHFFFAOYSA-N
688145,CCNC(=O)/C=C/C1=CC(=CC=C1)Br,LDCXGZCEMNMWIL-VOTSOKGWSA-N
5311037,CCN1C2=C(C(=O)N(C1=O)CC)N(C(=N2)/C=C/C3=CC(=C(C=C3)OC)OC)C,IQVRBWUUXZMOPW-PKNBQFBNSA-N
56463,CC1=C(C2=CC=CC=C2N1CCN3CCOCC3)C(=O)C4=CC=C(C=C4)OC,MEUQWHZOUDZXHH-UHFFFAOYSA-N
3060974,CC1=CC(=C(C(=C1)C)N=C2C=C3C4=CC(=C(C=C4CCN3C(=O)N2C)OC)OC)C.Cl,DTCZZBVPTHVXFA-UHFFFAOYSA-N
60785,C1CN(CCN1CCCN2C3=CC=CC4=C3C(=CC=C4)S2(=O)=O)C5=CC=C(C=C5)F,VGIGHGMPMUCLIQ-UHFFFAOYSA-N
3033825,C[C@@H]1CC(=O)NN=C1C2=CC=C(C=C2)NN=C(C#N)C#N,WHXMKTBCFHIYNQ-SECBINFHSA-N
3033968,CC[C@]12CC[C@H]3[C@H]([C@@H]1C=C[C@]2(C#C)O)CCC4=CC(=O)CC[C@H]34,SIGSPDASOTUPFS-XUDSTZEESA-N
65341,CCCC(C1=CC=CC=C1)(C2=CC=CC=C2)C(=O)OCCN(CC)CC.Cl,FHIKZROVIDCMJA-UHFFFAOYSA-N
54685524,CCOC(=O)C(C1=C(C2=CC=CC=C2OC1=O)O)C3=C(C4=CC=CC=C4OC3=O)O,JCLHQFUTFHUXNN-UHFFFAOYSA-N
2453,C1=CC2=C(C(=C(C=C2Br)Br)O)N=C1,ZDASUJMDVPTNTF-UHFFFAOYSA-N
6918543,CS(=O)(=O)O.CS(=O)(=O)O.C=CCNC1=NC(=NC(=N1)N2CCN(CC2)C(C3=CC=C(C=C3)F)C4=CC=C(C=C4)F)NCC=C,MRDBGMJEPGXQHJ-UHFFFAOYSA-N
68848,CN1C[C@H](C[C@H]2[C@H]1CC3=CN(C4=CC=CC2=C34)C)NS(=O)(=O)N(C)C,JLVHTNZNKOSCNB-YSVLISHTSA-N
54339,C1=CC=C(C=C1)CCNC2=NC(=CS2)C3=CC=CC=C3,WEEYMMXMBFJUAI-UHFFFAOYSA-N
72106,C1COCCN1CCOC(=O)C2=C(N=CC=C2)NC3=CC=CC(=C3)C(F)(F)F,LDXSPUSKBDTEKA-UHFFFAOYSA-N
155794,CC1=CN=C(C(=C1OC)C)CSC2=NC3=C(N2)C=C(C=C3)OC,XURCIPRUUASYLR-UHFFFAOYSA-N
42725,C1=CC=C(C(=C1)N)NC(=O)C2=CC=C(C=C2)N,QGMGHALXLXKCBD-UHFFFAOYSA-N
72098,C1CN(CCN1CC2=CC3=C(C=C2)OCO3)CC(=O)N4C5=CC=CC=C5SC6=CC=CC=C64,UBAJTZKNDCEGKL-UHFFFAOYSA-N
68943,C1CCN(C1)CC#CC(C2=CC=CC=C2)(C3=CC=CC=C3)O,LWPXJPFOEPMIRG-UHFFFAOYSA-N
71203,CC[C@@]12CCCN3[C@@H]1C4=C(CC3)C5=CC=CC=C5N4C(=O)C2,WYJAPUKIYAZSEM-MOPGFXCFSA-N
1549992,CC1=CC[C@@H](CC1)[C@@](C)(CCC=C(C)C)O,RGZSQWQPBWRIAQ-LSDHHAIUSA-N
71967,CC1=C(N=CN1)C2=CC=C(C=C2)Cl,MBKWNJVQSFBLQI-UHFFFAOYSA-N
2843496,CCN(CC)CC(=O)NC1=C(C=C(C=C1C)C)C.Cl,KOOGJYYOMPUGCW-UHFFFAOYSA-N
616236,CCOC(=O)C1=C(N(C2=C1C=C(C=C2)O)C)C,YTBNTDMBGXAOCG-UHFFFAOYSA-N
3033769,CCN1CCC[C@H]1CNC(=O)C2=C(C(=CC(=C2OC)Cl)Cl)O,WAOQONBSWFLFPE-VIFPVBQESA-N
2753,CN(C1CCCCC1)C(=O)CCCOC2=CC3=C(C=C2)NC(=O)C=C3,UIAYVIIHMORPSJ-UHFFFAOYSA-N
20054964,C[C@H]1C[C@H]([C@@](O[C@@H]1[C@H]2C[C@@H]([C@@H](O2)[C@@]3(CC[C@@H](O3)[C@@]4(CC[C@@]5(O4)C[C@@H]([C@H]([C@H](O5)[C@@H](C)[C@H]6[C@@H]([C@H]([C@@H]([C@](O6)(CC(=O)[O-])O)C)OC)OC)C)O)C)C)OC7C[C@@H]([C@H]([C@@H](O7)C)OC)OC)(C)O)C.[NH4+],WQGJEAMPBSZCIF-VEKNOCPUSA-N
31635,C1=CC=C(C=C1)CCNC2=CC=CC=C2C(=O)O,HLNLBEFKHHCAMV-UHFFFAOYSA-N
56649463,C[C@@H]1C[C@H]2[C@@H]3C[C@@H](C4=CC(=O)C(=C[C@@]4([C@]3([C@H](C[C@@]2([C@]1(C(=O)CO)O)C)O)F)C)Cl)F.O,LIVSBYNMLPEZHQ-DNGJBDHLSA-N
21718,CCN(CCCC1=CC=CC=C1)CCCC2=CC=CC=C2.C(C(=O)O)C(CC(=O)O)(C(=O)O)O,RYHCACJBKCOBTJ-UHFFFAOYSA-N
54676478,CN1C2=CC=CC=C2C(=C(C1=O)C(=O)N(C)C3=CC=CC=C3)O,SGOOQMRIPALTEL-UHFFFAOYSA-N
55652,CN([C@H]1CC[C@@]2(CCCO2)C[C@@H]1N3CCCC3)C(=O)CC4=CC(=C(C=C4)Cl)Cl,NYKCGQQJNVPOLU-ONTIZHBOSA-N
65399,CN1C2=NC=NC3=C2C(=CN3[C@H]4[C@@H]([C@@H]([C@H](O4)CO)O)O)C(=N1)N,HOGVTUZUJGHKPL-HTVVRFAVSA-N
68909,CC1=C(C(C(=C(N1)C)C(=O)OC)C2=CC=CC=C2OC(F)F)C(=O)OC,AZVFIZVKGSPGPK-UHFFFAOYSA-N
59757,CN(C(=O)CCC1=NN(C(=C1)C2=CC=C(C=C2)Cl)C3=CC=C(C=C3)OC)O,XYKWNRUXCOIMFZ-UHFFFAOYSA-N
75194,C1=CC=C(C(=C1)C(=C2C=C(C(=O)C(=C2)I)I)C3=CC(=C(C(=C3)I)[O-])I)C(=O)[O-].[Na+].[Na+],CWHBCTLVWOCMPQ-UHFFFAOYSA-L
107641,CCC(C1=CC=C(C=C1)N2CC3=CC=CC=C3C2=O)C(=O)O,AYDXAULLCROVIT-UHFFFAOYSA-N
135659063,CN\1CC(=O)N/C1=N/C(=O)NC2=CC(=CC=C2)Cl,DWPQODZAOSWNHB-UHFFFAOYSA-N
30668,CC(C1=NCCN1)OC2=C(C=CC=C2Cl)Cl,KSMAGQUYOIHWFS-UHFFFAOYSA-N
30630,CC1(C2=C(C=CC(=C2)Br)NC(=O)O1)C,JRXGULDSFFLUAO-UHFFFAOYSA-N
108092,CCN(CC)CCOC1=CC=C(C=C1)CC2=CC=CC=C2,NFIXBCVWIPOYCD-UHFFFAOYSA-N
83969,CCCS(=O)C1=CC2=C(C=C1)N=C(N2)NC(=O)OC,VXTGHWHFYNYFFV-UHFFFAOYSA-N
28767,CN(CCCOC1=C(C=C(C=C1)Cl)Cl)CC#C.Cl,BBAZDLONIUABKI-UHFFFAOYSA-N
70882,CCC1=NC(=C2C=C(C(=CC2=C1)OC)OC)CC3=CC=CC=C3,MYCMTMIGRXJNSO-UHFFFAOYSA-N
119369,CC1=CC=CC=C1C(=O)NC2=CC=C(C=C2)C(=O)N3CCCC(C4=CC=CC=C43)N(C)C,WRNXUQJJCIZICJ-UHFFFAOYSA-N
80311,CN(C)CCN(CC1=CC=C(C=C1)Cl)C2=CC=CC=N2.Cl,VEYWWAGBHABATA-UHFFFAOYSA-N
219081,C1CN(CCN1CCC(=O)N2C3=CC=CC=C3SC4=C2C=C(C=C4)C(F)(F)F)CCO,KRMKBOUUDPUIDK-UHFFFAOYSA-N
71693,C1COCCN1CCCC2=CC=C(C=C2)COC3=CC=CC=C3,CVHGCWVMTZWGAY-UHFFFAOYSA-N
71768,CC(C)(C)C1CCC(CC1)CC2=C(C3=CC=CC=C3C(=O)C2=O)O,NEGDTWQGGLJCTL-UHFFFAOYSA-N
9454,CC1=C(C(=O)OC2=C1C=CC(=C2)OP(=O)(OCCCl)OCCCl)Cl,KULDXINYXFTXMO-UHFFFAOYSA-N
56846451,COC1=C(C(=C(C=C1)CCN(CCC2=C(C(=C(C=C2)OC)OC)OC)C(=O)C(C3=CC=CC=C3)C4=NCCC5=CC(=C(C=C54)OC)OC)OC)OC.Cl,UDKSNBMNKLDHNK-UHFFFAOYSA-N
213037,C1COCCN1S(=O)(=O)C2=CC=C(C=C2)NC(=O)C3=C(C=CC(=C3)Cl)NS(=O)(=O)C4=CC=C(S4)Cl,PQHLRGARXNPFCF-UHFFFAOYSA-N
41574,C1=CC(=C(C(=C1)Cl)CN2C=NC3=C(N=CN=C32)N)F,NAPNOSFRRMHNBJ-UHFFFAOYSA-N
122077,C1=CC=C2C(=C1)C=C(N2CC(=O)O)C(=O)NC3=NC(=CS3)C4=CC=CC=C4Cl,ILNRQFBVVQUOLP-UHFFFAOYSA-N
5702159,CCOC1=C(C=C(C=C1)CC2=NC=CC3=CC(=C(C=C32)OCC)OCC)OCC.Cl,UPUDVKWQBVIKBG-UHFFFAOYSA-N
39299,CC1=CC(=C(N1C2=CC=C(C=C2)Cl)C)CC(=O)O,SJCRQMUYEQHNTC-UHFFFAOYSA-N
6436135,CCC(CC)(CC(=O)NC1=CC=CC(=C1)/C=C/C2=NC(=CS2)C3CCC3)C(=O)O,BZMKNPGKXJAIDV-VAWYXSNFSA-N
27812,CC[C@]12C=CC3=C4CCC(=O)C=C4CC[C@H]3[C@@H]1CC[C@]2(C#C)O,BJJXHLWLUDYTGC-ANULTFPQSA-N
36663,CN1CCC(C(C1)C(=O)C2=CC=C(C=C2)F)(C3=CC=C(C=C3)F)O,PPQZABOURJVKNI-UHFFFAOYSA-N
65909,CC1(C2=CC=CN2C3=CC=CC=C3CO1)CN4CCC(CC4)N5C6=CC=CC=C6NC5=O,HTGCJAAPDHZCHL-UHFFFAOYSA-N
135430323,CC1=CC(=O)C2=C(C3=C4C5=C2C1=C(C=C5C(C(=C4C(=O)C=C3O)O)(C)C)O)O,MJKDGCARCYPVQG-UHFFFAOYSA-N
60196362,C1C[C@@H](CN(C1)CCC2=CC3=C(C=C2)OCO3)OC(C4=CC=CC=C4)C5=CC=CC=C5.C(=C/C(=O)O)\C(=O)O,PMHKTAIGYOVZEZ-DSSYAJFBSA-N
26596,CCCCC1=CC2=C(C=C1)N=C(N2)NC(=O)OC,YRWLZFXJFBZBEY-UHFFFAOYSA-N
1684,CC1=CC(=CC(=C1OCCCC2=CC(=NO2)C)C)C3=NOC(=N3)C(F)(F)F,KQOXLKOJHVFTRN-UHFFFAOYSA-N
65770,CCCCN1CCCC1C(=O)NC2=C(C=C(C=C2C)C)C,VEPZOLKTNZOTTQ-UHFFFAOYSA-N
159977,CN1CCN(CC1)C2=NN=C3C(=C2)N(C4=CC=CC=C4O3)C,SDYYIRPAZHJOLM-UHFFFAOYSA-N
9910986,CN1CC[C@@H]([C@@H](C1)O)C2=C(C=C(C3=C2OC(=CC3=O)C4=CC=CC=C4Cl)O)O.Cl,LGMSNQNWOCSPIK-LWHGMNCYSA-N
21772,CC(CC1C2=CC=CC=C2CCC3=CC=CC=C13)CN(C)C,ALELTFCQZDXAMQ-UHFFFAOYSA-N
71208,CC1=C2C=CC=NC2=C(C=C1)O,RPVGLMKJGQMQSN-UHFFFAOYSA-N
10616,CCCCN(CCCC)C(C1=CC=C(C=C1)OC)C(=O)N,WUSAVCGXMSWMQM-UHFFFAOYSA-N
37274,CCN1C2=NC=C(C(=C2C=N1)NN=C(C)C)C(=O)OCC.Cl,GQJUGJHJUZSJLZ-UHFFFAOYSA-N
6063342,COC1=CC=C(C=C1)/C=C/C(=O)C2=C(C=C(C=C2)OC)OC,HVAKUYCEWDPRCA-IZZDOVSWSA-N
33334,COC1=CC2=C(C=C1)N=C(S2)NC(=O)NC3=CC=CC=C3,JHBWYQRKOUBPCA-UHFFFAOYSA-N
68186,C1CN(CCC12C(=O)NCN2C3=CC=CC=C3)CCCOC4=CC=C(C=C4)F,FJUKDAZEABGEIH-UHFFFAOYSA-N
24978536,C1CN(CCC1C(=O)C2=CC=C(C=C2)F)CCN3C(=O)C4=CC=CC=C4NC3=S.Cl,JFPPLMAMMZZOEA-UHFFFAOYSA-N
71750,C1C2=C(C=CC(=C2)N)N=C3N1C(=O)C4=CC=CC=C43,SRIOCKJKFXAKHK-UHFFFAOYSA-N
4488,C1=CC(=CC(=C1)NC2=C(C=CC=N2)C(=O)O)C(F)(F)F,JZFPYUNJRRFVQU-UHFFFAOYSA-N
17036,CCOC(C1=CC=CC=C1)(C2=CC=CC=C2)C(=O)OCCN(C)C,RHUWRJWFHUKVED-UHFFFAOYSA-N
1967,CC1=C(C(=O)C(=C(C1=O)C)CCCCC#CCCCC#CCO)C,WDEABJKSGGRCQA-UHFFFAOYSA-N
24405,CC(=CCNC1=C2C(=NC=N1)N(C=N2)[C@H]3[C@@H]([C@@H]([C@H](O3)CO)O)O)C,USVMJSALORZVDV-SDBHATRESA-N
65620,CC1=NC2=C(C=C1)C(=CC(=C2O)Br)Br,BNACJQWJZKPAPV-UHFFFAOYSA-N
5475158,CN(C)CCCSC1=CC=CC=C1NC(=O)/C=C/C2=CC=CC=C2,RSUVYMGADVXGOU-BUHFOSPRSA-N
51755,C1=CC=C(C=C1)SC2=CC=C(C=C2)COC(CN3C=CN=C3)C4=C(C=C(C=C4)Cl)Cl,ZCJYUTQZBAIHBS-UHFFFAOYSA-N
35803,COC(=O)NC1=NC2=C(N1)C=C(C=C2)C(=O)C3CC3,OXLKOMYHDYVIDM-UHFFFAOYSA-N
71821,CC1=NC2=CC=CC=C2N1CC3=CC=C(C=C3)Cl,WNAQOLSMVPFGTE-UHFFFAOYSA-N
5709759,CCN\1C2=CC=CC=C2S/C1=C\C=C\C3=[N+](C4=CC=CC=C4S3)CC.[I-],VZBILKJHDPEENF-UHFFFAOYSA-M
11061,CCN(CC)CCSC(=O)C(C1=CC=CC=C1)C2=CC=CC=C2,WHLUQAYNVOGZST-UHFFFAOYSA-N
9849425,C1=CC(=CC2=NC3=C(C=CC(=C3)N)C=C21)N.C1=CC(=CC2=NC3=C(C=CC(=C3)N)C=C21)N.OS(=O)(=O)O,YADYXCVYLIKQJX-UHFFFAOYSA-N
73334,CCNC(=O)N1CCN(CC1)CCCC(C2=CC=C(C=C2)F)C3=CC=C(C=C3)F.Cl,OEQHKNWFXHBJIT-UHFFFAOYSA-N
14652,CS(=O)(=O)C1=CC=C(C=C1)C2=CN3C=CC=CC3=N2,VSLIUWLPFRVCDL-UHFFFAOYSA-N
36303,C1CN(CC1C2=CC=CC=C2)CCC(=O)C3=CC4=C(C=C3)OCCO4,GZIISXIDAZYOLI-UHFFFAOYSA-N
7176,CC(C)COC(=O)C1=CC=C(C=C1)N,PUYOAVGNCWPANW-UHFFFAOYSA-N
2750,CC1(CCCCC1)COC2=CC=C(C=C2)CC3C(=O)NC(=O)S3,YZFWTZACSRHJQD-UHFFFAOYSA-N
71353,CN(C)[C@@H](CCOC1=CC=CC2=CC=CC=C21)C3=CC=CC=C3,USRHYDPUVLEVMC-FQEVSTJZSA-N
107926,CC(C)(C)OC(=O)C1=C2[C@@H]3CCCN3C(=O)C4=C(N2C=N1)C=CC=C4Br,LWUDDYHYYNNIQI-ZDUSSCGKSA-N
28693,CN1C[C@@H](C[C@H]2[C@H]1CC3=CN(C4=CC=CC2=C34)C)CNC(=O)OCC5=CC=CC=C5,WZHJKEUHNJHDLS-QTGUNEKASA-N
60712,C1=CSC(=C1)C(=O)C2=C(N(C3=C2C=C(C=C3)Cl)C(=O)N)O,IZSFDUMVCVVWKW-UHFFFAOYSA-N
2081,CC(C(=O)OC(C)(C)CC1=CC=C(C=C1)Cl)N,FZSPJBYOKQPKCD-UHFFFAOYSA-N
133621,CCN1C=CN=C1CC2COC3=CC=CC=C3O2,UXABARREKCJULM-UHFFFAOYSA-N
6917728,CCC1=CC(=C(C(=C1O)C(=O)NC[C@@H]2CCCN2CC)OC)Cl.Cl,HFJFXXDHVWLIKX-YDALLXLXSA-N
54459,C1CN=C(N1)C2COC3=CC=CC=C3O2,HPMRFMKYPGXPEP-UHFFFAOYSA-N
60196270,CC1=C(C=CC=C1NC2=C(C=CC=N2)C(=O)O)C(F)(F)F.CNC[C@@H]([C@H]([C@H]([C@@H](CO)O)O)O)O,MGCCHNLNRBULBU-QGLAHWQJSA-N
31475,C1=CC(=CC=C1OC2=C(C=C(C=C2)NC(=O)C3=C(C(=CC(=C3)I)I)O)Cl)Cl,NEMNPWINWMHUMR-UHFFFAOYSA-N
14895,C1=CC(=CC(=C1)S(=O)(=O)NCCNS(=O)(=O)C2=CC=CC(=C2)[N+](=O)[O-])[N+](=O)[O-],MMDWBZHWHFGVHF-UHFFFAOYSA-N
6719,C1=CC=C(C=C1)C(C2=CC=CC=C2)C(=O)C3C(=O)C4=CC=CC=C4C3=O,JYGLAHSAISAEAL-UHFFFAOYSA-N
9561033,CC(=O)N/N=C/C1=CC=C(O1)[N+](=O)[O-],ACFHHZJOAUZSJU-XBXARRHUSA-N
2799,CC(C)(C)CC(C)(C)C1=CC(=C(C=C1)O)CC2=C(C=C(C=C2)Cl)Cl,HQVZOORKDNCGCK-UHFFFAOYSA-N
156422,CC1=CC=C(C=C1)N2C(=CC(=N2)C(C)(C)C)NC(=O)NC3=CC=C(C4=CC=CC=C43)OCCN5CCOCC5,MVCOAUNKQVWQHZ-UHFFFAOYSA-N
193949,CC(C)OC(=O)C1=CC2=C(N1)C=CC=C2OCC(CNC(C)(C)C)O,SJYFDORQYYEJLB-UHFFFAOYSA-N
42574,CC1=CC(=C(C=C1NC(=O)C2=C(C(=CC(=C2)I)I)O)Cl)C(C#N)C3=CC=C(C=C3)Cl,JMPFSEBWVLAJKM-UHFFFAOYSA-N
54897,CCCN(CCC)C(=O)CC1=C(N=C2N1C=C(C=C2)Cl)C3=CC=C(C=C3)Cl,JRTIDHTUMYMPRU-UHFFFAOYSA-N
65776,CC1=C(N(C2=C1C=C(C=C2)C(=O)OCCN(C)C)CC3=CC=CC=C3)C,YKWQHMLRAPIWDP-UHFFFAOYSA-N
30530,CC1=NC=C(C=C1)CCN2C3=C(CN(CC3)C)C4=C2C=CC(=C4)Cl,WCTGYFWVYBPRGF-UHFFFAOYSA-N
60196272,COC1=C(C=C(C=C1)S(=O)(=O)N2[C@@H]([C@@](C3=C2C=CC(=C3)Cl)(C4=CC=CC=C4Cl)O)C(=O)N5CCC[C@@H]5C(=O)N)OC,CEBYCSRFKCEUSW-OKEQGEBHSA-N
5723,COC1=C(C=CC(=C1)C2=NNC(=O)C=C2)OC(F)F,HJMQDJPMQIHLPB-UHFFFAOYSA-N
6450551,CNC(=O)C1=CC=CC=C1SC2=CC3=C(C=C2)C(=NN3)/C=C/C4=CC=CC=N4,RITAVMQDGBJQJZ-FMIVXFBMSA-N
7088,C1=CC=C2C(=C1)NC3=C(S2)C=CC(=C3)Cl,KFZGLJSYQXZIGP-UHFFFAOYSA-N
2734678,C1=CC(=C(C=C1C(F)(F)F)N)S.Cl,FIAGYDIJZOWVAB-UHFFFAOYSA-N
69912,C1=CC=C(C(=C1)C(=O)C2=C(C=CC(=C2)Cl)N)F,GTGMXPIQRQSORU-UHFFFAOYSA-N
2723694,CC(C)(C)C1=CC=C(C=C1)C(=O)CCCCl,RLKSQLJFGCDUOX-UHFFFAOYSA-N
74106,C1=CC=C(C(=C1)C(=O)C2=C(C=CC(=C2)Cl)NC(=O)CBr)F,WUZSFIKFFXBHMB-UHFFFAOYSA-N
6252910,C1=C(OC(=C1)[N+](=O)[O-])/C=C/C(=NN=C(N)N)/C=C/C2=CC=C(O2)[N+](=O)[O-],XQCFHQBGMWUEMY-ZPUQHVIOSA-N
71346,CS(=O)(=O)O.C1CCC2(C1)CC(=O)N(C(=O)C2)CCNCC3COC4=CC=CC=C4O3,JXBLEDCYKVWLJI-UHFFFAOYSA-N
656641,CCCCCCCCCCCCOCCOCCOCCOCCOCCOCCOCCOCCOCCO,ONJQDTZCDSESIW-UHFFFAOYSA-N
154256,CC1=C(N(C2=C1C=C(C=C2)O)CC3=CC=C(C=C3)OCCN4CCCCCC4)C5=CC=C(C=C5)O.CC(=O)O,OMZAMQFQZMUNTP-UHFFFAOYSA-N
42586,CC1=C(C(=CC=C1)C)N(C(C)C(=O)OC)C(=O)COC,ZQEIXNIJLIKNTD-UHFFFAOYSA-N
173636,C=CCOC(CN1C=CN=C1)C2=C(C=C(C=C2)Cl)Cl.OS(=O)(=O)O,XVTXMTOYQVRHSK-UHFFFAOYSA-N
20055397,CCCC(=O)O[C@@]1(CC[C@@H]2[C@@]1(C[C@@H]([C@H]3[C@H]2CCC4=CC(=O)CC[C@]34C)O)C)C(=O)CC,NYLJGSLNIOEAHY-FZNHGJLXSA-N
3038522,CC(C)OC1=CC=C(C=C1)NC(=O)N2CCN(CC2)C3=NC=NC4=CC(=C(C=C43)OC)OCCCN5CCCCC5,UXXQOJXBIDBUAC-UHFFFAOYSA-N
17693,C1CC1C(=O)NC2=CC(=C(C=C2)Cl)Cl,PLQDLOBGKJCDSZ-UHFFFAOYSA-N
24351,CCC(=O)C1=CC2=C(C=C1)SC3=CC=CC=C3N2CCCN(C)C.Cl,ZFWVWZODBGTOIL-UHFFFAOYSA-N
11219835,C1=CC=C(C(=C1)C2=NC(=NO2)C3=CC(=CC=C3)C(=O)O)F,OOUGLTULBSNHNF-UHFFFAOYSA-N
11957725,C1CCN(CC1)CC2=CC(=CC=C2)OCCCNC3=NC4=CC=CC=C4S3.C(=C\C(=O)O)\C(=O)O.C(=C\C(=O)O)\C(=O)O,IECBEVAUEBZJCF-SPIKMXEPSA-N
11556711,CC(C)C[C@@H](C(=O)[C@]1(CO1)C)NC(=O)[C@H](CC2=CC=CC=C2)NC(=O)[C@H](CC(C)C)NC(=O)[C@H](CCC3=CC=CC=C3)NC(=O)CN4CCOCC4,BLMPQMFVWMYDKT-NZTKNTHTSA-N
123924,CCN(CC)C(=O)C1=CC=C(C=C1)[C@H](C2=CC(=CC=C2)OC)N3C[C@H](N(C[C@@H]3C)CC=C)C,KQWVAUSXZDRQPZ-UMTXDNHDSA-N
11957707,CN1C=CC2=CC3=C(CCN3C(=O)NC4=CN=CC=C4)C=C21.Cl,VGEMBOFBPSNOIO-UHFFFAOYSA-N
46861540,CN1CCC(CC1)NC2=NC=C3C(=N2)C(=NC=N3)NC4=CC(=C(C=C4)F)Cl.Cl.Cl,RFXGEKWBTCMDAW-UHFFFAOYSA-N
24964624,C1CC(C1)(C2=CC=C(C=C2)C3=C(C=C4C(=N3)C=CN5C4=NNC5=O)C6=CC=CC=C6)N,ULDXWLCXEDXJGE-UHFFFAOYSA-N
135565635,CC(C)N1C2=NC=NC(=C2C(=N1)C3=CC4=C(N3)C=CC(=C4)O)N,MFAQYJIYDMLAIM-UHFFFAOYSA-N
12205,C1=CC(=CC=C1N)N.Cl.Cl,IYXMNTLBLQNMLM-UHFFFAOYSA-N
17811,CC1=CC(=C(C=C1)O)N=NC2=CC=C(C=C2)NC(=O)C,PXOZAFXVEWKXED-UHFFFAOYSA-N
7492,C1=CC(=CC=C1[N+](=O)[O-])[N+](=O)[O-],FYFDQJRXFWGIBS-UHFFFAOYSA-N
67114,CCN(CC)C1=CC=C(C=C1)C=O,MNFZZNNFORDXSV-UHFFFAOYSA-N
11862,C1=C(C=C(C(=C1I)O)I)I,VAPDZNUFNKUROY-UHFFFAOYSA-N
87293,CCN(CC)C1=CC(=C(C=C1)C=O)O,XFVZSRRZZNLWBW-UHFFFAOYSA-N
246598,C1=CC=C(C(=C1)C(=C(Cl)Cl)C2=CC=C(C=C2)Cl)Cl,ZDYJWDIWLRZXDB-UHFFFAOYSA-N
11381,C1=CC=C(C=C1)C2=CC(=CC=C2)O,UBXYXCRCOKCZIT-UHFFFAOYSA-N
22830,COC1=CC(=C(C=C1)OC)N=NC2=C(C=CC3=CC=CC=C32)O,GJUABKCEXOMRPQ-UHFFFAOYSA-N
28531,C1=CC=C(C=C1)OC2=C(C3=C(C(=C2)O)C(=O)C4=CC=CC=C4C3=O)N,MHXFWEJMQVIWDH-UHFFFAOYSA-N
11294,CN(C)C1=CC=C(C=C1)C(=C2C=CC(=[N+](C)C)C=C2)C3=CC=CC=C3.[Cl-],FDZZZRQASAIRJF-UHFFFAOYSA-M
11232,CC1=CC(=CC=C1)OP(=O)(OC2=CC=CC(=C2)C)OC3=CC=CC(=C3)C,RMLPZKRPSQVRAB-UHFFFAOYSA-N
22419268,CCC1=C(C(=C(C=C1C)N)CC)N,OHJDDRJXKMWSFJ-UHFFFAOYSA-N
62738,CC1=CC=C(C=C1)S(=O)(=O)C(I)I,XOILGBPDXMVFIP-UHFFFAOYSA-N
16248,CC1=CC(=CC(=C1SC)C)OC(=O)NC,YFBPRJGDJKVWAH-UHFFFAOYSA-N
39800,CN1C(=O)C=CS1,BEGLCMHJXHIJLR-UHFFFAOYSA-N
11159021,C1=CC(=C(C(=C1)Cl)C(=O)NCC2=C(C=C(C=N2)C(F)(F)F)Cl)Cl,GBOYJIHYACSLGN-UHFFFAOYSA-N
6451142,C1CC1(C(CC2=CC=CC=C2Cl)(CN3C(=S)N=CN3)O)Cl,MNHVNIJQQRJYDH-UHFFFAOYSA-N
5879,C[C@]12CC[C@H](C[C@@H]1CC[C@@H]3[C@@H]2CC[C@]4([C@H]3CCC4=O)C)O,QGXBDMJGAMFCBF-HLUDHZFRSA-N
69925,C1=CC=C(C=C1)[Si](C2=CC=CC=C2)(C3=CC=CC=C3)O,NLSXASIDNWDYMI-UHFFFAOYSA-N
91656,CC(C)(C)C(C(N1C=NC=N1)OC2=CC=C(C=C2)C3=CC=CC=C3)O,VGPIBGGRCVEHQZ-UHFFFAOYSA-N
23663539,C1(=C(C(=C(C(=C1Cl)Cl)Cl)Cl)Cl)[O-].[Na+],HCJLVWUMMKIQIM-UHFFFAOYSA-M
9827529,C1=CC(=CC(=C1)C(F)(F)F)/C(=N\NC(=O)NC2=CC=C(C=C2)OC(F)(F)F)/CC3=CC=C(C=C3)C#N,MIFOMMKAVSCNKQ-HWIUFGAZSA-N
18386,CC1=CC(=C(C=C1)N=NC2=C(C=CC3=CC=CC=C32)O)C,JBTHDAVBDKKSRW-UHFFFAOYSA-N
12540,C1=CC=C(C=C1)[Sn](C2=CC=CC=C2)(C3=CC=CC=C3)Cl,NJVOZLGKTAPUTQ-UHFFFAOYSA-M
9936739,COC(=O)C12CC3=C(C1=NN(CO2)C(=O)N(C4=CC=C(C=C4)OC(F)(F)F)C(=O)OC)C=CC(=C3)Cl,VBCVPMMZEGZULK-UHFFFAOYSA-N
183559,C1=CC(=CC=C1C2=C(C(=C(N2)C(F)(F)F)Br)C#N)Cl,XNFIRYXKTXAHAC-UHFFFAOYSA-N
5319706,CC/C=C\C/C=C\C/C=C\CCCCCCCC(=O)OC,DVWSXZIHSUZZKJ-YSTUJMKBSA-N
62357,CCN(CC)C1=CC2=C(C=C1)C3(C4=C(O2)C=C(C=C4)N(CC)CC)C5=CC=CC=C5C(=O)O3,DZNJMLVCIZGWSC-UHFFFAOYSA-N
17204,CCN(CC)C1=CC=C(C=C1)N=NC2=CC=CC=C2,SJJISKLXUJVZOA-UHFFFAOYSA-N
41718,CCOP(=S)(OCC)SCS(=O)(=O)C(C)(C)C,DWZSTEUTHNUVQD-UHFFFAOYSA-N
36584,CCNC1=NC(=NC(=N1)OC)NC(C)(C)C,BCQMBFHBDZVHKU-UHFFFAOYSA-N
26975,CCCCCC1=CC=C(C=C1)O,ZNPSUQQXTRRSBM-UHFFFAOYSA-N
119361,C1CC1(C(CC2=CC=CC=C2Cl)(CN3C=NC=N3)O)Cl,HHUQPWODPBDTLI-UHFFFAOYSA-N
17161,CC(C)(C)C1=CC(=O)C(=CC1=O)C(C)(C)C,ZZYASVWWDLJXIM-UHFFFAOYSA-N
6766,C1=CC=C(C=C1)C2=CC=CC=C2C3=CC=CC=C3,OIAQMFOKAXHPNH-UHFFFAOYSA-N
21943953,C1CCC(CC1)C2=C(C=CC(=C2)C3(CCCCC3)C4=CC(=C(C=C4)O)C5CCCCC5)O,DNCLEPRFPJLBTQ-UHFFFAOYSA-N
623849,CC(C1=CC=CC=C1)(C2=CC=C(C=C2)O)C3=CC=C(C=C3)O,VOWWYDCFAISREI-UHFFFAOYSA-N
83119,CC(C)(C1=CC=C(C=C1)OC2=CC=C(C=C2)N)C3=CC=C(C=C3)OC4=CC=C(C=C4)N,KMKWGXGSGPYISJ-UHFFFAOYSA-N
9888276,CN(C)C1=CC=C(C=C1)C(=C2C=CC(=[N+](C)C)C=C2)C3=CC=CC=C3.C(=O)(C(=O)[O-])O,REZFCYOVFCJTDG-UHFFFAOYSA-M
16033,CC(C)(C)C1=CC=C(C=C1)OC2CCCCC2O,FTIXUILRMBSXNS-UHFFFAOYSA-N
10254,CC1=CC(=C(C(=C1)C)C=O)C,HIKRJHFHGKZKRI-UHFFFAOYSA-N
11777,C1=CC=C(C=C1)[Sb](C2=CC=CC=C2)C3=CC=CC=C3,HVYVMSPIJIWUNA-UHFFFAOYSA-N
11983,C1C(=O)CC2=CC=CC=C21,UMJJFEIKYGFCAT-UHFFFAOYSA-N
12561,CC(C)C1=CC=CC=C1N,YKOLZVXSPGIIBJ-UHFFFAOYSA-N
12855,C1=CC=C(C=C1)C2=NC3=CC=CC=C3N2,DWYHDSLIWMUSOO-UHFFFAOYSA-N
12870,C1=CC=C(C=C1)C(=O)C2=C(C=CC(=C2)Cl)N,ZUWXHHBROGLWNH-UHFFFAOYSA-N
166480,CC1=CC(=C(C(=C1)C)C(=O)P(=O)(C2=CC=CC=C2)C3=CC=CC=C3)C,VFHVQBAGLAREND-UHFFFAOYSA-N
6456,C1=CC=C(C=C1)C(C2=CC=CC=C2)(C3=CC=CC=C3)Cl,JBWKIWSBJXDJDT-UHFFFAOYSA-N
7113,CC(=O)C1=CC=C(C=C1)C2=CC=CC=C2,QCZZSANNLWPGEA-UHFFFAOYSA-N
13059052,CC(C)(C1=CC(=C(C=C1)O)C2=CC=CC=C2)C3=CC(=C(C=C3)O)C4=CC=CC=C4,BKTRENAPTCBBFA-UHFFFAOYSA-N
14178379,C1=CC=C(C=C1)COC2=CC=C(C=C2)S(=O)(=O)C3=CC=CC=C3O,OAHRHEHKTRXORG-UHFFFAOYSA-N
