target_chembl_id,target_name,accession,n_records,n_compounds,mean_pchembl,std_pchembl
CHEMBL1293224,Microtubule-associated protein tau,P10636,94973,66901,4.916459204194877,0.4872683466185093
CHEMBL1293231,Nuclear receptor ROR-gamma,P51450,89187,63229,5.033062105463801,0.580475387581654
CHEMBL3577,Aldehyde dehydrogenase 1A1,P00352,76317,75590,4.72348480679272,0.46866154218043937
CHEMBL2026,Beta-lactamase AmpC,P00811,62035,61817,5.047072781494317,0.8264602044010043
CHEMBL1293254,Ferritin light chain,P02791,42619,42339,4.662289119876112,0.40309703347061976
CHEMBL1293226,Lysine-specific demethylase 4D-like,B2RXH2,40010,39461,4.625217195701075,0.3335070209220603
CHEMBL1293235,Prelamin-A/C,P02545,36635,36125,5.254360584140849,0.9719004988674133
CHEMBL2608,Lysosomal alpha-glucosidase,P10253,35113,22048,4.7968945974425425,0.5762089232685542
CHEMBL1293232,Survival motor neuron protein,Q16637,33705,33423,5.288825100133511,0.9314435738780398
CHEMBL1293303,Nonstructural protein 1,Q194T2,32299,32254,5.098995324932661,0.4238243309939297
CHEMBL3563,Cruzipain,P25779,31494,29509,4.701598399695181,0.5407467848030165
CHEMBL1963,Thyroid stimulating hormone receptor,P16473,28822,16281,4.955572479356047,0.6000879070056625
CHEMBL6110,Thioredoxin glutathione reductase,Q962Y6,28481,28379,4.636438327305923,0.5617526090882748
CHEMBL340,Cytochrome P450 3A4,P08684,28445,15844,5.2435141501142555,0.6400403061537836
CHEMBL4096,Cellular tumor antigen p53,P04637,26173,16964,5.205404042333703,0.9037759289256905
CHEMBL1293255,15-hydroxyprostaglandin dehydrogenase [NAD+],P15428,24625,24221,4.740964873096447,0.44982254436471697
CHEMBL1293248,4'-phosphopantetheinyl transferase ffp,Q9F4F7,24616,24015,4.489256581085472,0.4440029533747248
CHEMBL2392,DNA polymerase beta,P06746,23131,23051,4.663638407332152,0.7174910648129518
CHEMBL1293294,Ras-related protein Rab-9A,P51151,21978,21932,5.628139958139958,0.3900045071037166
CHEMBL4159,Endoplasmic reticulum-associated amyloid beta-peptide-binding protein,Q99714,20500,15191,4.739746341463415,0.4574364052316315
CHEMBL5514,Huntingtin,P42858,19035,18740,5.026001050696086,0.5830209684182662
CHEMBL1293277,Niemann-Pick C1 protein,O15118,18600,18550,5.618834408602151,0.36574962812209383
CHEMBL4040,MAP kinase ERK2,P28482,17654,16667,5.522170612892262,1.4968449498314216
CHEMBL1293299,Histone-lysine N-methyltransferase MLL,Q03164,17202,17178,4.708028136263225,0.5184738393111061
CHEMBL1293238,Inositol monophosphatase 1,P97697,16196,15295,5.273128550259323,0.8087941151729541
CHEMBL1293234,"Putative fructose-1,6-bisphosphate aldolase",A8B2U2,15532,14708,4.883741952098893,0.3914274158945061
CHEMBL5162,Neuropeptide S receptor,Q6W5P4,15522,15044,5.047829532276769,0.5246454205233303
CHEMBL3622,Cytochrome P450 2C19,P33261,14180,10999,5.306971086036672,0.717939490343915
CHEMBL203,Epidermal growth factor receptor erbB1,P00533,14061,7945,6.969701301472157,1.3514492338535022
CHEMBL1287622,Lethal(3)malignant brain tumor-like protein 1,Q9Y468,13912,13876,5.016606526739506,0.7515919076648364
CHEMBL1075189,Pyruvate kinase isozymes M1/M2,P14618,13659,6835,4.952759352807673,0.6629466751101376
CHEMBL3397,Cytochrome P450 2C9,P11712,13260,10508,5.29215233785822,0.6928693068186519
CHEMBL1075138,Tyrosyl-DNA phosphodiesterase 1,Q9NUW8,12569,12164,4.8432365343304955,0.6765886330498976
CHEMBL289,Cytochrome P450 2D6,P10635,12281,8495,5.281822327172054,0.7805602377244435
CHEMBL217,Dopamine D2 receptor,P14416,12259,8000,6.914343747450853,1.1338425404195314
CHEMBL279,Vascular endothelial growth factor receptor 2,P35968,11905,9022,6.893893322133557,1.1444847896968202
CHEMBL205,Carbonic anhydrase II,P00918,11855,7832,7.280569380008434,1.1702050070186736
CHEMBL4822,Beta-secretase 1,P56817,11737,7782,6.780756581750022,1.2291472471362586
CHEMBL240,HERG,Q12809,11551,9689,5.547913600554065,0.9153978019079725
CHEMBL3356,Cytochrome P450 1A2,P05177,11359,10961,5.362656043665816,0.7177480856249369
CHEMBL261,Carbonic anhydrase I,P00915,10018,6847,6.305342383709323,1.1315926891502768
CHEMBL247,Human immunodeficiency virus type 1 reverse transcriptase,Q72547,9859,5342,6.379634851404807,1.2077306142119926
CHEMBL253,Cannabinoid CB2 receptor,P34972,9475,6704,7.150985751978891,1.1690477222294906
CHEMBL233,Mu opioid receptor,P35372,8438,5820,7.197952121355772,1.3974643138743967
CHEMBL1293227,Ubiquitin carboxyl-terminal hydrolase 2,O75604,7883,7787,4.964877584675884,0.310144099909386
CHEMBL218,Cannabinoid CB1 receptor,P21554,7760,5264,7.022309278350516,1.2319169035872453
CHEMBL234,Dopamine D3 receptor,P35462,7661,5507,7.384291867902363,1.2499803592913001
CHEMBL325,Histone deacetylase 1,Q13547,7597,6088,6.70826642095564,1.1570672367720318
CHEMBL2971,Tyrosine-protein kinase JAK2,O60674,7592,6521,7.337280031612223,1.2480811636464098
CHEMBL237,Kappa opioid receptor,P41145,7585,5329,7.157899802241265,1.4679084892410992
CHEMBL4296,Sodium channel protein type IX alpha subunit,Q15858,7490,6007,6.587975967957276,1.0238288656920937
CHEMBL220,Acetylcholinesterase,P22303,7461,5619,6.302340168878167,1.3473462219898718
CHEMBL1163125,Bromodomain-containing protein 4,O60885,7428,4435,6.638346795907378,1.2140732980999347
CHEMBL244,Coagulation factor X,P00742,7338,5832,7.222940855819025,1.5042507004716146
CHEMBL214,Serotonin 1a (5-HT1a) receptor,P08908,7192,5489,7.301617074527253,1.2134522429448298
CHEMBL4005,PI3-kinase p110-alpha subunit,P42336,7157,6135,6.95745703507056,1.1906920144078892
CHEMBL251,Adenosine A2a receptor,P29274,7053,5324,6.935664256344817,1.209587515944712
CHEMBL4372,Anthrax lethal factor,P15917,6976,6684,5.20809633027523,0.7452282919100938
CHEMBL224,Serotonin 2a (5-HT2a) receptor,P28223,6941,5328,7.070417807232387,1.1719047642281386
CHEMBL256,Adenosine A3 receptor,P0DMS8,6801,4660,7.034791942361418,1.3887799941483976
CHEMBL3594,Carbonic anhydrase IX,Q16790,6801,5451,7.170214674312601,1.0920541549930463
CHEMBL5149,Pyruvate kinase,Q27686,6567,3241,4.802980051774021,0.2839327131925676
CHEMBL236,Delta opioid receptor,P41143,6563,4611,7.1728782568947125,1.373095085656072
CHEMBL4078,Acetylcholinesterase,O42275,6527,5432,5.967821357438333,1.1496335156491524
CHEMBL1947,Thyroid hormone receptor beta-1,P10828,6514,5384,5.3087396377034075,1.4949641221309269
CHEMBL235,Peroxisome proliferator-activated receptor gamma,P37231,6513,4165,6.554867188699524,1.1518477377732017
CHEMBL228,Serotonin transporter,P31645,6424,4927,7.0409215442092155,1.2463068621794506
CHEMBL264,Histamine H3 receptor,Q9Y5N1,6317,4475,7.724397657115719,1.2679260562124168
CHEMBL243,Human immunodeficiency virus type 1 protease,Q72874,6275,4593,7.89757609561753,1.5671651183569768
CHEMBL226,Adenosine A1 receptor,P30542,6149,4830,6.77953488372093,1.1435612136978988
CHEMBL5145,Serine/threonine-protein kinase B-raf,P15056,6088,4156,7.228672798948752,1.204497586840139
CHEMBL204,Thrombin,P00734,6003,5179,6.696796601699151,1.5113205439326687
CHEMBL260,MAP kinase p38 alpha,Q16539,5980,4463,7.079663879598662,1.1745069762657308
CHEMBL2903,Arachidonate 15-lipoxygenase,P16050,5801,5604,5.042975349077745,0.7051273846122849
CHEMBL230,Cyclooxygenase-2,P35354,5742,4138,6.309068268895855,1.1450353835052156
CHEMBL1865,Histone deacetylase 6,Q9UBN7,5682,4344,6.986263639563534,1.1147751504978762
CHEMBL2842,Serine/threonine-protein kinase mTOR,P42345,5630,4727,7.067493783303729,1.3364586205975983
CHEMBL339,Dopamine D2 receptor,P61169,5552,4093,7.003816642651297,1.1833780964726996
CHEMBL3371,Serotonin 6 (5-HT6) receptor,P50406,5529,4104,7.468160607704829,1.1521151970038472
CHEMBL2034,Glucocorticoid receptor,P04150,5518,2594,7.523867343240304,1.1032480159433065
CHEMBL4261,Hypoxia-inducible factor 1 alpha,Q16665,5339,2777,5.545986139726541,0.7588446241093052
CHEMBL273,Serotonin 1a (5-HT1a) receptor,P19327,5338,4258,7.415532034469839,1.1345147381277425
CHEMBL2147,Serine/threonine-protein kinase PIM1,P11309,5326,4613,7.890538865940669,1.6333244276918117
CHEMBL2835,Tyrosine-protein kinase JAK1,P23458,5315,4640,7.927685794920038,1.183076907952843
CHEMBL3471,Human immunodeficiency virus type 1 integrase,Q7ZJM1,5314,3150,5.6846142265713215,1.2749814463476972
CHEMBL3717,Hepatocyte growth factor receptor,P08581,5257,3845,7.255025680045653,1.1344438238559946
CHEMBL206,Estrogen receptor alpha,P03372,5253,3604,7.128758804492671,1.5083302522739659
CHEMBL1293316,Relaxin receptor 1,Q9HBX9,5197,5098,4.667594766211276,0.44201819813902826
CHEMBL2039,Monoamine oxidase B,P27338,5191,4144,6.104276632633404,1.2705362801063877
CHEMBL1741186,Nuclear receptor ROR-gamma,P51449,5145,3160,6.982340136054422,1.0008916732954785
CHEMBL225,Serotonin 2c (5-HT2c) receptor,P28335,5130,3732,6.926795321637427,1.083138327363358
CHEMBL259,Melanocortin receptor 4,P32245,5087,3132,7.192325535679182,1.2467231282747155
CHEMBL3242,Carbonic anhydrase XII,O43570,5079,4233,7.389161252215003,1.10379953797524
CHEMBL338,Dopamine transporter,P23977,4987,3100,6.919612993783838,1.1480791045832481
CHEMBL284,Dipeptidyl peptidase IV,P27487,4980,4198,7.241158634538153,1.2129775115800203
CHEMBL1293236,ATP-dependent DNA helicase Q1,P46063,4957,4539,4.960478111761146,0.7344719360147177
CHEMBL5763,Cholinesterase,P81908,4917,4166,5.777549318690258,1.165140905555488
CHEMBL313,Serotonin transporter,P31652,4878,4013,6.9993173431734315,1.2531846188401081
CHEMBL4409,Phosphodiesterase 10A,Q9Y233,4858,4524,7.86818855496089,1.234713693091848
CHEMBL5251,Tyrosine-protein kinase BTK,Q06187,4830,3389,7.71555486542443,1.2211467697241982
CHEMBL222,Norepinephrine transporter,P23975,4773,3495,6.655271317829458,1.1634426770906312
CHEMBL1974,Tyrosine-protein kinase receptor FLT3,P36888,4748,3261,7.1466912384161745,1.2646893054254593
CHEMBL4235,11-beta-hydroxysteroid dehydrogenase 1,P28845,4705,3376,7.315364505844846,1.1025198217972716
CHEMBL344,Melanin-concentrating hormone receptor 1,Q99705,4678,3495,7.267808892689183,0.9948069610255825
CHEMBL3105,Poly [ADP-ribose] polymerase-1,P09874,4651,3536,7.272124274349602,1.132770361012825
CHEMBL1871,Androgen Receptor,P10275,4602,2562,6.870638852672751,1.1646470746413164
CHEMBL270,Mu opioid receptor,P33535,4522,3097,7.55796550199027,1.4193217880787614
CHEMBL1862,Tyrosine-protein kinase ABL,P00519,4503,2506,7.265634021763269,1.437708481771584
CHEMBL3713062,Tissue factor pathway inhibitor,P10646,4500,1581,6.459451111111111,0.9277407261250135
CHEMBL4794,Vanilloid receptor,Q8NER1,4488,3433,7.219690285204991,1.1565037716377955
CHEMBL267,Tyrosine-protein kinase SRC,P12931,4475,3379,6.580310614525139,1.2850716283178238
CHEMBL262,Glycogen synthase kinase-3 beta,P49841,4438,3716,6.5830824695808925,1.1900145388263186
CHEMBL286,Renin,P00797,4387,2972,7.689457488032825,1.3161573970650142
CHEMBL238,Dopamine transporter,Q01959,4348,3166,6.489632014719411,1.1614983234895182
CHEMBL2599,Tyrosine-protein kinase SYK,P43405,4329,3475,7.246287826287826,1.1149523216773822
CHEMBL333,Matrix metalloproteinase-2,P08253,4326,3664,6.92220064724919,1.5503719971162906
CHEMBL5113,Orexin receptor 1,O43613,4288,3414,6.638435167910448,1.1471259814231596
CHEMBL335,Protein-tyrosine phosphatase 1B,P18031,4273,3337,5.500791013339574,0.9448747423049317
CHEMBL3130,PI3-kinase p110-delta subunit,O00329,4269,3455,7.285361911454673,1.1904653195688872
CHEMBL4805,P2X purinoceptor 7,Q99572,4238,3096,7.200398773006135,0.939095852947292
CHEMBL2815,Nerve growth factor receptor Trk-A,P04629,4220,3562,7.140971563981043,1.144789883291837
CHEMBL2148,Tyrosine-protein kinase JAK3,P52333,4209,3652,7.226856735566643,1.3482520999261278
CHEMBL4792,Orexin receptor 2,O43614,4182,3443,6.974964131994261,1.0602900354379137
CHEMBL318,Adenosine A1 receptor,P25099,4105,2816,6.595866017052375,1.2834253352673017
CHEMBL4282,Serine/threonine-protein kinase AKT,P31749,4051,3259,6.925425820784992,1.2331991659214747
CHEMBL239,Peroxisome proliferator-activated receptor alpha,Q07869,4040,2700,6.317289603960396,1.064273086461281
CHEMBL3650,Fibroblast growth factor receptor 1,P11362,4035,2988,7.017945477075589,1.2679253808659103
CHEMBL219,Dopamine D4 receptor,P21917,4009,2845,7.1881541531554,1.079481391703103
CHEMBL1914,Butyrylcholinesterase,P06276,3999,3283,6.152115528882221,1.3050537185344315
CHEMBL5071,G protein-coupled receptor 44,Q9Y5Y4,3944,2830,7.53751014198783,1.049701955162831
CHEMBL4722,Serine/threonine-protein kinase Aurora-A,O14965,3901,3274,7.062768520892079,1.3117771953536317
CHEMBL4801,Caspase-1,P29466,3780,3555,5.2738148148148145,1.126740456683232
CHEMBL1293228,Streptokinase A,P10520,3774,2936,5.350286168521462,0.5444495468098667
CHEMBL216,Muscarinic acetylcholine receptor M1,P11229,3703,2755,6.577907102349447,1.323947578539046
CHEMBL1978,Cytochrome P450 19A1,P11511,3665,2473,6.393609822646658,1.245774467343215
CHEMBL287,Sigma opioid receptor,Q99720,3602,2757,7.332479178234315,1.0634955385919245
CHEMBL4247,ALK tyrosine kinase receptor,Q9UM73,3599,2171,7.284306751875521,1.229071044485169
CHEMBL3797,Serine-protein kinase ATM,Q13315,3573,3446,5.229482227819759,1.1365157336842915
CHEMBL1075104,Leucine-rich repeat serine/threonine-protein kinase 2,Q5S007,3559,2201,7.2706602978364705,1.051720444454119
CHEMBL3267,PI3-kinase p110-gamma subunit,P48736,3547,2893,6.65599943614322,1.1499062140818794
CHEMBL4685,"Indoleamine 2,3-dioxygenase",P14902,3515,2189,6.305849217638691,1.2346573425778906
CHEMBL3155,Serotonin 7 (5-HT7) receptor,P34969,3510,2663,7.077447293447293,1.0848835850924206
CHEMBL1951,Monoamine oxidase A,P21397,3508,2802,5.556046180159635,1.2022004656701337
CHEMBL4302,P-glycoprotein 1,P08183,3471,2328,5.938418323249784,1.1520024186197102
CHEMBL5023,p53-binding protein Mdm-2,Q00987,3446,2546,7.438885664538596,1.5663536387455925
CHEMBL1293237,Bloom syndrome protein,P54132,3430,2502,5.261935860058308,1.2842098841334464
CHEMBL2094135,Gamma-secretase,P49810,3424,2407,7.005049649532711,1.24981333009441
CHEMBL2094135,Gamma-secretase,Q8WW43,3424,2407,7.005049649532711,1.24981333009441
CHEMBL2094135,Gamma-secretase,Q9NZ42,3424,2407,7.005049649532711,1.24981333009441
CHEMBL2094135,Gamma-secretase,Q96BI3,3424,2407,7.005049649532711,1.24981333009441
CHEMBL2094135,Gamma-secretase,P49768,3424,2407,7.005049649532711,1.24981333009441
CHEMBL1957,Insulin-like growth factor I receptor,P08069,3424,2488,7.052573014018691,1.1487214032685853
CHEMBL2094135,Gamma-secretase,Q92542,3424,2407,7.005049649532711,1.24981333009441
CHEMBL215,Arachidonate 5-lipoxygenase,P09917,3378,2239,6.120476613380699,0.8441855218711264
CHEMBL4829,Acetyl-CoA carboxylase 2,O00763,3369,3164,6.543241317898486,0.7439712973051718
CHEMBL242,Estrogen receptor beta,Q92731,3259,2199,6.971574102485425,1.284217392376469
CHEMBL208,Progesterone receptor,P06401,3251,2127,7.087090126115042,1.2688446437718963
CHEMBL5567,Luciferin 4-monooxygenase,P08659,3212,2923,5.189333748443337,0.6871552246606818
CHEMBL211,Muscarinic acetylcholine receptor M2,P08172,3195,2347,6.875840375586855,1.4810589362035227
CHEMBL280,Matrix metalloproteinase 13,P45452,3193,2681,7.483764484810523,1.3617463484245336
CHEMBL249,Neurokinin 1 receptor,P25103,3180,2522,8.055798742138364,1.350756649675288
CHEMBL3227,Metabotropic glutamate receptor 5,P41594,3170,2541,6.828652996845427,0.9694273794783258
CHEMBL321,Matrix metalloproteinase 9,P14780,3168,2696,7.077452651515151,1.4676194229869943
CHEMBL255,Adenosine A2b receptor,P29275,3148,2494,6.930600381194409,1.12908985639171
CHEMBL4333,Sphingosine 1-phosphate receptor Edg-1,P21453,3118,2619,7.734862091084028,1.4296281344205262
CHEMBL2007625,Isocitrate dehydrogenase [NADP] cytoplasmic,O75874,3094,1795,6.591683904330963,0.9349212267593512
CHEMBL274,C-C chemokine receptor type 5,P51681,3058,2167,7.475166775670373,1.3458033688240765
CHEMBL2973,Rho-associated protein kinase 2,O75116,3056,2482,7.263805628272251,1.1673674329798958
CHEMBL4616,Ghrelin receptor,Q92847,3036,1972,7.417368247694335,1.1615976716037058
CHEMBL1741165,Microphthalmia-associated transcription factor,O75030,3024,843,5.123627645502646,0.43027301517921396
CHEMBL332,Matrix metalloproteinase-1,P03956,3024,2566,6.376296296296296,1.2264634292715637
CHEMBL229,Alpha-1a adrenergic receptor,P35348,3001,2243,7.280686437854048,1.4475596459717999
CHEMBL2524,Alpha-galactosidase A,P06280,2997,2897,4.644644644644645,0.4644823361941383
CHEMBL3952,Kappa opioid receptor,P41144,2993,2271,7.509732709655864,1.2903255022644577
CHEMBL4015,C-C chemokine receptor type 2,P41597,2977,1830,7.1684279475982535,1.102413231839496
CHEMBL1833,Serotonin 2b (5-HT2b) receptor,P41595,2973,2117,6.655543222334343,1.0220744033752964
CHEMBL4361,Induced myeloid leukemia cell differentiation protein Mcl-1,Q07820,2963,2399,6.009301383732704,1.2251051648921185
CHEMBL210,Beta-2 adrenergic receptor,P07550,2943,2062,7.268936459395174,1.6509664239295938
CHEMBL245,Muscarinic acetylcholine receptor M3,P20309,2935,2322,7.547597955706985,1.744833777148969
CHEMBL3468,Caspase-7,P55210,2883,2784,5.259039195282692,0.9985174017442199
CHEMBL2292,Dual-specificity tyrosine-phosphorylation regulated kinase 1A,Q13627,2864,2414,6.9011906424581,1.1986535757503816
CHEMBL2185,Serine/threonine-protein kinase Aurora-B,Q96GD4,2840,2445,6.91131690140845,1.1802015449859202
CHEMBL3145,PI3-kinase p110-beta subunit,P42338,2835,2180,6.677477954144622,1.2246628253400962
CHEMBL3192,Histone deacetylase 8,Q9BY41,2829,2249,6.121689642983386,0.8989952201019228
CHEMBL2409,Epoxide hydratase,P34913,2824,2332,7.437839943342776,1.3325567199375248
CHEMBL1741192,Replicative DNA helicase,P9WMR3,2823,1809,5.060644704215374,0.5741601658463995
CHEMBL248,Leukocyte elastase,P08246,2820,2397,7.26345035460993,1.4493237928642742
CHEMBL4203,Dual specificity protein kinase CLK4,Q9HAZ1,2810,1697,5.663779359430605,1.1017948823135661
CHEMBL4153,Sigma-1 receptor,Q60492,2808,2292,7.403490028490029,1.1354024501493105
CHEMBL3778,Interleukin-1 receptor-associated kinase 4,Q9NWZ3,2796,2262,7.2893347639484976,1.162981881221899
CHEMBL4523,Serine/threonine-protein kinase PIM2,Q9P1W9,2783,2520,7.566776859504133,1.2011320128545457
CHEMBL301,Cyclin-dependent kinase 2,P24941,2780,2232,6.6001942446043165,1.1634862328986222
CHEMBL3687,Arachidonate 12-lipoxygenase,P18054,2765,2674,4.911352622061482,0.5297603905007626
CHEMBL1744525,Nicotinamide phosphoribosyltransferase,P43490,2758,2420,7.375609137055838,0.9316875470889934
CHEMBL1855,Gonadotropin-releasing hormone receptor,P30968,2748,1549,7.663664483260553,1.1670607199012828
CHEMBL4860,Apoptosis regulator Bcl-2,P10415,2741,1975,7.657190806275082,1.737492043694257
CHEMBL2742,Fibroblast growth factor receptor 3,P22607,2739,1731,7.42149689667762,1.1204736004834868
CHEMBL4630,Serine/threonine-protein kinase Chk1,O14757,2718,2289,7.078230316409125,1.2513225374314225
CHEMBL269,Delta opioid receptor,P33533,2715,2112,7.553182320441989,1.38467455383072
CHEMBL1937,Histone deacetylase 2,Q92769,2712,2072,6.579244100294985,1.1318916621893764
CHEMBL4550,5-lipoxygenase activating protein,P20292,2689,2165,7.4504722945332835,0.9823806990504212
CHEMBL2093869,Integrin alpha-IIb/beta-3,P08514,2665,1811,6.806682926829269,1.4592324225994997
CHEMBL2093869,Integrin alpha-IIb/beta-3,P05106,2665,1811,6.806682926829269,1.4592324225994997
CHEMBL1824,Receptor protein-tyrosine kinase erbB-2,P04626,2609,2130,6.6752242238405515,1.1336024364080037
CHEMBL1907596,Neuronal acetylcholine receptor; alpha4/beta2,P09483,2608,1817,7.560479294478528,1.8155499220141615
CHEMBL1907596,Neuronal acetylcholine receptor; alpha4/beta2,P12390,2608,1817,7.560479294478528,1.8155499220141615
CHEMBL3880,Heat shock protein HSP 90-alpha,P07900,2597,2309,6.236846361185984,1.0934325364411452
CHEMBL258,Tyrosine-protein kinase LCK,P06239,2561,2063,6.785587661069894,1.2244513663923908
CHEMBL2954,Cathepsin S,P25774,2558,2225,7.218272087568413,1.2848911673517824
CHEMBL2094108,Protein farnesyltransferase,P49356,2512,1950,7.021476910828026,1.489015217004803
CHEMBL2094108,Protein farnesyltransferase,P49354,2512,1950,7.021476910828026,1.489015217004803
CHEMBL1936,Stem cell growth factor receptor,P10721,2495,1519,7.048601202404809,1.0751782862912107
CHEMBL322,Serotonin 2a (5-HT2a) receptor,P14842,2487,1887,7.225629272215521,1.1684416928616725
CHEMBL276,Muscarinic acetylcholine receptor M1,P08482,2481,1693,6.153051189036678,1.360757705569115
CHEMBL1829,Histone deacetylase 3,O15379,2462,1977,6.772989439480097,1.1973414946900984
CHEMBL3229,Anandamide amidohydrolase,P97612,2448,1848,6.909550653594772,1.3520667715946606
CHEMBL3979,Peroxisome proliferator-activated receptor delta,Q03181,2440,1680,6.824368852459016,1.2008755566312719
CHEMBL2564,Metabotropic glutamate receptor 5,P31424,2426,1574,6.790144270403957,1.122766327692521
CHEMBL283,Matrix metalloproteinase 3,P08254,2415,1957,6.753540372670807,1.2446900356823611
CHEMBL221,Cyclooxygenase-1,P23219,2380,1802,5.3758655462184874,0.9715061816702208
CHEMBL4422,Free fatty acid receptor 1,O14842,2374,1706,6.697135636057287,1.045866892494617
CHEMBL2056,Dopamine D1 receptor,P21728,2364,1569,6.7389086294416245,1.2071733305385732
CHEMBL231,Histamine H1 receptor,P35367,2364,1795,6.899809644670051,1.3452185845977076
CHEMBL1827,Phosphodiesterase 5A,O76074,2355,2008,7.253099787685775,1.5364603877657481
CHEMBL3706,ADAM17,P78536,2331,1776,7.164350064350064,1.2962524873182504
CHEMBL5375,Hepatitis C virus NS5B RNA-dependent RNA polymerase,Q8JXU8,2325,1473,6.541058064516129,1.2970363406636995
CHEMBL1800,Corticotropin releasing factor receptor 1,P34998,2313,1938,7.37382187635106,0.9404419042017728
CHEMBL2014,Nociceptin receptor,P41146,2286,1618,7.662449693788277,1.1521791895259674
CHEMBL2334,Caspase-3,P42574,2270,1954,6.039872246696035,1.4168612949129031
CHEMBL4441,C-X-C chemokine receptor type 3,P49682,2265,1612,7.082498896247241,1.0370844683320137
CHEMBL4198,Inhibitor of apoptosis protein 3,P98170,2253,1453,6.434784731469152,1.2363424436294017
CHEMBL4124,Histamine H3 receptor,Q9QYN8,2242,1657,7.890544157002676,0.8786990241649736
CHEMBL3759,Histamine H4 receptor,Q9H3N8,2223,1365,6.9102294197031044,1.1319748049511016
CHEMBL2243,Anandamide amidohydrolase,O00519,2219,1672,6.970639927895449,1.3871420839597324
CHEMBL302,Adenosine A2a receptor,P30543,2211,1779,6.496056083220263,1.2354273097099768
CHEMBL1844,Macrophage colony stimulating factor receptor,P07333,2155,1805,7.462598607888631,1.0726427260427913
CHEMBL4354,Mu opioid receptor,P97266,2151,1664,7.442691771269177,1.3445491532167864
CHEMBL3553,Tyrosine-protein kinase TYK2,P29597,2143,1751,7.031483901073261,1.0710041975737663
CHEMBL268,Cathepsin K,P43235,2118,1870,7.180967894239849,1.3406558501560994
CHEMBL5393,ATP-binding cassette sub-family G member 2,Q9UNQ0,2100,1280,6.25032380952381,1.0338193086508238
CHEMBL2047,Bile acid receptor FXR,Q96RI1,2098,1438,6.38322211630124,1.0964658226264035
CHEMBL5102,Vanilloid receptor,O35433,2095,1402,6.999551312649165,1.096606813518219
CHEMBL3571,Cannabinoid CB1 receptor,P20272,2063,1644,7.251158507028599,1.155120370524928
CHEMBL1913,Platelet-derived growth factor receptor beta,P09619,2059,1514,6.7082467217095685,1.2219313860756107
CHEMBL3837,Cathepsin L,P07711,2055,1901,6.468476885644769,1.2653025032990932
CHEMBL312,Arachidonate 5-lipoxygenase,P12527,2026,1571,5.89928923988154,0.917092285434067
CHEMBL2695,Focal adhesion kinase 1,Q05397,2025,1727,6.768538271604939,1.3672105761467885
CHEMBL298,Cholecystokinin B receptor,P32239,2019,1524,6.984497275879148,1.4634809848543435
CHEMBL1821,Muscarinic acetylcholine receptor M4,P08173,2010,1429,6.596014925373134,1.1691796163921424
CHEMBL5658,Prostaglandin E synthase,O14684,2000,1492,7.02313,1.299410572920856
CHEMBL3231,Rho-associated protein kinase 1,Q13464,1994,1711,6.706980942828485,1.09522601902646
CHEMBL275,Phosphodiesterase 4B,Q07343,1984,1720,6.9260131048387095,1.6348536098370454
CHEMBL3988583,Sepiapterin reductase,P35270,1972,1097,7.259584178498986,1.1736010615029306
CHEMBL2276,c-Jun N-terminal kinase 1,P45983,1968,1688,6.543058943089431,1.023911324375477
CHEMBL1907598,Integrin alpha-V/beta-3,P06756,1957,1539,7.585360245273377,1.3786482130000106
CHEMBL1907598,Integrin alpha-V/beta-3,P05106,1957,1539,7.585360245273377,1.3786482130000106
CHEMBL1907589,Neuronal acetylcholine receptor; alpha4/beta2,P43681,1950,1193,6.742851282051282,1.5289854426292255
CHEMBL1907589,Neuronal acetylcholine receptor; alpha4/beta2,P17787,1950,1193,6.742851282051282,1.5289854426292255
CHEMBL246,Beta-3 adrenergic receptor,P13945,1942,1573,7.434217301750772,1.2686542664407026
CHEMBL213,Beta-1 adrenergic receptor,P08588,1934,1557,6.600274043433299,1.2431713019779502
CHEMBL5137,Metabotropic glutamate receptor 2,Q14416,1932,1465,7.019368530020704,0.9543725938845137
CHEMBL4501,Ribosomal protein S6 kinase 1,P23443,1901,1841,7.161799053129932,1.171118099855702
CHEMBL6136,Lysine-specific histone demethylase 1,O60341,1895,1434,6.205071240105541,1.2508936542344882
CHEMBL2487,Amyloid-beta A4 protein,P05067,1895,1559,6.319139841688655,1.3942679642924978
CHEMBL1741171,Protein RecA,P9WHJ3,1889,1874,5.397300158814187,0.634783941126468
CHEMBL1907599,Integrin alpha-4/beta-1,P05556,1889,1303,7.543954473266279,1.4540203907287652
CHEMBL1907599,Integrin alpha-4/beta-1,P13612,1889,1303,7.543954473266279,1.4540203907287652
CHEMBL2949,Cyclooxygenase-1,P05979,1847,1481,5.292994044396318,0.9324103316182164
CHEMBL304,Norepinephrine transporter,Q9WTR4,1830,1388,6.618863387978142,1.0993919080289702
CHEMBL2326,Carbonic anhydrase VII,P43166,1816,1332,7.486927312775331,1.369883639949087
CHEMBL2722,Cytochrome P450 11B2,P19099,1795,1449,7.3676211699164345,1.0096674128154364
CHEMBL4980,Neuronal acetylcholine receptor protein alpha-7 subunit,Q05941,1788,1449,6.593076062639821,1.2436938594957525
CHEMBL3572,Cholesteryl ester transfer protein,P11597,1785,1288,6.357238095238095,1.133515327488376
CHEMBL252,Endothelin receptor ET-A,P25101,1781,1498,7.35385738349242,1.4917900791744332
CHEMBL5652,Glucose-dependent insulinotropic receptor,Q8TDV5,1751,1596,7.070616790405483,0.8587707273826631
CHEMBL1867,Alpha-2a adrenergic receptor,P08913,1745,1192,6.521042979942693,1.2641569202075151
CHEMBL3884,Sodium/glucose cotransporter 2,P31639,1745,1432,7.4972779369627505,1.1964433555737841
CHEMBL4439,TGF-beta receptor type I,P36897,1737,1138,7.008554979850317,1.0363428456178307
CHEMBL2998,P2X purinoceptor 3,P56373,1734,1651,7.010813148788928,0.8065597883166362
CHEMBL1985,Glucagon receptor,P47871,1732,1222,7.103885681293303,1.1935674282889375
CHEMBL288,Phosphodiesterase 4D,Q08499,1721,1376,6.3892097617664145,1.4556840327033347
CHEMBL2001,Purinergic receptor P2Y12,Q9H244,1717,1179,6.8619976703552705,1.2272815791767768
CHEMBL232,Alpha-1b adrenergic receptor,P35368,1716,1424,7.044213286713287,1.0660588264901922
CHEMBL1983,Serotonin 1d (5-HT1d) receptor,P28221,1707,1271,7.871593438781487,1.2884406421344898
CHEMBL2041,Tyrosine-protein kinase receptor RET,P07949,1698,1170,6.873080094228504,1.2682836064880192
CHEMBL3729,Carbonic anhydrase IV,P22748,1685,1336,6.629097922848665,1.38240406213207
CHEMBL3222,Delta opioid receptor,P32300,1677,1344,7.704633273703041,1.3195001809789269
CHEMBL2581,Cathepsin D,P07339,1663,1552,6.043331328923632,1.2025223551784092
CHEMBL3199,Acetylcholinesterase,P37136,1660,1402,6.315644578313252,1.226917564077684
CHEMBL223,Alpha-1d adrenergic receptor,P25100,1659,1340,7.361537070524413,1.196038540714572
CHEMBL2362980,Paired box protein Pax-8,Q06710,1659,1581,5.185316455696203,0.40246594298127475
CHEMBL2111367,PI3-kinase p110-alpha/p85-alpha,P27986,1653,1522,7.565541439806412,1.7504515917520886
CHEMBL2111367,PI3-kinase p110-alpha/p85-alpha,P42336,1653,1522,7.565541439806412,1.7504515917520886
CHEMBL5407,Serine/threonine-protein kinase PIM3,Q86V86,1648,1546,7.822202669902913,1.4302678500317327
CHEMBL4625,Apoptosis regulator Bcl-X,Q07817,1639,1172,6.824820012202562,1.387247545349388
CHEMBL4644,Melanocortin receptor 3,P41968,1630,1047,6.505349693251533,1.4124127771599273
CHEMBL202,Dihydrofolate reductase,P00374,1604,1115,6.415311720698254,1.3094552600474394
CHEMBL1293247,Luciferase,Q94696,1572,1551,5.003008905852417,0.18539181738957158
CHEMBL2179,Beta-glucocerebrosidase,P04062,1559,794,5.650064143681848,1.0319695868736207
CHEMBL2363,Dihydrofolate reductase,Q920D2,1537,899,6.201821730644112,1.342311172308238
CHEMBL2366517,Protease,Q9YQ12,1536,1260,7.711848958333333,1.8925072814645427
CHEMBL308,Cyclin-dependent kinase 1,P06493,1532,1318,6.439647519582245,1.0669644793997746
CHEMBL3973,Fibroblast growth factor receptor 4,P22455,1530,1299,7.525366013071895,0.9194221622917291
CHEMBL6135,Neuraminidase,B4URF0,1527,579,6.4149246889325475,1.6284321686445205
CHEMBL2637,c-Jun N-terminal kinase 3,P53779,1526,1326,6.27448885976409,1.2469949061409127
CHEMBL2000,Plasma kallikrein,P03952,1523,1319,7.022028890347997,1.2937481406612354
CHEMBL4552,Peripheral-type benzodiazepine receptor,P16257,1518,945,7.705223978919632,1.237110704991884
CHEMBL2525,Beta secretase 2,Q9Y5Z0,1515,1382,6.806310231023102,1.2586835173926871
CHEMBL2069,Thromboxane A2 receptor,P21731,1513,1225,6.419966953073364,1.3099424182454793
CHEMBL1907600,Cyclin-dependent kinase 5/CDK5 activator 1,Q00535,1511,1382,6.213461283917936,1.0536271622400415
CHEMBL1907600,Cyclin-dependent kinase 5/CDK5 activator 1,Q15078,1511,1382,6.213461283917936,1.0536271622400415
CHEMBL1907601,Cyclin-dependent kinase 4/cyclin D1,P11802,1510,1331,6.724417218543047,1.4220642359918756
CHEMBL1907601,Cyclin-dependent kinase 4/cyclin D1,P24385,1510,1331,6.724417218543047,1.4220642359918756
CHEMBL1906,Serine/threonine-protein kinase RAF,P04049,1506,1278,7.198579017264276,1.4120272552254904
CHEMBL209,Trypsin I,P07477,1496,1343,7.050421122994653,1.5421787642590092
CHEMBL1889,Vasopressin V1a receptor,P37288,1490,1112,7.312416107382551,1.300542042808732
CHEMBL3983,Dual specificity protein kinase TTK,P33981,1485,1157,7.647023569023569,1.131853620115541
CHEMBL3024,Serine/threonine-protein kinase PLK1,P53350,1481,1290,6.460938555030385,1.343827177647529
CHEMBL3795,Melanocortin receptor 1,Q01726,1479,920,7.303772819472617,1.5656590712043545
CHEMBL2492,Neuronal acetylcholine receptor protein alpha-7 subunit,P36544,1464,1101,6.255819672131148,1.1710934583416044
CHEMBL4225,Dual specificity protein kinase CLK2,P49760,1463,1358,7.270710868079289,1.2668771078901222
CHEMBL4523582,Replicase polyprotein 1ab,P0DTD1,1458,1056,6.15863511659808,1.0700272236519175
CHEMBL4908,Trace amine-associated receptor 1,Q923Y8,1454,1390,8.084910591471802,0.8965133726697552
CHEMBL4072,Cathepsin B,P07858,1448,1286,5.937403314917128,1.1729858522511094
CHEMBL1868,Vascular endothelial growth factor receptor 1,P17948,1445,1215,6.8045328719723175,1.2285218494953143
CHEMBL2425,Dihydrofolate reductase,Q07422,1444,694,6.646634349030471,1.1759681412589023
CHEMBL281,Carbonic anhydrase IV,Q95323,1442,1210,7.102565880721221,0.7838079906222633
CHEMBL4093,LXR-beta,P55055,1434,933,6.639121338912134,1.0897343392485592
CHEMBL3948,Angiotensin II type 1a (AT-1a) receptor,P34976,1433,1038,8.280809490579204,1.1294420870794077
CHEMBL1908,Cytochrome P450 11B1,P15538,1433,1151,6.585687369155618,1.029356984546685
CHEMBL1741189,FAD-linked sulfhydryl oxidase ALR,P55789,1431,1431,5.762180293501048,0.725302250709392
CHEMBL1945,Melatonin receptor 1A,P48039,1428,1039,7.797605042016807,1.4391297614836605
CHEMBL3116,Cyclin-dependent kinase 9,P50750,1423,1138,7.070660576247364,0.9366126758386978
CHEMBL2189110,Histone-lysine N-methyltransferase EZH2,Q15910,1416,668,7.348333333333334,1.226788581538276
CHEMBL4588,Matrix metalloproteinase 8,P22894,1413,1277,7.020318471337579,1.5071873972222358
CHEMBL1916,Alpha-2c adrenergic receptor,P18825,1390,902,6.743525179856115,1.2558576148981038
CHEMBL2959,Tyrosine-protein kinase ITK/TSK,Q08881,1390,1005,6.9906474820143885,1.1043427649947486
CHEMBL1293251,ATP-dependent molecular chaperone HSP82,C4YTQ8,1383,1140,5.544909616775127,0.5841911323272486
CHEMBL3820,Hexokinase type IV,P35557,1382,1049,6.573523878437048,0.7927543615181301
CHEMBL227,Type-1 angiotensin II receptor,P30556,1378,1212,7.147017416545719,1.6170151100322552
CHEMBL4561,Neuropeptide Y receptor type 5,Q15761,1377,1176,7.646681190994916,1.1157139142937045
CHEMBL1991,Inhibitor of nuclear factor kappa B kinase beta subunit,O14920,1368,1071,6.4969809941520476,1.119592958060205
CHEMBL2871,Cholecystokinin A receptor,P30551,1364,1121,6.576825513196481,1.3087281786862985
CHEMBL4429,Neurokinin 3 receptor,P29371,1360,922,7.516161764705882,1.204111415328225
CHEMBL2035,Muscarinic acetylcholine receptor M5,P08912,1354,1024,6.206587887740029,1.1344980872000514
CHEMBL6140,"cAMP and cAMP-inhibited cGMP 3',5'-cyclic phosphodiesterase 10A",Q9QYJ6,1348,1285,7.420318991097923,1.1388488968360408
CHEMBL3401,Pregnane X receptor,O75469,1340,890,5.715007462686567,0.885250857863634
CHEMBL4142,Fibroblast growth factor receptor 2,P21802,1332,1176,7.725022522522522,1.0448023475268842
CHEMBL1784,Glucagon-like peptide 1 receptor,P43220,1331,916,8.06961682945154,1.648994112297933
CHEMBL5313,Heat shock factor protein 1,P38532,1322,1124,4.920007564296521,0.6254124452430713
CHEMBL3473,C-C chemokine receptor type 3,P51677,1314,1136,7.472663622526636,1.3167671636938922
CHEMBL1898,Serotonin 1b (5-HT1b) receptor,P28222,1314,1102,7.3038508371385085,1.1504365590011598
CHEMBL4662,Proteasome Macropain subunit MB1,P28074,1313,1044,6.653891850723533,1.334089969313034
CHEMBL3798,Calcitonin gene-related peptide type 1 receptor,Q16602,1309,737,7.799533995416349,1.497646118354917
CHEMBL6009,Diacylglycerol O-acyltransferase 1,O75907,1309,1063,7.1944690603514125,0.9742784344773173
CHEMBL299,Protein kinase C alpha,P17252,1308,1094,6.877217125382263,1.4033472037940666
CHEMBL1836,Prostanoid EP4 receptor,P35408,1303,767,7.575640828856485,1.376135989307008
CHEMBL2107,C-X-C chemokine receptor type 4,P61073,1299,921,6.8111701308698995,1.1408276337077996
CHEMBL2176771,Complement factor D,P00746,1291,1196,6.780348567002324,1.0157263194021506
CHEMBL1946,Melatonin receptor 1B,P49286,1289,936,8.231024049650893,1.3189286802369564
CHEMBL1966,Dihydroorotate dehydrogenase,Q02127,1288,1105,6.702274844720497,1.265441940947535
CHEMBL1741194,Mitochondrial import inner membrane translocase subunit TIM10,P87108,1286,1047,4.744206842923795,0.4478994997228409
CHEMBL3649,Xanthine dehydrogenase,P80457,1279,1118,6.438170445660672,1.4487398654840018
CHEMBL3307224,Nonstructural protein 5A,Q5L478,1275,519,9.305992156862745,1.3267431056479164
CHEMBL2111389,CDK9/cyclin T1,O60563,1261,1140,6.982632831086439,1.0076835997981792
CHEMBL2111389,CDK9/cyclin T1,P50750,1261,1140,6.982632831086439,1.0076835997981792
CHEMBL4777,Neuropeptide Y receptor type 1,P25929,1261,990,6.923243457573354,1.5846981171274872
CHEMBL4204,MAP kinase signal-integrating kinase 2,Q9HBH9,1260,1149,7.0632698412698405,1.1926791941881851
CHEMBL3892,Sphingosine 1-phosphate receptor Edg-3,Q99500,1254,1108,6.405390749601276,1.0817209244744626
CHEMBL4979,Sodium/glucose cotransporter 1,P13866,1251,1150,6.822222222222223,1.2660772874425061
CHEMBL1907605,Cyclin-dependent kinase 2/cyclin E1,P24941,1244,1149,6.632717041800643,1.156805188128645
CHEMBL1907605,Cyclin-dependent kinase 2/cyclin E1,P24864,1244,1149,6.632717041800643,1.156805188128645
CHEMBL2820,Coagulation factor XI,P03951,1241,1071,7.16484286865431,1.4303784166457347
CHEMBL3568,"Nitric-oxide synthase, brain",P29475,1239,1117,5.965375302663438,0.9738788759448069
CHEMBL3318,Tyrosinase,O42713,1236,853,5.308778317152103,0.8940252671749769
CHEMBL1994,Mineralocorticoid receptor,P08235,1236,950,6.725105177993528,0.9520530920821623
CHEMBL5936,Toll-like receptor 7,Q9NYK1,1235,1089,6.354364372469636,1.1715623446564196
CHEMBL3587,Dual specificity mitogen-activated protein kinase kinase 1,Q02750,1235,960,6.788040485829959,1.1552479292074813
CHEMBL2208,MAP kinase-activated protein kinase 2,P49137,1233,976,6.27088402270884,1.15081462409823
CHEMBL1785,Endothelin receptor ET-B,P24530,1233,1094,6.2362692619626925,1.3096267680507268
CHEMBL2431,Serine/threonine-protein kinase AKT2,P31751,1230,1050,6.9033902439024395,1.0994418891428763
CHEMBL4691,Proteinase activated receptor 4,Q96RI0,1229,928,7.837550854353133,1.268412254855167
CHEMBL2808,LXR-alpha,Q13133,1224,848,6.445065359477124,1.029151384082213
CHEMBL4581,Kinesin-like protein 1,P52732,1222,946,6.554058919803601,1.2139319116508571
CHEMBL3910,11-beta-hydroxysteroid dehydrogenase 1,P50172,1221,1087,7.215045045045045,0.9711513036219717
CHEMBL2434,Interleukin-8 receptor B,P25025,1220,1009,7.037204918032787,1.1622872731420715
CHEMBL2993,Monoamine oxidase B,P19643,1214,917,6.247421746293245,1.3446254746195287
CHEMBL3602,Sigma opioid receptor,Q9R0C9,1207,975,7.219420049710025,1.148950200059999
CHEMBL2049,Oxytocin receptor,P30559,1206,934,7.792321724709785,1.3046552776510545
CHEMBL3974,Proteinase-activated receptor 1,P25116,1205,906,6.601178423236514,1.1683929697494617
CHEMBL331,Cyclin-dependent kinase 4,P11802,1204,1076,7.234966777408638,1.1420438208190178
CHEMBL1980,Sodium channel protein type V alpha subunit,Q14524,1204,1044,5.502059800664451,0.7895442521459572
CHEMBL2534,3-phosphoinositide dependent protein kinase-1,O15530,1203,990,6.643973399833749,1.3091226714899507
CHEMBL3710,Prostanoid EP3 receptor,P43115,1202,827,7.337720465890183,1.1563926345001416
CHEMBL3286,Urokinase-type plasminogen activator,P00749,1197,1083,5.941219715956558,1.114755330780675
CHEMBL2622,Aldose reductase,P07943,1196,911,5.705392976588628,1.0697327376307595
CHEMBL4895,Tyrosine-protein kinase receptor UFO,P30530,1191,1004,6.852863140218304,1.19818039097662
CHEMBL2413,C-C chemokine receptor type 1,P32246,1189,798,7.057451640033642,1.172141978129506
CHEMBL3714130,G-protein coupled receptor 6,P46095,1185,863,6.709341772151898,1.6126940189641037
CHEMBL4578,Maternal embryonic leucine zipper kinase,Q14680,1179,1058,7.632052586938084,1.1037772901407998
CHEMBL1825,TNF-alpha,P01375,1179,772,6.759796437659033,1.7690233440528524
CHEMBL3524,Histone deacetylase 4,P56524,1179,850,6.305538592027141,1.1535157497340933
CHEMBL3629,Casein kinase II alpha,P68400,1178,881,6.656103565365026,1.2240386845376707
CHEMBL4462,NAD-dependent deacetylase sirtuin 2,Q8IXJ6,1168,876,5.403339041095891,0.9748347596842818
CHEMBL3922,Methionine aminopeptidase 2,P50579,1166,838,6.915583190394511,1.1719976539220287
CHEMBL1907594,Neuronal acetylcholine receptor; alpha3/beta4,P32297,1163,769,6.068512467755804,1.3610614993323786
CHEMBL1907594,Neuronal acetylcholine receptor; alpha3/beta4,P30926,1163,769,6.068512467755804,1.3610614993323786
CHEMBL3142,DNA-dependent protein kinase,P78527,1162,993,6.480507745266782,1.2131451285268684
CHEMBL3864,Protein-tyrosine phosphatase 2C,Q06124,1159,867,5.878826574633305,1.2050249584059527
CHEMBL3976,Dipeptidyl peptidase II,Q9UHL4,1156,1059,5.366461937716263,1.1777316333875094
CHEMBL4308,Bradykinin B1 receptor,P46663,1147,787,7.953618134263295,1.2099210612557172
CHEMBL3251,Nuclear factor NF-kappa-B p105 subunit,P19838,1144,594,5.628461538461538,1.0116940447409033
CHEMBL5508,Dual specificity tyrosine-phosphorylation-regulated kinase 1A,Q63470,1143,1126,5.682992125984252,0.723436273001163
CHEMBL3038469,CDK2/Cyclin A2,P20248,1137,1024,6.387282321899736,1.0961707928146762
CHEMBL3038469,CDK2/Cyclin A2,P24941,1137,1024,6.387282321899736,1.0961707928146762
CHEMBL4657,Dipeptidyl peptidase VIII,Q6V1X1,1135,1031,5.494704845814978,1.2282921698153728
CHEMBL3691,Autotaxin,Q13822,1129,891,6.674109831709477,1.1832961725189226
CHEMBL2996,Protein kinase C delta,Q05655,1128,950,6.716303191489361,1.1548698188152593
CHEMBL2061,Retinoid X receptor alpha,P19793,1127,637,6.687772848269742,1.1351890124576525
CHEMBL4179,c-Jun N-terminal kinase 2,P45984,1121,980,6.408028545941123,0.967975862618988
CHEMBL2337,Glycine transporter 1,P48067,1119,1034,7.0018945487042,1.0814003144224
CHEMBL2094128,Cyclin-dependent kinase 2/cyclin A,P24941,1116,1067,6.406236559139785,1.190880442108971
CHEMBL2094128,Cyclin-dependent kinase 2/cyclin A,P78396,1116,1067,6.406236559139785,1.190880442108971
CHEMBL3920,Protein kinase C theta,Q04759,1116,999,7.340958781362008,1.2778278493792796
CHEMBL2094128,Cyclin-dependent kinase 2/cyclin A,P20248,1116,1067,6.406236559139785,1.190880442108971
CHEMBL4018,Neuropeptide Y receptor type 2,P49146,1115,780,7.176349775784754,1.6051758863752532
CHEMBL4608,Melanocortin receptor 5,P33032,1115,790,6.476340807174887,1.3317045645042407
CHEMBL1628481,Apelin receptor,P35414,1114,563,7.582199281867145,1.3736576104296547
CHEMBL5697,Egl nine homolog 1,Q9GZT9,1110,925,6.091765765765765,1.3962348375040514
CHEMBL1801,Plasminogen,P00747,1107,971,5.942890695573622,1.4438131243174528
CHEMBL4471,Thrombin,P00735,1107,1070,5.554354110207769,1.2556601014628856
CHEMBL2095231,"Hepatitis C virus serine protease, NS3/NS4A",A3EZI9,1094,816,7.507175502742231,1.3665232167863022
CHEMBL2095231,"Hepatitis C virus serine protease, NS3/NS4A",D2K2A8,1094,816,7.507175502742231,1.3665232167863022
CHEMBL4026,Signal transducer and activator of transcription 3,P40763,1091,918,5.522328139321723,0.8713634189143654
CHEMBL4481,"Nitric oxide synthase, inducible",P35228,1084,914,6.0279612546125465,1.2373864402684382
CHEMBL1926,Dihydrofolate reductase,P16184,1080,592,6.244037037037036,1.177351057668078
CHEMBL2652,Phosphodiesterase 2A,O00408,1078,928,7.144508348794063,1.3536705797435338
CHEMBL3358,Monoamine oxidase A,P21396,1077,916,5.864856081708449,1.260853144922157
CHEMBL265,Dopamine D1 receptor,P18901,1077,741,6.626796657381616,1.2128396310704626
CHEMBL1942,Alpha-2b adrenergic receptor,P18089,1073,716,6.311547064305685,1.0650826959140278
CHEMBL4128,Tyrosine-protein kinase TIE-2,Q02763,1073,850,6.829972041006524,1.1636580651124047
CHEMBL4835,L-lactate dehydrogenase A chain,P00338,1072,552,6.1700466417910445,1.2761704858417713
CHEMBL1899,Serotonin 3a (5-HT3a) receptor,P46098,1072,885,7.130018656716418,1.6278036503854179
CHEMBL2252,Dipeptidyl peptidase I,P53634,1062,814,7.441864406779661,0.8595340497782257
CHEMBL2094116,Serotonin 3 (5-HT3) receptor,Q9JJ16,1058,781,7.81164461247637,1.1879620650104012
CHEMBL2094116,Serotonin 3 (5-HT3) receptor,P35563,1058,781,7.81164461247637,1.1879620650104012
CHEMBL5136,Platelet activating factor receptor,P21556,1054,948,6.866214421252372,1.2538984585257507
CHEMBL6164,Tankyrase-1,O95271,1053,812,7.080341880341881,1.0627475676342113
CHEMBL1792,Somatostatin receptor 5,P35346,1051,866,7.524043767840153,1.251156460843777
CHEMBL5888,Mitogen-activated protein kinase kinase kinase 14,Q99558,1050,779,7.685085714285714,1.2538746971808716
CHEMBL2327,Neurokinin 2 receptor,P21452,1050,931,7.553466666666667,1.4245600666661544
CHEMBL1939,Dihydrofolate reductase,P13922,1047,171,6.924059216809933,1.4294271567624615
CHEMBL2850,Glycogen synthase kinase-3 alpha,P49840,1046,960,6.597734225621415,1.240216731373852
CHEMBL2858,Mu opioid receptor,P42866,1044,766,8.003946360153257,1.2950631760304347
CHEMBL4158,Fatty acid synthase,P49327,1042,971,6.716785028790787,0.9182739362230868
CHEMBL1790,Vasopressin V2 receptor,P30518,1034,803,7.149816247582205,1.2734513268233054
CHEMBL2146302,"Glutaminase kidney isoform, mitochondrial",O94925,1032,870,6.925484496124032,1.0798695711700685
CHEMBL1667665,Transient receptor potential M8 protein,Q1A7N1,1032,1023,7.7899612403100775,0.5777576293089067
CHEMBL3522,Cytochrome P450 17A1,P05093,1030,712,7.035155339805825,0.9530420452861555
CHEMBL5857,Trace amine-associated receptor 1,Q96RJ0,1027,641,5.709474196689387,0.7811504461739173
CHEMBL3066,Gonadotropin-releasing hormone receptor,P30969,1025,828,7.432048780487805,1.351181303743835
CHEMBL2028,Somatostatin receptor 3,P32745,1020,749,7.233333333333333,1.0740631477729743
CHEMBL2496,P2X purinoceptor 7,Q64663,1015,808,6.769596059113301,1.0727794525579848
CHEMBL1804,Somatostatin receptor 2,P30874,1012,812,7.862796442687746,1.4141824332691155
CHEMBL1900,Aldose reductase,P15121,1007,797,6.376703078450844,1.1865140373612626
CHEMBL2736,Metabotropic glutamate receptor 4,Q14833,1006,788,6.237306163021868,0.8971852056490961
CHEMBL1795098,Carboxy-terminal domain RNA polymerase II polypeptide A small phosphatase 1,Q9GZU7,1002,1001,5.195059880239521,0.3035741904676148
CHEMBL6166,Mitogen-activated protein kinase kinase kinase kinase 4,O95819,1001,875,6.256773226773227,1.0282395039690315
CHEMBL3772,Metabotropic glutamate receptor 1,Q13255,998,773,6.653917835671343,1.1329243283927293
CHEMBL3045,Protein kinase C beta,P05771,998,639,7.109639278557114,1.0247198751893638
CHEMBL4191,Monoglyceride lipase,Q99685,995,798,6.563276381909548,1.387644356510669
CHEMBL5491,Serine/threonine-protein kinase WEE1,P30291,991,554,7.092835519677094,1.0306768062683387
CHEMBL6141,Acyl-CoA:cholesterol acyltransferase,Q95214,987,821,6.794498480243162,0.7640083436959567
CHEMBL3510,Carbonic anhydrase XIV,Q9ULX7,987,714,7.321236068895644,1.4467699534377736
CHEMBL1941,Histamine H2 receptor,P25021,986,672,6.110507099391481,1.0717572962102977
CHEMBL4566,Endothelin receptor ET-A,P26684,984,873,7.068404471544716,1.4759170796016765
CHEMBL3247,HMG-CoA reductase,P51639,984,783,6.877002032520325,1.3958528373128445
CHEMBL4681,Aldo-keto-reductase family 1 member C3,P42330,977,649,6.512784032753326,1.0591367828693115
CHEMBL1981,Insulin receptor,P06213,975,883,6.334933333333334,0.9580979674665425
CHEMBL5747,CREB-binding protein,Q92793,974,689,5.918542094455852,1.1068592686842698
CHEMBL1741212,Glucose-6-phosphate dehydrogenase-6-phosphogluconolactonase,Q9BHT9,973,581,4.84016443987667,0.4466016786258874
CHEMBL3072,Androgen Receptor,P15207,971,757,6.49794026776519,1.361537366564756
CHEMBL4227,Lipoxin A4 receptor,P25090,970,777,6.975711340206185,1.3027779160035216
CHEMBL1811,Prostanoid EP1 receptor,P34995,967,772,7.141437435367115,1.1486407044295892
CHEMBL1741217,DNA dC->dU-editing enzyme APOBEC-3G,Q9HC16,966,921,5.123385093167702,0.4736160430272491
CHEMBL1835,Thromboxane-A synthase,P24557,962,863,6.955571725571726,1.018360037013121
CHEMBL1875,Serotonin 4 (5-HT4) receptor,Q13639,956,641,7.863661087866109,1.2002771870930427
CHEMBL3785,Hydroxycarboxylic acid receptor 2,Q8TDS4,955,604,6.46151832460733,0.9848258039783864
CHEMBL2345,Ribosomal protein S6 kinase alpha 3,P51812,953,833,6.307995802728227,1.1240641635066217
CHEMBL2010631,C-X-C chemokine receptor type 7,P25106,945,802,7.196825396825397,1.1988775984079807
CHEMBL2916,Telomerase reverse transcriptase,O14746,943,665,5.621760339342524,0.8959575870003514
CHEMBL2111432,PI3-kinase p110-delta/p85-alpha,O00329,940,851,7.7882127659574465,1.1391707077669697
CHEMBL2111432,PI3-kinase p110-delta/p85-alpha,P27986,940,851,7.7882127659574465,1.1391707077669697
CHEMBL1163101,Serine/threonine-protein kinase/endoribonuclease IRE1,O75460,934,386,6.025406852248394,1.129107053783041
CHEMBL5979,"Alkaline phosphatase, tissue-nonspecific isozyme",P05186,930,745,5.182881720430108,0.8987870531079644
CHEMBL6154,Tankyrase-2,Q9H2K2,927,729,7.184476806903992,1.1182645848353254
CHEMBL5147,Ephrin type-B receptor 4,P54760,927,763,6.598824163969795,1.1329459574412326
CHEMBL4315,Purinergic receptor P2Y1,P47900,926,593,7.233617710583153,1.1933687863285576
CHEMBL4102,Cyclooxygenase-2,P79208,918,728,5.867037037037036,0.9909163999066027
CHEMBL4618,Leukotriene A4 hydrolase,P09960,912,583,6.7153289473684215,1.2214223508161761
CHEMBL5619,DNA-(apurinic or apyrimidinic site) lyase,P27695,909,841,5.163036303630363,0.8608082078529612
CHEMBL2828,Casein kinase I delta,P48730,907,848,6.733506063947078,1.2875210410919797
CHEMBL1955,Vascular endothelial growth factor receptor 3,P35916,907,731,6.9058103638368245,1.149628349285923
CHEMBL2527,Serine/threonine-protein kinase Chk2,O96017,897,763,6.634604236343367,1.0565943460806206
CHEMBL2590,Aminopeptidase N,P15145,894,767,5.728557046979866,1.2523781805207037
CHEMBL3138,Dopamine D3 receptor,P19020,892,718,7.856143497757848,1.0268371527695324
CHEMBL4506,NAD-dependent deacetylase sirtuin 1,Q96EB6,892,711,5.24487668161435,0.9253850391844068
CHEMBL5971,Smoothened homolog,Q99835,887,676,6.922987598647125,0.858705113969862
CHEMBL5543,Dual specificity tyrosine-phosphorylation-regulated kinase 1B,Q9Y463,886,733,6.657866817155756,1.1552913728811385
CHEMBL4523403,Kinesin-like protein KIF18A,Q8NI77,886,860,6.936117381489842,0.4862472968188552
CHEMBL4633,Voltage-gated potassium channel subunit Kv1.3,P22001,884,534,7.77975113122172,1.7908167484575044
CHEMBL1741213,Sentrin-specific protease 7,Q9BQF6,880,805,5.200920454545455,0.400435420621766
CHEMBL254,Phosphodiesterase 4A,P27815,879,759,6.961547212741752,1.4699972478359993
CHEMBL1901,Cholecystokinin A receptor,P32238,876,475,7.562305936073059,1.6102490817116741
CHEMBL3638344,Genome polyprotein,P27958,875,827,7.401771428571429,1.1899526721189237
CHEMBL3869,Matrix metalloproteinase 14,P50281,869,768,6.133866513233602,1.2455654095767201
CHEMBL1075126,Pyruvate kinase isozymes R/L,P30613,867,423,6.441580161476356,0.8838329390663866
CHEMBL4898,Neurotrophic tyrosine kinase receptor type 2,Q16620,867,775,6.681787773933102,1.3408025280075069
CHEMBL4143,Calpain 2,P43367,866,864,5.139030023094688,0.5147105199321133
CHEMBL1293269,NS3,A3EZJ3,862,767,6.354385150812065,1.3470206398195255
CHEMBL1908389,Mitogen-activated protein kinase kinase kinase 12,Q12852,860,681,7.546337209302326,0.8431112086426584
CHEMBL3714079,G-protein coupled receptor 84,Q9NQS5,859,592,7.930151338766007,2.169248599759694
CHEMBL2094122,GABA-A receptor; alpha-5/beta-3/gamma-2,P18507,859,700,8.032956926658906,1.0811728983552369
CHEMBL2094122,GABA-A receptor; alpha-5/beta-3/gamma-2,P31644,859,700,8.032956926658906,1.0811728983552369
CHEMBL2094122,GABA-A receptor; alpha-5/beta-3/gamma-2,P28472,859,700,8.032956926658906,1.0811728983552369
CHEMBL1795086,HSP90,Q8IL32,852,848,5.470269953051643,0.41641810701286325
CHEMBL1952,Thymidylate synthase,P04818,847,611,6.157449822904368,1.2487261081457628
CHEMBL6007,Transient receptor potential cation channel subfamily A member 1,O75762,846,646,6.3471394799054375,1.2582635153311306
CHEMBL3764,Urotensin II receptor,Q9UKP6,844,634,7.033483412322275,1.0399111187769075
CHEMBL285,Acyl coenzyme A:cholesterol acyltransferase 1,O70536,843,787,6.26988137603796,1.1035831234561362
CHEMBL2007,Platelet-derived growth factor receptor alpha,P16234,843,724,6.901601423487545,1.2016750670787952
CHEMBL4427,Prostanoid DP receptor,Q13258,842,588,6.922173396674585,1.24973391826003
CHEMBL1293267,G-protein coupled receptor 35,Q9HC97,841,366,6.161486325802616,1.1396795926574887
CHEMBL319,Alpha-1a adrenergic receptor,P43140,840,620,7.495678571428571,1.2459506823138653
CHEMBL4306,Voltage-gated potassium channel subunit Kv1.5,P22460,838,767,6.224427207637231,0.7565826418694099
CHEMBL4051,Cystic fibrosis transmembrane conductance regulator,P13569,833,618,6.14516206482593,1.0666182648831162
CHEMBL2140,"Tryptophan 2,3-dioxygenase",P48775,832,616,5.869278846153846,0.9276734659002432
CHEMBL5409,G-protein coupled bile acid receptor 1,Q8TDU6,832,705,6.597055288461538,1.1573098840924005
CHEMBL1881,Prostanoid EP2 receptor,P43116,831,571,6.57661853188929,1.3366299999313191
CHEMBL1293319,Zinc finger protein mex-5,Q9XUB2,830,829,4.805819277108434,0.5075996552420905
CHEMBL4077,Melanocortin receptor 1,Q01727,826,705,6.632215496368039,1.7167288999516699
CHEMBL1293256,Thrombopoietin,P40225,826,407,5.297094430992735,0.688496848992048
CHEMBL3807,T-cell protein-tyrosine phosphatase,P17706,825,772,5.409757575757576,0.9960433566585499
CHEMBL4224,Dual specificty protein kinase CLK1,P49759,824,617,6.616953883495145,1.13054898773408
CHEMBL2189121,GTPase KRas,P01116,822,531,6.400523114355231,1.41217641785765
CHEMBL3836,LIM domain kinase 1,P53667,822,648,6.211228710462287,1.000358924017002
CHEMBL1808,Angiotensin-converting enzyme,P12821,821,646,6.9719123020706455,1.4410658731773087
CHEMBL4803,"Nitric-oxide synthase, endothelial",P29474,821,736,5.090475030450669,0.7483151112854799
CHEMBL1977,Vitamin D receptor,P11473,821,545,6.903288672350792,1.6675231817544858
CHEMBL3464,"Nitric oxide synthase, inducible",P29477,819,720,5.187326007326007,0.8641500508937721
CHEMBL1907602,Cyclin-dependent kinase 1/cyclin B1,P06493,819,699,6.059181929181929,1.1463337711081654
CHEMBL1907602,Cyclin-dependent kinase 1/cyclin B1,P14635,819,699,6.059181929181929,1.1463337711081654
CHEMBL4599,Tyrosine kinase non-receptor protein 2,Q07912,816,689,6.559093137254902,1.0245167221740188
CHEMBL2094121,GABA-A receptor; alpha-1/beta-3/gamma-2,P18507,815,616,7.514331288343558,1.2249324358603562
CHEMBL2094121,GABA-A receptor; alpha-1/beta-3/gamma-2,P14867,815,616,7.514331288343558,1.2249324358603562
CHEMBL2094121,GABA-A receptor; alpha-1/beta-3/gamma-2,P28472,815,616,7.514331288343558,1.2249324358603562
CHEMBL1293292,ATP-sensitive inward rectifier potassium channel 1,P48048,806,613,6.949057071960297,0.6249544414448157
CHEMBL3885546,Corticotropin-releasing factor receptor 2/Corticotropin-releasing factor-binding protein,P24387,805,766,5.100447204968944,0.36044686024773714
CHEMBL3885546,Corticotropin-releasing factor receptor 2/Corticotropin-releasing factor-binding protein,Q13324,805,766,5.100447204968944,0.36044686024773714
CHEMBL3559,Steryl-sulfatase,P08842,805,489,6.753204968944099,1.4570883233575207
CHEMBL4123,Neurotensin receptor 1,P30989,802,540,6.822955112219452,1.7818891545999576
CHEMBL3891,Calpain 1,P07384,796,655,6.596092964824121,0.9597994740258936
CHEMBL3833,Trace amine-associated receptor 1,Q923Y9,796,765,7.964195979899498,0.9623107576287244
CHEMBL3769,Trypsin I,P00760,794,735,6.466725440806045,1.346971328792029
CHEMBL1293313,M17 leucyl aminopeptidase,Q8IL11,793,791,4.869873896595208,0.8430798123169825
CHEMBL2096618,Bcr/Abl fusion protein,P00519,792,554,6.4540530303030295,1.3501846527144714
CHEMBL2096618,Bcr/Abl fusion protein,P11274,792,554,6.4540530303030295,1.3501846527144714
CHEMBL4508,Glutaminyl-peptide cyclotransferase,Q16769,791,631,6.856852085967131,1.1515636379596919
CHEMBL6115,Lysosomal protective protein,P10619,788,784,6.145241116751269,0.8435979505336771
CHEMBL2146298,Protein skinhead-1,P34707,787,401,4.558716645489199,0.4015998600571142
CHEMBL3975,"Fructose-1,6-bisphosphatase",P09467,785,608,6.231987261146497,0.9738353194608176
CHEMBL4789,Carbonic anhydrase VA,P35218,782,530,6.542468030690537,1.1842796244173945
CHEMBL5462,Baculoviral IAP repeat-containing protein 2,Q13490,780,635,7.446782051282051,1.2749767160141903
CHEMBL4662927,Histidine--tRNA ligase,A4I591,777,383,4.722870012870013,0.5077155982438686
CHEMBL3157,Bradykinin B2 receptor,P30411,774,553,7.66812661498708,1.5189615604028772
CHEMBL3861,Pyruvate dehydrogenase kinase isoform 2,Q15119,773,727,6.480789133247089,0.9041890267810121
CHEMBL2094120,GABA-A receptor; alpha-3/beta-3/gamma-2,P18507,772,623,7.683160621761657,1.055073031866446
CHEMBL2094120,GABA-A receptor; alpha-3/beta-3/gamma-2,P34903,772,623,7.683160621761657,1.055073031866446
CHEMBL2094120,GABA-A receptor; alpha-3/beta-3/gamma-2,P28472,772,623,7.683160621761657,1.055073031866446
CHEMBL5555,Acyl-CoA desaturase,O00767,771,626,7.165629053177691,1.101291078163774
CHEMBL3048,"Nitric-oxide synthase, brain",P29476,771,643,6.293099870298313,1.0833977884115529
CHEMBL6175,Lysine-specific demethylase 4C,Q9H3R0,768,636,5.8576432291666665,1.0032170120170947
CHEMBL3181,Estradiol 17-beta-dehydrogenase 1,P14061,768,615,6.725130208333333,1.1943356027162007
CHEMBL2095174,SUMO-activating enzyme,Q9UBE0,766,416,5.668616187989556,1.356509329007847
CHEMBL2095174,SUMO-activating enzyme,Q9UBT2,766,416,5.668616187989556,1.356509329007847
CHEMBL1782,Farnesyl diphosphate synthase,P14324,766,352,6.41135770234987,1.1383735605613132
CHEMBL1293289,Bromodomain-containing protein 2,P25440,760,475,6.594736842105263,1.1212553825496085
CHEMBL2789,Estradiol 17-beta-dehydrogenase 2,P37059,753,664,6.410026560424967,1.1433388253297319
CHEMBL4975,Adenosine A1 receptor,P28190,753,610,7.147330677290836,1.2630428760459904
CHEMBL1741215,Sentrin-specific protease 6,Q9GZR1,751,697,5.0117443408788285,0.49685761194859956
CHEMBL1293257,Galactokinase,P51570,751,500,5.2370572569906795,0.6750798437103059
CHEMBL2362978,DNA repair protein RAD52 homolog,P43351,750,665,5.13216,0.44942315913619474
CHEMBL4226,Dual specificity protein kinase CLK3,P49761,744,708,6.713427419354838,0.8116652540491955
CHEMBL4303,Heat shock protein HSP 90-beta,P08238,741,587,6.42110661268556,1.1895228958281796
CHEMBL5080,Endothelial lipase,Q9Y5X9,739,608,7.155236806495264,1.1254774557792326
CHEMBL1809,Dihydrofolate reductase,P0ABQ4,738,489,6.903550135501354,1.4196649989176846
CHEMBL5719,Cell division protein kinase 8,P49336,736,651,6.847853260869566,1.1556063921337458
CHEMBL4793,Dipeptidyl peptidase IX,Q86TI2,734,682,5.690258855585831,1.3698944158323179
CHEMBL4393,Matrix metalloproteinase 12,P39900,734,660,6.914059945504087,1.41335141134615
CHEMBL3025,Carbonic anhydrase VI,P23280,733,411,6.685648021828103,1.5429489795640499
CHEMBL2535,Glucose transporter,P11166,731,699,5.478837209302326,0.8059471681484139
CHEMBL1902,FK506-binding protein 1A,P62942,730,658,6.652547945205479,1.361910654972943
CHEMBL1741180,Mitochondrial import inner membrane translocase subunit TIM23,P32897,730,705,4.983630136986301,0.3672365196540346
CHEMBL3969,Carbonic anhydrase VB,Q9Y2D0,725,464,7.253172413793104,1.480049229922727
CHEMBL2094126,Cyclin-dependent kinase 2/cyclin E,O96020,722,683,6.5778531855955675,1.0508812578416094
CHEMBL2094126,Cyclin-dependent kinase 2/cyclin E,P24941,722,683,6.5778531855955675,1.0508812578416094
CHEMBL2094126,Cyclin-dependent kinase 2/cyclin E,P24864,722,683,6.5778531855955675,1.0508812578416094
CHEMBL4696,"Glycogen phosphorylase, muscle form",P00489,718,416,4.835167130919221,0.6307595761294983
CHEMBL4105864,Sigma intracellular receptor 2,Q5U3Y7,717,632,6.915006973500698,0.8415821467497029
CHEMBL2851,Metabotropic glutamate receptor 2,P31421,715,519,6.839832167832167,1.1233073041354298
CHEMBL4036,Cyclin-dependent kinase 5,Q00535,714,631,6.308571428571428,1.0809806355536602
CHEMBL330,Glutamate (NMDA) receptor subunit zeta 1,P35439,714,589,6.229439775910364,1.207685403379072
CHEMBL6032,"Histone-lysine N-methyltransferase, H3 lysine-9 specific 3",Q96KQ7,714,507,6.411162464985994,1.1246940897183966
CHEMBL2568,Liver glycogen phosphorylase,P06737,711,524,6.466216596343178,0.9561020649772448
CHEMBL4766,Pyruvate dehydrogenase kinase isoform 1,Q15118,711,635,6.681659634317862,0.904888633433757
CHEMBL1075319,Transient receptor potential cation channel subfamily M member 8,Q7Z2W7,707,636,6.8494200848656295,1.237927573562522
CHEMBL3392948,Solute carrier family 40 member 1,Q9NP59,706,474,5.703229461756374,0.9083861746570562
CHEMBL1075322,G-protein coupled receptor 55,Q9Y2T6,706,633,5.688059490084986,0.7624799418372495
CHEMBL3501,Cholecystokinin A receptor,Q63931,705,620,6.520439716312056,1.2427700934760841
CHEMBL5443,Cell division cycle 7-related protein kinase,O00311,702,619,7.451153846153846,1.086259641007311
CHEMBL1795116,Protein arginine N-methyltransferase 5,O14744,702,622,6.89425925925926,1.081571058929227
CHEMBL5464,Receptor-interacting serine/threonine-protein kinase 1,Q13546,700,387,7.225385714285715,1.0994244793416228
CHEMBL257,Angiotensin II type 2 (AT-2) receptor,P35351,699,562,7.506566523605151,1.5391195710370782
CHEMBL4879459,E3 ubiquitin-protein ligase CBL-B,Q13191,697,452,6.155279770444762,0.6574783883131053
CHEMBL4117,Zinc aminopeptidase,O96935,697,695,4.665509325681493,0.7730883395394552
CHEMBL1293304,Cytoplasmic zinc-finger protein,G5EF15,696,695,4.659655172413793,0.42520433892860393
CHEMBL1795186,Bromodomain-containing protein 3,Q15059,696,459,6.658204022988505,1.09566710734296
CHEMBL1741207,Sentrin-specific protease 8,Q96LD8,695,630,4.943985611510792,0.5540389553612662
CHEMBL5805,Toll-like receptor 8,Q9NR97,694,591,6.524423631123919,1.3375628368956078
CHEMBL1293298,Peripheral myelin protein 22,Q01453,694,691,4.3916858789625355,0.5144746511713238
CHEMBL3912,Carbonic anhydrase XIII,Q8N1Q1,691,367,7.329927641099855,1.3344959947388355
CHEMBL2002,Inosine-5'-monophosphate dehydrogenase 2,P12268,691,614,6.701360347322721,0.8787919254422443
CHEMBL2414,C-C chemokine receptor type 4,P51679,690,496,6.479304347826087,1.0169721316372378
CHEMBL4523377,Stimulator of interferon genes protein,Q86WV6,689,274,6.223642960812772,1.2963077912978813
CHEMBL1853,Somatostatin receptor 4,P31391,686,547,7.216574344023323,1.3027752800200514
CHEMBL5408,Serine/threonine-protein kinase TBK1,Q9UHD2,686,536,6.677069970845482,1.0224993071162138
CHEMBL3004,Multidrug resistance-associated protein 1,P33527,684,526,5.758976608187134,0.93654772709822
CHEMBL4482,Serine/threonine-protein kinase PAK 4,O96013,683,559,6.503865300146414,1.0315847754715899
CHEMBL2635,Dual specificity protein phosphatase 3,P51452,682,520,5.29192082111437,0.6538277487221168
CHEMBL3308,Caspase-6,P55212,681,671,5.518120411160059,1.001922118998605
CHEMBL324,Serotonin 2c (5-HT2c) receptor,P08909,679,595,6.916362297496319,1.0717632997130582
CHEMBL2068,Ephrin type-A receptor 2,P29317,679,615,6.585522827687775,0.9594344368623734
CHEMBL3943,Histamine H1 receptor,P31389,679,561,6.858865979381443,1.3104970047337434
CHEMBL2955,Sphingosine 1-phosphate receptor Edg-5,O95136,678,403,6.632227138643067,1.2662429668662838
CHEMBL5445,GABA transporter 1,P31648,678,414,5.31188790560472,1.0473937433413405
CHEMBL2321630,"Alpha-1,6-mannosyl-glycoprotein 2-beta-N-acetylglucosaminyltransferase",Q10469,675,491,7.199881481481482,1.0164616805125146
CHEMBL4523993,Programmed cell death protein 1/Programmed cell death 1 ligand 1,Q15116,669,584,6.927040358744394,1.0677209624981405
CHEMBL4523993,Programmed cell death protein 1/Programmed cell death 1 ligand 1,Q9NZQ7,669,584,6.927040358744394,1.0677209624981405
CHEMBL5366,Poly [ADP-ribose] polymerase 2,Q9UGN5,668,499,7.015943113772455,1.430160927524654
CHEMBL3719,Melanocortin receptor 4,P56450,668,483,7.136242514970061,1.5430965716876195
CHEMBL5076,Histamine H3 receptor,Q9JI35,667,526,7.671574212893552,0.9221339390871102
CHEMBL3012,Phosphodiesterase 7A,Q13946,666,639,6.712822822822822,1.143906308990825
CHEMBL4523357,Ubiquitin carboxyl-terminal hydrolase 30,Q70CQ3,665,451,6.837684210526317,0.5598591067437698
CHEMBL2854,Cholecystokinin B receptor,P56481,664,577,7.088057228915663,1.2112392179810787
CHEMBL4074,Angiotensin-converting enzyme,P12822,663,565,7.074343891402715,1.2242629508397007
CHEMBL1907593,Neuronal acetylcholine receptor; alpha3/beta4,P04757,663,426,5.579562594268476,1.3033509989692371
CHEMBL1907593,Neuronal acetylcholine receptor; alpha3/beta4,P12392,663,426,5.579562594268476,1.3033509989692371
CHEMBL2051,Neuraminidase,P03468,660,496,6.536909090909091,1.4694537166615358
CHEMBL4414,Plasmepsin 2,P46925,660,581,6.879363636363636,1.177056933145275
CHEMBL1841,Tyrosine-protein kinase FYN,P06241,658,543,6.339787234042553,1.1378945083107592
CHEMBL4321,Cyclooxygenase-2,Q05769,651,492,6.720184331797236,1.30171625047041
CHEMBL2094130,GABA-A receptor; alpha-2/beta-3/gamma-2,P28472,650,503,7.437969230769231,0.9866240390489678
CHEMBL2094130,GABA-A receptor; alpha-2/beta-3/gamma-2,P18507,650,503,7.437969230769231,0.9866240390489678
CHEMBL2094130,GABA-A receptor; alpha-2/beta-3/gamma-2,P47869,650,503,7.437969230769231,0.9866240390489678
CHEMBL3905,Tyrosine-protein kinase Lyn,P07948,645,540,6.694589147286822,1.0112070888745341
CHEMBL2016,Coagulation factor IX,P00740,643,623,7.206671850699845,1.313202120618068
CHEMBL309,Muscarinic acetylcholine receptor M2,P10980,641,463,6.83204368174727,1.3920091273367865
CHEMBL1795089,Latent membrane protein 1,P03230,640,411,5.01234375,0.6400272445968928
CHEMBL2094139,DNA gyrase,P0AES6,639,569,6.1325821596244126,1.165467226015528
CHEMBL2094139,DNA gyrase,P0AES4,639,569,6.1325821596244126,1.165467226015528
CHEMBL4477,Metabotropic glutamate receptor 1,P23385,638,485,6.8344984326018805,1.2158663206663247
CHEMBL4641,Voltage-gated T-type calcium channel alpha-1G subunit,O43497,638,546,6.416959247648903,0.9985384145688155
CHEMBL6080,Smoothened homolog,P56726,637,424,6.741020408163265,0.9828936524226768
CHEMBL326,Alpha-1d adrenergic receptor,P23944,635,535,7.576929133858268,1.4035688579952552
CHEMBL3788,Serine/threonine-protein kinase PLK4,O00444,635,544,6.913669291338583,1.2184028891292304
CHEMBL3137261,PRMT5/MEP50 complex,Q9BQA1,634,604,6.424968454258675,1.0009769709227434
CHEMBL3137261,PRMT5/MEP50 complex,O14744,634,604,6.424968454258675,1.0009769709227434
CHEMBL4804,Dual specificity phosphatase Cdc25B,P30305,633,560,5.182448657187994,0.6592133120570981
CHEMBL5608,NT-3 growth factor receptor,Q16288,629,549,6.951287758346582,1.242478041249361
CHEMBL2598,Protein kinase C iota,P41743,625,616,5.874704,0.9527853652883697
CHEMBL3202,Prolyl endopeptidase,P48147,623,481,6.312873194221509,1.4220866631339932
CHEMBL6020,Bile salt export pump,O95342,622,403,4.739405144694533,0.5344482306808004
CHEMBL4774,Melanocortin receptor 3,P33033,622,410,6.823762057877814,1.4910949822294688
CHEMBL5903,Activin receptor type-1,Q04771,621,452,6.801610305958133,1.0338059886106117
CHEMBL3815,Squalene synthetase,Q02769,619,557,7.029111470113087,1.5576199644244817
CHEMBL3589,Adenosine kinase,P55263,617,455,6.88162074554295,1.2690919772978033
CHEMBL2730,Protein-glutamine gamma-glutamyltransferase,P21980,617,490,5.741377633711507,0.9190988749321439
CHEMBL5339,G-protein coupled receptor 120,Q5NUL3,617,452,6.236272285251216,0.8830005536172891
CHEMBL3535,Phosphodiesterase 9A,O76083,615,535,7.264520325203253,0.8434631124005073
CHEMBL2207,MAP kinase ERK2,P63085,615,505,7.378520325203252,0.9897131765402963
CHEMBL4878,Cytochrome P450 1B1,Q16678,612,451,7.065915032679738,1.2405629282792487
CHEMBL4649,Corticotropin releasing factor receptor 1,P35353,611,531,7.918166939443535,0.9040404268598873
CHEMBL3198,Acetylcholinesterase,P21836,611,501,6.466284779050737,1.3624864363580818
CHEMBL5330,Mitogen-activated protein kinase kinase kinase kinase 2,Q12851,610,583,6.252344262295082,0.9164955634055552
CHEMBL2094127,Cyclin-dependent kinase 1/cyclin B,O95067,609,517,6.108078817733991,1.1682639027245194
CHEMBL311,Glutamate [NMDA] receptor subunit epsilon 2,Q00960,609,493,7.072972085385878,1.1318113397377532
CHEMBL2094127,Cyclin-dependent kinase 1/cyclin B,Q8WWL7,609,517,6.108078817733991,1.1682639027245194
CHEMBL2094127,Cyclin-dependent kinase 1/cyclin B,P14635,609,517,6.108078817733991,1.1682639027245194
CHEMBL2094127,Cyclin-dependent kinase 1/cyclin B,P06493,609,517,6.108078817733991,1.1682639027245194
CHEMBL5314,Tyrosine-protein kinase receptor TYRO3,Q06418,607,569,6.353673805601318,1.0204190133119644
CHEMBL1878,Calcium sensing receptor,P41180,601,577,6.803460898502496,1.0274854429878106
CHEMBL5282,Cytochrome P450 2A6,P11509,600,261,5.6475,0.9751235100059257
CHEMBL4073,Matrix metalloproteinase 7,P09237,596,532,6.095989932885906,1.1822342584764187
CHEMBL3230,Sphingosine 1-phosphate receptor Edg-6,O95977,595,491,6.432773109243698,0.9693311626989884
CHEMBL3119,Transient receptor potential cation channel subfamily V member 4,Q9HBA0,595,479,6.678453781512605,1.1961965379368216
CHEMBL6089,Ubiquitin-conjugating enzyme E2 N,P61088,592,324,5.130743243243243,0.3364009597299479
CHEMBL4101,cAMP-dependent protein kinase alpha-catalytic subunit,P17612,592,544,6.346587837837838,1.0384075301639712
CHEMBL3160,Thymidylate synthase,P07607,590,465,6.773525423728814,1.3346513296282714
CHEMBL4296013,Interleukin-23 receptor,Q5VWK5,590,484,6.88493220338983,0.8935864170295561
CHEMBL1075232,Orexin receptor 1,P56718,587,379,6.97901192504259,0.8666860768641932
CHEMBL3223,Serotonin 7 (5-HT7) receptor,P32305,586,449,7.22221843003413,0.9689994099483576
CHEMBL5485,D-amino-acid oxidase,P14920,584,368,6.869280821917808,1.1551301768473874
CHEMBL1741176,X-box-binding protein 1,P17861,584,584,5.265154109589041,0.4515853266613182
CHEMBL3991,Coagulation factor VII,P08709,583,493,6.740771869639794,1.2779447851859473
CHEMBL4768,Acetylcholinesterase,P23795,583,428,6.852710120068611,1.4383126079170976
CHEMBL4718,MAP kinase-interacting serine/threonine-protein kinase MNK1,Q9BUB5,582,510,6.628470790378007,1.1492545956624907
CHEMBL3996,Oxytocin receptor,P70536,582,505,7.120189003436426,1.0276930360104655
CHEMBL4877,Neuropeptide Y receptor type 4,P50391,581,197,7.386454388984509,1.2297794139469782
CHEMBL2096661,"Intercellular adhesion molecule (ICAM-1), Integrin alpha-L/beta-2",P05362,578,480,6.678823529411765,1.1482884558403819
CHEMBL2096661,"Intercellular adhesion molecule (ICAM-1), Integrin alpha-L/beta-2",P20701,578,480,6.678823529411765,1.1482884558403819
CHEMBL2096661,"Intercellular adhesion molecule (ICAM-1), Integrin alpha-L/beta-2",P05107,578,480,6.678823529411765,1.1482884558403819
CHEMBL1921,Vasopressin V1b receptor,P47901,577,483,6.981837088388215,1.080951751324502
CHEMBL3359,Formyl peptide receptor 1,P21462,576,455,5.821093749999999,1.0773205174332323
CHEMBL2311243,D-3-phosphoglycerate dehydrogenase,O43175,575,401,6.08504347826087,1.2109782191415608
CHEMBL1944,Neprilysin,P08473,572,509,7.185646853146852,1.3577410289480298
CHEMBL2321613,Potassium channel subfamily K member 3,O14649,570,535,6.493105263157895,0.6713580440767738
CHEMBL3351,Acetyl-CoA carboxylase 1,Q13085,569,432,6.828084358523726,0.9422441109935883
CHEMBL4489,Melanocortin receptor 5,P41149,568,472,7.07862676056338,1.6670279655337743
CHEMBL3474,Phospholipase A2 group IIA,P14555,568,453,6.12955985915493,1.173331522038036
CHEMBL1787,Steroid 5-alpha-reductase 1,P18405,568,405,7.078362676056338,1.0815885642788188
CHEMBL3055,Cyclin-dependent kinase 7,P50613,568,482,6.333151408450704,1.0242447718667769
CHEMBL2857,Human rhinovirus A protease,Q4U254,566,456,6.209363957597173,1.1721193051607437
CHEMBL2373,C5a anaphylatoxin chemotactic receptor,P21730,566,453,6.684116607773852,1.27798175254183
CHEMBL3399910,Probable G-protein coupled receptor 88,Q9GZN0,566,319,6.771996466431095,0.8401289871393204
CHEMBL1293311,Envelope glycoprotein gp160,Q6QLK5,564,485,5.300691489361703,0.9890419412191251
CHEMBL5645,Cysteinyl leukotriene receptor 1,Q2NNR5,561,473,7.868591800356506,1.18904432477927
CHEMBL2146304,DNA damage-inducible transcript 3 protein,P35639,560,556,5.320553571428571,0.4311148098081072
CHEMBL2231,Cytochrome P450 1A1,P04798,559,443,6.502790697674419,1.0179032198959792
CHEMBL241,Phosphodiesterase 3A,Q14432,559,508,5.847298747763864,1.233214918108657
CHEMBL3582,Protein kinase C epsilon,Q02156,557,429,6.870556552962298,1.242452268432063
CHEMBL4600,Serine/threonine-protein kinase PAK 1,Q13153,556,431,6.4033633093525175,1.2062911744260658
CHEMBL5077,Butyrylcholinesterase,Q9N1N9,555,415,6.233891891891892,1.2536004418130688
CHEMBL2285,ADAMTS5,Q9UNA0,549,489,6.310546448087432,0.9767464576108915
CHEMBL2611,Furin,P09958,549,509,7.451384335154827,1.2885738367178938
CHEMBL4202,Serine/threonine-protein kinase 2,Q9H2G2,548,459,6.332226277372262,0.9431634930725037
CHEMBL3911,Leukotriene B4 receptor 1,Q15722,548,343,7.283321167883211,1.2115593133597553
CHEMBL3234,Tyrosine-protein kinase HCK,P08631,548,467,6.745693430656934,1.1375423623478484
CHEMBL3100,Plasma retinol-binding protein,P02753,546,309,7.362234432234432,0.8573133562544364
CHEMBL5373,Cannabinoid CB2 receptor,P47936,545,490,7.239871559633028,1.2330143681247834
CHEMBL5103,Histone deacetylase 10,Q969S8,545,384,6.664128440366972,1.2438231289535533
CHEMBL5331,Proto-oncogene tyrosine-protein kinase MER,Q12866,545,452,7.249779816513762,1.1587289987769283
CHEMBL4607,Angiotensin II type 2 (AT-2) receptor,P50052,542,469,7.691254612546126,1.22450151830218
CHEMBL3855,UDP-3-O-acyl-GlcNAc deacetylase,P47205,541,506,7.704990757855822,1.6910398537442748
CHEMBL2189117,Polycomb protein EED,O75530,540,309,7.0676296296296295,1.2135348067259124
CHEMBL5261,Serine/threonine-protein kinase TAO1,Q7L7X3,540,472,6.054277777777778,0.8193182585428526
CHEMBL2595,Protein kinase C nu,O94806,539,500,6.02961038961039,0.872226372109972
CHEMBL2079846,Son of sevenless homolog 1,Q07889,539,473,6.768719851576995,1.4755320486439596
CHEMBL2069156,Kelch-like ECH-associated protein 1,Q14145,538,400,6.0349256505576205,1.4899123535555736
CHEMBL5192,Botulinum neurotoxin type A,P0DPI0,538,438,5.367026022304833,0.7499462943349714
CHEMBL4068,Chymase,P23946,537,492,6.8211545623836125,1.142582245130212
CHEMBL5160,Transient receptor potential cation channel subfamily A member 1,Q6RI86,536,350,5.7074067164179105,1.0307655220152483
CHEMBL1917,Somatostatin receptor 1,P30872,536,491,6.825690298507463,1.1123762092963456
CHEMBL4937,Casein kinase I epsilon,P49674,535,495,7.185177570093458,1.0500557842599387
CHEMBL3529,Inhibitor of nuclear factor kappa B kinase epsilon subunit,Q14164,534,467,6.337322097378277,1.0125546524515212
CHEMBL3514,LDL-associated phospholipase A2,Q13093,531,438,7.307363465160075,1.4806775022796246
CHEMBL2157850,Ubiquitin carboxyl-terminal hydrolase 7,Q93009,530,405,5.963018867924529,1.135815263783222
CHEMBL6120,Solute carrier family 22 member 12,Q96S37,530,482,6.354188679245283,0.9595157698219464
CHEMBL5112,GABA receptor alpha-5 subunit,P31644,524,509,7.933759541984733,0.7962340779492825
CHEMBL5285,Mitogen-activated protein kinase kinase kinase 5,Q99683,523,369,6.971892925430211,1.1586716416601395
CHEMBL1860,Thyroid hormone receptor alpha,P10827,521,406,6.65,1.3890415898962634
CHEMBL4852,Mitogen-activated protein kinase kinase kinase kinase 5,Q9Y4K4,521,450,6.4057965451055665,0.9413459006551994
CHEMBL1781,DNA topoisomerase I,P11387,520,429,5.778961538461538,1.1341113496615554
CHEMBL2111363,Histone deacetylase 3/Nuclear receptor corepressor 2 (HDAC3/NCoR2),O15379,520,400,6.788192307692308,1.1102761384455675
CHEMBL2111363,Histone deacetylase 3/Nuclear receptor corepressor 2 (HDAC3/NCoR2),Q9Y618,520,400,6.788192307692308,1.1102761384455675
CHEMBL3018,Matriptase,Q9Y5Y6,519,465,7.136917148362235,1.306743326926135
CHEMBL4816,Serine/threonine-protein kinase AKT3,Q9Y243,519,459,6.741156069364162,1.3299391125773004
CHEMBL1795093,Apoptotic protease-activating factor 1,O14727,517,493,4.931315280464216,0.5040077857335225
CHEMBL3038511,TCF4/beta-catenin,P35222,515,273,5.978660194174758,0.44833755942005654
CHEMBL3038511,TCF4/beta-catenin,Q9NQB0,515,273,5.978660194174758,0.44833755942005654
CHEMBL1856,Steroid 5-alpha-reductase 2,P31213,515,405,7.631883495145631,1.387564471113861
CHEMBL4394,Sphingosine kinase 1,Q9NYA1,511,361,6.241311154598826,1.2929410322195287
CHEMBL1293246,Beta Lactamase,Q932Y6,509,391,5.179292730844794,0.45865634250266396
CHEMBL4329,Kappa opioid receptor,P33534,509,403,7.958055009823183,1.3796388995062991
CHEMBL1907,Aminopeptidase N,P15144,505,440,5.668613861386139,1.3095088968762136
CHEMBL5414,Beta-2 adrenergic receptor,Q8K4Z4,504,401,7.010416666666667,1.53114116442853
CHEMBL2095183,Shiga toxin,Q7WZI7,503,404,5.468290258449304,1.05421930634052
CHEMBL2095183,Shiga toxin,Q7WZI6,503,404,5.468290258449304,1.05421930634052
CHEMBL5879,Hematopoietic prostaglandin D synthase,O60760,503,383,6.578628230616302,1.1346584103269786
CHEMBL3360,Adenosine A3 receptor,P28647,502,349,6.641235059760956,1.3524108983773377
CHEMBL5620,Proteasome subunit beta type-8,P28062,502,412,6.76394422310757,1.3130412887736793
CHEMBL4708,Serine/threonine-protein kinase MST2,Q13188,501,442,6.3024750499002,0.8480499170899359
CHEMBL1995,Prostanoid IP receptor,P43119,500,383,6.92742,1.208661934099806
CHEMBL4828,Synaptic vesicular amine transporter,Q01827,500,328,6.38762,1.062497028452758
CHEMBL1293266,Nucleotide-binding oligomerization domain-containing protein 2,Q9HC29,499,451,5.631663326653306,0.8406976442180227
CHEMBL5804,Toll-like receptor 9,Q9NR96,497,481,5.889295774647888,0.9490148261031336
CHEMBL1741179,Probable DNA dC->dU-editing enzyme APOBEC-3A,P31941,495,469,5.275777777777778,0.39935087906049255
CHEMBL2095226,Integrin alpha-5/beta-1,P08648,493,339,6.898640973630832,1.2371350898726343
CHEMBL2095226,Integrin alpha-5/beta-1,P05556,493,339,6.898640973630832,1.2371350898726343
CHEMBL3309111,Apoptosis regulator Bcl-2,P10417,493,485,8.943732251521299,1.1071955459382674
CHEMBL4105907,Sigma intracellular receptor 2,Q5BJF2,493,421,6.8161663286004055,0.943601100740782
CHEMBL2095164,Geranylgeranyl transferase type I,P49354,491,450,6.116109979633401,1.1500215349013854
CHEMBL2095164,Geranylgeranyl transferase type I,P53609,491,450,6.116109979633401,1.1500215349013854
CHEMBL2169736,Tyrosyl-DNA phosphodiesterase 2,O95551,490,396,5.134510204081632,0.836818803881468
CHEMBL3858,Carnitine palmitoyltransferase 1A,P32198,490,486,6.712040816326531,0.6586373725462811
CHEMBL3038474,CDK8/Cyclin C,P49336,489,470,7.5125562372188135,0.9149259854319346
CHEMBL3038474,CDK8/Cyclin C,P24863,489,470,7.5125562372188135,0.9149259854319346
CHEMBL2889,Hematopoietic cell protein-tyrosine phosphatase 70Z-PEP,Q9Y2R2,489,274,5.124478527607362,0.6339795790147056
CHEMBL4900,Serine/threonine-protein kinase D2,Q9BZL6,488,452,6.078893442622951,0.8442330060469131
CHEMBL1293194,"Carnitine O-palmitoyltransferase 1, liver isoform",P50416,487,483,6.950246406570842,0.4242494472357735
CHEMBL3830,Adaptor-associated kinase,Q2M2I8,487,326,7.4111293634496915,1.2436737683485974
CHEMBL4426,Phospholipase A2 group 1B,P04054,487,435,5.600513347022587,1.0996746354416984
CHEMBL4398,Purinergic receptor P2Y2,P41231,486,323,6.191522633744856,0.9676968866515537
CHEMBL2274,Sphingosine 1-phosphate receptor Edg-8,Q9H228,485,421,7.383154639175258,1.130643670806518
CHEMBL4106169,CDK12/Cyclin K,Q9NYV4,485,468,6.626762886597938,0.5738571425950477
CHEMBL4106169,CDK12/Cyclin K,O75909,485,468,6.626762886597938,0.5738571425950477
CHEMBL3766,Vasopressin V2 receptor,Q00788,485,447,6.472762886597938,1.3087070915649213
CHEMBL2470,Cannabinoid CB2 receptor,Q9QZN9,484,472,7.74198347107438,0.9433751746909199
CHEMBL3038510,PI3K p110 beta/p85 alpha,P42338,484,452,6.72305785123967,1.0990798658476688
CHEMBL3038510,PI3K p110 beta/p85 alpha,P27986,484,452,6.72305785123967,1.0990798658476688
CHEMBL2265,Acyl coenzyme A:cholesterol acyltransferase,P23141,482,348,6.639190871369295,1.2677655498868485
CHEMBL3638334,Opioid growth factor receptor-like protein 1,Q5TC84,482,415,7.31286307053942,0.9332700751585228
CHEMBL3038482,DNA gyrase,P0A0K8,481,425,6.215176715176715,1.2435153547329798
CHEMBL3038482,DNA gyrase,P20831,481,425,6.215176715176715,1.2435153547329798
CHEMBL2096675,Integrin alpha-V/beta-5,P06756,479,382,7.032964509394572,1.3825743001338124
CHEMBL2096675,Integrin alpha-V/beta-5,P18084,479,382,7.032964509394572,1.3825743001338124
CHEMBL3784,Histone acetyltransferase p300,Q09472,479,371,6.1654488517745305,1.3249655229562525
CHEMBL3714531,Palmitoleoyl-protein carboxylesterase NOTUM,Q6P988,479,402,6.511920668058456,1.3959148654860398
CHEMBL3459,Serotonin 1b (5-HT1b) receptor,P28564,479,369,6.341064718162839,1.2614869331125365
CHEMBL1255126,Protein Mdm4,O15151,478,444,5.499037656903766,1.050116652521963
CHEMBL2085,Macrophage migration inhibitory factor,P14174,477,283,5.475555555555556,0.9004902700328872
CHEMBL1075145,Transitional endoplasmic reticulum ATPase,P55072,476,405,6.198697478991597,0.8912399315878912
CHEMBL1075317,WD repeat-containing protein 5,P61964,474,382,6.636814345991561,1.5798097736950028
CHEMBL2782,Acyl coenzyme A:cholesterol acyltransferase 1,P35610,473,409,5.732093023255814,1.0137046379608088
CHEMBL4080,Bombesin receptor subtype-3,P32247,472,301,6.953601694915254,1.117942906448178
CHEMBL3114,Sucrase-isomaltase,P23739,472,216,5.788707627118644,0.9688789148825109
CHEMBL3108645,Histone-lysine N-methyltransferase NSD2,O96028,471,463,5.281507430997877,0.5102423907174788
CHEMBL2331053,"6-phosphofructo-2-kinase/fructose-2,6-bisphosphatase 3",Q16875,471,332,6.248917197452228,0.8385379218142966
CHEMBL2288,Peptidyl-prolyl cis-trans isomerase NIMA-interacting 1,Q13526,471,424,5.517579617834396,0.9105773720900422
CHEMBL2868,Vasopressin V1a receptor,P30560,471,382,7.072781316348196,1.4798236356070422
CHEMBL1892,Glutamate carboxypeptidase II,Q04609,471,370,7.482547770700637,1.4198534106799519
CHEMBL3988596,Glycylpeptide N-tetradecanoyltransferase,Q388H8,470,468,6.502404255319149,1.419779843583592
CHEMBL4188,Rhodesain,Q95PM0,470,417,6.60831914893617,1.355901396594574
CHEMBL3310,Histone deacetylase 11,Q96DB2,470,371,6.348978723404255,1.18116735090629
CHEMBL1859,Voltage-gated T-type calcium channel alpha-1H subunit,O95180,469,410,6.6156929637526645,0.892898501839452
CHEMBL3835,Serine/threonine-protein kinase NEK2,P51955,469,404,5.942601279317697,0.8412811079823042
CHEMBL1741221,Cysteine protease ATG4B,Q9Y4P1,468,419,5.1205982905982905,0.5527812343974755
CHEMBL5024,Serine-protein kinase ATR,Q13535,468,323,6.813440170940171,1.2062912895373465
CHEMBL4478,Voltage-gated N-type calcium channel alpha-1B subunit,Q00975,467,398,5.991627408993576,0.8799397208787555
CHEMBL263,Type-1B angiotensin II receptor,P29089,467,430,7.25017130620985,1.0952519320346088
CHEMBL2095178,Protein farnesyltransferase,P49355,465,419,7.661827956989248,1.2710982780282487
CHEMBL2439,Myeloperoxidase,P05164,465,322,6.612817204301075,0.9901064570313133
CHEMBL2095178,Protein farnesyltransferase,P29702,465,419,7.661827956989248,1.2710982780282487
CHEMBL1795177,Histone-lysine N-methyltransferase SUV39H2,Q9H5I1,463,462,7.6978617710583155,0.4668536649612659
CHEMBL4761,C3a anaphylatoxin chemotactic receptor,Q16581,462,211,6.4614069264069265,1.0737882597032025
CHEMBL2716,Histone deacetylase 7,Q8WUI4,461,354,5.846659436008677,1.079707745814915
CHEMBL2250,Tyrosine-protein kinase BLK,P51451,460,395,6.972652173913044,1.0010543073420086
CHEMBL3402,Alkaline phosphatase placental-like,P10696,459,416,4.749694989106754,0.5194916000146244
CHEMBL250,Platelet activating factor receptor,P25105,459,417,6.910021786492375,1.1708839453584257
CHEMBL5424,Acyl-CoA desaturase 1,P07308,458,378,6.8374017467248915,0.9870598296927116
CHEMBL1741200,Putative hexokinase HKDC1,Q2TB90,457,305,4.945404814004377,0.41096631448750287
CHEMBL2801,CaM kinase II delta,Q13557,456,417,6.310899122807018,1.0832490113407252
CHEMBL1850,Dopamine D5 receptor,P21918,454,370,6.713083700440528,1.3309193513093085
CHEMBL2593,Peptide N-myristoyltransferase 1,P30419,454,353,6.604603524229074,1.148835554656619
CHEMBL2938,Protein kinase C gamma,P05129,451,362,6.374235033259424,1.1015010072991558
CHEMBL1929,Xanthine dehydrogenase,P47989,451,365,5.903858093126385,1.2086217006877071
CHEMBL4105786,B-cell lymphoma 6 protein,P41182,450,254,6.374844444444444,1.2771474680066839
CHEMBL2163183,"NAD-dependent protein deacylase sirtuin-5, mitochondrial",Q9NXA8,450,321,5.226622222222222,0.9683189412007529
CHEMBL2096666,Glutamate NMDA receptor; Grin1/Grin2b,Q00960,449,430,5.754298440979955,1.0738532130762426
CHEMBL2096666,Glutamate NMDA receptor; Grin1/Grin2b,P35439,449,430,5.754298440979955,1.0738532130762426
CHEMBL3476,Inhibitor of nuclear factor kappa B kinase alpha subunit,O15111,448,418,5.972991071428572,0.8400923992595717
CHEMBL2335,Lysosomal Pro-X carboxypeptidase,P42785,448,386,7.38,1.3838349269856616
CHEMBL2095194,Coagulation factor VII/tissue factor,P08709,447,431,7.017091722595078,1.6783486834467072
CHEMBL2095194,Coagulation factor VII/tissue factor,P13726,447,431,7.017091722595078,1.6783486834467072
CHEMBL4016,"Glutamate receptor ionotropic, AMPA 2",P42262,446,307,5.618632286995515,0.9452310408905705
CHEMBL5600,Serine/threonine-protein kinase c-TAK1,P27448,446,407,6.237421524663677,0.9390522771502341
CHEMBL2083,Fatty acid binding protein adipocyte,P15090,445,334,6.139123595505618,1.1058820602063055
CHEMBL3632452,Mucosa-associated lymphoid tissue lymphoma translocation protein 1,Q9UDY8,444,330,6.208018018018018,1.1697782543970332
CHEMBL2508,Cyclin-dependent kinase 6,Q00534,444,401,7.409977477477478,0.9593000878941919
CHEMBL4355,Serine/threonine-protein kinase GAK,O14976,444,294,6.881171171171171,1.0160013141765896
CHEMBL2468,Death-associated protein kinase 3,O43293,444,402,6.355833333333333,0.9567132312885072
CHEMBL1075110,Sterol 14-alpha demethylase,Q7Z1V1,444,434,5.605405405405405,1.2013453961219298
CHEMBL4338,Purine nucleoside phosphorylase,P00491,443,252,7.541918735891648,1.5288573122315927
CHEMBL5518,Misshapen-like kinase 1,Q8N4C8,441,402,6.259433106575964,0.9512271479475195
CHEMBL4161,Urease,P07374,441,375,5.152721088435374,0.880590884646468
CHEMBL2219,Protein-tyrosine phosphatase LC-PTP,P35236,438,354,5.435159817351598,0.738239508326377
CHEMBL2008,Retinoic acid receptor beta,P10826,437,274,7.15537757437071,1.1275123452814126
CHEMBL2007629,26S proteasome non-ATPase regulatory subunit 14,O00487,437,426,4.817025171624714,0.5009475716563787
CHEMBL3369,Neprilysin,P07861,436,367,7.47454128440367,1.1616454919063703
CHEMBL3273,Sodium/hydrogen exchanger 3,P48764,436,295,7.3339908256880735,0.8966249051890619
CHEMBL3032,Protein kinase N2,Q16513,435,369,6.301632183908046,0.9605016704148117
CHEMBL4697,Hexose transporter 1,O97467,434,432,5.417142857142857,0.46401117177872614
CHEMBL5570,Macrophage colony-stimulating factor 1 receptor,P09581,433,354,7.8815242494226325,0.9196791333517591
CHEMBL4106139,GroEL/GroES,Q548M1,433,207,4.993602771362586,0.6747948585336235
CHEMBL4106139,GroEL/GroES,Q7BGE6,433,207,4.993602771362586,0.6747948585336235
CHEMBL5413,Metastin receptor,Q969F8,432,303,8.367569444444444,1.4549269425504923
CHEMBL3774295,Lysine-specific demethylase 5B,Q9UGL1,432,346,6.7426157407407405,1.0986952230120592
CHEMBL3486,Dihydroorotate dehydrogenase,Q54A96,432,365,6.105439814814815,1.0346324503292028
CHEMBL1993,DNA (cytosine-5)-methyltransferase 1,P26358,432,381,5.5030324074074075,0.7580236354454647
CHEMBL2007628,Tyrosine-protein phosphatase non-receptor type 5,P54829,431,395,4.866194895591647,0.7389155467191
CHEMBL3921,Heparanase,Q9Y251,428,303,5.923014018691589,0.8050470361924034
CHEMBL2095184,Integrin alpha-4/beta-7,P26010,427,417,6.899133489461358,1.0077499915748027
CHEMBL3959,Quinone reductase 2,P16083,427,350,6.258548009367682,1.1849822206683192
CHEMBL4045,"AMP-activated protein kinase, alpha-1 subunit",Q13131,427,386,6.231264637002342,0.878788801954917
CHEMBL2095184,Integrin alpha-4/beta-7,P13612,427,417,6.899133489461358,1.0077499915748027
CHEMBL3632455,Probable G-protein coupled receptor 139,Q6DWJ6,426,262,7.707887323943662,1.0730092906692212
CHEMBL5014,Serine/threonine-protein kinase RIPK2,O43353,425,326,7.005129411764705,1.0748032047625342
CHEMBL4079,G-protein coupled receptor kinase 2,P25098,425,381,6.295929411764706,1.1400017149548014
CHEMBL3699,GABA transporter 4,P31650,424,259,4.781391509433962,0.429761270278379
CHEMBL3721,Cytochrome P450 2C8,P10632,423,386,5.273309692671395,0.6947128808375185
CHEMBL2793,Casein kinase I alpha,P48729,422,402,5.86850710900474,0.8303314157879094
CHEMBL4897,Serine/threonine-protein kinase PLK3,Q9H4B4,421,386,6.20498812351544,0.9530459002345325
CHEMBL3898,Bone morphogenetic protein 1,P13497,420,401,6.711642857142857,1.0969603983650988
CHEMBL1293222,Nucleotide-binding oligomerization domain-containing protein 1,Q9Y239,420,333,5.791857142857142,1.035748321624698
CHEMBL3431938,Glucose transporter,O61059,420,419,5.461238095238095,0.426458906045224
CHEMBL1293285,Endonuclease 4,P0A6C1,419,417,5.152147971360382,0.833233263757514
CHEMBL2424504,Lysine-specific demethylase 5A,P29375,419,332,6.394486873508353,1.1126183230209814
CHEMBL5122,Discoidin domain-containing receptor 2,Q16832,418,282,6.8177511961722495,1.1343711070244178
CHEMBL3714029,Lysyl oxidase homolog 2,Q9Y4K0,418,298,6.419282296650717,0.7248719140787099
CHEMBL3614,Kappa opioid receptor,P34975,417,296,7.427026378896883,1.4270108220758926
CHEMBL4791,Endothelin-converting enzyme 1,P42892,417,353,6.557553956834532,1.0416782236953424
CHEMBL5980,Dengue virus type 2 NS3 protein,P29990,415,299,5.29910843373494,0.6483907431839038
CHEMBL2406899,Probable ubiquitin carboxyl-terminal hydrolase FAF-X,Q93008,414,249,7.287222222222222,1.3067358604910768
CHEMBL3508,Cholecystokinin B receptor,P30553,414,346,7.3293478260869565,1.4429295965544184
CHEMBL1907595,Neuronal acetylcholine receptor; alpha4/beta4,P12392,413,272,6.239951573849878,1.4862878099345007
CHEMBL1907595,Neuronal acetylcholine receptor; alpha4/beta4,P09483,413,272,6.239951573849878,1.4862878099345007
CHEMBL5568,Proto-oncogene tyrosine-protein kinase ROS,P08922,413,342,7.182687651331719,1.3939910196558374
CHEMBL4780,Acetylcholinesterase,P04058,412,312,6.689635922330098,1.5315194857563705
CHEMBL5319,Epithelial discoidin domain-containing receptor 1,Q08345,411,318,7.06403892944039,1.0887604222313503
CHEMBL4523156,Ubiquitin carboxyl-terminal hydrolase 19,O94966,411,410,5.431094890510948,0.7682400020370762
CHEMBL5471,Beta-1 adrenergic receptor,B0FL73,408,331,6.8111274509803925,1.338888278219723
CHEMBL2003,Retinoic acid receptor gamma,P13631,408,269,7.138210784313725,1.257292432224545
CHEMBL1907603,Glutamate NMDA receptor; GRIN1/GRIN2B,Q13224,406,334,6.860295566502463,1.188146979863213
CHEMBL1907603,Glutamate NMDA receptor; GRIN1/GRIN2B,Q05586,406,334,6.860295566502463,1.188146979863213
CHEMBL4525,Serine/threonine-protein kinase 17A,Q9UEE5,405,350,6.56246913580247,0.8515796778244872
CHEMBL3998,Dopamine D2 receptor,P20288,404,251,6.588366336633663,1.338552718092233
CHEMBL1849,Enoyl-[acyl-carrier-protein] reductase,P9WGR1,404,304,6.323019801980198,1.4263323977208286
CHEMBL3426,Serotonin 5a (5-HT5a) receptor,P47898,402,351,6.668482587064677,1.1484859103313805
CHEMBL5646,FML2_HUMAN,Q6L5J4,402,393,6.130646766169154,0.7359195849501537
CHEMBL2563,Histone deacetylase 5,Q9UQL6,400,281,6.0541,1.140595495876182
CHEMBL5011,Transient receptor potential cation channel subfamily M member 8,Q8R455,400,310,5.792625,0.9665712645213995
CHEMBL4523419,Serine protease HTRA1,Q92743,399,399,8.066942355889724,0.9378906484916584
CHEMBL2203,Motilin receptor,O43193,398,349,6.931532663316583,1.4065752081956986
CHEMBL3832641,T1R1/T1R3,Q7RTX1,398,264,6.024673366834171,0.38008386830582236
CHEMBL3038473,CDK7/Cyclin H/MNAT1,P51946,398,351,6.676507537688442,0.9953540001353068
CHEMBL3038473,CDK7/Cyclin H/MNAT1,P51948,398,351,6.676507537688442,0.9953540001353068
CHEMBL3832641,T1R1/T1R3,Q7RTX0,398,264,6.024673366834171,0.38008386830582236
CHEMBL3879842,Sodium/hydrogen exchanger 3,P26433,398,255,7.0171859296482415,0.9049784614679637
CHEMBL3038473,CDK7/Cyclin H/MNAT1,P50613,398,351,6.676507537688442,0.9953540001353068
CHEMBL3357,Interleukin-1 receptor-associated kinase 1,P51617,397,368,6.155743073047859,0.846442504615538
CHEMBL5017,Serotonin 4 (5-HT4) receptor,O70528,396,309,7.5300505050505055,1.0970441286600983
CHEMBL5469,Protein tyrosine kinase 2 beta,Q14289,396,338,6.309494949494949,1.1119633667924278
CHEMBL1997,Equilibrative nucleoside transporter 1,Q99808,396,306,6.531414141414142,1.4180839346717804
CHEMBL3776,Caspase-8,Q14790,395,380,6.356202531645569,1.3946785228958951
CHEMBL2758,Mannose-6-phosphate isomerase,P34949,395,296,4.9570632911392405,0.48130795100413626
CHEMBL4140,Epoxide hydratase,P34914,395,317,7.246101265822785,1.3284097931555974
CHEMBL3332,ADAM17,O77636,392,350,8.070739795918367,0.9933604202141532
CHEMBL4017,Sodium channel protein type X alpha subunit,Q62968,392,364,6.928724489795918,0.871654455112452
CHEMBL1741208,"NACHT, LRR and PYD domains-containing protein 3",Q96P20,391,288,5.85230179028133,0.9385066266022175
CHEMBL1873,Tissue-type plasminogen activator,P00750,391,368,5.421713554987212,0.9299177685152631
CHEMBL3590,Hormone sensitive lipase,Q05469,390,316,6.980358974358975,0.8540614442167845
CHEMBL5896,Lysine-specific demethylase 4A,O75164,390,300,5.903717948717948,1.1528836194676853
CHEMBL4076,Sodium/calcium exchanger 1,P32418,390,360,6.256948717948718,0.4671432322317712
CHEMBL3268,PI4-kinase beta subunit,Q9UBF8,388,332,6.123814432989691,1.1401400188720368
CHEMBL4336,Prostanoid EP3 receptor,P30557,387,231,7.665710594315246,1.4032381865725234
CHEMBL3949,Endothelin receptor ET-B,P35463,387,375,6.274263565891473,1.3917442229686197
CHEMBL4576,Homeodomain-interacting protein kinase 2,Q9H2X6,386,367,6.559792746113989,0.7059255385840403
CHEMBL2127,Hepatic lipase,P11150,386,378,6.974093264248705,0.9514616679430136
CHEMBL315,Alpha-1b adrenergic receptor,P15823,385,257,7.2811168831168835,1.3247216882828359
CHEMBL2625,Angiotensin-converting enzyme,P47820,384,338,7.146328125,1.2513240221868829
CHEMBL4698,Malonyl-CoA decarboxylase,O95822,381,264,6.925590551181102,0.9745122830448167
CHEMBL3081,Aldose reductase,P16116,381,326,5.605196850393701,1.0959568160866993
CHEMBL2304404,Adenosine A1 receptor,P47745,380,299,6.202947368421053,1.5388635588094155
CHEMBL1806,DNA topoisomerase II alpha,P11388,379,310,5.012163588390501,0.6454591611586267
CHEMBL3309112,Bcl-2-like protein 1,Q64373,378,378,7.389550264550264,0.8493243117864001
CHEMBL4575,Dual-specificity tyrosine-phosphorylation regulated kinase 3,O43781,377,359,6.182705570291778,0.8094600911375562
CHEMBL5401,Signal transducer and activator of transcription 6,P42226,377,218,5.587029177718833,1.119574235989324
CHEMBL1832,Calcitonin receptor,P30988,376,150,9.907207446808512,0.9573384881279252
CHEMBL3403,Butyrylcholinesterase,Q9JKC1,376,315,5.556303191489362,1.164555378887777
CHEMBL2096911,Glutamate NMDA receptor; Grin1/Grin2c,P35439,374,342,5.304839572192513,0.6943404693164933
CHEMBL2096911,Glutamate NMDA receptor; Grin1/Grin2c,Q00961,374,342,5.304839572192513,0.6943404693164933
CHEMBL3009,Receptor protein-tyrosine kinase erbB-4,Q15303,374,311,7.028770053475936,1.1489564378358745
CHEMBL4683,Fibroblast activation protein alpha,Q12884,373,338,6.482627345844504,1.466389048628762
CHEMBL3374,Angiotensin II type 1a (AT-1a) receptor,P25104,373,306,6.595630026809651,0.8979243941393906
CHEMBL3037,Cannabinoid CB1 receptor,P47746,372,243,7.057876344086022,1.1945160207178303
CHEMBL1681611,Prolactin-releasing peptide receptor,P49683,372,248,7.241854838709677,0.8545944012987924
CHEMBL5749,Mitogen-activated protein kinase kinase kinase kinase 1,Q92918,372,272,7.5021774193548385,1.369790485376637
CHEMBL3775,Dual specificity phosphatase Cdc25A,P30304,372,305,5.179005376344086,0.6163830940003137
CHEMBL3988599,Taste receptor type 2 member 8,Q9NYW2,371,321,6.412533692722373,0.6992745629595533
CHEMBL1741195,Enteropeptidase,P98073,369,274,8.869593495934959,0.643308024775217
CHEMBL3819,Lysophosphatidic acid receptor Edg-2,Q92633,369,274,6.879159891598915,0.9928456570996954
CHEMBL1169598,Polymerase acidic protein,P03433,368,221,5.802717391304348,1.1447088115494493
CHEMBL3988603,Genome polyprotein,P26662,366,338,8.122158469945356,0.49303531455040517
CHEMBL3906,Ribosomal protein S6 kinase alpha 2,Q15349,366,324,7.146147540983606,1.104452840460902
CHEMBL6152,Alpha-synuclein,P37840,366,344,6.307431693989071,1.000574609969705
CHEMBL1293286,Polyadenylate-binding protein 1,P11940,366,324,4.634890710382513,0.4145647845943903
CHEMBL2111416,Integrin alpha-V/beta-6,P18564,365,302,6.975068493150685,1.4488793730340317
CHEMBL4376,Dual-specificity tyrosine-phosphorylation regulated kinase 2,Q92630,365,323,6.508849315068494,0.889124332632969
CHEMBL4029,Interleukin-8 receptor A,P25024,365,313,6.305342465753424,1.0845664072502255
CHEMBL2111416,Integrin alpha-V/beta-6,P06756,365,302,6.975068493150685,1.4488793730340317
CHEMBL4527,TRAF2- and NCK-interacting kinase,Q9UKE5,364,294,7.139725274725275,1.1881867711374263
CHEMBL3816,Cytosolic phospholipase A2,P47712,364,295,6.313653846153846,1.09129417494375
CHEMBL3067,Metabotropic glutamate receptor 3,P31422,362,244,6.293591160220995,0.7420883377907764
CHEMBL2749,Platelet-derived growth factor receptor beta,P05622,361,331,5.916232686980608,0.9908042138338001
CHEMBL402,HMG-CoA reductase,P04035,360,286,7.163333333333334,1.412346474019068
CHEMBL5573,Intestinal alkaline phosphatase,P09923,359,327,4.9391643454039,0.5701439328801629
CHEMBL5957,5'-nucleotidase,P21589,359,270,7.206155988857938,1.681508613068329
CHEMBL1293293,Neuropeptides B/W receptor type 1,P48145,359,302,5.879052924791086,0.9025037767364447
CHEMBL5847,Aldo-keto reductase family 1 member C2,P52895,358,304,5.086508379888269,0.8716045531824983
CHEMBL4145,Histone deacetylase 9,Q9UKV0,358,269,6.130670391061453,1.206169991301547
CHEMBL4111,Bradykinin B2 receptor,O70526,357,266,7.891204481792717,1.274519277157088
CHEMBL2055,Retinoic acid receptor alpha,P10276,356,220,6.849550561797753,1.0722829772740947
CHEMBL3028,Hypoxia-inducible factor prolyl hydroxylase 1,Q96KS0,356,347,6.527696629213484,1.5012568548808143
CHEMBL4223,Tyrosine-protein kinase FRK,P42685,355,283,6.719915492957747,0.9068840573101713
CHEMBL1968,Epoxide hydrolase 1,P07099,355,345,6.371943661971831,1.2139262057370916
CHEMBL3831281,P2X2/P2X3 heterotrimeric receptor,P56373,355,251,6.8141690140845075,0.8116931976182621
CHEMBL3831281,P2X2/P2X3 heterotrimeric receptor,Q9UBL9,355,251,6.8141690140845075,0.8116931976182621
CHEMBL3438,Protein kinase C zeta,Q05513,353,282,5.7671388101983005,1.1828569639454554
CHEMBL2781,Sodium/hydrogen exchanger 1,P19634,353,269,6.471756373937677,1.1347455549895897
CHEMBL1075167,Homeodomain-interacting protein kinase 4,Q8NE63,352,328,6.343948863636364,0.8793607025793625
CHEMBL6145,"Inosine-5'-monophosphate dehydrogenase, probable",Q8T6T2,352,194,7.220426136363637,0.9016651833084873
CHEMBL2882,Histamine H2 receptor,P47747,349,279,6.589312320916906,1.3265098044759225
CHEMBL4105838,DCN1-like protein 1,Q96GG9,346,233,6.3991907514450865,0.9156253480551807
CHEMBL2902,Dihydrofolate reductase,P00381,345,274,6.350376811594203,1.2049399905622207
CHEMBL5990,Breast cancer type 1 susceptibility protein,P38398,343,300,4.825918367346938,0.5966747174657423
CHEMBL2284,Glyceraldehyde-3-phosphate dehydrogenase liver,P04406,343,307,4.661690962099126,0.6511685834707961
CHEMBL4779,Papain,P00784,343,318,5.63067055393586,1.199917328746568
CHEMBL3831,MAP/microtubule affinity-regulating kinase 2,Q7KZI7,343,314,6.012915451895044,0.7985891882946607
CHEMBL320,Muscarinic acetylcholine receptor M3,P08483,343,226,6.78067055393586,1.5163245669438736
CHEMBL2150837,ATPase family AAA domain-containing protein 2,Q6PL18,341,209,5.689530791788856,1.159906594777313
CHEMBL1075228,Melanin-concentrating hormone receptor 1,P97639,341,295,7.582316715542523,0.9013810805299918
CHEMBL3430898,DNA gyrase subunit A/DNA gyrase subunit B,P9WG47,341,316,5.272199413489736,0.7720839836211866
CHEMBL3430898,DNA gyrase subunit A/DNA gyrase subunit B,P9WG45,341,316,5.272199413489736,0.7720839836211866
CHEMBL2343,Serine/threonine-protein kinase Sgk1,O00141,341,174,7.333460410557185,1.1856883291444018
CHEMBL3297639,Probable G-protein coupled receptor 52,Q9Y2T5,340,333,7.844764705882354,1.2095483946930907
CHEMBL3663,Growth factor receptor-bound protein 2,P62993,339,268,6.460560471976401,1.3762935749571796
CHEMBL2111190,Amylin receptor AMY3; CALCR/RAMP3,O60896,338,142,9.810680473372782,0.8372179865166252
CHEMBL2111190,Amylin receptor AMY3; CALCR/RAMP3,P30988,338,142,9.810680473372782,0.8372179865166252
CHEMBL4601,Tyrosine-protein kinase BRK,Q13882,336,242,6.760208333333333,1.0408909579386352
CHEMBL2095172,GABA-A receptor; alpha-1/beta-2/gamma-2,P14867,336,240,6.2195535714285715,1.481099665119487
CHEMBL2095172,GABA-A receptor; alpha-1/beta-2/gamma-2,P18507,336,240,6.2195535714285715,1.481099665119487
CHEMBL2728,Beta-glucuronidase,P08236,336,272,5.38375,0.8887050364384375
CHEMBL2095172,GABA-A receptor; alpha-1/beta-2/gamma-2,P47870,336,240,6.2195535714285715,1.481099665119487
CHEMBL4802,"Nitric-oxide synthase, endothelial",P29473,335,300,4.844686567164179,0.7619977330532554
CHEMBL4518,Purinergic receptor P2Y14,Q15391,333,285,6.755525525525526,1.205379799458606
CHEMBL2111377,CDC7/DBF4 (Cell division cycle 7-related protein kinase/Activator of S phase kinase),O00311,332,250,7.356174698795181,1.3281553000723156
CHEMBL5932,LIM domain kinase 2,P53671,332,248,7.279879518072289,1.2188001072580912
CHEMBL2318,ADAMTS4,O75173,332,308,6.551536144578313,1.4051047595807835
CHEMBL2111377,CDC7/DBF4 (Cell division cycle 7-related protein kinase/Activator of S phase kinase),Q9UBU7,332,250,7.356174698795181,1.3281553000723156
CHEMBL3885525,beta-catenin-B-cell lymphoma 9 protein complex,P35222,331,167,4.939818731117825,0.5394963676229756
CHEMBL3885525,beta-catenin-B-cell lymphoma 9 protein complex,O00512,331,167,4.939818731117825,0.5394963676229756
CHEMBL5966,IgG receptor FcRn large subunit p51,P55899,331,174,5.562386706948641,1.0518624384388475
CHEMBL1615381,Menin,O00255,330,232,6.771242424242423,1.3924474862062584
CHEMBL3768,Neprilysin,P08049,329,293,7.728054711246201,0.9736249763428064
CHEMBL6167,Serine/threonine-protein kinase LATS1,O95835,329,307,7.568419452887538,1.0535667905071118
CHEMBL5007,Zinc finger protein GLI1,P47806,329,320,5.31048632218845,0.5070723062298647
CHEMBL4237,Ribosomal protein S6 kinase alpha 5,O75582,328,262,6.631128048780487,1.0641455526635788
CHEMBL2072,Sodium channel protein type IV alpha subunit,P35499,327,277,5.850581039755351,0.9398237493073405
CHEMBL2689,Macrophage-stimulating protein receptor,Q04912,327,277,6.4384097859327225,1.127482908456264
CHEMBL2885,Carbonic anhydrase III,P07451,327,204,5.7089908256880735,1.1933401170181537
CHEMBL4714,Pyrimidinergic receptor P2Y6,Q15077,327,267,5.974556574923548,0.8816188934699629
CHEMBL1904,Glutamate [NMDA] receptor subunit epsilon 2,Q13224,327,244,6.964495412844037,1.0859522576800915
CHEMBL1255150,G-protein coupled bile acid receptor 1,Q80SS6,325,319,6.8275999999999994,1.2091098756349747
CHEMBL3638342,Prokineticin receptor 2,G3H407,325,278,7.604676923076923,0.8721006480681419
CHEMBL3942,Neurokinin 1 receptor,P30547,324,289,7.519722222222222,1.182569583759635
CHEMBL1949,Cyclophilin A,P62937,324,232,6.8039197530864195,1.3028313082241703
CHEMBL1870,Retinoid X receptor beta,P28702,324,244,6.502654320987655,1.188028672976411
CHEMBL5131,Trypanothione reductase,P28593,322,256,5.127391304347826,0.6795614507953016
CHEMBL1075101,G-protein coupled receptor 81,Q9BXC0,322,180,7.137577639751552,0.7080452459252002
CHEMBL3194,Transthyretin,P02766,321,234,5.734672897196261,1.0183924075691018
CHEMBL5498,Muscarinic acetylcholine receptor M3,Q8VH26,321,255,6.815327102803738,1.5559896274700518
CHEMBL5800,Falcipain 2,Q9N6S8,320,296,5.6770000000000005,1.1412627335365206
CHEMBL5678,G protein-coupled receptor kinase 5,P34947,320,293,5.6379375000000005,0.8679486838008332
CHEMBL2778,Ileal bile acid transporter,Q12908,319,289,6.811504702194357,1.2558600723027362
CHEMBL5921,Bifunctional protein NCOAT,O60502,317,259,7.444858044164038,1.277255412207213
CHEMBL2095228,Potassium-transporting ATPase,P19156,317,312,5.6386435331230285,0.8600164053469899
CHEMBL2095228,Potassium-transporting ATPase,P18434,317,312,5.6386435331230285,0.8600164053469899
CHEMBL4921,Urotensin II receptor,P49684,317,198,7.887413249211356,0.9809038696373219
CHEMBL3886,Mixed lineage kinase 7,Q9NYL2,316,282,6.134778481012658,1.007980984473056
CHEMBL5260,Serine/threonine-protein kinase TNNI3K,Q59H18,314,236,6.872929936305733,0.8450194327474145
CHEMBL2145,Kynurenine 3-monooxygenase,O15229,314,195,7.216815286624204,1.2739210372791725
CHEMBL4430,Cytochrome P450 17A1,P11715,313,203,6.201214057507987,1.245240089426361
CHEMBL2803,Tyrosine-protein kinase ZAP-70,P43403,313,281,6.069520766773163,1.10257308048244
CHEMBL5247,Serine/threonine-protein kinase ILK-1,Q13418,313,168,6.301565495207667,0.6775217209767869
CHEMBL4317,Serotonin 4 (5-HT4) receptor,Q62758,312,191,7.562339743589743,1.117279930764301
CHEMBL3180,Carboxylesterase 2,O00748,312,246,6.291698717948718,1.1692378033445807
CHEMBL2443,Kallikrein 7,P49862,310,279,5.2659677419354844,1.0541830065286508
CHEMBL2888,Metabotropic glutamate receptor 3,Q14832,310,157,6.811774193548388,1.1973080974578025
CHEMBL3201,Aryl hydrocarbon receptor,P35869,310,286,6.464032258064516,1.471968344774282
CHEMBL3254,Monoamine oxidase A,P21398,309,276,6.991682847896439,1.2570271630710117
CHEMBL3492,Proteasome Macropain subunit,P49721,308,227,6.115616883116883,1.0312017953076056
CHEMBL3368,Glucocorticoid receptor,P06536,308,188,7.338116883116883,1.342977522049539
CHEMBL1293278,Geminin,O75496,308,307,5.000324675324675,0.5323874306623471
CHEMBL3885651,Urease subunit alpha/Urease subunit beta,P69996,307,206,5.023680781758958,0.8991265564053671
CHEMBL3885651,Urease subunit alpha/Urease subunit beta,P14916,307,206,5.023680781758958,0.8991265564053671
CHEMBL1907587,Neuronal acetylcholine receptor; alpha3/beta2,P12390,307,276,7.550260586319218,1.4661050385836751
CHEMBL1907587,Neuronal acetylcholine receptor; alpha3/beta2,P04757,307,276,7.550260586319218,1.4661050385836751
CHEMBL2095173,Potassium-transporting ATPase,P51164,306,245,5.755032679738562,0.7945801028921745
CHEMBL3655,Tyrosine-protein kinase SRC,P00523,306,251,6.736830065359476,1.1052910382447956
CHEMBL3616,Protein kinase C eta,P24723,306,229,7.39016339869281,1.0980407168389885
CHEMBL2004,Retinoid X receptor gamma,P48443,306,217,6.55218954248366,1.2132620073100788
CHEMBL1293230,Polypyrimidine tract-binding protein 1,P26599,306,112,4.919771241830065,0.47822377636940017
CHEMBL2095173,Potassium-transporting ATPase,P20648,306,245,5.755032679738562,0.7945801028921745
CHEMBL2146350,ATP-sensitive inward rectifier potassium channel 1,P35560,305,149,6.742327868852459,0.4515311932349671
CHEMBL4617,Phenylethanolamine N-methyltransferase,P11086,305,200,6.117049180327869,1.1801749762416687
CHEMBL3106,Thymidine phosphorylase,P19971,304,194,5.310822368421053,1.0304923595041118
CHEMBL4824,P2X purinoceptor 3,P49654,304,287,6.982006578947369,1.0560126074149303
CHEMBL4523954,Genome polyprotein,A0A024AXB9,303,259,5.566864686468647,0.7610047415942677
CHEMBL3108640,Bromodomain-containing protein 9,Q9H8M2,303,212,6.434587458745875,1.0339676737878336
CHEMBL3023,Sphingosine kinase 2,Q9NRA0,303,233,5.7135643564356435,1.065063736697781
CHEMBL2366,Trypsin,P00761,302,301,5.329238410596027,0.9089063283615493
CHEMBL2543,Casein kinase I gamma 2,P78368,302,277,6.042814569536424,0.7856962708026152
CHEMBL4349,N-acylsphingosine-amidohydrolase,Q02083,302,258,6.920695364238411,1.2057045389016081
CHEMBL4631,Endothelin receptor ET-B,P21451,302,262,6.13841059602649,1.3347114325798834
CHEMBL4130,Endothelin receptor ET-A,Q29010,302,281,7.362781456953642,1.4547905325539143
CHEMBL4070,Casein kinase II alpha (prime),P19784,301,260,7.140797342192691,1.435884406487136
CHEMBL4461,NAD-dependent deacetylase sirtuin 3,Q9NTG7,301,263,5.537109634551495,0.9540957069079594
CHEMBL3961,MAP kinase p38 beta,Q15759,300,242,6.582633333333333,1.0529309620888287
CHEMBL4769,Geranylgeranyl pyrophosphate synthetase,O95749,300,187,5.761733333333333,1.049001274770654
CHEMBL2095197,Protein farnesyltransferase,Q04631,299,269,7.2208026755852845,1.4295759066985403
CHEMBL2095197,Protein farnesyltransferase,Q02293,299,269,7.2208026755852845,1.4295759066985403
CHEMBL5353,Acyl-CoA desaturase 1,P13516,298,286,7.448389261744966,0.9946280404624637
CHEMBL1250348,Myc proto-oncogene protein,P01106,298,287,5.67751677852349,1.1809853821201628
CHEMBL3377,Neuraminidase,P03474,298,208,6.028422818791946,1.414572735013132
CHEMBL5855,Serine/threonine-protein kinase Nek1,Q96PY6,298,275,7.567785234899328,1.176788613955854
CHEMBL2967,Dopamine D1 receptor,Q95136,297,234,5.171043771043771,0.8907334065005093
CHEMBL2821,Coagulation factor XII,P00748,297,268,6.147845117845118,1.1036356088000956
CHEMBL4105939,Polyketide synthase Pks13,I6X8D2,297,184,4.92040404040404,0.6352062644228235
CHEMBL1795117,"Histone-lysine N-methyltransferase, H3 lysine-79 specific",Q8TEK3,297,177,6.475723905723906,1.7272629783815192
CHEMBL5818,Serine/threonine-protein kinase PRKX,P51817,296,281,6.577297297297298,1.0737500227309447
CHEMBL4163,Toll-like receptor 2,O60603,295,258,6.251254237288135,1.2912181612359133
CHEMBL2329,Dihydrofolate reductase,P22906,295,195,6.708338983050847,1.2201718487499849
CHEMBL1250413,CAAX prenyl protease 2,Q03530,295,284,5.024508474576272,0.544235417401135
CHEMBL2095189,Platelet-derived growth factor receptor,P16234,295,272,6.35735593220339,0.9253363749982816
CHEMBL3994,Enoyl-[acyl-carrier-protein] reductase (FabI),Q6GI75,295,225,6.118271186440678,0.9389113291631431
CHEMBL2095189,Platelet-derived growth factor receptor,P09619,295,272,6.35735593220339,0.9253363749982816
CHEMBL3774298,Histone acetyltransferase KAT6A,Q92794,293,246,6.417098976109215,0.9937552173201426
CHEMBL5203,dUTP pyrophosphatase,P33316,293,218,6.088634812286689,0.8839951611566313
CHEMBL3475,Plasminogen activator inhibitor-1,P05121,293,261,5.6162457337883955,0.8403205322627514
CHEMBL4331,Hemoglobin beta chain,P68871,293,247,4.950307167235495,0.585325902531643
CHEMBL1075097,Arginase-1,P05089,292,217,6.599965753424658,1.27780672763427
CHEMBL3151,Intestinal alkaline phosphatase,P24822,292,283,5.016404109589041,0.5911742764512786
CHEMBL2073,Tyrosine-protein kinase YES,P07947,292,206,6.974041095890411,1.3258500891075218
CHEMBL5067,Dopamine D1 receptor,P50130,290,280,5.657655172413794,0.8156938276552568
CHEMBL1681620,Dihydrofolate reductase,P0A017,290,148,8.043896551724139,1.4514992808375091
CHEMBL5853,Diacylglycerol O-acyltransferase 2,Q96PD7,290,259,7.032068965517241,0.895004124443319
CHEMBL3419,Carboxypeptidase B2 isoform A,Q96IY4,290,255,6.819965517241379,1.210671550976216
CHEMBL5776,Mitogen-activated protein kinase kinase kinase 7,O43318,290,245,6.630448275862069,1.025638533026886
CHEMBL5669,Epoxide hydrolase 2,P80299,289,280,7.633875432525952,0.7974731350307246
CHEMBL4295521,Phosphotyrosine protein phosphatase,A0A045ISB3,289,246,5.372975778546713,1.0329132896785758
CHEMBL1275212,Ketohexokinase,P50053,288,222,6.132604166666667,0.9394222163701234
CHEMBL2331,Phenylethanolamine N-methyltransferase,P10938,288,168,5.514270833333333,0.8191702415138643
CHEMBL5939,Endoplasmic reticulum aminopeptidase 1,Q9NZ08,288,242,5.347013888888889,0.7805533459916951
CHEMBL3984,Tyrosine- and threonine-specific cdc2-inhibitory kinase,Q99640,287,104,6.540243902439024,1.160593775759448
CHEMBL2074,Maltase-glucoamylase,O43451,286,248,5.36493006993007,1.0255051790632792
CHEMBL1795185,Bromodomain testis-specific protein,Q58F21,285,151,6.458315789473684,1.3164955502122624
CHEMBL2966,Adenosine deaminase,P56658,285,235,6.196701754385964,1.6531703426637887
CHEMBL1075094,Nuclear factor erythroid 2-related factor 2,Q16236,285,278,5.765508771929825,0.7283974577364106
CHEMBL4027,Neurokinin 1 receptor,P14600,284,223,7.347535211267605,1.302889524031102
CHEMBL3423,Methionine aminopeptidase,P0AE18,283,219,5.832367491166077,1.0165818714450758
CHEMBL2429708,Poly [ADP-ribose] polymerase 10,Q53GL7,283,137,5.634310954063604,0.6315312378521983
CHEMBL4896,PDZ-binding kinase,Q96KB5,282,276,6.013049645390071,0.9114928065084202
CHEMBL4903,Low molecular weight phosphotyrosine protein phosphatase,P24666,281,200,5.249893238434164,0.7948124145202738
CHEMBL1864,Thrombopoietin receptor,P40238,281,246,6.58,0.8367513711628191
CHEMBL5347,Glucose-6-phosphate 1-dehydrogenase,P11413,281,253,4.652989323843417,0.4880533085928926
CHEMBL3085613,DNA gyrase subunit B,P0C559,280,274,5.5471071428571435,1.3286983373337171
CHEMBL3829,CaM kinase II gamma,Q13555,279,249,6.02426523297491,0.8737346953667491
CHEMBL4516,Serine/threonine-protein kinase MRCK-A,Q5VT25,278,258,5.923201438848921,0.8274192200898495
CHEMBL5406,Histone-arginine methyltransferase CARM1,Q86X55,278,243,6.675539568345323,1.240574673322546
CHEMBL4358,Arachidonate 15-lipoxygenase,P12530,278,180,6.466798561151079,1.1399028565859444
CHEMBL1795096,mRNA interferase MazF,P0AE70,278,222,4.5780575539568344,0.38321531156118244
CHEMBL5263,Glucose-dependent insulinotropic receptor,Q7TQP3,277,244,7.109747292418773,0.8566159454133941
CHEMBL3834,Tyrosine-protein kinase BMX,P51813,276,217,6.984927536231884,1.2216497021363804
CHEMBL3132741,Peregrin,P55201,276,211,6.247789855072464,1.0396575516820115
CHEMBL3238,Carnitine palmitoyltransferase 2,P23786,276,271,5.035398550724637,0.7096197603055272
CHEMBL4523430,Mas-related G-protein coupled receptor member X4,Q96LA9,275,203,6.908036363636364,0.69111498730686
CHEMBL4892,Alpha-1a adrenergic receptor,P18130,275,233,7.432472727272727,1.720142922411843
CHEMBL4729,Cytochrome P450 2B6,P20813,275,221,5.0168,0.6858560211530003
CHEMBL1798,Cysteinyl leukotriene receptor 1,Q9Y271,274,242,7.60131386861314,1.29087233333863
CHEMBL5815,C-C chemokine receptor type 9,P51686,274,169,7.09485401459854,0.8310372268334866
CHEMBL2964,Dual specificity mitogen-activated protein kinase kinase 2,P36507,273,217,6.078791208791209,0.9909793527463066
CHEMBL4273,cGMP-dependent protein kinase 1 beta,Q13976,273,230,6.193040293040293,1.1889394937060636
CHEMBL3085,Excitatory amino acid transporter 1,P43003,273,136,5.409194139194139,0.9634020271142667
CHEMBL5558,Voltage-gated T-type calcium channel alpha-1I subunit,Q9P0X4,273,251,7.183260073260073,1.1087114913645555
CHEMBL4523467,"Acetyl-coenzyme A synthetase, cytoplasmic",Q9NR19,272,233,7.538529411764706,1.1987105799492672
CHEMBL5627,Leukocyte tyrosine kinase receptor,P29376,271,237,6.214354243542435,1.1286590896782813
CHEMBL5036,cGMP-dependent protein kinase,Q8MMZ8,271,256,9.227269372693728,0.8159247862390473
CHEMBL1907604,Glutamate NMDA receptor; GRIN1/GRIN2A,Q05586,271,245,6.053321033210333,1.0566873658507319
CHEMBL1907604,Glutamate NMDA receptor; GRIN1/GRIN2A,Q12879,271,245,6.053321033210333,1.0566873658507319
CHEMBL2111448,CDK6/cyclin D3,Q00534,270,252,7.24125925925926,1.0251911995973197
CHEMBL2111448,CDK6/cyclin D3,P30281,270,252,7.24125925925926,1.0251911995973197
CHEMBL4411,Prostaglandin E synthase 2,Q9H7Z7,270,269,6.074851851851852,0.7432120184473524
CHEMBL3038506,Ionotropic glutamate receptor NMDA 1/2D,P35439,270,259,5.393851851851852,0.6444881951848438
CHEMBL3038506,Ionotropic glutamate receptor NMDA 1/2D,Q62645,270,259,5.393851851851852,0.6444881951848438
CHEMBL3923,Nischarin,Q9Y2I1,269,184,6.951561338289963,1.1193357309135155
CHEMBL4423,C-C chemokine receptor type 6,P51684,268,252,4.956567164179104,0.9045553500145074
CHEMBL5963,Proteinase-activated receptor 2,P55085,267,152,6.112322097378277,0.9083864905226218
CHEMBL3638360,Gag-Pol polyprotein,P04585,267,199,7.889962546816479,1.1849293301243664
CHEMBL3243,Leukocyte common antigen,P08575,267,236,5.28625468164794,0.7421090010772529
CHEMBL5480,Perforin-1,P14222,267,259,5.4287265917603,0.4333544931072414
CHEMBL2321621,Ubiquitin-like modifier-activating enzyme ATG7,O95352,267,199,7.192209737827715,0.48033116808368526
CHEMBL4739695,N6-adenosine-methyltransferase catalytic subunit,Q86U44,266,259,7.094473684210527,0.9427346338556272
CHEMBL5028,ADAM10,O14672,266,156,6.762744360902256,0.9900442083069037
CHEMBL4899,Mitogen-activated protein kinase kinase kinase 8,P41279,266,225,6.561578947368421,1.073789158957538
CHEMBL3091268,Nuclear receptor ROR-beta,Q92753,266,222,5.823721804511278,0.9554574433687799
CHEMBL5794,Serine/threonine-protein kinase Sgk2,Q9HBY8,265,259,5.880603773584905,0.6501721898857697
CHEMBL1697668,Solute carrier organic anion transporter family member 1B1,Q9Y6L6,263,162,5.782775665399239,0.6892635570002383
CHEMBL5500,Histone acetyltransferase PCAF,Q92831,263,187,5.579277566539924,1.1067309035586592
CHEMBL2034805,N-acylethanolamine-hydrolyzing acid amidase,Q5KTC7,263,148,6.345931558935361,1.0333931118128359
CHEMBL1741203,Scavenger receptor class B member 1,Q61009,262,199,5.5790076335877865,1.1141626445043549
CHEMBL2664,Adenosylhomocysteinase,P23526,262,188,6.226793893129771,1.1777358414120165
CHEMBL4132,Voltage-gated L-type calcium channel alpha-1D subunit,P27732,262,240,6.177137404580153,1.115645532518156
CHEMBL2489,Prostanoid EP4 receptor,P32240,261,203,7.726015325670498,1.3160270279237272
CHEMBL1940,Voltage-gated L-type calcium channel alpha-1C subunit,Q13936,258,218,5.732403100775194,1.163921170257679
CHEMBL4699,Isoprenylcysteine carboxyl methyltransferase,O60725,258,243,5.661434108527132,1.1989781144740401
CHEMBL5451,Sodium channel protein type X alpha subunit,Q9Y5Y9,258,242,6.61984496124031,1.213761227870583
CHEMBL3437,"Amine oxidase, copper containing",Q16853,258,245,6.397054263565892,1.0275166717200679
CHEMBL1075140,Bombesin receptor subtype-3,O54798,258,205,7.252131782945736,0.8109367392201705
CHEMBL4234,Estradiol 17-beta-dehydrogenase 3,P37058,258,193,7.00984496124031,1.096319619174519
CHEMBL5866,Catenin beta-1,P35222,257,126,5.205136186770428,0.8525082941162293
CHEMBL5925,Ectonucleotide pyrophosphatase/phosphodiesterase family member 1,P22413,257,169,5.74431906614786,0.9145027376526136
CHEMBL3879,Metabotropic glutamate receptor 7,P35400,257,165,5.923346303501945,0.646787500661286
CHEMBL2474,Methionine aminopeptidase 1,P53582,255,226,5.405490196078432,0.9597414221260057
CHEMBL1075323,Endoplasmin,P14625,254,216,5.9486614173228345,0.7155841332136107
CHEMBL2361,Thymidylate kinase,P9WKE1,253,201,5.136482213438735,0.9857238279356746
CHEMBL4375,Serine/threonine-protein kinase SRPK1,Q96SB4,253,233,5.824387351778656,0.7117512218072755
CHEMBL2693,Cystinyl aminopeptidase,Q9UIQ6,253,204,6.006521739130435,1.1125898200417146
CHEMBL6184,Transporter,Q63380,252,238,6.25765873015873,1.1048432288617813
CHEMBL1293287,Insulin-degrading enzyme,P14735,252,208,5.417222222222223,0.9885811305177535
CHEMBL1075091,Core antigen,Q03732,251,214,7.002988047808765,0.9496358438141297
CHEMBL5522,Transient receptor potential cation channel subfamily V member 3,Q8NET8,251,244,5.966613545816733,0.5519181878283924
CHEMBL5742,Translocator protein,P30536,251,152,7.083227091633467,1.2360451222439697
CHEMBL5952,Neuropeptide FF receptor 2,Q9Y5X5,250,163,6.67416,0.9693190455408335
CHEMBL3779755,"NACHT, LRR and PYD domains-containing protein 3",Q8R4B8,250,225,5.80496,1.022598959970001
CHEMBL2787,Metabotropic glutamate receptor 4,P31423,250,189,6.17244,0.9321482973179585
CHEMBL2216739,"Carnitine O-palmitoyltransferase 1, muscle isoform",Q92523,249,246,5.322891566265061,0.7085079679256042
CHEMBL3166,Protein-tyrosine phosphatase 1C,P29350,248,227,5.038951612903226,0.6787727894321497
CHEMBL4208,Proteasome component C5,P20618,248,199,5.70733870967742,0.991547360549204
CHEMBL3478,Phosphodiesterase 5A,Q28156,247,223,6.952307692307692,1.1693128838714393
CHEMBL3981,Serine/threonine-protein kinase 10,O94804,247,173,6.377004048582996,1.031685382093697
CHEMBL2319,Kallikrein 1,P06870,247,237,5.753805668016194,1.0550710350070427
CHEMBL3060,Glycine transporter 2,Q9Y345,247,231,5.797813765182186,0.9810344205384914
CHEMBL3038472,CDK4/Cyclin D3,P30281,247,212,7.578461538461539,1.0440984273303544
CHEMBL3038472,CDK4/Cyclin D3,P11802,247,212,7.578461538461539,1.0440984273303544
CHEMBL5650,BR serine/threonine-protein kinase 1,Q8TDC3,246,230,5.811097560975609,0.7594197668481778
CHEMBL4869,Prion protein,P04156,246,246,5.359959349593495,0.3726129446276185
CHEMBL1781862,Calmodulin-domain protein kinase 1,Q9BJF5,246,223,7.59780487804878,0.7730126979292001
CHEMBL4767,Vesicular acetylcholine transporter,Q16572,244,218,7.093360655737705,1.3441047080119828
CHEMBL4848,Eukaryotic translation initation factor,P06730,244,231,5.529672131147541,1.0419157208843202
CHEMBL3252,Beta-1 adrenergic receptor,P18090,244,156,6.323319672131148,1.574254557494589
CHEMBL2424,Glyoxalase I,Q04760,244,205,5.504344262295081,1.153875193987755
CHEMBL2111288,Cyclin-dependent kinase 7/ cyclin H,P51946,243,220,6.5160905349794245,1.1464648971357947
CHEMBL2111288,Cyclin-dependent kinase 7/ cyclin H,P50613,243,220,6.5160905349794245,1.1464648971357947
CHEMBL1918,Glutamate receptor ionotropic kainate 1,P39086,243,209,5.879094650205761,1.0499689110372812
CHEMBL3429,Estrogen-related receptor alpha,P11474,242,201,6.664049586776859,0.9736154791627897
CHEMBL3982,Tyrosine-protein kinase FER,P16591,242,209,6.643057851239669,0.90658754910445
CHEMBL4121,CaM kinase II beta,Q13554,241,222,5.702821576763485,0.8144724297763775
CHEMBL5524,Protein-arginine N-methyltransferase 1,Q99873,241,195,5.29253112033195,1.07034214937833
CHEMBL2567,Protein kinase C alpha,P20444,241,216,7.269834024896266,0.5823987514330844
CHEMBL3883330,EML4-ALK,Q9UM73,240,81,7.573208333333333,1.001527347377657
CHEMBL4919,Histone deacetylase HD2,Q94F81,240,130,6.476041666666666,1.0282754372373497
CHEMBL3883330,EML4-ALK,Q9HC35,240,81,7.573208333333333,1.001527347377657
CHEMBL5244,UDP-3-O-acyl-GlcNAc deacetylase,P0A725,240,193,7.241583333333334,1.3431076160681636
CHEMBL5689,Tryptophan 5-hydroxylase 1,P17752,240,234,6.743458333333334,0.9641256137524017
CHEMBL2802,Microbial collagenase,P43153,239,239,5.770376569037657,1.1964489933692943
CHEMBL1075284,Diacylglycerol O-acyltransferase 1,Q9Z2A7,239,234,7.213765690376569,0.9193307094140204
CHEMBL6137,Thymidylate synthase,C3SWJ7,239,187,5.69836820083682,1.1231551888070626
CHEMBL5422,Protein disulfide-isomerase,P07237,238,231,5.634579831932773,0.7493398162827304
CHEMBL4940,L-lactate dehydrogenase B chain,P07195,238,191,5.877394957983193,1.1235184053067757
CHEMBL2536,Phospholipase D1,Q13393,238,167,6.683319327731093,1.0375028396709498
CHEMBL2096680,Glutamate NMDA receptor; Grin1/Grin2a,Q00959,238,214,5.207941176470588,0.9960582464296286
CHEMBL2096680,Glutamate NMDA receptor; Grin1/Grin2a,P35439,238,214,5.207941176470588,0.9960582464296286
CHEMBL4218,Alpha trans-inducing protein (VP16),P06492,238,237,4.821386554621848,0.49170521526765676
CHEMBL2366516,Reverse transcriptase,Q9WKE8,237,44,6.870632911392405,1.061402983150634
CHEMBL1293229,Nuclear receptor subfamily 4 group A member 1,P22736,236,220,5.108305084745762,0.9891335603164259
CHEMBL5362,Sortase A,Q9S446,236,174,4.980084745762712,0.6929763076760714
CHEMBL2617,Tryptase beta-1,Q15661,235,223,6.939914893617021,1.249280815841064
CHEMBL2756,Monoamine oxidase B,P56560,235,214,5.863787234042554,1.287189227885062
CHEMBL317,Muscarinic acetylcholine receptor M4,P08485,235,158,6.64595744680851,0.8807748617869641
CHEMBL2461,Prolyl endopeptidase,P23687,235,194,7.607276595744681,1.39149163189341
CHEMBL3988609,Prokineticin receptor 1,G3HIE5,234,191,7.478076923076924,0.6752218984031809
CHEMBL3314,Alpha-chymotrypsin,P00766,233,224,5.7391845493562235,1.279537808971597
CHEMBL2426,Casein kinase I gamma 1,Q9HCP0,232,218,6.026206896551724,0.7234670674613664
CHEMBL5493,Free fatty acid receptor 2,O15552,232,185,5.932155172413793,0.8994970273570735
CHEMBL2331065,Alpha-ketoglutarate-dependent dioxygenase FTO,Q9C0B1,231,179,5.463896103896104,0.7267596143050015
CHEMBL1921666,DNA gyrase subunit B,P0A0K8,231,224,6.267705627705627,1.4049878291019864
CHEMBL2063,Ceramide glucosyltransferase,Q16739,231,186,7.292857142857144,1.1973185880300345
CHEMBL1075051,Dihydrofolate reductase,P00376,231,218,5.996363636363637,1.1377902791672934
CHEMBL278,Integrin alpha-4,P13612,231,168,7.54038961038961,1.576722612056366
CHEMBL3411,Prenyl protein specific protease,Q9Y256,230,229,4.9863478260869565,0.4632368185975977
CHEMBL3361,Dopamine D4 receptor,P30729,230,163,7.430391304347826,0.9016391303184633
CHEMBL3137262,LSD1/CoREST complex,O60341,229,189,6.410917030567685,1.0351686603479555
CHEMBL3137262,LSD1/CoREST complex,Q9UKL0,229,189,6.410917030567685,1.0351686603479555
CHEMBL4660,Lymphocyte differentiation antigen CD38,P28907,229,224,6.265545851528384,1.189905010156456
CHEMBL5205,GABA transporter 3,P31649,228,195,4.639298245614035,0.36350282960861907
CHEMBL3038488,Kir3.1/Kir3.4,P48544,227,221,5.970616740088105,0.6430544976712061
CHEMBL2459,Peroxisome proliferator-activated receptor gamma,P37238,227,208,6.445770925110132,0.9323994645278357
CHEMBL329,Type-1A angiotensin II receptor,P25095,227,177,7.2771365638766525,1.0795812830697429
CHEMBL4973,Excitatory amino acid transporter 2,P43004,227,123,5.6673568281938325,1.2537116824572228
CHEMBL2123,Pyrimidinergic receptor P2Y4,P51582,227,178,5.908590308370044,0.8111167569203489
CHEMBL2935,Purine nucleoside phosphorylase,P55859,227,82,7.409295154185022,1.2059815655275765
CHEMBL3038488,Kir3.1/Kir3.4,P48549,227,221,5.970616740088105,0.6430544976712061
CHEMBL3117,Choline kinase alpha,P35790,227,200,5.743964757709251,1.0290098164217416
CHEMBL5938,Serine/threonine-protein kinase PLK2,Q9NYY3,226,196,6.617964601769912,0.9890926565220476
CHEMBL2104,P2X purinoceptor 4,Q99571,226,182,5.8638938053097345,1.0421182987898083
CHEMBL2575,Dihydrofolate reductase,P00378,225,213,5.923688888888889,1.2492762873213812
CHEMBL1075280,Dual specificity protein kinase CLK1,P22518,225,209,6.615377777777778,0.6707744487613634
CHEMBL4071,Cathepsin G,P08311,224,211,6.112633928571428,1.4188474226951022
CHEMBL2725,Beta-lactamase,P05364,224,151,6.199821428571428,1.258972448928917
CHEMBL4695,Fructose-bisphosphate aldolase A,P00883,223,222,4.463587443946189,0.5452222046599423
CHEMBL6030,Eukaryotic translation initiation factor 2-alpha kinase 3,Q9NZJ5,223,131,7.329596412556054,1.1477303566250237
CHEMBL6031,"Histone-lysine N-methyltransferase, H3 lysine-9 specific 5",Q9H9B1,223,186,6.692017937219731,1.1037107597184368
CHEMBL2336,MAP kinase p38 alpha,P47811,222,216,7.268153153153153,1.3012599929292223
CHEMBL4245,Estrogen-related receptor gamma,P62508,222,180,6.452567567567567,0.8353562560964556
CHEMBL4596,C-C chemokine receptor type 8,P51685,221,184,7.023755656108597,1.182325871871799
CHEMBL5141,Cytochrome P450 26A1,O43174,221,180,6.6866515837104075,1.2328107614345538
CHEMBL2069161,Probable G-protein coupled receptor 142,Q7Z601,221,189,6.930769230769231,1.042606369613212
CHEMBL4674,MAP kinase p38 gamma,P53778,220,190,6.196727272727273,0.7887069460461137
CHEMBL5332,Mitogen-activated protein kinase 7,Q13164,220,144,6.365954545454545,0.88248429829501
CHEMBL1255149,Lysosomal Pro-X carboxypeptidase,Q7TMR0,220,166,7.698545454545455,1.0737633527227863
CHEMBL1293239,Bcl-2-related protein A1,Q07440,219,136,5.327260273972603,0.5077534444856878
CHEMBL5328,Thymidylate synthase,P00469,219,181,5.678584474885844,1.2310610422922208
CHEMBL1741163,ORF 73,O40947,219,200,4.803835616438356,0.7325949169245114
CHEMBL5419,Genome polyprotein,P06935,219,175,5.619817351598174,0.9754791640594149
CHEMBL3513,Acidic alpha-glucosidase,Q6P7A9,219,130,5.490730593607306,0.850244657463942
CHEMBL5845,Glycine receptor subunit alpha-1,P23415,218,80,5.982385321100918,0.8940070815733804
CHEMBL3217390,Transcription initiation factor TFIID subunit 1,P21675,218,153,6.533532110091743,1.1720763809338501
CHEMBL1961790,COUP transcription factor 2,P24468,218,218,5.249862385321101,0.4569791405436138
CHEMBL4653,Dipeptidyl peptidase IV,P14740,218,201,7.508944954128441,1.3768458198732825
CHEMBL4106,Cathepsin D,P80209,218,207,6.448348623853211,1.1079029169078978
CHEMBL2929,Subtilisin/kexin type 9,Q8NBP7,218,162,6.567247706422019,1.5388629901372213
CHEMBL1919,Voltage-gated calcium channel alpha2/delta subunit 1,P54289,217,215,6.742119815668203,0.8058938701976761
CHEMBL3863,Protein kinase C mu,Q15139,217,145,7.0360829493087556,1.0894837600707634
CHEMBL3762,Voltage-gated L-type calcium channel alpha-1C subunit,P22002,217,193,5.993087557603687,1.1945982420423886
CHEMBL2439944,2-acylglycerol O-acyltransferase 2,Q3SYC2,217,193,7.005622119815668,0.7173883350126007
CHEMBL3038491,JAK3/JAK1,P52333,216,175,6.761574074074074,0.7447086672912259
CHEMBL2346486,Nicotinamide N-methyltransferase,P40261,216,166,6.367962962962963,1.3215591632150607
CHEMBL4105728,Cyclic GMP-AMP synthase,Q8N884,216,176,5.792407407407408,0.7655189701844866
CHEMBL3038491,JAK3/JAK1,P23458,216,175,6.761574074074074,0.7447086672912259
CHEMBL4150,Enoyl-acyl-carrier protein reductase,Q965D5,215,131,6.030372093023256,1.1725899328492588
CHEMBL5457,Dihydrofolate reductase,O30463,215,188,7.7804651162790694,1.4722723131147835
CHEMBL3593,Lanosterol synthase,P48449,214,149,7.006121495327102,1.1590190948232426
CHEMBL2830,Voltage-gated L-type calcium channel alpha-1C subunit,P15381,213,211,6.059201877934272,1.320298287336474
CHEMBL5951,Neuropeptide FF receptor 1,Q9GZQ6,213,143,6.97150234741784,1.0326329217944334
CHEMBL5337,Carbonic anhydrase,Q5AJ71,212,166,6.256981132075472,0.8394747509378827
CHEMBL5035,Heme oxygenase 1,P06762,212,183,5.368867924528302,0.7531127452898051
CHEMBL3414417,Histone acetyltransferase RTT109,Q07794,212,101,5.217830188679246,0.45579263747171705
CHEMBL1795194,Phosphatidylinositol-5-phosphate 4-kinase type-2 alpha,P48426,211,131,6.137345971563981,0.9246850525451143
CHEMBL3771,Human herpes virus 5 capsid protein P40,P16753,210,186,6.422047619047619,1.2526309528115895
CHEMBL1075165,Phosphatidylinositol 3-kinase catalytic subunit type 3,Q8NEB9,210,175,6.930142857142857,1.0338137128570692
CHEMBL4246,Tyrosine-protein kinase TEC,P42680,210,156,7.367047619047619,1.0840985705369401
CHEMBL2079849,Serine protease hepsin,P05981,210,188,6.83495238095238,1.4584114211427657
CHEMBL4042,Cyclooxygenase-1,Q63921,210,195,5.205666666666667,0.9039063461529795
CHEMBL1628468,Transient receptor potential cation channel subfamily M member 5,Q9NZQ8,210,142,6.443666666666667,0.9992046518127045
CHEMBL1615382,Nuclear receptor coactivator 3,Q9Y6Q9,209,209,5.317511961722488,0.4179327916852717
CHEMBL2366456,Voltage-dependent L-type calcium channel subunit alpha-1C,O35505,209,171,6.381291866028708,1.648075729910508
CHEMBL2717,Phosphodiesterase 11A,Q9HCR9,209,176,6.166698564593301,1.0108446154501034
CHEMBL4465,Acyl coenzyme A:cholesterol acyltransferase 2,O75908,209,182,6.6513875598086125,1.404216003559349
CHEMBL5819,Serine/threonine-protein kinase Nek4,P51957,208,191,5.976105769230769,0.6566808122991852
CHEMBL1795101,Peptide deformylase,Q9JN24,208,193,7.181634615384615,1.2516486600738195
CHEMBL3392,Thermolysin,P00800,208,165,6.035865384615385,1.4623550660763198
CHEMBL2176813,Trace amine-associated receptor 7b,Q923X8,207,206,7.2043961352657,0.8164869677641411
CHEMBL5221,Nischarin,Q4G017,206,168,6.156601941747573,1.55980646291529
CHEMBL4620,Hepatitis C virus polyprotein,P26664,206,202,5.938834951456311,1.2640243907579365
CHEMBL5284,CaM-kinase kinase beta,Q96RR4,206,152,6.693009708737864,1.1031779680421352
CHEMBL3623,Quinone reductase 1,P15559,206,136,5.959223300970874,1.2032177908975858
CHEMBL1973,Tyrosinase,P14679,205,168,5.207560975609756,0.7399032146822198
CHEMBL4531,Galectin-3,P17931,205,169,6.386634146341463,1.3514965879571
CHEMBL5335,Baculoviral IAP repeat-containing protein 3,Q13489,204,130,7.563676470588235,0.8810957761414366
CHEMBL1795180,Free fatty acid receptor 1,Q8K3T4,204,191,7.3625,0.9813096331225499
CHEMBL2349,Phosphorylase kinase gamma subunit 2,P15735,203,171,6.129507389162561,0.9305900149556887
CHEMBL2095198,"Sulfonylurea receptor 2, Kir6.2",O60706,203,102,6.487684729064039,0.9331841896406879
CHEMBL2095198,"Sulfonylurea receptor 2, Kir6.2",Q14654,203,102,6.487684729064039,0.9331841896406879
CHEMBL3455,Anandamide amidohydrolase,O08914,202,160,7.222029702970296,1.2995377437273807
CHEMBL2364165,Fusion glycoprotein F0,Q89535,202,196,7.664752475247525,1.2246173889717364
CHEMBL2731,Galanin receptor 3,O60755,202,200,6.1072277227722775,0.7207405241196181
CHEMBL3980,Serine/threonine-protein kinase 17B,O94768,202,142,6.312871287128713,1.0569714895016002
CHEMBL1987,Prostanoid FP receptor,P43088,201,167,6.765223880597015,1.208881331904363
CHEMBL4147,CaM kinase II alpha,Q9UQM7,201,142,5.9308955223880595,1.1494486478437613
CHEMBL3394,Tubulin beta chain,Q6B856,201,187,5.528706467661691,0.5043910372002662
CHEMBL5545,Sn1-specific diacylglycerol lipase alpha,Q9Y4D2,201,169,6.862487562189054,1.238698018523695
CHEMBL3321,Monoglyceride lipase,Q8R431,201,144,5.834875621890547,1.268119517022247
CHEMBL3726,Thymidine phosphorylase,P07650,201,156,5.018905472636816,0.867599444455735
CHEMBL3674,Fatty acid binding protein epidermal,Q01469,201,179,5.947661691542288,0.9856987394610615
CHEMBL3338,Squalene synthetase,P37268,200,192,7.107749999999999,1.3155927786729764
CHEMBL2939,MAP kinase p38 delta,O15264,200,184,6.260700000000001,1.0531362637141266
CHEMBL4054,GABA transporter 1,P23978,199,108,6.2765326633165825,0.7925260328952035
CHEMBL6101,Signal transducer and activator of transcription 1-alpha/beta,P42224,199,192,5.3156281407035175,0.6837201288229245
CHEMBL4959,Gastrin releasing peptide receptor,P30550,199,188,7.9478391959799,0.8615893548760426
CHEMBL1293243,MCOLN3 protein,Q8TDD5,198,184,5.4257070707070705,0.4114851830732638
CHEMBL2052031,Peptidyl-prolyl cis-trans isomerase FKBP5,Q13451,197,179,5.821725888324874,1.2437607823303929
CHEMBL5043,Endoplasmic reticulum aminopeptidase 2,Q6P179,197,173,5.5126903553299496,0.9047873639917606
CHEMBL3250,Lysophosphatidic acid receptor Edg-7,Q9UBY5,197,130,6.603553299492386,1.2078795568807281
CHEMBL2919,Glutamate receptor ionotropic kainate 1,P22756,196,132,6.141224489795919,1.430565794689512
CHEMBL2721,Excitatory amino acid transporter 3,P43005,196,106,5.280408163265307,0.8360001452181773
CHEMBL2447,Deoxycytidine kinase,P27707,196,104,7.365510204081633,1.0759817198418402
CHEMBL3658,Tubulin alpha chain,P02550,195,180,5.5472820512820515,0.5949350631080318
CHEMBL1743121,Solute carrier organic anion transporter family member 1B3,Q9NPD5,195,113,5.566666666666666,0.6617577862765159
CHEMBL4295747,"Serine hydroxymethyltransferase, mitochondrial",P34897,195,195,5.405333333333333,0.2992572707376499
CHEMBL5720,P2Y purinoceptor 1,P49652,195,139,5.958769230769231,1.2023424401468463
CHEMBL4523462,Solute carrier family 40 member 1,Q9JHI9,194,194,6.420567010309278,0.8891028185261942
CHEMBL3708265,"7,8-dihydro-8-oxoguanine triphosphatase",P36639,194,139,7.305670103092783,1.577940487077879
CHEMBL2023,Catechol O-methyltransferase,P21964,194,146,6.349845360824742,1.2018743896521316
CHEMBL3385,MAP kinase ERK1,P27361,193,161,6.484455958549223,1.3054743867086522
CHEMBL2473,Presenilin 1,P49768,193,121,6.174352331606218,1.3432011360487148
CHEMBL3753,"Glutamate receptor ionotropic, AMPA 1",P19490,192,134,6.089791666666667,1.3293189841439803
CHEMBL1744522,Endothelial PAS domain-containing protein 1,Q99814,191,134,6.506230366492147,0.9162172974385797
CHEMBL2553,Ribosomal protein S6 kinase alpha 1,Q15418,190,143,6.421105263157894,1.0918419655563392
CHEMBL2899,Brain adenylate cyclase 1,Q08828,190,146,5.838578947368421,0.7522921457587568
CHEMBL290,Phosphodiesterase 3B,Q13370,190,164,6.5438947368421045,1.4696677771198567
CHEMBL1822,Inosine-5'-monophosphate dehydrogenase 1,P20839,190,162,6.366,1.059470667474138
CHEMBL6084,Acetylcholine-binding protein,P58154,189,150,6.436296296296296,1.1662474086249914
CHEMBL2488,Prostanoid EP2 receptor,Q62053,189,149,6.655873015873016,1.01460657125191
CHEMBL2111407,Integrin alpha-V/beta-1,P05556,188,143,7.399893617021277,1.280978899316378
CHEMBL1962,GABA receptor alpha-1 subunit,P14867,188,168,7.356436170212766,1.1517749897093676
CHEMBL2569,Microsomal triglyceride transfer protein large subunit,P55157,188,162,7.947712765957447,1.0678182977714
CHEMBL5084,Casein kinase I isoform gamma-3,Q9Y6M4,188,177,5.961861702127659,0.6693138333467992
CHEMBL4187,Sodium channel protein type II alpha subunit,Q99250,188,157,5.970265957446809,1.1957171492794179
CHEMBL4295975,Ubiquitin carboxyl-terminal hydrolase 25,Q9UHP3,188,186,6.244414893617021,0.5898211259632952
CHEMBL2111407,Integrin alpha-V/beta-1,P06756,188,143,7.399893617021277,1.280978899316378
CHEMBL3108638,Transcription intermediary factor 1-alpha,O15164,188,153,5.69622340425532,0.9947875343980226
CHEMBL3802,Neuropeptide Y receptor type 5,O70342,187,175,7.980053475935828,1.2499120387658609
CHEMBL2163176,Lysine-specific demethylase 5C,P41229,187,165,6.216470588235294,1.057210954900939
CHEMBL3038489,Kir3.1/Kir3.2,P48549,187,182,6.031978609625669,0.6035458304325078
CHEMBL5255,Toll-like receptor 4,O00206,187,174,5.668449197860962,1.072338541540909
CHEMBL3038489,Kir3.1/Kir3.2,P48051,187,182,6.031978609625669,0.6035458304325078
CHEMBL1935,Aldehyde dehydrogenase,P05091,186,159,6.455107526881721,1.0233312001166726
CHEMBL4687,Plasmepsin 1,P39898,186,173,6.826559139784946,1.251033297998019
CHEMBL2176777,Poly [ADP-ribose] polymerase 14,Q460N5,186,126,5.615806451612903,0.6965642673528022
CHEMBL2169716,N-lysine methyltransferase SMYD2,Q9NRG4,185,120,6.213027027027027,1.0236202401304402
CHEMBL2108,Cyclin T1,O60563,185,183,10.171945945945946,0.699727040955892
CHEMBL4062,Calpain 1,P35750,184,150,6.509619565217391,1.009871152765976
CHEMBL3309105,Taste receptor type 2 member 14,Q9NYV8,184,151,5.8013586956521745,0.629114914425328
CHEMBL3348,Heme oxygenase 2,P23711,184,160,5.104619565217392,0.5514678543389534
CHEMBL3890,Selectin E,P16581,184,170,6.3667934782608695,1.3940792212598578
CHEMBL5118,Replicase polyprotein 1ab,P0C6X7,184,141,4.879836956521739,0.5132373150673789
CHEMBL2734,Phospholipase D2,O14939,184,136,6.359510869565218,0.7851506276364609
CHEMBL2360,Hypoxanthine-guanine phosphoribosyltransferase,P00492,183,161,5.941256830601093,1.1012136434955146
CHEMBL4296661,mTORC1,P42345,183,172,7.470928961748634,1.0169436597047803
CHEMBL3070,Intercellular adhesion molecule-1,P05362,183,167,6.8075409836065575,1.0279179678290675
CHEMBL4296661,mTORC1,Q8N122,183,172,7.470928961748634,1.0169436597047803
CHEMBL2358,Casein kinase II beta,P67870,183,172,5.656502732240438,0.6896549613044451
CHEMBL4296661,mTORC1,Q9BVC4,183,172,7.470928961748634,1.0169436597047803
CHEMBL4781,Muscarinic acetylcholine receptor M2,P06199,182,162,6.56032967032967,1.173064128139663
CHEMBL4383,Gastric inhibitory polypeptide receptor,P48546,182,166,6.688901098901098,1.2057426592479328
CHEMBL5399,Pituitary adenylate cyclase-activating polypeptide type I receptor,P41586,182,104,7.457912087912088,1.0825369389877488
CHEMBL1075144,Neuromedin-U receptor 2,Q9GZQ4,182,125,7.427637362637363,1.4217312690762802
CHEMBL1741161,PvdQ,Q9I194,182,165,5.0249999999999995,0.6381575257131341
CHEMBL4270,Matrix metalloproteinase 10,P09238,181,152,6.619116022099448,1.0641863312292636
CHEMBL3769292,dCTP pyrophosphatase 1,Q9H773,181,175,6.309171270718232,0.6779871175874119
CHEMBL1743183,Leukotriene C4 synthase,Q16873,180,148,7.351444444444445,0.9488582508133453
CHEMBL6044,Bcl-2-related protein A1,Q16548,180,113,5.945166666666667,0.797777972080848
CHEMBL3746,11-beta-hydroxysteroid dehydrogenase 2,P80365,180,164,5.750333333333333,1.2546231377896286
CHEMBL5463,Acid ceramidase,Q13510,180,158,6.938388888888889,1.032048006705119
CHEMBL2111455,CDK6/cyclin D1,P24385,179,161,7.333016759776536,1.2741147421335428
CHEMBL2111455,CDK6/cyclin D1,Q00534,179,161,7.333016759776536,1.2741147421335428
CHEMBL4444,Vitamin K-dependent protein C,P04070,179,155,5.706424581005587,1.0247661057661945
CHEMBL4468,Histamine H4 receptor,Q91ZY1,178,123,6.932640449438202,1.1728695290354803
CHEMBL1287623,Lethal(3)malignant brain tumor-like protein 3,Q96JM7,178,101,6.258820224719101,0.8216610303855149
CHEMBL1075269,Adenosine A3 receptor,Q61618,178,156,7.492415730337079,1.1349244262551055
CHEMBL2382,Calpain 2,P17655,177,163,6.748531073446328,0.7208069108451559
CHEMBL3991501,"Isocitrate dehydrogenase [NADP], mitochondrial",P48735,177,123,6.825819209039548,0.9844134912090403
CHEMBL4037,Carnitine palmitoyltransferase 2,P18886,177,172,4.872655367231639,0.6786410718612984
CHEMBL4598,Serine/threonine-protein kinase MST1,Q13043,177,132,6.730225988700565,0.8491004296006587
CHEMBL4522,BMP-2-inducible protein kinase,Q9NSY1,176,115,6.602840909090909,1.082648550138448
CHEMBL2095190,GABA-A receptor; alpha-6/beta-3/gamma-2,Q16445,175,111,6.707714285714285,1.0654999520334343
CHEMBL3253,Serum albumin,P02768,175,144,5.487314285714286,0.8698785676724627
CHEMBL2095190,GABA-A receptor; alpha-6/beta-3/gamma-2,P28472,175,111,6.707714285714285,1.0654999520334343
CHEMBL1793,Parathyroid hormone receptor,Q03431,175,141,7.241314285714286,1.7024924219020259
CHEMBL1926488,Protoporphyrinogen oxidase,P50336,175,89,5.5236,0.7143006868709899
CHEMBL5905,Aldo-keto reductase family 1 member C1,Q04828,175,129,5.640571428571429,1.3696873182422677
CHEMBL2065,Beta-lactamase TEM,P62593,175,141,6.438285714285715,1.4465831436393182
CHEMBL4176,Alpha-L-fucosidase I,P04066,175,100,6.036971428571428,1.3218114852834564
CHEMBL2095190,GABA-A receptor; alpha-6/beta-3/gamma-2,P18507,175,111,6.707714285714285,1.0654999520334343
CHEMBL4028,Thromboxane-A synthase,P49430,174,162,6.574022988505748,0.8215310108453685
CHEMBL4447,Kallikrein 5,Q9Y337,174,140,6.380919540229885,1.5495105564619658
CHEMBL5983,Aldo-keto reductase family 1 member B10,O60218,174,128,6.400977011494253,1.3827653743109602
CHEMBL1795143,Poly(ADP-ribose) glycohydrolase,Q86W56,174,124,5.948620689655172,1.005160870469609
CHEMBL3933,Prostanoid DP receptor,P70263,173,99,7.588323699421965,0.9265113795685161
CHEMBL3108639,Cat eye syndrome critical region protein 2,Q9BXF3,173,137,6.309595375722543,0.9103170661416404
CHEMBL3885643,Toll-like receptor 1/2,O60603,172,139,8.27,1.414765494175191
CHEMBL5387,Sonic hedgehog protein,Q62226,172,154,6.97796511627907,1.2337775107953752
CHEMBL3885643,Toll-like receptor 1/2,Q15399,172,139,8.27,1.414765494175191
CHEMBL2706,Receptor-type tyrosine-protein phosphatase beta,P23467,171,169,7.035964912280702,1.6453601711720314
CHEMBL3831283,NEDD8 activating enzyme,Q13564,171,129,6.866842105263158,0.9292397105314023
CHEMBL3831283,NEDD8 activating enzyme,Q8TBC4,171,129,6.866842105263158,0.9292397105314023
CHEMBL2897,Dual specificity mitogen-activated protein kinase kinase 4,P45985,169,120,6.141065088757396,0.5983121511903683
CHEMBL4837,Adhesin protein fimH,P08191,169,145,6.405621301775148,1.0802236313973363
CHEMBL3038499,TAK1/TAB1,O43318,169,167,6.30491124260355,0.9856555217475432
CHEMBL3038499,TAK1/TAB1,Q15750,169,167,6.30491124260355,0.9856555217475432
CHEMBL2096980,Platelet-derived growth factor receptor,P05622,168,143,6.0909523809523805,1.0274975344727553
CHEMBL5850,Mas-related G-protein coupled receptor member X1,Q96LB2,168,148,6.312380952380953,0.7810466170966553
CHEMBL5189,Sialidase,P10481,168,105,5.928869047619047,1.2356231551533754
CHEMBL4082,Beta-glucuronidase,A3KMY8,168,160,4.743154761904762,0.594934847618897
CHEMBL1907592,Neuronal acetylcholine receptor; alpha2/beta2,P12389,168,148,8.200119047619047,1.7694215666012376
CHEMBL2096980,Platelet-derived growth factor receptor,P26618,168,143,6.0909523809523805,1.0274975344727553
CHEMBL4554,Neurokinin 2 receptor,P16610,168,153,7.116785714285713,1.3118302437957479
CHEMBL1907592,Neuronal acetylcholine receptor; alpha2/beta2,P12390,168,148,8.200119047619047,1.7694215666012376
CHEMBL3761,Beta-glucosidase,Q9HCG7,167,143,7.513592814371258,1.5153389304590985
CHEMBL2010636,Class 1 phosphodiesterase PDEB1,Q8WQX9,167,157,6.325748502994013,0.8888414058773153
CHEMBL1764946,Chromobox protein homolog 7,O95931,167,151,5.256407185628743,0.9618188226786265
CHEMBL6144,G protein-coupled receptor kinase 6,P43250,167,156,5.672275449101797,1.0408098541935473
CHEMBL2514,Neurotensin receptor 2,O95665,167,143,7.564131736526947,1.298946396729706
CHEMBL323,Serotonin 2b (5-HT2b) receptor,P30994,166,141,6.946144578313253,1.1937365135652478
CHEMBL2634,Tyrosine-protein kinase CSK,P41240,166,134,6.215240963855422,1.2007011597053838
CHEMBL2157853,Ubiquitin carboxyl-terminal hydrolase 28,Q96RU2,166,165,6.3907228915662655,0.5045953269280729
CHEMBL4228,GABA transporter 2,P31651,166,125,4.639216867469879,0.45171724994246365
CHEMBL2186,Carbonic anhydrase XIII,Q9D6N1,166,109,6.222469879518073,1.5671898946056042
CHEMBL2221348,"Voltage-gated potassium channel, KQT; KCNQ2(Kv7.2)/KCNQ3(Kv7.3)",O43526,165,155,6.467636363636364,0.7167481536375199
CHEMBL2221348,"Voltage-gated potassium channel, KQT; KCNQ2(Kv7.2)/KCNQ3(Kv7.3)",O43525,165,155,6.467636363636364,0.7167481536375199
CHEMBL4106131,HSP60/HSP10,P61604,165,139,4.7364848484848485,0.5696092007133703
CHEMBL4267,TGF-beta receptor type II,P37173,165,147,6.393575757575758,1.1206313287689562
CHEMBL2321627,C-C chemokine receptor-like 2,O00421,165,154,7.090121212121211,0.7674395089205275
CHEMBL4106131,HSP60/HSP10,P10809,165,139,4.7364848484848485,0.5696092007133703
CHEMBL5511,Dual specificity protein phosphatase 6,Q64346,165,114,4.73290909090909,0.4912577414294988
CHEMBL5649,Prokineticin receptor 1,Q8TCW9,164,160,6.067439024390244,0.6350379167958144
CHEMBL4523938,Fucose-binding lectin PA-IIL,Q9HYN5,164,76,5.819939024390244,0.6639244699366319
CHEMBL2980,Arachidonate 5-lipoxygenase,Q9BEG3,164,143,5.403475609756097,0.5501952743274555
CHEMBL3272,Cathepsin L2,O60911,164,146,5.998048780487805,0.9572960886198407
CHEMBL3190,"Glutamate receptor ionotropic, AMPA 4",P48058,164,112,6.01359756097561,0.9035274344364375
CHEMBL1075178,Neuromedin-U receptor 1,Q9HB89,164,112,7.744207317073171,1.2623456522335723
CHEMBL2009,"Glutamate receptor ionotropic, AMPA 1",P42261,164,82,5.864756097560976,1.1197033191737567
CHEMBL2528,Butyrylcholinesterase,Q03311,164,147,6.308292682926829,0.9836825824490418
CHEMBL5432,Mitogen-activated protein kinase kinase kinase kinase 3,Q8IVH8,163,120,6.550613496932515,0.8964426907735932
CHEMBL1805,Serotonin 1f (5-HT1f) receptor,P30939,163,126,7.5779141104294485,0.8450892669538851
CHEMBL1275221,Protein arginine N-methyltransferase 6,Q96LA8,163,139,6.279693251533742,1.346875407049468
CHEMBL2626,Renal dipeptidase,P22412,163,158,5.966257668711656,0.9442130996980741
CHEMBL3313835,S-adenosylmethionine synthase isoform type-2,P31153,163,152,6.529570552147239,1.097619393485115
CHEMBL2272,Phosphodiesterase 4B,Q8VBU5,163,158,5.495644171779141,0.3688755633634281
CHEMBL5073,CaM kinase I delta,Q8IU85,162,135,5.999567901234568,1.0985350769258855
CHEMBL1687677,Pancreatic triacylglycerol lipase,P00591,162,140,5.30253086419753,1.0235811641792767
CHEMBL2321643,Histone-lysine N-methyltransferase SMYD3,Q9H7B4,162,94,7.088641975308641,1.001791876683906
CHEMBL4464,Acyl coenzyme A:cholesterol acyltransferase 1,Q61263,162,156,5.914814814814815,0.8037120573212185
CHEMBL3712907,Transmembrane domain-containing protein TMIGD3,P0DMS9,161,148,6.827080745341616,1.2378780431405347
CHEMBL3935,Serine/threonine-protein kinase Aurora-C,Q9UQB9,161,101,7.091677018633541,1.0885479066311483
CHEMBL3430907,Aurora kinase B/Inner centromere protein,Q96GD4,161,146,6.479565217391305,1.3427110391974166
CHEMBL3430907,Aurora kinase B/Inner centromere protein,Q9NQS7,161,146,6.479565217391305,1.3427110391974166
CHEMBL3813586,Dehydrosqualene desaturase,O07855,161,136,7.428136645962733,0.8420601262446644
CHEMBL3616354,"Branched-chain-amino-acid aminotransferase, mitochondrial",O15382,161,122,5.889565217391304,1.0889842445061395
CHEMBL5311,Serine/threonine-protein kinase receptor R3,P37023,160,138,7.2659375,1.0006798298433652
CHEMBL3656,Coagulation factor X,P00743,160,154,5.55275,1.0416212266818554
CHEMBL3038508,Topoisomerase IV,P0C1S7,160,146,5.5883125,0.6807914575314516
CHEMBL3038508,Topoisomerase IV,P0C1U9,160,146,5.5883125,0.6807914575314516
CHEMBL4081,Coagulation factor III,P13726,160,151,7.249250000000001,1.2202708999162397
CHEMBL6006,Serine/threonine-protein kinase ULK1,O75385,160,116,6.736375,1.0077283048907515
CHEMBL5769,Seprase,P97321,160,114,6.2818125,1.2330337245511591
CHEMBL1908385,Serine/threonine-protein kinase pknB,P9WI81,159,120,6.417735849056603,0.9128165651878776
CHEMBL5062,Coagulation factor X,O19045,158,126,7.372658227848102,1.5647854160783072
CHEMBL2951,Subtilisin/kexin type 6,P29122,158,152,7.802278481012658,0.9249416567822971
CHEMBL3301391,JAK1/TYK2,P23458,158,127,6.722784810126583,0.8753546130690701
CHEMBL3301391,JAK1/TYK2,P29597,158,127,6.722784810126583,0.8753546130690701
CHEMBL2632,HLA class I histocompatibility antigen A-3,P04439,158,157,6.979113924050633,0.918819777277888
CHEMBL1944495,Proteasome subunit beta type-9,P28065,157,122,6.532229299363057,0.9917225358488146
CHEMBL4374,Photoreceptor-specific nuclear receptor,Q9Y5X4,157,143,5.561974522292994,0.5620959397652429
CHEMBL3122,Alpha-1b adrenergic receptor,P18841,157,131,7.549617834394904,1.6275626284181774
CHEMBL1250375,NADPH oxidase 4,Q9NPH5,156,153,6.147884615384616,0.7598302099093052
CHEMBL1615387,Nuclear receptor coactivator 1,Q15788,156,156,4.943076923076923,0.3555216347205079
CHEMBL2714,Pepsin A,P00791,155,144,7.063548387096773,1.4600963951168073
CHEMBL4523105,PH and SEC7 domain-containing protein 1,A5PKW4,155,138,5.463161290322581,0.4488148243360264
CHEMBL4701,Histamine H1 receptor,P31390,155,125,7.072129032258065,1.2336604739800758
CHEMBL1909484,Sentrin-specific protease 1,Q9P0U3,154,123,5.24012987012987,0.5270623817588793
CHEMBL2095942,Cyclin-dependent kinase 4/cyclin D,P30281,153,146,6.8879738562091495,1.0038376097160464
CHEMBL1075214,5'-nucleotidase,P21588,153,128,6.102222222222222,1.0977364403160093
CHEMBL1795168,CDGSH iron-sulfur domain-containing protein 1,Q9NZ45,153,86,5.6761437908496735,0.9775231348608413
CHEMBL5705,Egl nine homolog 3,Q9H6Z9,153,125,7.512875816993464,1.41401661625883
CHEMBL3797017,Histone deacetylase 8,A5H660,153,108,6.294313725490196,0.6427528835795645
CHEMBL2095942,Cyclin-dependent kinase 4/cyclin D,P30279,153,146,6.8879738562091495,1.0038376097160464
CHEMBL5306,Motilin receptor,A5A4K8,153,107,7.1262091503267975,0.9408618714941691
CHEMBL1820,Thymidine kinase,P06479,153,126,5.849542483660131,1.4115465295523055
CHEMBL2095942,Cyclin-dependent kinase 4/cyclin D,P11802,153,146,6.8879738562091495,1.0038376097160464
CHEMBL2095942,Cyclin-dependent kinase 4/cyclin D,P24385,153,146,6.8879738562091495,1.0038376097160464
CHEMBL3465,Sigma opioid receptor,O55242,153,152,7.64718954248366,0.9034928257632772
CHEMBL2304402,Phosphodiesterase 5A,O77746,153,152,7.380261437908497,1.4580371393149096
CHEMBL5402,Signal transducer and activator of transcription 3,P42227,153,130,5.210588235294118,0.7799698335041364
CHEMBL5378,P-selectin,P16109,153,130,5.251503267973856,0.8411871085757243
CHEMBL1907590,Neuronal acetylcholine receptor; alpha2/beta4,P12389,152,132,6.961907894736842,1.3965898550571392
CHEMBL4342,Group X secretory phospholipase A2,O15496,152,117,6.1947368421052635,0.9656764759054213
CHEMBL4367,Tyrosine-protein kinase TXK,P42681,152,128,7.170065789473684,1.363706235825677
CHEMBL3430892,Integrin alpha-V/beta-8,P26012,152,144,7.177434210526316,1.0300752217826126
CHEMBL4014,Tyrosine-protein kinase ABL2,P42684,152,96,6.815328947368421,1.0734785430868
CHEMBL1907590,Neuronal acetylcholine receptor; alpha2/beta4,P12392,152,132,6.961907894736842,1.3965898550571392
CHEMBL5942,Phosphatidylcholine-sterol acyltransferase,P04180,152,145,6.98296052631579,0.6364396402252556
CHEMBL3430892,Integrin alpha-V/beta-8,P06756,152,144,7.177434210526316,1.0300752217826126
CHEMBL4662925,Histidine--tRNA ligase,Q4DA54,152,78,4.810657894736842,0.45331548456514403
CHEMBL5503,Nuclear receptor subfamily 1 group I member 3,Q14994,152,138,5.960592105263157,0.869759983297997
CHEMBL4564,Dihydrofolate reductase,P00375,151,112,7.1441059602649,1.4195188252940645
CHEMBL3638338,Acetyl-coenzyme A transporter 1,O00400,151,144,8.709470198675497,0.11721654080927968
CHEMBL3902,Glutathione S-transferase Pi,P09211,151,141,5.648741721854305,0.7261389257672037
CHEMBL4977,Proto-oncogene c-JUN,P05412,151,130,5.903576158940397,0.9043195190276946
CHEMBL4652,Somatostatin receptor 1,P28646,151,148,7.833576158940397,1.1868997960349539
CHEMBL2096987,Geranylgeranyl transferase type I,Q5EAD5,150,145,6.049733333333333,1.003058374626461
CHEMBL2096987,Geranylgeranyl transferase type I,P29702,150,145,6.049733333333333,1.003058374626461
CHEMBL5582,Hormone-sensitive lipase,P15304,150,149,7.287133333333333,1.0829752311250818
CHEMBL3972,GAR transformylase,P22102,150,102,7.113466666666667,1.4140270383993303
CHEMBL5174,Neuropilin-1,O14786,150,117,5.0764000000000005,0.5772316250806857
CHEMBL3860,Phosphodiesterase 6D,O43924,149,137,7.452147651006711,0.7006855366675702
CHEMBL291,Phosphodiesterase 4C,Q08493,149,127,7.078926174496644,1.1924940596710774
CHEMBL5699,Serine/threonine-protein kinase SIK2,Q9H0K1,149,110,6.7450335570469795,1.1321855354596941
CHEMBL4744,Alpha-2a adrenergic receptor,Q28838,148,121,6.605135135135135,1.1549882860003127
CHEMBL2398,Apelin receptor,Q9JHG3,148,131,8.892567567567568,1.1579997542217857
CHEMBL1075293,Epoxide hydrolase 1,Q9D379,148,145,6.725135135135135,0.6747944877234004
CHEMBL1932910,ATP-dependent Clp protease proteolytic subunit,Q2G036,148,65,5.607905405405406,0.586390148243452
CHEMBL4106140,METTL3/METTL14,Q86U44,148,148,7.684662162162161,0.7436620323927425
CHEMBL4106140,METTL3/METTL14,Q9HCE5,148,148,7.684662162162161,0.7436620323927425
CHEMBL4956,GABA receptor alpha-2 subunit,P47869,148,142,7.422499999999999,0.8877900982233357
CHEMBL2107838,"Calcitonin-gene-related peptide receptor, CALCRL/RAMP1",Q16602,148,110,8.31277027027027,1.8535169075185338
CHEMBL3313832,Lysine-specific demethylase 4B,O94953,148,102,6.55972972972973,1.001121783009566
CHEMBL2107838,"Calcitonin-gene-related peptide receptor, CALCRL/RAMP1",O60894,148,110,8.31277027027027,1.8535169075185338
CHEMBL2366504,Structural capsid protein,Q76129,147,105,5.564217687074829,1.0221927311838133
CHEMBL3383,Carboxylesterase,Q29550,147,107,6.317755102040817,1.3110801757655537
CHEMBL5068,Prostanoid EP1 receptor,P70597,147,146,6.821428571428571,0.8647725173994117
CHEMBL401,Glutamate [NMDA] receptor subunit epsilon 3,Q00961,146,135,5.7156164383561645,0.9143620143275624
CHEMBL5631,Uncharacterized protein Rv1284/MT1322,P9WPJ7,146,124,6.0407534246575345,1.0522043105761774
CHEMBL1075291,G protein-coupled receptor 34,Q9R1K6,146,70,6.878287671232877,0.7679290193393565
CHEMBL1075294,"Indoleamine 2,3-dioxygenase 1",P28776,146,133,6.720342465753425,1.241278214602307
CHEMBL3715,Betaine transporter,P48065,146,21,5.0128082191780825,0.4315469258068681
CHEMBL4586,Seed lipoxygenase-1,P08170,145,116,5.046551724137931,0.9427658623774873
CHEMBL4472,Trypsin II,Q29463,145,137,6.070275862068965,0.8546928824856607
CHEMBL5293,Calcitonin gene-related peptide 1,P06881,145,118,7.560620689655172,1.5593513700902384
CHEMBL3384,Protein kinase N1,Q16512,145,99,6.0137931034482754,1.2172447650360478
CHEMBL2128,Peroxisome proliferator-activated receptor alpha,P23204,145,119,6.325862068965518,1.2357884270369532
CHEMBL2384,Adenosine kinase,Q64640,145,103,7.412413793103448,1.0378204162932503
CHEMBL5774,Monoglyceride lipase,O35678,144,132,6.931666666666667,1.316629517637094
CHEMBL2708,Mitogen-activated protein kinase kinase kinase 11,Q16584,144,109,6.611527777777777,0.9599710947312439
CHEMBL1938210,Lysine-specific demethylase 2A,Q9Y2K7,143,113,5.3842657342657345,0.9444049393408498
CHEMBL3868,Ecdysone receptor,P49881,143,118,6.380769230769231,1.156738419139864
CHEMBL2397,Acetyl-CoA carboxylase 1,P11497,142,134,6.666478873239437,1.0170400643329134
CHEMBL4630758,5-hydroxytryptamine receptor 2A/Metabotropic glutamate receptor 2,P28223,142,17,6.572112676056338,0.998338215680349
CHEMBL4630758,5-hydroxytryptamine receptor 2A/Metabotropic glutamate receptor 2,Q14416,142,17,6.572112676056338,0.998338215680349
CHEMBL2428,"Myosin light chain kinase, smooth muscle",Q15746,142,119,5.9583802816901414,1.0283662160039873
CHEMBL4454,Tyrosine-protein kinase FGR,P09769,142,106,6.6623239436619714,1.1780466254622777
CHEMBL5299,Histamine receptor H3,Q865E1,142,141,8.41394366197183,0.927146126598136
CHEMBL3897,DNA polymerase III,P13267,141,134,6.862198581560284,0.8884666503899379
CHEMBL1075283,Dual specificity protein kinase CLK4,O35493,141,134,6.736099290780142,0.7117160078185734
CHEMBL3988,Ephrin type-A receptor 4,P54764,141,110,6.438581560283688,0.9678160846243195
CHEMBL3636,Neuromedin B receptor,P28336,141,125,6.733617021276595,1.403887600606537
CHEMBL2982,Adenosine kinase,Q9TVW2,141,81,4.907801418439717,0.42276824485185355
CHEMBL1255164,Probable protein-cysteine N-palmitoyltransferase porcupine,Q9JJJ7,140,136,7.933357142857143,1.2233146449103809
CHEMBL2978,Somatostatin receptor 2,P30680,140,135,5.428214285714286,1.1296496355397216
CHEMBL1907591,Neuronal acetylcholine receptor; alpha4/beta4,P30926,140,104,5.848428571428571,1.35946840617178
CHEMBL1907591,Neuronal acetylcholine receptor; alpha4/beta4,P43681,140,104,5.848428571428571,1.35946840617178
CHEMBL3308976,Protein-glutamine gamma-glutamyltransferase,Q7M0F8,140,140,5.5620714285714286,0.551431748522444
CHEMBL4503,Nociceptin receptor,P35370,140,74,8.089571428571428,1.3103774355651245
CHEMBL2176774,Bromodomain-containing protein 1,O95696,140,85,6.331642857142857,0.7835141376551203
CHEMBL3638364,Glycogen synthase kinase-3 beta splice variant X1,A0A059UE90,140,140,7.6263571428571435,0.8272344588740322
CHEMBL2034807,DNA repair protein RAD51 homolog 1,Q06609,139,105,4.878489208633094,0.6414949858819535
CHEMBL2046267,Anoctamin-1,Q5XXA6,139,120,5.7310791366906475,0.8779824456396741
CHEMBL4523246,Neurotrypsin,P56730,139,139,5.348489208633093,0.3985770226676954
CHEMBL2372,Catechol O-methyltransferase,P22734,139,103,6.744820143884892,1.3624909799025906
CHEMBL5536,Genome polyprotein,Q9WMX2,139,74,9.374532374100719,1.2193953259303731
CHEMBL3156,Thromboxane A2 receptor,P34978,139,134,7.603597122302159,1.4165819278292833
CHEMBL3562167,Probable G-protein coupled receptor 174,Q9BXC1,138,83,6.172463768115942,0.6560051757787213
CHEMBL5852,Pyroglutamylated RFamide peptide receptor,Q96P65,137,105,6.29065693430657,0.8639301479623104
CHEMBL1287628,NADPH oxidase 1,Q9Y5S8,137,104,5.9244525547445255,0.833564210896964
CHEMBL5685,Solute carrier family 22 member 1,O15245,137,114,4.802992700729927,0.510713694634778
CHEMBL3683,Glutamate receptor ionotropic kainate 2,Q13002,137,115,5.682481751824818,1.043776923585051
CHEMBL3259470,G-protein coupled receptor 183,P32249,136,96,7.860808823529411,0.8115080202219395
CHEMBL3724,Lysophosphatidic acid receptor Edg-4,Q9HBW0,136,113,6.573897058823529,0.9847129100659467
CHEMBL2499,PI3-kinase p110-alpha subunit,P42337,136,131,7.408161764705882,1.4223742291367698
CHEMBL2046259,"Kynurenine/alpha-aminoadipate aminotransferase, mitochondrial",Q8N5Z0,136,65,6.89125,1.0301847640827095
CHEMBL2027,Niemann-Pick C1-like protein 1,Q9UHC9,136,129,5.4766176470588235,0.7503423619460111
CHEMBL2386,Chymotrypsin C,Q99895,136,130,5.526176470588235,1.1366435701944946
CHEMBL5868,Nuclear receptor ROR-alpha,P35398,135,117,5.414518518518519,0.7168043911014124
CHEMBL4000,Muscle glycogen synthase,P13807,135,131,6.422962962962963,0.7680913289855553
CHEMBL1944501,Trypanothione reductase,A4HSF7,135,79,5.103555555555555,0.4968489765236886
CHEMBL3228,Metabotropic glutamate receptor 8,O00222,135,107,5.481037037037036,0.8800290650509438
CHEMBL2506,PI3-kinase p85-alpha subunit,P27986,135,134,5.774666666666667,0.6859439514112012
CHEMBL3150,Vitamin D receptor,P13053,135,63,9.08162962962963,1.2728697201554702
CHEMBL2181,Prostanoid EP1 receptor,P35375,134,110,6.146791044776119,0.9962558483682407
CHEMBL1826,DNA gyrase subunit B,P0AES6,134,100,6.67089552238806,1.1467210283333542
CHEMBL1743128,Multidrug resistance-associated protein 4,O15439,134,128,4.720298507462687,0.507412632278949
CHEMBL4680021,Apolipoprotein L1,O14791,133,133,9.058646616541353,1.158050073467863
CHEMBL3927,SARS coronavirus 3C-like proteinase,P0C6U8,133,77,5.054962406015037,0.81758108119841
CHEMBL2577,Sodium/hydrogen exchanger 1,P26431,133,122,7.483834586466165,1.044079064842888
CHEMBL1250411,Short transient receptor potential channel 5,Q9UL62,132,119,6.336363636363636,0.9938169711283386
CHEMBL4296325,NS3 protease,Q0ZMF1,132,52,8.681439393939394,1.344658719763027
CHEMBL3482,Beta-galactosidase,Q58D55,132,92,6.281287878787879,1.8646889126394943
CHEMBL1293263,M18 aspartyl aminopeptidase,Q8I2J3,132,132,5.732500000000001,0.4071655420415069
CHEMBL1938211,Lysine-specific demethylase 6B,O15054,132,121,5.199015151515152,0.9286655120959677
CHEMBL1858,DNA gyrase subunit A,P0AES4,131,117,6.007480916030534,0.6799257238975563
CHEMBL3046,Sialidase 3,Q9UQ49,131,56,4.97206106870229,0.6793523132165635
CHEMBL5270,Dihydrofolate reductase,Q81R22,131,31,5.677404580152672,0.7880878394875104
CHEMBL2189127,Monoacylglycerol lipase ABHD6,Q9BV23,131,99,6.592366412213741,1.0234082064440504
CHEMBL1287620,Fructose-bisphosphate aldolase,P9WQA3,131,129,5.794580152671756,0.476915182818762
CHEMBL4408,Phosphodiesterase 8B,O95263,131,130,7.243358778625955,0.9412034936407602
CHEMBL1907588,Acetylcholine receptor; alpha1/beta1/delta/gamma,P02708,130,113,5.827307692307692,1.4344087123982252
CHEMBL1907588,Acetylcholine receptor; alpha1/beta1/delta/gamma,P11230,130,113,5.827307692307692,1.4344087123982252
CHEMBL1907588,Acetylcholine receptor; alpha1/beta1/delta/gamma,P07510,130,113,5.827307692307692,1.4344087123982252
CHEMBL1907588,Acetylcholine receptor; alpha1/beta1/delta/gamma,Q07001,130,113,5.827307692307692,1.4344087123982252
CHEMBL5695,Intestinal alkaline phosphatase,P19111,130,106,5.545769230769231,0.7128595819248276
CHEMBL4924,Ribosomal protein S6 kinase alpha 6,Q9UK32,130,95,6.2958461538461545,1.0495209572532476
CHEMBL1770034,Phosphatidylinositol-5-phosphate 4-kinase type-2 gamma,Q8TBX8,130,121,5.694769230769231,0.9552484277588932
CHEMBL5455,Tyrosine-protein kinase FES,P07332,130,113,6.4882307692307695,0.7919649445932062
CHEMBL4421,HM74 nicotinic acid GPCR,P49019,129,114,5.938759689922481,0.8254137293578306
CHEMBL5580,Ectonucleotide pyrophosphatase/phosphodiesterase family member 3,O14638,129,121,5.564418604651163,0.7401825228625455
CHEMBL3091266,G-protein coupled receptor 39,O43194,129,81,7.271395348837209,1.1520319983796883
CHEMBL1857,Enoyl-[acyl-carrier-protein] reductase,P0AEK4,129,114,5.980930232558139,1.2711451787293921
CHEMBL2804,"Inositol 1,4,5-trisphosphate receptor type 1",P29994,129,34,7.80860465116279,1.2595576754522577
CHEMBL2391,11-beta-hydroxysteroid dehydrogenase 1,P16232,129,112,6.988992248062016,1.0843170697503282
CHEMBL1075146,Pseudolysin,P14756,128,118,4.84546875,0.6503383242771581
CHEMBL2073663,Monocarboxylate transporter 4,O15427,128,91,6.46203125,1.2772197656333109
CHEMBL4086,Prostanoid EP4 receptor,P43114,128,97,7.654453125,0.8846368609424942
CHEMBL1293197,Acidic mammalian chitinase,Q9BZP6,128,115,6.65359375,1.3253023629898417
CHEMBL4521,Cytochrome P450 24A1,Q07973,128,78,6.648203125,1.0352179835068476
CHEMBL1903,GABA transporter 1,P30531,128,97,6.083671875,1.0971379165910062
CHEMBL2052028,Eukaryotic initiation factor 4A-I,P60842,128,73,6.55296875,1.6641085477991706
CHEMBL5736,Glucagon,P01275,128,114,6.84265625,0.6427714162157002
CHEMBL2870,Methionyl-tRNA synthetase,P56192,127,85,5.347244094488189,0.9712099123841668
CHEMBL1169599,Metastin receptor,Q924U1,127,105,8.77464566929134,0.9980845109075855
CHEMBL5281,Cytochrome P450 2E1,P05181,127,104,4.95244094488189,0.7537764357789436
CHEMBL4105,Serotonin 1d (5-HT1d) receptor,P79400,127,112,6.839448818897638,1.4866876504426725
CHEMBL3627587,"Indoleamine 2,3-dioxygenase 2",Q6ZQW0,127,51,5.1088188976377955,0.7805173438716718
CHEMBL3137276,Nicotinic acetylcholine receptor alpha6/alpha3/beta4,P43143,127,119,6.222204724409449,1.2250668354853436
CHEMBL5114,Quinolone resistance protein norA,P0A0J7,127,113,5.120551181102361,0.27579986730263234
CHEMBL3137276,Nicotinic acetylcholine receptor alpha6/alpha3/beta4,P12392,127,119,6.222204724409449,1.2250668354853436
CHEMBL3137276,Nicotinic acetylcholine receptor alpha6/alpha3/beta4,P04757,127,119,6.222204724409449,1.2250668354853436
CHEMBL4530,Coagulation factor XIII,P00488,126,123,6.094682539682539,0.8592412341203711
CHEMBL4556,Glycine transporter 1,P28572,126,118,6.52968253968254,1.1805164541050241
CHEMBL3344,Fatty acid binding protein muscle,P05413,126,95,5.724682539682539,0.9059648439165274
CHEMBL1293244,Beta-lactamase,Q79MP6,126,124,5.250634920634921,1.0164918069767184
CHEMBL2096912,Protein farnesyltransferase,Q61239,126,118,6.953333333333333,1.198800734067176
CHEMBL3399,Sodium channel protein type II alpha subunit,P04775,126,118,6.055714285714285,1.1461870203916489
CHEMBL1837,Trypanothione reductase,P39051,126,114,5.467936507936508,0.6054305145402796
CHEMBL1075115,Dual specificity tyrosine-phosphorylation-regulated kinase 4,Q9NR20,126,117,5.866746031746032,0.7556187709315637
CHEMBL2760,Sphingomyelin phosphodiesterase,P17405,126,110,5.115079365079365,0.7292448105065906
CHEMBL1628472,Relaxin-3 receptor 1,Q9NSD7,126,91,6.554444444444445,1.1494030141290257
CHEMBL2096912,Protein farnesyltransferase,Q8K2I1,126,118,6.953333333333333,1.198800734067176
CHEMBL1764940,Replication protein A 70 kDa DNA-binding subunit,P27694,125,111,5.7048000000000005,1.537827122294478
CHEMBL5358,Eukaryotic translation initiation factor 2-alpha kinase 4,Q9P2K8,125,89,6.94728,0.8476974277607894
CHEMBL3200,Sialidase 2,Q9Y3R4,125,51,4.626720000000001,0.4575967657228362
CHEMBL1075281,Dual specificity protein kinase CLK2,O35491,125,120,6.24392,0.6210863219833768
CHEMBL3578,Aldehyde dehydrogenase dimeric NADP-preferring,P30838,124,100,5.610806451612904,0.7771425634080777
CHEMBL4244,Legumain,Q99538,124,121,7.004758064516129,0.9778410462457855
CHEMBL3080,Chitinase 1,Q13231,124,113,6.232822580645161,0.9233251684214183
CHEMBL3112379,Phosphatidylcholine:ceramide cholinephosphotransferase 2,Q8NHU3,123,107,5.762601626016259,0.9317477296997361
CHEMBL1882,Neuronal acetylcholine receptor protein alpha-4 subunit,P43681,123,123,6.648292682926829,1.3250652364497606
CHEMBL6069,Pantothenate synthetase,P9WIL5,123,120,5.545365853658537,0.7172126061573565
CHEMBL3540,G-protein coupled receptor ChemR23,Q99788,123,85,6.761951219512195,0.9222066004938386
CHEMBL3804751,FAD-dependent decaprenylphosphoryl-beta-D-ribofuranose 2-oxidase,P9WJF1,123,122,6.082520325203252,0.9385064813665949
CHEMBL1293249,Kruppel-like factor 5,Q13887,122,121,5.946229508196722,0.5254802256525188
CHEMBL1795139,Transmembrane protease serine 6,Q8IU80,122,118,6.477540983606557,1.5384081670314635
CHEMBL4523442,N-terminal Xaa-Pro-Lys N-methyltransferase 1,Q9BV86,121,63,6.432314049586776,1.0725901363293273
CHEMBL3427,Dopamine D2 receptor,P61168,121,120,6.341652892561984,0.9872565920328908
CHEMBL1163111,Interleukin-5,P04401,121,104,4.860495867768595,0.2555772917653596
CHEMBL1163116,Cholesteryl ester transfer protein,P22687,121,121,6.050909090909091,1.0581855539869494
CHEMBL2378,Dual specificity phosphatase Cdc25C,P30307,120,105,5.299,0.8595615454521965
CHEMBL4295801,Protein ENL,Q03111,120,73,6.01225,0.9014614301699405
CHEMBL3839,Fibroblast growth factor receptor 4,Q03142,120,77,7.305583333333333,0.7962747254405041
CHEMBL2759,Cytochrome P450 21,P08686,120,113,6.039916666666667,0.8221538589504493
CHEMBL4772,1-acylglycerol-3-phosphate O-acyltransferase beta,O15120,120,111,6.486999999999999,0.9876579546047902
CHEMBL3913,Complement C1s,P09871,120,116,6.313166666666667,0.9122481080518927
CHEMBL3481,Carboxypeptidase A1,P00730,120,106,5.71525,1.1643918328192344
CHEMBL2366461,Cytochrome b6-f complex subunit 4,P00166,120,76,5.714833333333333,1.057069822974934
CHEMBL1743125,Solute carrier family 15 member 2,Q16348,119,57,4.670924369747899,0.8224446729077302
CHEMBL2366512,Protoporphyrinogen IX oxidase,Q9FYV8,119,101,6.989075630252101,1.455826977750737
CHEMBL5666,Disks large homolog 4,P78352,119,56,4.9925210084033615,0.637611031856207
CHEMBL5517,Secreted frizzled-related protein 1,Q8N474,119,73,6.72344537815126,0.572452998551402
CHEMBL2493,CaM kinase I alpha,Q14012,119,102,5.88453781512605,0.810100169469706
CHEMBL3885644,Toll-like receptor 1/2,Q9EPQ1,118,117,7.237118644067797,1.3229390368437186
CHEMBL3740,Poly [ADP-ribose] polymerase-1,P11103,118,99,6.201610169491525,0.8965441440826327
CHEMBL2095202,"Troponin, cardiac muscle",P63316,118,118,5.368898305084746,0.5742386768111506
CHEMBL3559643,Neuraminidase,P03469,118,59,6.4333898305084745,1.2821024535637389
CHEMBL5700,Lysophosphatidic acid receptor 5,Q9H1C0,118,101,7.515,0.9328558760441424
CHEMBL2095202,"Troponin, cardiac muscle",P45379,118,118,5.368898305084746,0.5742386768111506
CHEMBL2146346,Neurogenic locus notch homolog protein 1,P46531,118,112,7.705169491525424,1.157610073443644
CHEMBL3832642,T1R2/T1R3,Q8TE23,118,113,5.631610169491525,0.4177247495557617
CHEMBL3832642,T1R2/T1R3,Q7RTX0,118,113,5.631610169491525,0.4177247495557617
CHEMBL2095202,"Troponin, cardiac muscle",P19429,118,118,5.368898305084746,0.5742386768111506
CHEMBL3885644,Toll-like receptor 1/2,Q9QUN7,118,117,7.237118644067797,1.3229390368437186
CHEMBL1697676,Carbonic anhydrase 2,Q3I4V7,117,104,6.294188034188034,0.8088564078229681
CHEMBL5553,ATP-dependent RNA helicase DDX3X,O00571,117,107,5.7328205128205125,0.9202668711076996
CHEMBL1075132,"Heat shock protein 75 kDa, mitochondrial",Q12931,117,100,5.926495726495726,0.9941443351110054
CHEMBL4894,Galanin receptor 1,P47211,117,106,6.946239316239317,1.6952116776052444
CHEMBL5785,"Interferon-induced, double-stranded RNA-activated protein kinase",P19525,117,102,5.590683760683761,0.7468759377379497
CHEMBL3203,4-hydroxyphenylpyruvate dioxygenase,Q02110,117,60,5.941538461538461,1.1699768752390636
CHEMBL5683,Serine/threonine-protein kinase DCLK1,O15075,117,106,6.305555555555555,1.0442630171762983
CHEMBL3092,Cathepsin E,P14091,116,90,7.24698275862069,1.4694158672766868
CHEMBL1795192,Cyclin-dependent kinase 13,Q14004,116,84,7.2988793103448275,0.9567978947480514
CHEMBL5525,"3-beta-hydroxysteroid-delta(8),delta(7)-isomerase",Q60490,116,109,7.723103448275862,0.7777005278026552
CHEMBL5973,Carbonic anhydrase 15,Q99N23,116,97,5.982413793103449,1.0734937845871422
CHEMBL2323,Cathepsin B,P07688,116,115,5.813879310344827,0.9629481647087976
CHEMBL4720,Glucagon receptor,P30082,116,94,6.67,1.186326445285028
CHEMBL5657,Histamine H4 receptor,Q91ZY2,116,55,7.181293103448276,0.9346066646943808
CHEMBL6185,Carbonic anhydrase,Q6FTL6,115,111,7.107304347826087,0.7822766165529252
CHEMBL3813,Dipeptidyl peptidase IV,P22411,115,103,6.583565217391304,1.1342407548698064
CHEMBL3446,Serotonin 2a (5-HT2a) receptor,Q75Z89,115,99,5.504086956521739,0.9368956724972985
CHEMBL3457,Kynurenine 3-monooxygenase,O88867,115,80,6.1566086956521735,0.9503940890415544
CHEMBL5351,Transcriptional activator protein luxR,P12746,115,111,5.119999999999999,0.7721410197534935
CHEMBL1293274,Eukaryotic translation initiation factor 4H,Q15056,115,108,4.706695652173913,0.48491583957647616
CHEMBL3544,Orphan nuclear receptor LRH-1,O00482,115,85,6.378434782608696,0.9440558183991251
CHEMBL5701,Serine/threonine-protein kinase TAO3,Q9H2K8,115,107,6.578086956521739,0.9204679355862485
CHEMBL2383,Dihydroorotate dehydrogenase,Q63707,115,99,6.399478260869564,1.1299323403733124
CHEMBL2526,Methionine aminopeptidase 1,Q01662,114,105,5.810964912280702,0.6522228422296312
CHEMBL2872,Mitogen-activated protein kinase kinase kinase 9,P80192,114,89,6.6107894736842105,1.0605977148799492
CHEMBL4105758,Butyrophilin subfamily 3 member A1,O00481,114,52,6.9246491228070175,1.6451006262493335
CHEMBL6001,Elongation of very long chain fatty acids protein 1,Q9BW60,114,68,6.657280701754385,1.0830555637350996
CHEMBL5891,Protein arginine N-methyltransferase 3,O60678,114,86,6.04561403508772,1.039191342425905
CHEMBL5262,Glucose-dependent insulinotropic receptor,Q7TQN8,114,104,6.847631578947368,0.6016721575647621
CHEMBL3056,Androgen Receptor,P19091,114,103,6.733157894736842,1.2705321272415941
CHEMBL4948,Dual specificity mitogen-activated protein kinase kinase 5,Q13163,114,101,6.520526315789474,1.0899093427471596
CHEMBL6194,Pteridine reductase 1,Q01782,114,98,5.4970175438596485,1.0692598795218005
CHEMBL5411,Free fatty acid receptor 1,Q76JU9,114,111,6.805,1.3491782159548378
CHEMBL1795184,Protein polybromo-1,Q86U86,114,74,5.71140350877193,1.1897935250285954
CHEMBL2573,P-glycoprotein 3,P21447,113,82,5.420442477876106,0.6540743041294138
CHEMBL4611,Complement C1r,P00736,113,59,5.227699115044248,0.6396176436657259
CHEMBL1641358,Beta-lactamase,Q93LQ9,113,112,7.1426548672566375,0.7896721943076794
CHEMBL3780,Small conductance calcium-activated potassium channel protein 3,P70605,113,104,7.150176991150443,1.148102458018761
CHEMBL3559692,Cyclin-dependent kinase 12,Q9NYV4,113,82,6.8176106194690265,0.7499574682419897
CHEMBL3579,Aldehyde dehydrogenase 1A3,P47895,113,103,5.9747787610619465,0.805883607052724
CHEMBL4047,Retinoid X receptor beta,P28704,113,64,6.903451327433628,0.8443560203656315
CHEMBL1861,4-hydroxyphenylpyruvate dioxygenase,P32754,113,113,6.920619469026549,0.5251331177932764
CHEMBL3317334,Proteasome subunit beta type-10,P40306,112,91,6.122678571428572,0.9863034839336025
CHEMBL2411,Serotonin 3a (5-HT3a) receptor,P35563,112,99,7.947946428571428,1.1092746907085678
CHEMBL3378,Tumor necrosis factor receptor R1,P19438,112,112,5.554821428571429,0.5370707708207672
CHEMBL1641350,Beta-lactamase,Q8RL90,112,111,7.114821428571429,0.987338749195435
CHEMBL4941,S-methyl-5-thioadenosine phosphorylase,Q13126,112,81,8.400625,1.017743734227119
CHEMBL2111345,AMP-activated protein kinase (AMPK) alpha-1/beta-1/gamma-1,Q13131,111,73,7.069099099099099,1.1139051286104378
CHEMBL2363052,Glycine receptor (alpha-1/beta),P23415,111,48,5.921171171171171,0.7729691734871086
CHEMBL2363052,Glycine receptor (alpha-1/beta),P48167,111,48,5.921171171171171,0.7729691734871086
CHEMBL5704,Elongation of very long chain fatty acids protein 6,Q9H5J4,111,106,6.531981981981982,0.8176238519690846
CHEMBL1803,Leukocyte adhesion glycoprotein LFA-1 alpha,P20701,111,87,7.084324324324324,0.9856134422246163
CHEMBL2111345,AMP-activated protein kinase (AMPK) alpha-1/beta-1/gamma-1,Q9Y478,111,73,7.069099099099099,1.1139051286104378
CHEMBL2896,cGMP-dependent protein kinase 2,Q13237,111,102,6.705405405405405,0.8089047407494162
CHEMBL3337,Vascular endothelial growth factor receptor 2,P35918,111,109,6.563513513513513,1.1705621405187017
CHEMBL1293281,Epstein-Barr nuclear antigen 1,P03211,111,111,5.001351351351351,0.2756265143812826
CHEMBL3638349,Glutaminyl-peptide cyclotransferase-like protein,Q9NXS2,111,73,6.573513513513514,0.602875908607535
CHEMBL5662,"2,3-dihydroxybenzoate-AMP ligase",P71716,111,99,7.695945945945946,1.428161805435974
CHEMBL2111345,AMP-activated protein kinase (AMPK) alpha-1/beta-1/gamma-1,P54619,111,73,7.069099099099099,1.1139051286104378
CHEMBL3176,Galanin receptor 2,O43603,110,93,6.657636363636364,1.433949397897211
CHEMBL3585,Sodium channel protein type VII alpha subunit,Q01118,110,83,6.837727272727273,1.3765024545950701
CHEMBL2111413,GABA A receptor alpha-2/beta-2/gamma-2,P18507,110,94,6.409909090909091,1.3132168609067612
CHEMBL4033,Cyclooxygenase-2,Q8SPQ9,110,107,6.731181818181818,0.5833291544391399
CHEMBL2111413,GABA A receptor alpha-2/beta-2/gamma-2,P47870,110,94,6.409909090909091,1.3132168609067612
CHEMBL5844,Glucagon-like peptide 2 receptor,O95838,110,107,9.516636363636364,0.8433107291037609
CHEMBL2111413,GABA A receptor alpha-2/beta-2/gamma-2,P47869,110,94,6.409909090909091,1.3132168609067612
CHEMBL3832643,Kir3.1/Kir3.4,P48548,110,110,6.264545454545455,0.16321672631746884
CHEMBL5533,Nuclear factor NF-kappa-B p65 subunit,Q04206,110,102,5.681909090909091,0.7387548356904654
CHEMBL5784,NUAK family SNF1-like kinase 1,O60285,110,87,6.957090909090909,1.2231448003686602
CHEMBL3415,Thymidine kinase,Q6L709,110,105,6.641181818181818,1.698401154144784
CHEMBL3832643,Kir3.1/Kir3.4,P63251,110,110,6.264545454545455,0.16321672631746884
CHEMBL3108642,Bromodomain adjacent to zinc finger domain protein 2A,Q9UIF9,109,96,5.111559633027523,0.9230998243759049
CHEMBL5163,Sodium channel protein type III alpha subunit,Q9NY46,109,102,5.474036697247706,1.1431981773581152
CHEMBL1293240,Plectin,Q15149,109,78,5.003761467889908,0.44841653294682077
CHEMBL3736,Angiotensin-converting enzyme 2,Q9BYF1,109,97,7.348623853211009,1.6020088476485623
CHEMBL3038470,CDK2/Cyclin A1,P24941,109,106,7.135229357798165,1.0854514305205134
CHEMBL3038470,CDK2/Cyclin A1,P78396,109,106,7.135229357798165,1.0854514305205134
CHEMBL3526,Muscle glycogen phosphorylase,P11217,109,107,6.568990825688073,0.9939194253002236
CHEMBL3094,MAP kinase-activated protein kinase 5,Q8IW41,109,88,6.132844036697248,0.7405192019206415
CHEMBL3580505,Toxin B,P18177,108,71,6.671481481481481,1.3161703258912438
CHEMBL3290,Ephrin type-B receptor 2,P29323,108,80,6.125462962962962,1.275097492522775
CHEMBL5869,Heat shock factor protein 1,Q00613,108,92,5.729444444444444,1.2247249039448318
CHEMBL5107,Voltage-gated N-type calcium channel alpha-1B subunit,Q02294,108,73,5.905555555555555,0.881702191158716
CHEMBL4542,Probable low molecular weight protein-tyrosine-phosphatase,P9WIA1,108,90,4.853148148148148,0.576213304462444
CHEMBL2046266,Acetylcholinesterase,Q869C3,108,56,6.0062037037037035,1.3396531268104703
CHEMBL3988585,Dihydrolipoyl dehydrogenase,P9WHH9,107,107,5.725046728971963,0.42003902296652307
CHEMBL3735,Vascular cell adhesion protein 1,P19320,107,99,5.612523364485981,1.1274625822833098
CHEMBL5767,PROBABLE TRANSMEMBRANE CARBONIC ANHYDRASE (CARBONATE DEHYDRATASE) (CARBONIC DEHYDRATASE),P96878,107,101,6.17588785046729,1.0046006934805303
CHEMBL4773,Glucagon receptor,Q61606,107,99,6.582990654205608,1.0921687053948705
CHEMBL2046264,Renin,Q6DLS0,107,97,7.919999999999999,0.6525884599908339
CHEMBL2188,Purinergic receptor P2Y12,Q9EPX4,107,105,6.087383177570094,0.6326678112066215
CHEMBL1926492,Tau-tubulin kinase 1,Q5TCY1,107,79,6.2878504672897195,0.9279781512121601
CHEMBL1795199,Receptor-interacting serine/threonine-protein kinase 3,Q9Y572,107,99,6.645140186915888,0.9988544046414688
CHEMBL3883323,Cyclin-C/Cyclin-dependent kinase 19,P24863,107,104,7.934672897196261,0.8533610770614124
CHEMBL3883323,Cyclin-C/Cyclin-dependent kinase 19,Q9BWU1,107,104,7.934672897196261,0.8533610770614124
CHEMBL1075162,Uracil nucleotide/cysteinyl leukotriene receptor,Q13304,106,72,5.8297169811320755,1.0880786539734635
CHEMBL3467,P-glycoprotein 1,P06795,106,83,5.4849056603773585,0.7172184966714501
CHEMBL5026,Serine/threonine-protein kinase EEF2K,O00418,106,95,5.658962264150944,0.8013808668794996
CHEMBL3779760,Lysine-specific demethylase 2B,Q8NHM5,106,102,6.557264150943396,0.7200284822658287
CHEMBL4630839,N-acyl-phosphatidylethanolamine-hydrolyzing phospholipase D,Q6IQ20,106,105,5.5993396226415095,0.7205173655326726
CHEMBL2024,Follicle stimulating hormone receptor,P23945,106,92,6.6183962264150935,1.2155509327382632
CHEMBL3038471,CDK3/Cyclin E,P24864,105,97,7.069904761904763,0.6828496501343798
CHEMBL3038471,CDK3/Cyclin E,Q00526,105,97,7.069904761904763,0.6828496501343798
CHEMBL2560,Protein kinase C delta,P28867,105,41,7.889333333333333,1.2758355231185885
CHEMBL3414411,Sodium channel protein type 9 subunit alpha,Q62205,105,74,7.015428571428571,1.149168619691435
CHEMBL2253,Corticotropin releasing factor receptor 2,Q60748,105,98,8.393809523809525,0.7758226167112763
CHEMBL4174,Sialidase 4,Q8WWR8,105,41,5.07152380952381,0.8266379787944343
CHEMBL3621,Nociceptin receptor,P35377,105,79,7.914190476190476,1.0700600099566493
CHEMBL4800,Caspase-1,P29452,105,105,7.418285714285714,0.8949951193924262
CHEMBL2883,"Thymidine kinase, cytosolic",P04183,105,70,5.239904761904762,0.9952227188289361
CHEMBL3351190,Hepatocyte growth factor activator,Q04756,105,97,5.959333333333333,1.032273691594906
CHEMBL6025,DNA polymerase theta,O75417,105,87,7.424095238095238,1.1871116330421618
CHEMBL1783,Vascular endothelial growth factor A,P15692,104,73,5.88125,1.957494280763879
CHEMBL6138,Lysine-specific demethylase 4D,Q6B0I6,104,95,6.210576923076923,0.8269511518932813
CHEMBL5575,Lysyl-tRNA synthetase,Q15046,104,101,6.375192307692307,1.3371408279334913
CHEMBL4402,Retinoid X receptor gamma,P28705,104,62,6.939423076923077,0.8003698500930765
CHEMBL4614,Dihydrofolate reductase,P07382,104,102,5.925096153846154,1.0870133618852629
CHEMBL3414,Human herpesvirus 5 DNA polymerase,P08546,103,100,6.310582524271845,0.8193634847146665
CHEMBL3744,Glutamate receptor ionotropic kainate 3,P42264,103,77,5.560776699029126,1.1029529786791596
CHEMBL3038455,AMPK alpha2/beta1/gamma1,Q9Y478,103,101,6.924951456310679,1.3140327642275678
CHEMBL2095167,GABA-A receptor; alpha-1/beta-2/gamma-2,P62813,103,80,7.387184466019417,0.8028764677716166
CHEMBL2095167,GABA-A receptor; alpha-1/beta-2/gamma-2,P63138,103,80,7.387184466019417,0.8028764677716166
CHEMBL3038455,AMPK alpha2/beta1/gamma1,P54619,103,101,6.924951456310679,1.3140327642275678
CHEMBL2095167,GABA-A receptor; alpha-1/beta-2/gamma-2,P18508,103,80,7.387184466019417,0.8028764677716166
CHEMBL3038455,AMPK alpha2/beta1/gamma1,P54646,103,101,6.924951456310679,1.3140327642275678
CHEMBL2052,Influenza virus A matrix protein M2,P0DOF8,103,80,5.31990291262136,0.7704932150273601
CHEMBL2163174,Platelet glycoprotein 4,Q07969,103,74,5.268543689320388,0.6218574449952816
CHEMBL3125,Ribosomal protein S6 kinase alpha 4,O75676,103,72,6.303203883495145,0.799448601141514
CHEMBL3305,Testis-specific androgen-binding protein,P04278,103,98,7.429223300970874,1.4854791854590672
CHEMBL1770046,P2Y purinoceptor 14,Q9ESG6,103,93,6.767864077669903,0.9539737844112874
CHEMBL2490,Serotonin 2a (5-HT2a) receptor,P50129,103,101,6.190582524271845,1.0160504322463897
CHEMBL3313,Vesicular acetylcholine transporter,P81721,103,92,7.960291262135922,1.2703993939769567
CHEMBL3263,Histamine H3 receptor,P58406,103,94,7.8496116504854365,0.8944139524260051
CHEMBL4091,1-deoxyxylulose-5-phosphate reductoisomerase,P45568,103,85,5.939320388349515,1.0504651277316353
CHEMBL2726,Sialidase 1,Q99519,103,50,5.237961165048544,0.7727076904934028
CHEMBL3859,Cytochrome P450 19A1,P22443,103,98,6.744174757281553,0.9169883830511024
CHEMBL2169722,Glycylpeptide N-tetradecanoyltransferase,Q8ILW6,102,99,6.101176470588236,1.0043551639148718
CHEMBL3879859,E3 ubiquitin-protein ligase SMURF1,Q9HCE7,102,96,6.863627450980393,1.0490889864149757
CHEMBL1961783,Nuclear receptor subfamily 1 group D member 1,P20393,102,81,6.18656862745098,0.5640298691234747
CHEMBL2775,Transient receptor potential cation channel subfamily V member 4,Q9ERZ8,102,92,6.928725490196078,1.2868263759800984
CHEMBL3154,Neurokinin 3 receptor,P16177,102,87,6.329607843137255,1.1978660246484927
CHEMBL4619,Phosphodiesterase 1C,Q14123,102,80,6.623823529411765,1.0136260213333381
CHEMBL1075282,Dual specificity protein kinase CLK3,O35492,102,94,5.617549019607843,0.5025567034151911
CHEMBL3503,"Glutamate receptor ionotropic, AMPA 2",P19491,102,67,5.855490196078431,1.3613895256307025
CHEMBL1795126,"cAMP and cAMP-inhibited cGMP 3',5'-cyclic phosphodiesterase 10A",Q8CA95,102,100,7.288823529411765,1.0322083354428586
CHEMBL4573,Metabotropic glutamate receptor 6,O15303,102,88,5.29264705882353,0.5912462529478958
CHEMBL3638,RAS guanyl releasing protein 3,Q8IV61,102,87,7.779411764705882,1.16973029262475
CHEMBL5510,Mitogen-activated protein kinase 3,Q63844,102,90,8.706470588235293,0.9757593103832795
CHEMBL3349,Cathepsin K,P43236,102,90,7.8960784313725485,1.3392403320744717
CHEMBL5121,Mitogen-activated protein kinase 6,Q16659,101,32,6.031287128712871,0.841845191666896
CHEMBL5703,Tyrosine-protein kinase Srms,Q9H3Y6,101,83,6.527524752475247,0.854956614034413
CHEMBL1075152,Glucokinase regulatory protein,Q14397,101,86,6.816732673267327,1.0223669682759624
CHEMBL1075207,Transcriptional activator protein lasR,P25084,101,76,5.74970297029703,1.3112425065147515
CHEMBL3530,Dual specificity mitogen-activated protein kinase kinase 7,O14733,101,92,6.306336633663366,0.9450954690107003
CHEMBL2380186,Transcriptional activator Myb,P01103,101,59,4.91059405940594,0.5062604503260709
CHEMBL3262,Lanosterol synthase,P48450,101,70,5.8461386138613864,0.9428583884094469
CHEMBL4090,Protein kinase Pfmrk,P90584,101,89,4.979405940594059,0.6674336248379732
CHEMBL3099,Tyrosine-protein kinase ABL,P00520,101,63,5.476831683168316,0.7200137924971568
CHEMBL2322,Renin,P08424,101,87,6.481584158415841,1.2998059337249288
CHEMBL4379,ADAM17,Q9Z0F8,100,51,6.855,0.8002834093954063
CHEMBL4567,Phosphodiesterase 5A,O54735,100,96,7.1304,1.386239677849557
CHEMBL6003,Testis-specific serine/threonine-protein kinase 1,Q9BXA7,100,86,6.4546,1.1330992806448947
CHEMBL1886,"Potassium channel, inwardly rectifying, subfamily J, member 11",Q14654,100,100,6.1311,0.8379736200375217
CHEMBL1923,Histidine-rich protein,P05227,100,85,5.5635,1.2354358614176484
CHEMBL4523470,Sphingomyelin phosphodiesterase 3,Q9NY59,100,98,6.381799999999999,0.7042459682798214
CHEMBL2189158,"Phosphatidylinositol 4,5-bisphosphate 3-kinase catalytic subunit gamma isoform",Q9JHG7,100,97,6.8646,1.530896231861347
CHEMBL1075163,Serine/threonine-protein kinase haspin,Q8TF76,99,88,6.808686868686868,1.0787054282556747
CHEMBL2406894,"Alkaline phosphatase, tissue-nonspecific isozyme",P09487,99,71,5.234040404040404,0.8459940647158987
CHEMBL2359,CaM kinase II alpha,P11275,99,37,6.56959595959596,1.016192291774081
CHEMBL5630,1-deoxy-D-xylulose 5-phosphate reductoisomerase,P9WNS1,99,78,5.765454545454546,0.9815473755575027
CHEMBL3638358,"High affinity cGMP-specific 3',5'-cyclic phosphodiesterase 9A",Q8QZV1,99,99,8.132929292929292,0.4023102988765613
CHEMBL4497,NADH-ubiquinone oxidoreductase chain 1,P03887,98,77,5.9447959183673476,1.2342134935302054
CHEMBL4676,Voltage-gated calcium channel alpha2/delta subunit 1,O08532,98,49,6.835000000000001,0.9671344110681643
CHEMBL2396505,Genome polyprotein,P03313,98,96,6.036224489795918,0.7679112321258196
CHEMBL2578,Scytalone dehydratase,P56221,98,81,8.941020408163265,1.710366506690329
CHEMBL2755,Glutathione reductase,P00390,98,72,4.979285714285714,0.6403418062769125
CHEMBL3414415,Bifunctional protein GlmU,P0ACC7,98,49,6.1230612244897955,1.0700211079556563
CHEMBL5081,Interleukin-1 receptor-associated kinase 3,Q9Y616,97,71,6.687731958762887,0.9945094112536924
CHEMBL1795188,Proton-coupled folate transporter,Q96NT5,97,37,6.9573195876288665,0.8751208433981152
CHEMBL1741201,Hexokinase,Q38C41,97,95,5.23659793814433,0.34471270223047745
CHEMBL5201,Free fatty acid receptor 3,O14843,97,65,5.708865979381443,0.6897748368861936
CHEMBL4983,Transketolase,P29401,97,63,6.673917525773196,1.0937669586314145
CHEMBL2407,Elastase 2A,P08419,97,87,6.095773195876288,1.4101394988998033
CHEMBL2458,Peroxisome proliferator-activated receptor delta,P35396,97,84,6.899381443298969,1.058122171617592
CHEMBL5202,Sodium channel protein type VIII alpha subunit,Q9UQD0,97,81,6.480515463917526,1.3611785419980273
CHEMBL4540,Phosphotyrosine-protein phosphatase PTPB,P96830,97,59,5.341752577319587,0.8070316112009884
CHEMBL3638350,Collagenase 3,P33435,97,97,8.105463917525773,0.8210955849485434
CHEMBL2094,P2X purinoceptor 1,P51575,96,82,6.004583333333334,0.9362185042602492
CHEMBL2977,Cyclooxygenase-2,P35355,96,91,6.290416666666666,1.0299196868705394
CHEMBL5002,Nuclear receptor subfamily 4 group A member 2,P43354,96,79,5.416666666666667,1.2572054780484732
CHEMBL1795135,3-oxoacyl-[acyl-carrier-protein] synthase 3,C3TDZ2,96,96,4.754583333333334,0.483269384759281
CHEMBL2718,Metabotropic glutamate receptor 8,P70579,96,69,5.3134375,0.9234008402866577
CHEMBL3521,Receptor-type tyrosine-protein phosphatase F (LAR),P10586,96,90,5.143958333333333,0.6443511288055468
CHEMBL4360,Monocarboxylate transporter 1,P53985,96,73,8.212916666666667,1.1003692362749657
CHEMBL3548,Peptide N-myristoyltransferase 1,P30418,96,94,6.592395833333334,1.26112877158075
CHEMBL1909044,Progesterone receptor,Q690N0,96,48,6.8507291666666665,1.418254854086652
CHEMBL2878,Histone deacetylase 6,Q9Z2V5,96,85,6.831979166666667,0.7430755714088316
CHEMBL1741220,Bromodomain adjacent to zinc finger domain protein 2B,Q9UIF8,96,77,5.132604166666667,1.0521669317142512
CHEMBL3938,Serine/threonine-protein kinase 16,O75716,96,77,6.376770833333333,0.7372059553571407
CHEMBL3817,Bcl2-antagonist of cell death (BAD),Q92934,95,94,5.809263157894737,0.9992659455876585
CHEMBL4559,Aldose reductase,P80276,95,93,6.380105263157895,1.4717239093653183
CHEMBL1287627,Cytochrome b-245 heavy chain,P04839,95,60,5.249578947368421,0.8943140908926199
CHEMBL3831291,"HLA class II histocompatibility antigen, DRB1-15 beta chain",P01911,95,52,6.542,1.2396710270548188
CHEMBL1741172,60S ribosomal protein L19-A,P0CX82,95,94,5.204,0.3805578212560463
CHEMBL2303641,Renilla-luciferin 2-monooxygenase,P27652,95,95,4.8522105263157895,0.9528626287402191
CHEMBL3236,Protein-tyrosine phosphatase G1,Q05209,95,91,5.123578947368421,0.6800202058785719
CHEMBL3667,PI4-kinase alpha subunit,P42356,94,92,6.520212765957447,1.2955191417794636
CHEMBL4796,Beta-chymotrypsin,P17538,94,90,5.953191489361703,1.1825598375512147
CHEMBL4105879,Meprin A subunit beta,Q16820,94,90,5.693829787234042,0.9348820940930831
CHEMBL3988607,Plasmepsin 4,Q17SB2,94,92,6.698510638297872,1.0229526707293335
CHEMBL4330,Cysteinyl leukotriene receptor 2,Q9NS75,94,87,7.06031914893617,1.4874944309122529
CHEMBL1795167,Toll-like receptor 4,Q9QUK6,94,92,5.245851063829788,0.7762072242635053
CHEMBL4693,Sarcoplasmic/endoplasmic reticulum calcium ATP-ase,P04191,94,83,6.309148936170212,1.6739070641167428
CHEMBL5215,"Solute carrier family 2, facilitated glucose transporter member 3",P11169,94,93,6.482446808510638,0.6822774735426076
CHEMBL2364670,Bacterial beta-lactamase TEM,P62593,93,83,6.005483870967742,1.4578188860857617
CHEMBL3777,Metabotropic glutamate receptor 7,Q14831,93,74,5.9211827956989245,1.0694968844217132
CHEMBL3062,"Myosin light chain kinase, smooth muscle",P11799,93,86,5.695591397849462,1.1741541473181143
CHEMBL5554,Phosphatidylinositol-4-phosphate 3-kinase C2 domain-containing beta polypeptide,O00750,93,72,6.262795698924732,1.1833917407837578
CHEMBL2366481,Photosystem Q(B) protein,P69560,93,73,5.328279569892473,0.8980917253143319
CHEMBL2163182,NAD-dependent protein deacetylase sirtuin-6,Q8N6T7,93,59,4.958817204301075,0.6706678201003728
CHEMBL3108660,Von Hippel-Lindau disease tumor suppressor,P40337,93,75,6.052688172043011,1.10382057830868
CHEMBL2015,Glutamate (NMDA) receptor subunit zeta 1,Q05586,93,77,6.820645161290323,1.2410214993509705
CHEMBL2029198,Rap guanine nucleotide exchange factor 4,Q8WZA2,93,80,5.442903225806452,0.5551431085474645
CHEMBL2029197,Rap guanine nucleotide exchange factor 3,O95398,93,75,5.143225806451613,0.3898610713817964
CHEMBL2189162,Pyruvate kinase,Q6GG09,93,92,6.8100000000000005,1.0305032540083214
CHEMBL2176778,Poly [ADP-ribose] polymerase 15,Q460N3,92,56,5.487282608695652,0.6617344895343399
CHEMBL2864,6-O-methylguanine-DNA methyltransferase,P16455,92,60,6.21554347826087,1.1741205398275383
CHEMBL3879857,Chromodomain Y-like protein 2,Q8N8U2,92,90,5.466847826086957,0.9317523716541505
CHEMBL2283,Carbonic anhydrase II,P00921,92,71,6.647826086956522,1.1169275224028654
CHEMBL2052027,Acidic mammalian chitinase,Q91XA9,92,85,6.710434782608695,1.0552203176478718
CHEMBL1741185,CAAX prenyl protease 1,P47154,92,92,5.155,0.32288023840372826
CHEMBL3751,Estrogen-related receptor beta,O95718,92,89,6.117065217391304,0.8053400592821433
CHEMBL5200,C-X-C chemokine receptor type 3,O88410,92,86,7.224891304347826,0.9822507172671884
CHEMBL4888453,Probable G-protein coupled receptor 139,P0C0W8,92,90,8.815217391304348,0.39024781718172113
CHEMBL4748,Heat shock protein 90 beta,P41148,92,81,6.482934782608695,1.0187263520275387
CHEMBL5880,Interleukin-2,P60568,92,85,6.616847826086956,1.06485094592069
CHEMBL6113,Phosphoethanolamine/phosphocholine phosphatase,Q8TCT1,91,66,5.783186813186813,0.679708890499584
CHEMBL3038477,Casein kinase II alpha/beta,P68400,91,85,6.851538461538461,0.8472070756667633
CHEMBL3038477,Casein kinase II alpha/beta,P67870,91,85,6.851538461538461,0.8472070756667633
CHEMBL1628461,Oxoeicosanoid receptor 1,Q8TDS5,91,72,6.7118681318681315,1.2082916425800079
CHEMBL2886,Phosphoglycerate kinase 1,P00558,91,91,6.253516483516484,0.9175709159712864
CHEMBL4523494,7-alpha-hydroxycholest-4-en-3-one 12-alpha-hydroxylase,Q9UNU6,91,90,8.06098901098901,1.4343934490036427
CHEMBL6002,Cell division cycle 2-like protein kinase 6,Q9BWU1,91,73,6.176813186813187,1.0409332128441064
CHEMBL1293276,Regulator of G-protein signaling 12,O14924,91,91,5.013736263736264,0.3616371673119907
CHEMBL5027,Flap endonuclease 1,P39748,91,86,6.778901098901099,2.3185011684033414
CHEMBL2109238,Neuronal acetylcholine receptor; alpha9/alpha10,Q9UGM1,90,76,7.342555555555556,1.4966626252208062
CHEMBL4141,Pyruvate dehydrogenase kinase isoform 4,Q16654,90,82,6.079,1.0829444361025145
CHEMBL4702,Dopamine beta-hydroxylase,P15101,90,71,5.350555555555555,1.016633971353683
CHEMBL5873,"Solute carrier family 2, facilitated glucose transporter member 2",P11168,90,88,5.309111111111111,0.5536734210511893
CHEMBL2275,Sorbitol dehydrogenase,Q00796,90,78,6.834777777777778,0.9687467031074339
CHEMBL4523311,Stimulator of interferon genes protein,Q3TBT3,90,51,5.490333333333333,1.1668438656228062
CHEMBL5310,Activin receptor type-1B,P36896,90,79,6.323222222222222,0.8968958049260142
CHEMBL2109238,Neuronal acetylcholine receptor; alpha9/alpha10,Q9GZZ6,90,76,7.342555555555556,1.4966626252208062
CHEMBL4954,Ephrin type-A receptor 3,P29320,90,63,6.375,1.2493029517168919
CHEMBL2164,Serine/threonine protein phosphatase PP1-alpha catalytic subunit,P62136,90,90,5.041555555555556,0.474459861105499
CHEMBL6157,Tumor susceptibility gene 101 protein,Q99816,90,87,4.562333333333333,0.30018365165195315
CHEMBL5731,Complement factor B,P00751,89,59,6.009438202247192,1.1438574684240421
CHEMBL4523999,mTORC2,P42345,89,87,7.093370786516854,0.9926994233130014
CHEMBL4523999,mTORC2,Q9BPZ7,89,87,7.093370786516854,0.9926994233130014
CHEMBL4523999,mTORC2,Q9BVC4,89,87,7.093370786516854,0.9926994233130014
CHEMBL2304405,Neurokinin 2 receptor,P51144,89,85,6.438651685393258,1.3533848063712126
CHEMBL6035,"Thioredoxin reductase 1, cytoplasmic",O89049,89,66,5.3773033707865165,0.6515519306117994
CHEMBL4523999,mTORC2,Q6R327,89,87,7.093370786516854,0.9926994233130014
CHEMBL5994,C-X-C chemokine receptor type 6,O00574,89,50,5.65123595505618,0.870844444183501
CHEMBL5334,Non-receptor tyrosine-protein kinase TNK1,Q13470,89,64,6.636853932584269,0.9636019023170991
CHEMBL5579,Citron Rho-interacting kinase,O14578,89,64,6.1016853932584265,0.751777040138679
CHEMBL2688,Hexokinase type I,P19367,89,88,5.005280898876404,1.0315578354733466
CHEMBL2176772,E3 ubiquitin-protein ligase TRIM33,Q9UPN9,89,86,5.12685393258427,0.9104264678829691
CHEMBL2088,Carboxypeptidase A1,P15085,89,78,6.309438202247191,1.8523543738311188
CHEMBL4088,Topoisomerase IV subunit A,P0C1U9,89,85,5.235505617977528,0.7070425138882048
CHEMBL614865,Mitochondrial complex I; NADH oxidoreductase,P52505,88,84,8.033068181818182,1.4916405825404837
CHEMBL3763008,Protein cereblon,Q96SW2,88,52,6.15159090909091,1.3720576764489936
CHEMBL3041,Mu opioid receptor,P79350,88,65,7.970795454545454,1.169008049480078
CHEMBL3883316,DNA excision repair protein ERCC-1/DNA repair endonuclease XPF,P07992,88,80,5.4075,0.6738451167585251
CHEMBL3433,Neurokinin 2 receptor,P79218,88,87,6.760681818181817,1.7616911907651813
CHEMBL5083,Poly [ADP-ribose] polymerase 3,Q9Y6F1,88,67,6.1643181818181825,1.1392665471314203
CHEMBL3883316,DNA excision repair protein ERCC-1/DNA repair endonuclease XPF,Q92889,88,80,5.4075,0.6738451167585251
CHEMBL614865,Mitochondrial complex I; NADH oxidoreductase,P25708,88,84,8.033068181818182,1.4916405825404837
CHEMBL5754,MAP/microtubule affinity-regulating kinase 4,Q96L34,88,68,6.4786363636363635,1.1824221991544694
CHEMBL2182,Serotonin 1e (5-HT1e) receptor,P28566,88,78,5.843181818181819,0.7383400852620035
CHEMBL3174,Glutathione transferase omega 1,P78417,88,73,6.4377272727272725,0.9620377406422589
CHEMBL4133,Cyclooxygenase-1,Q8HZR1,87,86,5.206781609195402,0.6964870226221742
CHEMBL4295828,Transcriptional enhancer factor TEF-3,Q15561,87,52,5.588275862068966,0.9833488189647779
CHEMBL1795148,"Arginase-2, mitochondrial",P78540,87,74,6.528735632183908,0.9508341559323988
CHEMBL4647,Peptide deformylase mitochondrial,Q9HBH1,87,79,7.20344827586207,1.3459939075039276
CHEMBL3233,Adenomatous polyposis coli protein,P25054,87,73,5.5377011494252875,0.7606403378754736
CHEMBL2052036,Omega-3 fatty acid receptor 1,Q7TMA4,87,66,6.929080459770115,0.7546824870378578
CHEMBL3259478,Tyrosine-protein kinase BTK,P35991,87,81,6.852873563218392,0.8547485799874979
CHEMBL2518,AICAR transformylase,P31939,87,67,5.943333333333334,1.4057809769088354
CHEMBL4675,Tripeptidyl aminopeptidase,Q64560,87,85,5.991379310344827,1.3303978880384595
CHEMBL2362976,Protein S100-A4,P26447,87,87,5.1547126436781605,0.7376531596272369
CHEMBL3883328,Casein kinase II alpha'/ beta,P19784,87,86,6.981149425287357,1.3232636058003375
CHEMBL3580522,Programmed cell death 1 ligand 1,Q9NZQ7,87,69,7.012413793103449,1.7925154246796637
CHEMBL4116,Alcohol dehydrogenase class III,P11766,87,82,7.059310344827586,0.933028069947708
CHEMBL3883328,Casein kinase II alpha'/ beta,P67870,87,86,6.981149425287357,1.3232636058003375
CHEMBL4532,Vasoactive intestinal polypeptide receptor 2,P41587,86,80,7.513837209302326,1.7693888400532716
CHEMBL3562166,Putative P2Y purinoceptor 10,O00398,86,43,7.139186046511628,0.890027382415883
CHEMBL4425,Phosphodiesterase 1B,Q01064,86,82,6.39546511627907,1.2290921154171375
CHEMBL4105845,Chitotriosidase-1,Q9D7Q1,86,79,6.1226744186046504,1.0145835708118982
CHEMBL3425388,ADP-ribosyl cyclase/cyclic ADP-ribose hydrolase 1,P56528,86,86,7.696162790697675,0.7117933748508288
CHEMBL4597,Serine/threonine-protein kinase PCTAIRE-1,Q00536,86,61,6.401279069767441,0.9678524395450178
CHEMBL3430885,Ubiquitin carboxyl-terminal hydrolase 1/WD repeat-containing protein 48,Q8TAF3,86,82,6.029883720930233,0.7702474685389742
CHEMBL3430885,Ubiquitin carboxyl-terminal hydrolase 1/WD repeat-containing protein 48,O94782,86,82,6.029883720930233,0.7702474685389742
CHEMBL2125,Vesicular acetylcholine transporter,Q62666,86,77,6.796046511627908,0.9795008081187763
CHEMBL2605,Adenosine A2a receptor,P46616,85,72,5.440705882352941,0.9626449034218344
CHEMBL3561,GABA receptor rho-1 subunit,P24046,85,47,5.290470588235294,0.7540918629816439
CHEMBL2476,Voltage-gated potassium channel subunit Kv7.2,O43526,85,80,6.1844705882352935,0.7255843390352502
CHEMBL3137290,SUMO E1/E2,Q9UBT2,85,81,4.943176470588235,0.48358830326924107
CHEMBL3137290,SUMO E1/E2,Q9UBE0,85,81,4.943176470588235,0.48358830326924107
CHEMBL3137290,SUMO E1/E2,P63279,85,81,4.943176470588235,0.48358830326924107
CHEMBL1293307,3C-like protease,Q3Y5H1,85,85,5.011176470588235,0.32785889736689044
CHEMBL1671613,Type-1 angiotensin II receptor,Q9WV26,85,75,7.211647058823529,0.8605671538761703
CHEMBL5158,Sodium channel protein type X alpha subunit,Q6QIY3,84,81,5.91,0.7728557589203725
CHEMBL2366471,Trophozoite cysteine proteinase,P25805,84,42,5.631428571428572,0.44139740544693273
CHEMBL3607,Glutamate receptor ionotropic kainate 2,P42260,84,57,6.535714285714286,1.5537147756685614
CHEMBL3301400,Von Hippel-Lindau disease tumor suppressor/Elongin B/Elongin C,Q15370,84,44,6.574404761904762,0.7774802537925269
CHEMBL3278,Ghrelin receptor,O08725,84,66,7.668452380952381,0.8607624723753263
CHEMBL3301400,Von Hippel-Lindau disease tumor suppressor/Elongin B/Elongin C,Q15369,84,44,6.574404761904762,0.7774802537925269
CHEMBL1845,Sodium channel protein type I alpha subunit,P35498,84,71,6.073928571428572,1.119637439011616
CHEMBL6172,D-amino-acid oxidase,P00371,84,78,5.620833333333333,0.7872174701958323
CHEMBL2111464,Tubulin,Q862F3,84,80,5.318333333333333,0.5157421447190034
CHEMBL3596,Gastrin releasing peptide receptor,P21729,84,51,8.517142857142858,0.9504273882363711
CHEMBL3301400,Von Hippel-Lindau disease tumor suppressor/Elongin B/Elongin C,P40337,84,44,6.574404761904762,0.7774802537925269
CHEMBL3737,Serotonin 1a (5-HT1a) receptor,Q64264,84,76,6.9347619047619045,1.5974071432111072
CHEMBL4972,Serotonin 3a (5-HT3a) receptor,P23979,84,34,5.6519047619047615,0.9853902366734041
CHEMBL2111464,Tubulin,Q6B856,84,80,5.318333333333333,0.5157421447190034
CHEMBL3720,ATP-citrate synthase,P53396,84,70,5.609880952380952,0.6889550216098957
CHEMBL5748,Canalicular multispecific organic anion transporter 1,Q92887,83,72,4.777349397590362,0.4932917909987006
CHEMBL2456,Luteinizing hormone/Choriogonadotropin receptor,P16235,83,57,7.983975903614457,1.277814387604233
CHEMBL3430888,Kinesin-1 heavy chain/ Tyrosine-protein kinase receptor RET,P07949,83,79,6.448795180722891,1.0255996432668901
CHEMBL3430888,Kinesin-1 heavy chain/ Tyrosine-protein kinase receptor RET,P33176,83,79,6.448795180722891,1.0255996432668901
CHEMBL3112384,Retinal dehydrogenase 2,O94788,83,79,6.212530120481928,0.7456669029662327
CHEMBL1628473,Relaxin-3 receptor 2,Q8TDU9,83,43,7.5192771084337355,1.018706476709115
CHEMBL4135,Geranylgeranyl transferase type I beta subunit,P53609,83,82,5.642530120481927,0.9813726615873102
CHEMBL3038484,Histone deacetylase 3/NCoR1,O75376,83,70,7.182530120481927,1.2425208869751436
CHEMBL3107,Basic fibroblast growth factor,P09038,83,82,6.533493975903614,1.1253546148257483
CHEMBL307,Neuronal acetylcholine receptor protein alpha-4 subunit,P09483,83,83,7.356024096385542,0.6279446529887497
CHEMBL3085621,Nucleosome-remodeling factor subunit BPTF,Q12830,83,60,6.210602409638555,1.0102298089164614
CHEMBL3688,Adenosine A1 receptor,Q60612,83,80,7.201686746987952,1.4285305594254747
CHEMBL3038484,Histone deacetylase 3/NCoR1,O15379,83,70,7.182530120481927,1.2425208869751436
CHEMBL2163175,Gamma-butyrobetaine dioxygenase,O75936,83,40,5.18433734939759,0.7002041388245532
CHEMBL2480,Tyrosine-protein kinase LCK,P06240,83,71,6.195180722891567,1.1414639310838188
CHEMBL2096972,"Sulfonylurea receptor 1, Kir6.2",Q14654,82,63,5.9591463414634145,0.8336743024211037
CHEMBL2810,Protein-glutamine gamma-glutamyltransferase K,P22735,82,82,5.243536585365853,0.5210610541018941
CHEMBL1293259,Ephrin type-A receptor 4,Q03137,82,82,5.163780487804878,0.5507965953880953
CHEMBL2096972,"Sulfonylurea receptor 1, Kir6.2",Q09428,82,63,5.9591463414634145,0.8336743024211037
CHEMBL4050,FK506 binding protein 4,Q02790,82,75,5.295853658536585,0.8568027723259669
CHEMBL5070,Beta-ketoacyl-ACP synthase III,Q820T1,82,47,5.984634146341463,0.8975208586206448
CHEMBL5412,C-C chemokine receptor type 2,P51683,82,70,6.800487804878049,1.074311611275354
CHEMBL4211,Carbonic anhydrase 1,O24855,82,47,6.580243902439025,0.5111690199314406
CHEMBL2331047,Sodium/iodide cotransporter,Q63008,82,69,7.1830487804878045,1.076284978811736
CHEMBL1613743,Neutrophil cytosol factor 1,P14598,82,53,3.535609756097561,0.8101197862364503
CHEMBL2676,Endothelin-converting enzyme 1,P42893,82,82,6.977560975609756,1.0083889620107953
CHEMBL2289,Beta-2 adrenergic receptor,P54833,82,74,5.564878048780487,1.3341721841812846
CHEMBL2109234,Neuronal acetylcholine receptor; alpha3/beta2,P32297,82,75,7.183658536585365,1.4399961524255205
CHEMBL4295761,Protein AF-9,P42568,82,47,6.52719512195122,0.8985217962005793
CHEMBL2109234,Neuronal acetylcholine receptor; alpha3/beta2,P17787,82,75,7.183658536585365,1.4399961524255205
CHEMBL2738,Acrosin,P10323,82,82,5.765243902439025,1.4629871569014739
CHEMBL2111463,GABA-B receptor,Q9UBS5,81,71,6.2713580246913585,1.3118867644412184
CHEMBL2552,Carboxypeptidase B,P15086,81,81,6.128765432098765,1.4383813669504075
CHEMBL1075028,Alpha carbonic anhydrase,B5SU02,81,44,7.040123456790123,0.9035174234999019
CHEMBL4222,dUTP pyrophosphatase,Q8II92,81,52,5.470123456790123,0.8600225198027671
CHEMBL2111463,GABA-B receptor,O75899,81,71,6.2713580246913585,1.3118867644412184
CHEMBL1828,DNA polymerase alpha subunit,P09884,81,62,5.216543209876543,0.782876363951913
CHEMBL343,GABA receptor alpha-1 subunit,P62813,81,73,6.1154320987654325,1.4974103056466492
CHEMBL6056,Renin,Q9TSZ1,81,78,8.00395061728395,0.5732488094456574
CHEMBL5768,Induced myeloid leukemia cell differentiation protein Mcl-1 homolog,P97287,81,57,5.50679012345679,0.6160881169940173
CHEMBL5183,P2X purinoceptor 7,Q9Z1M0,81,51,6.556049382716049,0.9844867685910584
CHEMBL1949483,Glycylpeptide N-tetradecanoyltransferase,Q4Q5S8,81,69,7.461234567901235,0.9048651594520166
CHEMBL3638326,Gag-Pol polyprotein,P03367,81,79,5.39679012345679,1.3623168015925058
CHEMBL3840,Ribonucleoside-diphosphate reductase large chain,P08543,81,61,4.924074074074074,1.2145974413131477
CHEMBL1988,Atrial natriuretic peptide receptor A,P16066,80,80,6.844499999999999,1.4142743364475567
CHEMBL1293264,Beta-galactosidase,Q8VNN2,80,78,5.1475,1.1798417615419794
CHEMBL1255165,Serine/threonine-protein kinase mTOR,Q9JLN9,80,79,7.8025,0.9188359449166571
CHEMBL2991,Dihydroorotate dehydrogenase,O35435,80,76,6.14,0.9397104321026406
CHEMBL4304,Calcium-activated potassium channel subunit alpha-1,Q12791,80,80,5.318875,0.8416980933682502
CHEMBL4523510,Cholesterol 24-hydroxylase,Q9Y6A2,80,67,6.85,1.175722777968052
CHEMBL1628465,Transient receptor potential cation channel subfamily V member 6,Q9H1D0,80,50,5.158125,0.86324394626287
CHEMBL1287610,Neuraminidase,P03470,80,66,7.607875,1.3134924879201955
CHEMBL6036,"N(G),N(G)-dimethylarginine dimethylaminohydrolase 1",O94760,80,46,4.70975,0.5959992672665622
CHEMBL4085,Cytochrome P450 2A5,P20852,80,46,5.098,0.6045887816828135
CHEMBL5836,Ephrin type-B receptor 6,O15197,79,70,6.471265822784811,1.0199665241975393
CHEMBL2160,Nucleoside diphosphate kinase 2,P22392,79,43,4.818607594936709,0.39465900301339385
CHEMBL6149,Serine/threonine-protein kinase SIK3,Q9Y2K2,79,68,6.380759493670886,1.2279603394496417
CHEMBL5031,Beta-lactamase,P24735,79,69,6.056455696202532,0.873117077317994
CHEMBL4739844,Immunoglobulin lambda variable 6-57,P01721,79,41,6.446582278481013,0.9828711031070898
CHEMBL3326,Beta-lactamase L1,P52700,79,56,6.0922784810126585,0.9578688274940587
CHEMBL1795127,Thymidine kinase,Q9QNF7,79,76,5.111898734177215,0.768084657375613
CHEMBL4001,Histone deacetylase 1,O09106,79,56,6.744683544303798,1.1502985514840272
CHEMBL3047,Hypoxia-inducible factor prolyl 4-hydroxylase,Q9NXG6,79,75,5.414683544303798,0.7834208932673361
CHEMBL5427,Homeodomain-interacting protein kinase 1,Q86Z02,79,71,6.159367088607595,0.8359247018171444
CHEMBL3638324,G-protein coupled receptor 4,P46093,79,72,7.003670886075949,0.736671615974539
CHEMBL4592,"Amine oxidase, copper containing",O08590,79,77,6.991898734177215,1.2922650319074198
CHEMBL3711550,Beta-adrenergic receptor kinase 1,P21146,79,75,5.565822784810126,0.8457383477219949
CHEMBL2121,Folate receptor alpha,P15328,78,60,8.05397435897436,1.1139916991735193
CHEMBL3541,Histone deacetylase HD1B,Q9ZTP8,78,64,6.0644871794871795,1.2504572124200175
CHEMBL5275,Bone morphogenetic protein receptor type-1A,P36894,78,71,6.268589743589743,0.9109531533979383
CHEMBL1938222,1-phosphatidylinositol 3-phosphate 5-kinase,Q9Y2I7,78,36,7.19602564102564,1.2041803158581499
CHEMBL3301382,Nicotinic acetylcholine receptor alpha-4/beta-2,Q9ERK7,78,63,5.585512820512821,1.288342988368259
CHEMBL3301382,Nicotinic acetylcholine receptor alpha-4/beta-2,Q8R493,78,63,5.585512820512821,1.288342988368259
CHEMBL5359,Isocitrate lyase,Q9P8Q7,78,60,4.5115384615384615,0.3421136627522468
CHEMBL2798,Cholecystokinin A receptor,O08786,78,76,6.208205128205129,1.4654406221734873
CHEMBL5862,Glucagon-like peptide 1 receptor,P32301,78,53,6.455,1.5055764310091964
CHEMBL3026,GABA receptor alpha-3 subunit,P34903,78,74,7.30397435897436,1.0670305193405336
CHEMBL3637,Alpha-1a adrenergic receptor,O02824,78,77,8.180641025641027,1.332126841337536
CHEMBL4320,DNA topoisomerase III,P96583,78,37,5.208846153846154,0.7842888759628311
CHEMBL1075315,C-X-C chemokine receptor type 5,P32302,77,77,5.869480519480519,1.212728433287927
CHEMBL6111,Protein-arginine deiminase type-4,Q9UM07,77,56,5.712207792207793,1.3280730236904408
CHEMBL5106,Neurotensin receptor 2,Q63384,77,36,6.92116883116883,0.7347376438780788
CHEMBL5440,Dehydrosqualene synthase,A9JQL9,77,65,5.626493506493507,1.2266586689413068
CHEMBL2111387,NPM/ALK (Nucleophosmin/ALK tyrosine kinase receptor),P06748,77,61,6.557532467532468,0.9110089199461567
CHEMBL2176776,Sentrin-specific protease 2,Q9HC62,77,72,5.203636363636364,0.4181566978100975
CHEMBL2111357,Calpain 1,P04632,77,76,6.486363636363636,0.9084456202635776
CHEMBL6005,Serine/threonine-protein kinase 33,Q9BYT3,77,62,6.473116883116883,0.9719232963836782
CHEMBL2558,Death-associated protein kinase 1,P53355,77,57,6.2457142857142856,1.1790701382773812
CHEMBL3545,Alpha-L-fucosidase 1,Q2KIM0,77,67,5.8050649350649355,1.6048738459821161
CHEMBL4666,Steroidogenic factor 1,Q13285,77,71,6.56012987012987,0.7284942898062045
CHEMBL2331061,Serine/threonine-protein kinase B-raf,P28028,77,77,5.8603896103896105,0.7943243430714554
CHEMBL3882,Hexokinase type IV,P17712,77,50,6.3590909090909085,1.1949820322566647
CHEMBL1938219,Neuropeptides B/W receptor type 1,P49681,77,40,7.350909090909091,1.2573532998223547
CHEMBL2997,AMP deaminase 2,Q01433,77,56,5.697922077922078,0.8574493044126451
CHEMBL2111387,NPM/ALK (Nucleophosmin/ALK tyrosine kinase receptor),Q9UM73,77,61,6.557532467532468,0.9110089199461567
CHEMBL2111357,Calpain 1,P07384,77,76,6.486363636363636,0.9084456202635776
CHEMBL3421,Phosphodiesterase 1A,P54750,77,72,5.522857142857143,1.5730801642025485
CHEMBL6191,SPS1/STE20-related protein kinase YSK4,Q56UN5,76,69,6.925789473684211,0.9975760798494114
CHEMBL2135,P2X purinoceptor 2,P49653,76,68,5.906315789473684,0.769130837773415
CHEMBL2309,Voltage-gated potassium channel subunit Kv1.1,Q09470,76,71,8.84171052631579,2.1826530572725145
CHEMBL2169726,Glucose-6-phosphate 1-dehydrogenase,Q25856,76,39,4.988552631578948,0.47659823456763034
CHEMBL3575,RNase L,Q05823,76,47,7.180263157894737,1.8905794340601578
CHEMBL5364,Serine/threonine protein kinase NLK,Q9UBE8,76,58,6.6703947368421055,0.8342396790522871
CHEMBL3693,Farnesyl pyrophosphate synthase,Q0GKD7,76,59,6.0356578947368416,1.088200147676662
CHEMBL1667684,Neuraminidase,A5Z252,76,60,6.890657894736841,1.242916286294794
CHEMBL4098,Cathepsin S,O70370,76,69,8.08671052631579,1.4342230306874824
CHEMBL2733,Somatostatin receptor 5,O08858,76,68,7.5484210526315785,0.8749217909909875
CHEMBL5497,Neuropeptide S receptor,Q8BZP8,75,69,7.5548,0.968515665642325
CHEMBL4523424,BTB/POZ domain-containing protein KCTD12,Q96CX2,75,29,5.750666666666667,0.6505326992494632
CHEMBL3559681,2-amino-4-hydroxy-6-hydroxymethyldihydropteridin e pyrophosphokinase,X5EH84,75,60,5.601999999999999,0.6580170867739579
CHEMBL3334418,Phosphoglycerate mutase 1,P18669,75,66,5.6917333333333335,0.6059019930857014
CHEMBL5810,Ephrin type-A receptor 1,P21709,75,57,6.445733333333333,1.0078277058528824
CHEMBL3604,Protein kinase C gamma,P63319,75,75,5.881466666666667,0.8002528204115097
CHEMBL4909,Prostanoid EP2 receptor,Q62928,75,49,6.643066666666667,0.9739831472726675
CHEMBL1893,Synaptic vesicular amine transporter,Q05940,75,32,6.435066666666667,0.936633380832698
CHEMBL4884,Caspase-2,P42575,75,54,5.6175999999999995,0.9817012811468697
CHEMBL4679,Branched-chain-amino-acid transferase,P54687,75,69,5.764,0.9692794760556431
CHEMBL5185,Glutamate racemase,Q9ZLT0,75,74,6.451066666666667,0.8604030691724912
CHEMBL2111339,GABA A receptor alpha-3/beta-2/gamma-2,P34903,74,56,6.972027027027027,1.3802332339432535
CHEMBL4415,Deoxyhypusine synthase,P49366,74,60,5.891081081081081,1.21509858393394
CHEMBL1641347,Solute carrier family 22 member 6,Q4U2R8,74,57,5.083243243243243,0.7001626192870278
CHEMBL1938212,Histone lysine demethylase PHF8,Q9UPP1,74,72,6.031756756756757,0.8736357005540059
CHEMBL2860,Cyclooxygenase-1,O62664,74,62,5.787837837837838,1.4061813346599172
CHEMBL2111339,GABA A receptor alpha-3/beta-2/gamma-2,P18507,74,56,6.972027027027027,1.3802332339432535
CHEMBL5941,Serine/threonine-protein kinase MST4,Q9P289,74,60,6.218108108108108,0.9685954747117026
CHEMBL6095,DNA (cytosine-5)-methyltransferase 3B,Q9UBC3,74,66,5.293108108108108,0.7652467158359726
CHEMBL2111339,GABA A receptor alpha-3/beta-2/gamma-2,P47870,74,56,6.972027027027027,1.3802332339432535
CHEMBL3217379,2-amino-4-hydroxy-6-hydroxymethyldihydropteridine pyrophosphokinase,P26281,74,60,5.089729729729729,0.6538085953687119
CHEMBL327,Alpha-2a adrenergic receptor,P22909,74,57,6.90445945945946,1.6069277603865944
CHEMBL1938208,Lysine-specific histone demethylase 1B,Q8NB78,74,71,4.897567567567568,0.5856335073756669
CHEMBL5010,Monoacylglycerol lipase ABHD6,Q8R2Y0,74,64,6.693243243243243,1.323785675766542
CHEMBL6174,Cytochrome c oxidase subunit 2,P00403,73,66,5.448767123287671,0.8500260538580232
CHEMBL2623,Acyl coenzyme A:cholesterol acyltransferase,P12337,73,49,7.156986301369863,1.069234779502907
CHEMBL4901,Ephrin type-B receptor 3,P54753,73,66,6.116301369863014,1.1570694625855864
CHEMBL1697657,Peptidyl-prolyl cis-trans isomerase D,Q08752,73,48,5.686849315068493,1.220822669705793
CHEMBL4677,Apoptosis regulator Bcl-W,Q92843,73,66,5.49972602739726,1.0548077399891147
CHEMBL4391,"Fructose-1,6-bisphosphatase",P19112,73,70,5.497808219178082,0.5486175721639457
CHEMBL4730,Melanin-concentrating hormone receptor 1,Q8JZL2,73,71,7.40041095890411,1.0169636702188045
CHEMBL4523131,Hematopoietic prostaglandin D synthase,O35543,73,72,6.657671232876712,0.947328877171001
CHEMBL4035,Prolyl endopeptidase,O70196,73,65,7.988356164383561,0.9149134957570674
CHEMBL1743122,Solute carrier family 22 member 2,O15244,73,69,5.090958904109589,0.7321319029298419
CHEMBL4295685,Sodium-dependent phosphate transport protein 2B,O95436,73,69,6.759041095890411,0.5609470275633124
CHEMBL4523503,Chloride anion exchanger,Q9WVC8,73,52,5.938630136986301,0.7606727926069666
CHEMBL5287,Bile acid transporter,Q14973,72,58,5.753055555555555,1.192213752090172
CHEMBL3085622,Bromodomain-containing protein 7,Q9NPI1,72,44,6.315,0.9563398535525734
CHEMBL1854,Luteinizing hormone/Choriogonadotropin receptor,P22888,72,58,6.475,0.8760522847603351
CHEMBL4114,Beta-lactamase,P00807,72,47,5.758055555555555,1.136521303331551
CHEMBL2073709,Monocarboxylate transporter 1,P53987,72,52,6.992777777777778,0.8074027604160058
CHEMBL1275223,Heat shock cognate 71 kDa protein,P11142,72,49,5.304166666666666,0.7587587157538255
CHEMBL6082,Serine/threonine-protein kinase SIK1,P57059,72,53,6.869166666666667,1.0424926115183855
CHEMBL1075209,Heme oxygenase,O69002,72,66,4.8869444444444445,0.3769620554330462
CHEMBL2268003,Photosystem Q(B) protein,P07753,71,21,6.588732394366198,0.5230103237917553
CHEMBL5730,Pancreatic alpha-amylase,P00690,71,65,4.983661971830986,0.5318464854679653
CHEMBL3965,Leucine aminopeptidase,P28838,71,63,5.854929577464788,1.1693293233295698
CHEMBL4523129,Synaptojanin-2,O15056,71,31,5.501549295774648,0.3209612699702653
CHEMBL4605,Oligopeptide transporter small intestine isoform,P46059,71,50,4.450281690140844,0.7170434771257118
CHEMBL4526,Ephrin type-A receptor 6,Q9UF33,71,41,6.345352112676056,0.6802348984745017
CHEMBL1910,Adenosine deaminase,P00813,71,50,7.609436619718309,1.6661605884907487
CHEMBL266,Alpha-2b adrenergic receptor,P19328,71,61,6.783943661971831,0.7972192365130173
CHEMBL2898,NF-kappaB inhibitor alpha,P25963,71,39,5.282112676056338,0.4486644164086426
CHEMBL4011,Human immunodeficiency virus type 1 Tat protein,P04608,71,66,5.3135211267605635,0.4984636355601631
CHEMBL3333,Phosphodiesterase 4A,O77823,71,68,6.422957746478873,1.130676655012004
CHEMBL3504,"Glutamate receptor ionotropic, AMPA 3",P19492,70,45,5.770714285714286,1.4991420942103988
CHEMBL2366408,Nicotinic acetylcholine receptor alpha 5 subunit,A9XFY4,70,64,6.105142857142857,1.206930161226686
CHEMBL3739247,Urea transporter 1,P97689,70,68,5.709714285714286,0.6852439984955143
CHEMBL5064,Folate receptor beta,P14207,70,39,8.124714285714285,1.1298797184009588
CHEMBL5495,Melatonin receptor 1C,P49219,70,67,6.908285714285714,1.3615879172182386
CHEMBL4523304,Fascin,Q16658,70,53,5.611571428571429,0.6619572115299298
CHEMBL3733,Muscarinic acetylcholine receptor M1,P12657,70,50,6.243714285714286,1.275268850800468
CHEMBL2745,ATP-citrate synthase,P16638,70,51,5.117999999999999,0.7398111784165909
CHEMBL1915,Tubulin beta-1 chain,Q9H4B7,70,67,5.617428571428571,0.6396889772206802
CHEMBL4162,Protein-tyrosine phosphatase 4A3,O75365,70,56,5.263714285714285,0.9590063871099078
CHEMBL4343,DNA polymerase beta,P06766,70,47,4.884571428571429,0.43785606037444025
CHEMBL3562168,Putative P2Y purinoceptor 10,Q8BFU7,70,34,6.934571428571429,0.7824926461001586
CHEMBL3243909,Glandular kallikrein,P00752,70,69,5.076,0.6904260394437836
CHEMBL5698,NUAK family SNF1-like kinase 2,Q9H093,70,49,7.0048571428571424,1.1398026054085268
CHEMBL4484,Casein kinase I delta,Q06486,69,34,6.724927536231884,0.576007105727223
CHEMBL2363017,Potassium voltage-gated channel subfamily H member 3,Q9ULD8,69,69,6.4562318840579715,0.49848329209500003
CHEMBL2116,"AMP-activated protein kinase, alpha-2 subunit",P54646,69,57,7.195217391304348,0.9160940240333217
CHEMBL4523191,Interleukin-1 receptor antagonist protein,P18510,69,52,6.020869565217391,1.1011087181596384
CHEMBL4739843,Pantetheinase,O95497,69,52,7.4857971014492755,1.4424177066923822
CHEMBL4523230,Utrophin,P46939,69,62,6.41231884057971,0.6323256442491535
CHEMBL1741162,Phosphomannomutase 2,O15305,69,51,4.711594202898551,0.5008569808438503
CHEMBL2321628,C-C chemokine receptor type 10,P46092,69,39,7.059565217391304,1.0707026757923277
CHEMBL2863,Transient receptor potential cation channel subfamily V member 2,Q9WUD2,69,48,5.592173913043479,0.5188983510488615
CHEMBL2467,Thyrotropin-releasing hormone receptor,P21761,69,37,6.510869565217392,1.3546626876984744
CHEMBL5476,Bone morphogenetic protein receptor type-1B,O00238,69,63,6.613913043478261,0.9772609040989549
CHEMBL6085,Toll-like receptor 7,P58681,69,45,6.698115942028986,0.8198229280878794
CHEMBL3317339,Polymerase basic protein 2,P03428,69,68,7.376521739130435,1.125632927952558
CHEMBL4662930,Proteasome subunit beta,O96673,69,35,4.836666666666667,0.24650299286255353
CHEMBL3038467,CDK1/Cyclin A,P06493,69,68,6.694202898550724,0.8860842573750795
CHEMBL3038467,CDK1/Cyclin A,P20248,69,68,6.694202898550724,0.8860842573750795
CHEMBL1743126,Multidrug and toxin extrusion protein 1,Q96FL8,69,49,5.535942028985508,0.7937593331374955
CHEMBL5360,"Fructose-1,6-bisphosphatase 1",Q9QXD6,69,68,4.967101449275362,0.47419312722732815
CHEMBL3826870,Ectonucleotide pyrophosphatase/phosphodiesterase family member 2,Q64610,68,41,7.131323529411765,1.0205425896789178
CHEMBL3638335,Serine/threonine-protein kinase pim-3,O70444,68,58,7.7677941176470595,0.6613618820807252
CHEMBL3430879,Retinoic acid receptor RXR-alpha/oxysterols receptor LXR-alpha,P19793,68,65,7.662941176470589,1.430051725213691
CHEMBL3430878,Retinoic acid receptor RXR-alpha/oxysterols receptor LXR-beta,P55055,68,65,8.165882352941177,1.3587200246392102
CHEMBL3373,Beta-2 adrenergic receptor,Q28044,68,61,6.25764705882353,1.2285753400221828
CHEMBL3367,Methionyl-tRNA synthetase,P00959,68,68,7.7,0.9167121653113649
CHEMBL3430878,Retinoic acid receptor RXR-alpha/oxysterols receptor LXR-beta,P19793,68,65,8.165882352941177,1.3587200246392102
CHEMBL3430879,Retinoic acid receptor RXR-alpha/oxysterols receptor LXR-alpha,Q13133,68,65,7.662941176470589,1.430051725213691
CHEMBL1293297,Bifunctional protein glmU,P9WMN3,68,68,4.317058823529412,0.33842064624011997
CHEMBL3987,Ephrin type-A receptor 5,P54756,68,46,6.557058823529411,1.1027090911803208
CHEMBL5838,Receptor tyrosine-protein kinase erbB-3,P21860,68,66,6.918823529411765,1.3875550594553692
CHEMBL5416,PITSLRE serine/threonine-protein kinase CDC2L2,Q9UQ88,68,44,6.320441176470588,0.6185959880957423
CHEMBL3666,Serotonin 3a (5-HT3a) receptor,O70212,68,63,6.109411764705882,1.117344776829107
CHEMBL5854,Adenylate cyclase type 10,Q96PN6,68,48,7.228970588235294,1.076054345442606
CHEMBL4602,Ephrin type-A receptor 7,Q15375,68,45,6.3183823529411764,0.8259623248502271
CHEMBL4818,Voltage-gated potassium channel subunit Kv1.3,P16390,68,68,5.762205882352941,0.8555522709473055
CHEMBL5274,Tyrosine-protein kinase receptor Tie-1,P35590,68,48,6.501029411764706,1.0780221520525755
CHEMBL1293302,Female germline-specific tumor suppressor gld-1,Q17339,68,68,5.2998529411764705,0.3731291347311951
CHEMBL2111374,GABA A receptor alpha-5/beta-3/gamma-2,P19969,68,53,6.770294117647059,0.9037830452053758
CHEMBL2111374,GABA A receptor alpha-5/beta-3/gamma-2,P63079,68,53,6.770294117647059,0.9037830452053758
CHEMBL3559678,Genome polyprotein,Q91H74,68,54,5.000294117647059,0.5459401601570857
CHEMBL2111374,GABA A receptor alpha-5/beta-3/gamma-2,P18508,68,53,6.770294117647059,0.9037830452053758
CHEMBL2120,Acidic fibroblast growth factor,P05230,68,68,6.452058823529412,1.6013283281071986
CHEMBL2331064,"Phosphatidylinositol 3,4,5-trisphosphate 5-phosphatase 2",O15357,68,42,5.400735294117647,0.8023162665505128
CHEMBL2246,Aldehyde reductase,P14550,68,62,5.076911764705883,0.581812036511514
CHEMBL6197,Transporter,Q7JHP9,67,67,7.823582089552238,0.8386907211451442
CHEMBL1921664,Appetite-regulating hormone,Q9UBU3,67,12,8.311940298507462,0.48905672598402405
CHEMBL3592,Squalene monooxygenase,Q14534,67,62,6.292686567164179,0.9641774357161121
CHEMBL5786,Leukotriene A-4 hydrolase,P19602,67,47,6.4353731343283584,0.7229701539550053
CHEMBL1743124,Solute carrier organic anion transporter family member 2B1,O94956,67,38,4.923432835820895,0.6385247016858849
CHEMBL2321614,Potassium channel subfamily K member 9,Q9NPC2,67,56,5.773731343283582,0.8166521380666154
CHEMBL4305,Intermediate conductance calcium-activated potassium channel protein 4,O15554,67,61,6.670597014925373,1.1785814285094256
CHEMBL5659,Serine/threonine-protein kinase RIO3,O14730,67,28,6.309552238805971,0.7260299535431589
CHEMBL2010635,Peptide deformylase,P68826,67,67,8.354179104477613,0.792348158197636
CHEMBL4134,Ephrin type-A receptor 8,P29322,67,43,6.522835820895522,1.073806322430335
CHEMBL5523,Histone-lysine N-methyltransferase SETD7,Q8WTS6,67,49,5.048805970149253,1.3341329296225362
CHEMBL4296115,Cyclin-dependent kinase 14/Cyclin-Y,O94921,67,65,7.149850746268657,0.80724464493717
CHEMBL3491,Cytochrome P450 2J2,P51589,67,48,5.702985074626866,0.8249995682742179
CHEMBL4296115,Cyclin-dependent kinase 14/Cyclin-Y,Q8ND76,67,65,7.149850746268657,0.80724464493717
CHEMBL5169134,"Neurolysin, mitochondrial",P42676,67,67,4.6540298507462685,0.36209014322776745
CHEMBL4151,Hexokinase,Q8ST54,67,17,5.561194029850746,0.5065166914838009
CHEMBL1908383,Phosphatidylinositol-4-phosphate 5-kinase type-1 gamma,O60331,67,64,6.273283582089552,1.363538609491808
CHEMBL5848,"Oligo-1,6-glucosidase",P53051,67,64,4.476716417910448,0.3326950922741993
CHEMBL3700,Excitatory amino acid transporter 4,O35921,66,30,5.597272727272728,0.8778777651981913
CHEMBL3038475,CDK9/Cyclin K,O75909,66,64,6.7696969696969695,0.9855103632081582
CHEMBL4229,Hydroxyacid oxidase 1,Q9UJM8,66,59,6.4342424242424245,1.2135923287193027
CHEMBL5667,Phosphatidylinositol-5-phosphate 4-kinase type-2 beta,P78356,66,54,5.665151515151515,1.040685044240264
CHEMBL4715,Phospholipase A2 group 1B,P00592,66,56,5.404848484848485,1.1642049019021754
CHEMBL1075305,Sphingosine kinase 2,Q9JIA7,66,66,5.013181818181819,0.5322265541055846
CHEMBL4632,Palmitoyl-CoA oxidase,P07872,66,64,5.711363636363636,0.6776336345381202
CHEMBL3335,Cytochrome P450 2B1,P00176,66,63,4.708181818181818,0.6213333283311825
CHEMBL3286061,Sphingosine-1-phosphate lyase 1,O95470,66,45,5.456363636363636,0.8324137957006277
CHEMBL3027,Neurotensin receptor 1,P20789,66,53,6.758181818181819,1.312841790328738
CHEMBL4105941,2-amino-3-carboxymuconate-6-semialdehyde decarboxylase,Q8TDX5,66,52,6.34030303030303,1.1269877750984902
CHEMBL3038475,CDK9/Cyclin K,P50750,66,64,6.7696969696969695,0.9855103632081582
CHEMBL4589,Glutathione S-transferase Mu 2,P28161,66,65,6.829393939393939,1.061369041579903
CHEMBL4613,Bradykinin B1 receptor,P97583,65,58,7.055384615384615,1.0634790737878277
CHEMBL3102,Dopamine beta-hydroxylase,P09172,65,36,4.833538461538462,0.7819015898141184
CHEMBL4577,Homeodomain-interacting protein kinase 3,Q9H422,65,52,6.472769230769231,0.7148634215977633
CHEMBL3638356,Membrane metallo-endopeptidase-like 1,Q495T6,65,44,8.422307692307694,1.0895494614041867
CHEMBL1255163,Probable protein-cysteine N-palmitoyltransferase porcupine,Q9H237,65,62,8.004461538461538,1.1127415900171282
CHEMBL4879551,Tripartite terminase subunit 3,P16732,65,62,5.493538461538462,0.5306995111678979
CHEMBL3638333,Sodium- and chloride-dependent glycine transporter 1,Q28039,65,50,7.065846153846153,0.46314783110961283
CHEMBL5072,Ephrin type-B receptor 1,P54762,65,39,6.287692307692308,1.0055887100828818
CHEMBL4450,UDP-galactopyranose mutase,P9WIQ1,65,65,4.9813846153846155,0.7351294038362329
CHEMBL5648,Purine nucleoside phosphorylase,Q8T9Z7,65,49,6.629384615384616,1.4716889499430972
CHEMBL1649052,C-C motif chemokine 2,P13500,65,60,6.967538461538461,1.06601775133149
CHEMBL3842,Metabotropic glutamate receptor 6,P35349,65,50,5.133538461538461,0.7911985188016001
CHEMBL6000,Serine/threonine-protein kinase RIO2,Q9BVS4,65,57,6.141384615384616,0.9131433980403169
CHEMBL5211,Arachidonate 5-lipoxygenase,P48999,65,61,6.141384615384616,1.222737549674752
CHEMBL2873,Mitogen-activated protein kinase kinase kinase 10,Q02779,65,52,6.529538461538462,1.0792335688597934
CHEMBL2940,Immunoglobulin epsilon Fc receptor,P06734,65,62,6.499846153846154,0.8738322427454474
CHEMBL3849,Cytochrome P450 51,Q16850,65,48,5.679846153846154,1.0555189664148805
CHEMBL4523118,Dynamin-1-like protein,O00429,65,65,5.208923076923076,0.5108758504914717
CHEMBL4879518,Microtubule-associated proteins 1A/1B light chain 3A,Q9H492,64,45,4.600625,0.3447100230628639
CHEMBL3596075,"Beta-galactoside alpha-2,6-sialyltransferase 1",P15907,64,48,5.8996875,1.04550431174291
CHEMBL4843,C-X3-C chemokine receptor 1,P49238,64,64,7.26328125,0.8504882905374241
CHEMBL1984,UDP-N-acetylglucosamine 1-carboxyvinyltransferase,P0A749,64,56,4.68890625,0.6824073102650456
CHEMBL3826871,Ectonucleotide pyrophosphatase/phosphodiesterase family member 2,Q9R1E6,64,55,6.90125,0.9041675992973028
CHEMBL5914,Mitogen-activated protein kinase kinase kinase 2,Q9Y2U5,64,53,6.46375,0.8636035613121978
CHEMBL3019,Cytochrome P450 3A5,P20815,64,45,5.50953125,0.9772108506494311
CHEMBL4523641,Gamma-aminobutyric acid receptor subunit alpha-5/beta-2/gamma-2,P18507,64,42,6.6846875,1.436419676868581
CHEMBL2150838,Succinate receptor 1,Q9BXA5,64,64,6.6978124999999995,0.8656174395119945
CHEMBL3754,Beta-2 adrenergic receptor,P10608,64,54,6.0834375,1.1717551869968266
CHEMBL4523641,Gamma-aminobutyric acid receptor subunit alpha-5/beta-2/gamma-2,P47870,64,42,6.6846875,1.436419676868581
CHEMBL5474,Galectin-9,O00182,64,49,5.175625,0.5967022468774283
CHEMBL4523641,Gamma-aminobutyric acid receptor subunit alpha-5/beta-2/gamma-2,P31644,64,42,6.6846875,1.436419676868581
CHEMBL2304401,Cytosolic phospholipase A2,A4IFJ5,64,63,5.180625,0.32984784852201665
CHEMBL5435,Serine/threonine-protein kinase ULK2,Q8IYT8,63,45,6.848253968253968,1.0817034649443942
CHEMBL3204,Plasminogen,Q01177,63,62,5.651587301587302,0.9487635524965254
CHEMBL5396,Calmodulin-sensitive adenylate cyclase,P40136,63,59,5.144603174603175,0.7543055455972677
CHEMBL2649,Cyclooxygenase-1,P22437,63,54,5.6939682539682535,1.1468674582173257
CHEMBL5636,Eukaryotic translation initiation factor 4E,P29338,63,34,5.424285714285714,0.5402947650863584
CHEMBL2321615,Potassium channel subfamily K member 2,O95069,63,39,5.062063492063492,0.473181267626657
CHEMBL2960,Adenylate cyclase type VIII,P40145,63,63,5.347936507936508,0.592730583225495
CHEMBL4296327,Protease,Q82134,63,58,7.121111111111111,0.4700244026304381
CHEMBL4296298,Genome polyprotein,K7XJL6,63,32,8.042380952380952,0.8821467844461918
CHEMBL6015,Neuraminidase,P03471,63,53,6.367936507936508,1.2664659473920874
CHEMBL3439,Aminopeptidase A,Q07075,63,62,6.728095238095238,1.0465008625412306
CHEMBL4069,Corticotropin releasing factor receptor 2,Q13324,63,56,7.2057142857142855,1.550827785499248
CHEMBL4958,Dynamin-1,Q05193,63,63,4.93,0.43779874592726253
CHEMBL1938209,Lysine-specific demethylase 3A,Q9Y4C1,63,60,5.035555555555556,0.7611722236930769
CHEMBL5738,"Fatty acid-binding protein, liver",P02692,63,18,5.893968253968254,1.0709123931557818
CHEMBL2362979,Probable global transcription activator SNF2L2,P51531,63,48,6.035873015873015,1.1859372704411488
CHEMBL4263,Acetolactate synthase,P17597,62,57,6.030967741935484,1.2825777190875163
CHEMBL2748,Sucrase-isomaltase,P14410,62,58,6.571290322580645,1.2805819423419782
CHEMBL2111474,GABA B receptor,O88871,62,44,6.3546774193548385,1.2751261175065507
CHEMBL3286067,DNA-directed RNA polymerase I subunit RPA1,O95602,62,59,5.834032258064516,0.7770572054756995
CHEMBL1795176,N-lysine methyltransferase SETD8,Q9NQR1,62,44,5.051129032258065,0.7892704762735531
CHEMBL2109233,Neuronal acetylcholine receptor; alpha3/alpha6/beta2/beta3,P32297,62,38,6.8425806451612905,1.081111958661189
CHEMBL2109233,Neuronal acetylcholine receptor; alpha3/alpha6/beta2/beta3,Q05901,62,38,6.8425806451612905,1.081111958661189
CHEMBL2109233,Neuronal acetylcholine receptor; alpha3/alpha6/beta2/beta3,Q15825,62,38,6.8425806451612905,1.081111958661189
CHEMBL6169,Putative uncharacterized protein pk7,O96214,62,38,5.578387096774194,0.8015398981681247
CHEMBL5876,Histone H4,P62805,62,62,7.779032258064516,0.5911248229599295
CHEMBL2163181,DNA ligase,Q9AIU7,62,60,5.934193548387097,1.0796486198077482
CHEMBL2176846,Advanced glycosylation end product-specific receptor,Q15109,62,51,6.254354838709677,1.3585776324895067
CHEMBL2109233,Neuronal acetylcholine receptor; alpha3/alpha6/beta2/beta3,P17787,62,38,6.8425806451612905,1.081111958661189
CHEMBL2111474,GABA B receptor,Q9Z0U4,62,44,6.3546774193548385,1.2751261175065507
CHEMBL4654,Histamine H2 receptor,P25102,62,61,5.534032258064516,1.0248925728229297
CHEMBL5256,CaM-kinase kinase alpha,Q8N5S9,62,44,6.5966129032258065,1.1908681824734
CHEMBL2364701,26S proteasome,P49720,61,33,6.884426229508197,1.0696767807616212
CHEMBL4879514,Microtubule-associated proteins 1A/1B light chain 3B,Q9GZQ8,61,51,4.715245901639344,0.6133884211421475
CHEMBL3074,Tyrosine-protein kinase SRC,P05480,61,61,5.397868852459016,1.0776859696499381
CHEMBL4915,Galectin-1,P09382,61,58,5.328852459016393,1.0140514424174212
CHEMBL2364701,26S proteasome,P28065,61,33,6.884426229508197,1.0696767807616212
CHEMBL4241,Squalene monooxygenase,P52020,61,59,5.656557377049181,1.251140659885879
CHEMBL2364701,26S proteasome,Q16186,61,33,6.884426229508197,1.0696767807616212
CHEMBL2221347,"Voltage-gated potassium channel, IKs; KCNQ1(Kv7.1)/KCNE1(MinK)",P15382,61,57,5.128196721311475,0.9731366950857439
CHEMBL2364701,26S proteasome,P49721,61,33,6.884426229508197,1.0696767807616212
CHEMBL2364701,26S proteasome,P51665,61,33,6.884426229508197,1.0696767807616212
CHEMBL2364701,26S proteasome,P43686,61,33,6.884426229508197,1.0696767807616212
CHEMBL5907,Serine/threonine-protein kinase LATS2,Q9NRM7,61,47,6.95655737704918,1.1292267047938922
CHEMBL2364701,26S proteasome,P60900,61,33,6.884426229508197,1.0696767807616212
CHEMBL2364701,26S proteasome,P62191,61,33,6.884426229508197,1.0696767807616212
CHEMBL2364701,26S proteasome,Q15008,61,33,6.884426229508197,1.0696767807616212
CHEMBL2364701,26S proteasome,P62195,61,33,6.884426229508197,1.0696767807616212
CHEMBL2364701,26S proteasome,P62333,61,33,6.884426229508197,1.0696767807616212
CHEMBL2364701,26S proteasome,Q13200,61,33,6.884426229508197,1.0696767807616212
CHEMBL4105832,Eukaryotic initiation factor 4A-III,P38919,61,51,5.841967213114755,0.8684215943732458
CHEMBL2364701,26S proteasome,P48556,61,33,6.884426229508197,1.0696767807616212
CHEMBL2364701,26S proteasome,P60896,61,33,6.884426229508197,1.0696767807616212
CHEMBL2364701,26S proteasome,P55036,61,33,6.884426229508197,1.0696767807616212
CHEMBL2364701,26S proteasome,P40306,61,33,6.884426229508197,1.0696767807616212
CHEMBL2364701,26S proteasome,P28070,61,33,6.884426229508197,1.0696767807616212
CHEMBL2364701,26S proteasome,P28072,61,33,6.884426229508197,1.0696767807616212
CHEMBL2364701,26S proteasome,P28074,61,33,6.884426229508197,1.0696767807616212
CHEMBL2364701,26S proteasome,P35998,61,33,6.884426229508197,1.0696767807616212
CHEMBL2364701,26S proteasome,P28066,61,33,6.884426229508197,1.0696767807616212
CHEMBL2364701,26S proteasome,P28062,61,33,6.884426229508197,1.0696767807616212
CHEMBL2364701,26S proteasome,P17980,61,33,6.884426229508197,1.0696767807616212
CHEMBL2364701,26S proteasome,P20618,61,33,6.884426229508197,1.0696767807616212
CHEMBL2364701,26S proteasome,P25788,61,33,6.884426229508197,1.0696767807616212
CHEMBL2364701,26S proteasome,O00487,61,33,6.884426229508197,1.0696767807616212
CHEMBL2364701,26S proteasome,O43242,61,33,6.884426229508197,1.0696767807616212
CHEMBL4175,Tyrosine-protein kinase CTK,P42679,61,57,6.121967213114754,0.541201809778112
CHEMBL2364701,26S proteasome,O00231,61,33,6.884426229508197,1.0696767807616212
CHEMBL2364701,26S proteasome,A5LHX3,61,33,6.884426229508197,1.0696767807616212
CHEMBL2364701,26S proteasome,P25787,61,33,6.884426229508197,1.0696767807616212
CHEMBL2364701,26S proteasome,P25786,61,33,6.884426229508197,1.0696767807616212
CHEMBL2364701,26S proteasome,O00232,61,33,6.884426229508197,1.0696767807616212
CHEMBL3676,C-C chemokine receptor type 5,P51682,61,59,7.754918032786885,0.7515442389968796
CHEMBL2364701,26S proteasome,O14818,61,33,6.884426229508197,1.0696767807616212
CHEMBL2364701,26S proteasome,P25789,61,33,6.884426229508197,1.0696767807616212
CHEMBL2221347,"Voltage-gated potassium channel, IKs; KCNQ1(Kv7.1)/KCNE1(MinK)",P51787,61,57,5.128196721311475,0.9731366950857439
CHEMBL2364701,26S proteasome,Q8TAA3,61,33,6.884426229508197,1.0696767807616212
CHEMBL2364701,26S proteasome,Q99436,61,33,6.884426229508197,1.0696767807616212
CHEMBL2364701,26S proteasome,Q99460,61,33,6.884426229508197,1.0696767807616212
CHEMBL4739688,Potassium channel subfamily T member 1,Q5JUK3,61,56,5.783770491803279,0.7087457558589592
CHEMBL5198,Mitogen-activated protein kinase 15,Q8TD08,61,43,6.711967213114754,0.8794767756496495
CHEMBL5831,Farnesyl diphosphate synthase,Q197X6,61,48,7.022295081967213,0.4506380419014169
CHEMBL3879827,Chromodomain Y-like protein,Q9Y232,61,58,4.9573770491803275,0.583751949716499
CHEMBL6158,Ubiquitin carboxyl-terminal hydrolase 5,P45974,61,51,4.620983606557377,0.47916839391468186
CHEMBL2167,Transforming protein p21/H-Ras-1,P01112,61,57,5.814918032786885,1.3513396105973505
CHEMBL2111393,Farnesyltransferase,P29703,61,57,6.249016393442623,1.044512174682569
CHEMBL2111393,Farnesyltransferase,P22007,61,57,6.249016393442623,1.044512174682569
CHEMBL4295973,DNA repair protein REV1,Q9UBZ9,61,21,5.0967213114754095,0.3595354470770833
CHEMBL2364701,26S proteasome,Q9UNM6,61,33,6.884426229508197,1.0696767807616212
CHEMBL4370,UDP-glucuronosyltransferase 2B7,P16662,60,51,5.885833333333333,0.7860807990269641
CHEMBL3091,Neurotensin receptor 3,Q99523,60,59,5.584833333333334,0.7925831863877967
CHEMBL2129,Peroxisome proliferator-activated receptor alpha,P37230,60,59,6.2316666666666665,0.8214129345460468
CHEMBL3227915,Indolethylamine N-methyltransferase,O97972,60,60,5.164,0.7216863490746364
CHEMBL5832,Cathepsin B-like cysteine protease,Q6R7Z5,60,60,4.926,0.621240421267764
CHEMBL1667669,Outer membrane protein MIP,Q70YI1,60,36,4.995666666666667,0.507717947412039
CHEMBL1830,Ribonucleoside-diphosphate reductase M1 chain,P23921,60,54,4.859833333333333,0.4873083862164046
CHEMBL3758064,Palmitoleoyl-protein carboxylesterase NOTUM,Q8R116,60,60,7.026333333333333,0.9227574128327843
CHEMBL5047,Serine/threonine-protein kinase ULK3,Q6PHR2,60,49,6.593500000000001,0.9692226922223005
CHEMBL4295745,Cystathionine gamma-lyase,P32929,60,44,5.2540000000000004,0.4789579083448792
CHEMBL3490,11-beta-hydroxysteroid dehydrogenase 2,P51661,60,57,5.102666666666666,0.8352445428302321
CHEMBL4523305,"ATP-dependent Clp protease proteolytic subunit, mitochondrial",Q16740,60,57,6.135833333333333,0.6902966487509818
CHEMBL2216745,"Phosphatidylinositol 4,5-bisphosphate 3-kinase catalytic subunit delta isoform",O35904,59,49,7.871186440677966,0.8330854258175008
CHEMBL4736,DNA excision repair protein ERCC-5,P28715,59,59,7.235762711864407,2.2575972911328654
CHEMBL4931,"3-beta-hydroxysteroid-delta(8),delta(7)-isomerase",Q15125,59,57,7.122542372881356,1.453634675468808
CHEMBL4386,Vacuolar-type proton translocating pyrophosphatase 1,Q8MTZ4,59,59,4.694237288135593,0.4073090980376495
CHEMBL5150,Luciferin 4-monooxygenase,Q27757,59,45,5.594406779661017,0.7228565727589606
CHEMBL3668,Galectin-3,P16110,59,55,6.154915254237288,0.683420335345164
CHEMBL4136,Phospholipase A2 group 1VB,P0C869,59,41,6.247118644067796,1.0323292224924772
CHEMBL2592,Adenosine A2b receptor,P29276,59,54,6.2,1.0942388316494966
CHEMBL4888,Dihydrofolate reductase,Q8Z9J9,59,58,7.020338983050848,0.6257601338997706
CHEMBL2111421,Transcription factor AP1,P05412,59,59,5.793559322033898,0.8541617441757301
CHEMBL2111421,Transcription factor AP1,P01100,59,59,5.793559322033898,0.8541617441757301
CHEMBL4670,MAP kinase-activated protein kinase 3,Q16644,59,54,5.7923728813559325,0.8487990278014734
CHEMBL5048,Neutral cholesterol ester hydrolase 1,Q6PIU2,59,48,5.376271186440678,0.9051555368441397
CHEMBL2247,Atrial natriuretic peptide receptor C,P17342,59,58,7.419152542372881,2.268063345323185
CHEMBL3191,Leukotriene B4 receptor 2,Q9NPC1,59,58,6.459830508474576,0.8747344257572746
CHEMBL5098,Glutamate carboxypeptidase II,P70627,59,49,6.910508474576272,1.3122242550786043
CHEMBL5467,Bone morphogenetic protein receptor type-2,Q13873,59,42,6.276440677966102,0.8385471070432281
CHEMBL1293282,Protein Rev,P04618,58,58,4.882241379310345,0.4233245327312125
CHEMBL4999,Aldo-keto reductase family 1 member C4,P17516,58,47,4.788965517241379,0.683781255817694
CHEMBL4295629,Nonstructural protein 5,V5TFZ2,58,49,5.547931034482758,0.800405069862797
CHEMBL1293265,Serine/threonine-protein phosphatase,Q9BPW0,58,58,4.927758620689655,0.5154491929748409
CHEMBL3944,Vasopressin V2 receptor,P32307,58,48,7.861034482758621,0.8318288657818829
CHEMBL4879420,Proteinase-activated receptor 4,O88634,58,58,5.6098275862068965,0.49008947045433604
CHEMBL5348,Chitinase B,P11797,58,48,6.053965517241379,1.0110580521191606
CHEMBL2099,Prostate specific antigen,P07288,58,51,7.258103448275863,0.889741647691634
CHEMBL3565,Dihydrofolate reductase,P04174,58,56,6.612241379310345,0.5650245860306584
CHEMBL2366581,Ecdysone receptor,P20153,58,46,5.041896551724138,0.7639611841350931
CHEMBL4523465,Serine/threonine-protein kinase TAO2,Q9JLS3,58,56,5.792068965517242,0.3194554501554147
CHEMBL2366581,Ecdysone receptor,P34021,58,46,5.041896551724138,0.7639611841350931
CHEMBL5798,Beta-lactamase VIM-2,Q9K2N0,58,47,4.876896551724138,1.1189236790938968
CHEMBL2647,Neurokinin 2 receptor,Q64077,58,38,7.908793103448276,1.0361197478483968
CHEMBL5146,Breakpoint cluster region protein,P11274,58,58,6.543275862068965,0.973091272347779
CHEMBL4883,Urokinase plasminogen activator surface receptor,Q03405,58,44,5.650689655172414,1.667683404331917
CHEMBL1275216,Orexin receptor 2,P56719,58,57,8.113103448275861,0.943567710447124
CHEMBL2157854,Ubiquitin carboxyl-terminal hydrolase 8,P40818,57,46,5.646315789473684,1.2314750614883236
CHEMBL3085620,Transcription activator BRG1,P51532,57,38,6.232456140350878,1.1606191092653868
CHEMBL4580,"Thymidine kinase, mitochondrial",O00142,57,44,5.548771929824561,0.9846374789293165
CHEMBL3813587,Probable G-protein coupled receptor 174,Q3U507,57,24,7.550000000000001,0.9694549278552653
CHEMBL4523418,Inositol hexakisphosphate kinase 1,Q92551,57,54,5.964210526315789,1.005751224864175
CHEMBL4105784,Ras-related protein Rab-7a,P51149,57,25,6.836842105263158,0.5185941087440737
CHEMBL3799,Neurokinin 3 receptor,P30098,57,38,7.534912280701755,1.3801813064219102
CHEMBL3195,Glycine transporter 2,P58295,57,52,5.95438596491228,0.5118315066778033
CHEMBL3932,Carbonic anhydrase,P40881,57,27,6.00578947368421,1.0044649381785682
CHEMBL3313836,Toxin ParE,Q79EC5,57,56,7.042105263157894,0.6988632015180722
CHEMBL2200,Matrix metalloproteinase 16,P51512,57,54,6.479649122807017,1.2092204763404408
CHEMBL2073670,Solute carrier family 22 member 1,Q63089,57,29,5.211578947368421,0.793441395517212
CHEMBL3407319,Neurogenic locus notch homolog protein 3,Q9UM47,57,55,8.204210526315789,0.6286349933683436
CHEMBL2380189,Poly [ADP-ribose] polymerase 11,Q9NR21,57,31,5.178421052631579,0.8464227023050857
CHEMBL4523488,Inositol hexakisphosphate kinase 2,Q9UHH9,57,54,6.087017543859648,0.8801094999087179
CHEMBL4420,Hydroxycarboxylic acid receptor 2,Q9EP66,57,45,6.518070175438596,0.8862308603544637
CHEMBL2273,Caspase-9,P55211,57,57,5.537017543859649,1.0635351510617126
CHEMBL277,Muscarinic acetylcholine receptor M5,P08911,57,43,6.496842105263158,1.4702164052259419
CHEMBL3534,Dolichyl-phosphate-mannose--protein mannosyltransferase 1,O74189,56,51,5.630535714285714,0.6229823276140988
CHEMBL3638353,EF-hand calcium-binding domain-containing protein 4B,Q9BSW2,56,56,6.939285714285715,0.40853555377873635
CHEMBL3112387,Glucokinase,P52792,56,56,6.028571428571429,0.5574925309615566
CHEMBL3407328,Pantothenate kinase 3,Q9H999,56,55,6.376964285714286,1.1753528207507538
CHEMBL3108648,Protein arginine N-methyltransferase 8,Q9NR22,56,53,6.3575,1.3717384457819801
CHEMBL2375203,"Alpha-1,6-mannosyl-glycoprotein 2-beta-N-acetylglucosaminyltransferase",Q921V5,56,55,7.351071428571429,0.6955826297465993
CHEMBL3917,Thyroid hormone receptor beta-1,P18113,56,43,8.116964285714285,1.3495008095829126
CHEMBL6079,Proto-oncogene protein Wnt-3,P56703,56,56,6.107857142857143,0.7132249786216625
CHEMBL6029,Eukaryotic translation initiation factor 2-alpha kinase 1,Q9BQI3,56,53,6.275535714285715,0.783987290348875
CHEMBL4092,c-Jun N-terminal kinase 3,P49187,56,55,6.136964285714286,0.6974470840608158
CHEMBL3137285,Nicotinic acetylcholine receptor alpha6/alpha3/beta4,P30926,56,56,7.633928571428571,1.0247920916794935
CHEMBL3137285,Nicotinic acetylcholine receptor alpha6/alpha3/beta4,Q15825,56,56,7.633928571428571,1.0247920916794935
CHEMBL3137285,Nicotinic acetylcholine receptor alpha6/alpha3/beta4,P32297,56,56,7.633928571428571,1.0247920916794935
CHEMBL1764942,Substance-P receptor,Q5DUB1,55,55,8.250545454545454,1.0675593802234282
CHEMBL2522,Beta-galactosidase,P16278,55,40,5.458,1.271251060671832
CHEMBL3112376,Alpha-ketoglutarate-dependent dioxygenase alkB homolog 3,Q96Q83,55,53,5.449090909090909,0.6540026977157877
CHEMBL3593151,Rap guanine nucleotide exchange factor 4,Q9EQZ6,55,51,5.233090909090909,0.5620955261086682
CHEMBL4448,Kallikrein 6,Q92876,55,48,5.753454545454545,0.8905267234158918
CHEMBL4296116,CRY2/PER2,O15055,55,55,6.266181818181818,0.4796815722689489
CHEMBL3108647,Histone-lysine N-methyltransferase SETD2,Q9BYW2,55,30,7.1178181818181825,0.8724204111191884
CHEMBL3964,Phospholipase C-gamma-1,P19174,55,55,4.755090909090908,0.5654492567444598
CHEMBL4296116,CRY2/PER2,Q49AN0,55,55,6.266181818181818,0.4796815722689489
CHEMBL1667695,Beta-lactamase NDM-1,C7C422,55,34,4.9898181818181815,1.508450874375444
CHEMBL5526,UDP-N-acetylmuramate dehydrogenase,P08373,55,51,4.882909090909091,0.3466221805178313
CHEMBL4487,Serine/threonine-protein kinase PAK 2,Q13177,55,40,6.839636363636364,1.2803615861333049
CHEMBL4296012,Telomeric repeat-binding factor 2,Q15554,55,52,5.130545454545454,0.7867382692974232
CHEMBL3564,Taq polymerase 1,P19821,55,53,5.161090909090909,0.6402999086865253
CHEMBL2073676,Canalicular multispecific organic anion transporter 1,Q63120,55,46,5.0218181818181815,0.8337800822694348
CHEMBL3856166,Fusion glycoprotein F0,P03420,55,52,8.340545454545454,1.0130910130256814
CHEMBL3600274,Thyrotropin-releasing hormone receptor 2,Q9ERT1,55,31,7.292363636363636,1.2869299725349295
CHEMBL3232700,Glucokinase regulatory protein,Q91X44,55,48,6.39509090909091,0.7098353296971034
CHEMBL3308911,Early activation antigen CD69,Q07108,55,40,6.95309090909091,1.2323372444972533
CHEMBL2777,myosin light chain kinase 2,Q9H1R3,55,35,6.336181818181818,0.7777591051149614
CHEMBL1075195,Serine/threonine-protein kinase TAO2,Q9UL54,55,49,6.080909090909091,0.8580582573834792
CHEMBL1250379,ELAV-like protein 1,Q15717,54,24,6.357407407407408,1.5792393502022146
CHEMBL2669,Serine-threonine protein phosphatase 2A regulatory subunit,Q8AWE3,54,35,7.098333333333334,1.7166649874816235
CHEMBL4105844,Leucine--tRNA ligase,P9WFV1,54,53,6.218518518518518,0.8381029958937417
CHEMBL3621037,RNA demethylase ALKBH5,Q6P6C2,54,51,5.35,0.7490749011595369
CHEMBL1770035,Phospho-N-acetylmuramoyl-pentapeptide-transferase,P0C1R8,54,50,6.067222222222222,1.4981087658156989
CHEMBL2169724,CGMP-dependent protein kinase,W7JX98,54,51,8.01,1.0055037224441572
CHEMBL2417347,Short transient receptor potential channel 6,Q9Y210,54,52,7.095740740740741,1.2440569692892591
CHEMBL3562165,Probable G-protein coupled receptor 34,Q9UPC5,54,26,6.662037037037037,0.7767017339416955
CHEMBL3309,Neuropeptide Y receptor type 2,Q9ERC0,54,54,7.984444444444445,1.4135859214185402
CHEMBL5956,Beta-lactamase SHV-1,P0AD63,54,45,6.744259259259259,1.2552750609672105
CHEMBL4004,Phosphorylase kinase gamma subunit 1,Q16816,54,31,6.745,1.309703624834894
CHEMBL3505,"Glutamate receptor ionotropic, AMPA 4",P19493,54,36,5.770740740740741,1.582009531555204
CHEMBL1914272,Scavenger receptor class B member 1,Q8WTV0,54,53,7.6288888888888895,1.0032300036639514
CHEMBL3312,Sodium channel protein type IX alpha subunit,O08562,54,47,6.61425925925926,1.109211179600343
CHEMBL3442,Glutamate [NMDA] receptor subunit epsilon 2,Q01097,54,53,7.847777777777777,0.8174642492134673
CHEMBL1932894,Matrix protein 2,P06821,54,46,5.48,0.7387649050311339
CHEMBL1971,Sulfonylurea receptor 2,O60706,53,53,5.487358490566037,0.5912703108997814
CHEMBL3381,Small conductance calcium-activated potassium channel protein 3,Q9UGI6,53,37,6.812264150943396,1.59258454854587
CHEMBL3638332,Genome polyprotein,O92972,53,52,6.700754716981132,0.8247280415539406
CHEMBL2331070,Acid ceramidase,Q6P7S1,53,37,6.907169811320754,0.902011379252993
CHEMBL3638345,5-hydroxytryptamine receptor,G3I1B6,53,53,9.096981132075472,0.5084500766116435
CHEMBL2555,Thymidylate synthase,P0A884,53,52,5.501132075471698,0.6089640016433914
CHEMBL3707466,5-hydroxytryptamine receptor 1B,P46636,53,53,8.152452830188679,0.728805412619164
CHEMBL3988606,Transitional endoplasmic reticulum ATPase,Q01853,53,53,6.457358490566038,0.33626998621412374
CHEMBL5475,Galectin-8,O00214,53,40,5.326792452830189,1.5829035803097204
CHEMBL3507,Mineralocorticoid receptor,P22199,53,49,6.3641509433962264,1.024633957083557
CHEMBL3243910,Acrosin,P08001,53,53,6.092830188679246,0.405900600557151
CHEMBL2060,Lipoprotein lipase,P06858,53,33,4.788679245283019,0.6245029954225414
CHEMBL5169217,Utrophin,E9Q6R7,53,53,5.515471698113207,0.5432967953498766
CHEMBL3337327,Tau-tubulin kinase 2,Q6IQ55,53,53,5.597547169811321,0.9984775057371047
CHEMBL3456,Progesterone receptor,P06186,53,49,6.985471698113208,1.0898933717036725
CHEMBL3499,Beta-lactamase class C,Q59401,53,39,6.119245283018868,1.064469620653699
CHEMBL2238,Somatostatin receptor 3,P30935,53,34,8.560754716981133,0.8387693573522413
CHEMBL3308998,Genome polyprotein,P12823,53,35,4.925283018867925,0.3778970340713748
CHEMBL2799,Dopamine transporter,Q61327,53,44,6.529245283018868,0.957060501778159
CHEMBL3322,Prostanoid IP receptor,P43253,53,50,6.582075471698114,0.7367322822660524
CHEMBL2157851,Ubiquitin carboxyl-terminal hydrolase 47,Q96K76,53,38,5.714905660377358,0.5356829668086176
CHEMBL3038492,JAK2/JAK1,P23458,52,38,6.2463461538461535,0.7117557105872382
CHEMBL4840,Beta-lactamase type II,P25910,52,51,5.788461538461538,1.3199337247405225
CHEMBL1075108,Solute carrier family 12 member 5,Q63633,52,47,5.801923076923076,0.8467516673285507
CHEMBL303,Glutamate [NMDA] receptor subunit epsilon 4,Q62645,52,52,5.6467307692307696,0.6529442253268133
CHEMBL1075029,A1 adenosine receptor,Q4VQ11,52,32,6.288846153846153,1.1830198212354253
CHEMBL4403,Ryanodine receptor 2,Q92736,52,52,7.015,0.30101462409917684
CHEMBL2366472,15-cis-phytoene desaturase,P26294,52,49,6.604615384615385,0.8772628142403328
CHEMBL1772929,HTH-type transcriptional regulator EthR,P9WMC1,52,43,5.758076923076923,0.5679651966054369
CHEMBL3226,Imidazoleglycerol-phosphate dehydratase,P0CO23,52,30,5.861923076923077,0.7788000787071537
CHEMBL3878,Phosphodiesterase 6A,P16499,52,52,7.181923076923076,0.7384882238139724
CHEMBL2384891,Calcium release-activated calcium channel protein 1,Q96D31,52,47,5.007115384615385,1.1829977483917078
CHEMBL4470,Signal peptidase I,P00803,52,47,6.160576923076923,1.2087400886087774
CHEMBL3038492,JAK2/JAK1,O60674,52,38,6.2463461538461535,0.7117557105872382
CHEMBL2753,GABA-B receptor 1,Q9Z0U4,52,52,5.279038461538462,1.1214473484539744
CHEMBL4802012,Sentrin-specific protease 5,Q96HI0,52,52,4.83,0.2932709381054572
CHEMBL2724,Estrogen receptor alpha,P06211,52,50,6.962115384615384,1.3159077036268747
CHEMBL1255137,Protein Wnt-3a,P56704,52,52,6.447692307692307,1.210521869933265
CHEMBL2111328,Inhibitor of NF-kappa-B kinase (IKK),O14920,52,19,6.09,0.8375220219522004
CHEMBL3137268,Integrin alpha2/beta1,P17301,52,46,6.88,0.6813423889502194
CHEMBL3351196,PA-I galactophilic lectin,Q05097,52,40,5.201730769230769,1.080794408546091
CHEMBL2111328,Inhibitor of NF-kappa-B kinase (IKK),O15111,52,19,6.09,0.8375220219522004
CHEMBL3137268,Integrin alpha2/beta1,P05556,52,46,6.88,0.6813423889502194
CHEMBL2111328,Inhibitor of NF-kappa-B kinase (IKK),Q9Y6K9,52,19,6.09,0.8375220219522004
CHEMBL1992,DNA (cytosine-5)-methyltransferase 3A,Q9Y6K1,51,42,5.287843137254902,0.5565512149856119
CHEMBL4106137,GATA4/NKX2-5,Q08369,51,51,4.780196078431373,0.2814284292396803
CHEMBL5790,Serine/threonine-protein kinase PCTAIRE-2,Q00537,51,37,6.724117647058824,1.0234279192411906
CHEMBL3161,Leukocyte adhesion molecule-1,P14151,51,48,5.131176470588235,0.6021881668011205
CHEMBL4106137,GATA4/NKX2-5,P42582,51,51,4.780196078431373,0.2814284292396803
CHEMBL4105933,Uncharacterized protein FLJ45252,Q6ZSR9,51,51,6.5768627450980395,1.027243866267555
CHEMBL3872,C-C chemokine receptor type 1,P51675,51,45,6.427450980392157,0.8227656850823443
CHEMBL3189,Adenylate cyclase type V,O95622,51,42,5.319411764705883,1.0630492213716276
CHEMBL4917,Complement C3,P01024,51,39,5.876862745098038,1.0902210605121854
CHEMBL2659,Vasopressin V1b receptor,P48974,51,50,7.790392156862745,1.5456286239382508
CHEMBL1293260,Beta-lactamase,Q5J463,51,51,5.304117647058823,0.5335210453977922
CHEMBL2052035,Subtilisin-like protease,O61142,51,46,5.251764705882352,0.7308206507272569
CHEMBL2331068,D-amino-acid oxidase,P18894,51,51,6.938039215686274,1.0620678313701875
CHEMBL4323,Phospholipase A2 group V,P39877,51,47,5.986078431372549,0.7107209816274528
CHEMBL5624,Cytosol aminopeptidase,P28839,51,47,5.781372549019609,1.4897946430402325
CHEMBL4442,Cyclin-dependent kinase 3,Q00526,50,41,6.5926,1.0321007109536453
CHEMBL3021,Estrogen receptor beta,Q62986,50,47,7.306,1.505852528216058
CHEMBL4295985,Hydroxyacid oxidase 1,Q9WU19,50,35,5.0946,0.7286028284550183
CHEMBL5368,Amiloride-sensitive cation channel 3,Q9UHC3,50,50,5.1496,1.0038577832440174
CHEMBL3131,Caspase-5,P51878,50,33,6.3562,1.2464314613147016
CHEMBL1972,Glutamate [NMDA] receptor subunit epsilon 1,Q12879,50,43,5.4506,1.1862880023374582
CHEMBL3956,Mitogen-activated protein kinase kinase kinase 1,Q13233,50,44,5.9282,0.7172671776134976
CHEMBL2548,Neuropeptide Y receptor type 5,Q63634,50,50,7.833600000000001,0.7425899519483782
CHEMBL3232684,Chromobox protein homolog 8,Q9HC52,50,48,5.4662,0.5950197732951777
CHEMBL3712928,Nectin-4,Q96NY8,50,50,7.520599999999999,0.6711926941296823
CHEMBL2424506,DNA gyrase subunit A,P20831,50,46,5.500800000000001,0.9248956697920039
CHEMBL4825,MAP kinase p38 alpha,P70618,50,50,6.942200000000001,0.7890482254214988
CHEMBL5501,Histone acetyltransferase GCN5,Q92830,50,41,5.279,1.3391411350532985
CHEMBL2384898,N-arachidonyl glycine receptor,Q14330,50,44,5.4674000000000005,0.6563436444362334
CHEMBL3918,Receptor-type tyrosine-protein phosphatase alpha,P18433,50,44,5.2576,1.055559741249608
CHEMBL5626,SHC-transforming protein 1,P29353,50,50,4.8242,0.5479575806612063
CHEMBL1649049,Tyrosine-protein kinase JAK2,Q62120,50,49,6.4922,0.6887530584398189
CHEMBL2380190,Endothelial lipase,Q9WVG5,50,43,6.687799999999999,0.8109210938236614
CHEMBL5917,"Malate dehydrogenase, mitochondrial",P40926,50,44,5.3248,0.46483808899399776
CHEMBL2069162,Probable G-protein coupled receptor 142,Q7TQN9,50,42,6.9064,0.8826184605698969
CHEMBL5460,Heat shock 70 kDa protein 1,P0DMV8,50,43,4.930400000000001,0.5585475332850155
CHEMBL4867,Purinergic receptor P2Y11,Q96G91,50,36,5.7543999999999995,0.8101402246978419
CHEMBL1293271,Serine/threonine-protein phosphatase,B9W6M3,50,45,5.1918,0.5640367986258359
CHEMBL3317335,Sodium-dependent proline transporter,Q99884,50,50,6.5456,0.7520913969643286
CHEMBL5840,Fatty acid desaturase 1,O60427,49,47,7.536122448979591,0.9261070319859777
CHEMBL3351204,Peptidase 1,P08176,49,46,7.749387755102042,0.6481557431257854
CHEMBL2627,Dihydrofolate reductase type 1,P00382,49,47,7.5377551020408164,0.6975470871385747
CHEMBL3738,Leukotriene A4 hydrolase,P24527,49,49,6.913061224489796,0.5188898569768631
CHEMBL1949488,Scavenger mRNA-decapping enzyme DcpS,Q96C86,49,40,7.968979591836735,1.8218880372866386
CHEMBL5135,Voltage-gated potassium channel subunit Kv7.1,O70344,49,43,6.5416326530612245,1.1943047959286741
CHEMBL4642,Serotonin transporter,Q60857,49,46,7.482448979591837,1.2539579515349333
CHEMBL4296242,Connector enhancer of kinase suppressor of ras 1,Q969H4,49,35,5.361836734693878,1.1247864120752502
CHEMBL3783,Fatty acid synthase,P12785,49,47,5.70204081632653,0.8742853738717049
CHEMBL2446,Corticotropin releasing factor receptor 1,P35347,49,49,7.029591836734694,0.862749865217012
CHEMBL4549,Apolipoprotein B-100,P04114,49,49,8.300612244897959,0.6475737028943286
CHEMBL6040,Genome polyprotein,P26663,49,49,6.718367346938775,0.7210332485941486
CHEMBL5724,Arylamine N-acetyltransferase 2,P50295,49,48,5.2246938775510205,0.5342405124754841
CHEMBL2226,Caspase-4,P49662,49,36,6.002040816326531,1.1788659444423637
CHEMBL5970,Mitogen-activated protein kinase kinase kinase 3,Q99759,49,39,6.374897959183674,0.8257903346920138
CHEMBL1163124,Mitogen-activated protein kinase kinase kinase 13,O43283,49,46,7.0259183673469385,0.8006479625053361
CHEMBL3123,Death-associated protein kinase 2,Q9UIK4,49,36,6.465714285714285,1.0415173226275853
CHEMBL4756,Ricin,P02879,49,43,4.288163265306123,0.892467724601726
CHEMBL2792,Retinoic acid receptor alpha,P11416,49,37,7.22734693877551,0.963030753035705
CHEMBL310,Glutamate [NMDA] receptor subunit epsilon 1,Q00959,49,46,5.147755102040817,0.9575190714073761
CHEMBL3712868,17-beta-hydroxysteroid dehydrogenase 14,Q9BPX1,49,47,7.347755102040817,0.7271326830610151
CHEMBL2576,Dihydrofolate reductase,P07807,49,49,6.34469387755102,0.633837854005319
CHEMBL3108644,Bromodomain and PHD finger-containing protein 3,Q9ULD4,49,29,5.86673469387755,0.6838627657015149
CHEMBL4440,Neuromedin B receptor,P24053,49,49,8.243877551020407,0.8658926423219053
CHEMBL2157,Interleukin-8,P10145,49,44,6.074285714285714,1.1466654554257172
CHEMBL3709,Growth hormone-releasing hormone receptor,Q02644,49,49,7.931224489795918,0.8510278899000642
CHEMBL3751647,Telomeric repeat-binding factor 2-interacting protein 1,Q9NYB0,49,28,5.8861224489795925,1.246461351731591
CHEMBL5129,Phosphodiesterase 3B,E1BN64,48,44,4.7475,0.8919533906341912
CHEMBL4106160,N-type calcium channel alpha-1b/alpha2delta-1/beta-1b,Q00975,48,48,6.568958333333334,0.5023698712986803
CHEMBL4106160,N-type calcium channel alpha-1b/alpha2delta-1/beta-1b,P54289,48,48,6.568958333333334,0.5023698712986803
CHEMBL4106160,N-type calcium channel alpha-1b/alpha2delta-1/beta-1b,Q02641,48,48,6.568958333333334,0.5023698712986803
CHEMBL612444,Mitochondrial complex V; ATP synthase,P05632,48,47,6.1816666666666675,0.839058066951455
CHEMBL4523509,Spindlin-1,Q9Y657,48,22,6.485625,0.8241666487389653
CHEMBL6052,Transforming protein RhoA,P61586,48,46,4.994166666666667,0.5281152087933705
CHEMBL1795119,Chitinase,Q25615,48,42,5.822291666666666,0.4520931912184691
CHEMBL3440,Beta-1 adrenergic receptor,P34971,48,46,7.260000000000001,1.1414436547728828
CHEMBL4662936,Spike glycoprotein,P0DTC2,48,40,5.882291666666667,1.30824755218629
CHEMBL5918,Canalicular multispecific organic anion transporter 2,O15438,48,47,4.5687500000000005,0.5003599767996825
CHEMBL3218,CD22,P20273,48,45,5.816041666666667,1.2170801116717629
CHEMBL5607,Rhodopsin kinase,Q15835,48,42,6.0370833333333325,1.0267381906098252
CHEMBL5955,UDP-N-acetylglucosamine--peptide N-acetylglucosaminyltransferase 110 kDa subunit,O15294,48,39,4.79,0.5974840868529917
CHEMBL612444,Mitochondrial complex V; ATP synthase,P05630,48,47,6.1816666666666675,0.839058066951455
CHEMBL612444,Mitochondrial complex V; ATP synthase,P05631,48,47,6.1816666666666675,0.839058066951455
CHEMBL612444,Mitochondrial complex V; ATP synthase,P00829,48,47,6.1816666666666675,0.839058066951455
CHEMBL2111366,GABA A receptor alpha-4/beta-3/gamma-2,P18507,48,44,6.38375,0.8775755407867943
CHEMBL2111366,GABA A receptor alpha-4/beta-3/gamma-2,P28472,48,44,6.38375,0.8775755407867943
CHEMBL3351217,Neuromedin-U receptor 2,Q8BZ39,48,46,8.859166666666667,1.004957569408807
CHEMBL2111366,GABA A receptor alpha-4/beta-3/gamma-2,P48169,48,44,6.38375,0.8775755407867943
CHEMBL5686,6-phospho-1-fructokinase,O15648,48,45,5.535208333333333,0.9461838010983875
CHEMBL3718,Uridine phosphorylase 1,P52624,48,48,5.757083333333333,0.9435671526877171
CHEMBL2364162,Tumor necrosis factor ligand superfamily member 11,O14788,48,42,5.236875,0.38999266905275776
CHEMBL5982,ADAM9,Q13443,48,45,6.130416666666666,0.8432257170705114
CHEMBL2912,AMP deaminase 3,Q01432,48,46,6.302083333333333,1.0466480607733275
CHEMBL1795082,DNA topoisomerase,A0A2S9PM60,47,46,5.128085106382979,0.323100726641038
CHEMBL1293258,Mothers against decapentaplegic homolog 3,P84022,47,47,5.147872340425532,0.6714194443902208
CHEMBL1944499,Astrosclerin-3,A6YCJ1,47,46,6.323617021276595,0.9127298412905319
CHEMBL5450,Serotonin 1d (5-HT1d) receptor,P28565,47,41,7.106808510638298,1.0557608144448716
CHEMBL3784911,Receptor-interacting serine/threonine-protein kinase 1,Q60855,47,28,6.257446808510639,0.7271010577602778
CHEMBL3883284,Integrin alpha-3/beta-3,P05106,47,25,7.488510638297872,1.3409713849740221
CHEMBL5169154,AP2-associated protein kinase 1,Q3UHJ0,47,47,9.547872340425531,0.8321317207870729
CHEMBL1250346,5'-methylthioadenosine/S-adenosylhomocysteine nucleosidase,P0AF14,47,46,6.861702127659575,1.4299959245137066
CHEMBL6014,Testis-specific serine/threonine-protein kinase 2,Q96PF2,47,46,6.437446808510638,0.7738005250346764
CHEMBL5033,5-enolpyruvylshikimate-3-phosphate synthase,P0A6D3,47,30,5.868936170212765,1.2678417711634025
CHEMBL1250402,Transient receptor potential cation channel subfamily M member 2,O94759,47,33,5.426595744680851,0.9623663692571297
CHEMBL3259471,G-protein coupled receptor 183,Q3U6B2,47,25,7.283404255319149,0.7091797975118088
CHEMBL2213,Protein kinase C alpha,P04409,47,47,6.843191489361702,1.0363294473304596
CHEMBL3883284,Integrin alpha-3/beta-3,P26006,47,25,7.488510638297872,1.3409713849740221
CHEMBL3638323,HIV protease,Q9YQ30,47,46,8.985106382978724,0.3642972528535357
CHEMBL2498,PI3-kinase p110-alpha subunit,P32871,47,42,7.541276595744681,1.3395531653134198
CHEMBL2189116,Histone-lysine N-methyltransferase EZH1,Q92800,47,45,6.677446808510638,0.9574614717758859
CHEMBL5453,Serotonin transporter,Q9MYX0,47,47,6.689361702127659,1.106666369455581
CHEMBL3621036,"Bifunctional methylenetetrahydrofolate dehydrogenase/cyclohydrolase, mitochondrial",P13995,47,47,6.24468085106383,0.946627540417835
CHEMBL1641348,Solute carrier family 22 member 8,Q8TCC7,47,40,5.2634042553191485,0.7458560200133764
CHEMBL5038,Melanin-concentrating hormone receptor 2,Q969V1,47,46,7.209787234042554,1.442995810897686
CHEMBL6180,Envelope glycoprotein gp160,P35961,47,31,5.0444680851063834,0.7410474622793071
CHEMBL3739246,Urea transporter 2,Q62668,47,47,5.684255319148937,0.6398428634569143
CHEMBL4726,Receptor-histidine kinase AgrC,O07911,47,20,7.502553191489362,1.3791482375870963
CHEMBL3714704,Kinase,B2RXC2,47,47,6.875957446808511,1.0401226089399853
CHEMBL4400,Beta-3 adrenergic receptor,O02662,46,36,8.507391304347825,0.6316237796614502
CHEMBL3232689,Cathepsin B,H9B8T9,46,40,5.53,1.1728824891408915
CHEMBL2163171,Urea transporter 1,Q8VHL0,46,41,6.216956521739131,0.9205430029552422
CHEMBL3728,Serum albumin,P02769,46,46,4.761521739130435,0.48144212709227086
CHEMBL3985,Voltage-dependent calcium channel alpha2delta subunit,O77773,46,44,6.461956521739131,0.79056272381757
CHEMBL3409,Glutathione S-transferase A1,P08263,46,30,6.049565217391305,0.9774250901032181
CHEMBL4197,Heat shock protein HSP 90-alpha,P07901,46,46,5.509565217391304,0.8719657396983723
CHEMBL5318,Apoptosis regulator BAX,Q07812,46,43,5.720652173913043,0.7517221773262099
CHEMBL3425391,Patatin-like phospholipase domain-containing protein 2,Q8BJ56,46,45,4.2904347826086955,0.43951466425663016
CHEMBL2501,Bradykinin B2 receptor,P25023,46,41,7.774565217391304,1.452722664549783
CHEMBL3588732,"Dihydroorotate dehydrogenase (quinone), mitochondrial",Q08210,46,44,6.48391304347826,0.7376252534266662
CHEMBL5661,Exportin-1,O14980,46,44,6.011304347826086,0.9783037671753928
CHEMBL4431,Retinoid X receptor alpha,Q05343,46,26,7.747826086956523,0.7803102318764089
CHEMBL3436,Phenylalanyl-tRNA synthetase alpha chain,P68849,46,43,7.254130434782609,0.5430104401982075
CHEMBL2285348,Ecdysone receptor,E3UJZ5,46,45,6.124782608695653,1.2867145744629094
CHEMBL2249,Lysyl oxidase,P28300,46,45,4.97304347826087,0.6704687234903238
CHEMBL4031,Beta-3 adrenergic receptor,P26255,46,39,7.194347826086957,1.1056795842354914
CHEMBL3879870,N-acetyltransferase Eis,P9WFK7,46,43,5.697391304347826,0.8595307111896938
CHEMBL3108632,Transient receptor potential cation channel subfamily M member 8,Q8R4D5,46,35,6.269565217391304,1.085772549379246
CHEMBL6068,Carbonic anhydrase,P9WPJ9,46,44,5.647173913043478,0.9776767542233945
CHEMBL2368,Dopamine D1 receptor,P35406,46,44,7.056956521739131,0.6349238609303828
CHEMBL4680030,Aspartyl/asparaginyl beta-hydroxylase,Q12797,46,12,5.654347826086957,0.7587318430524947
CHEMBL3987582,80S Ribosome,P62266,45,26,5.789111111111111,0.4234105155123861
CHEMBL3987582,80S Ribosome,P62269,45,26,5.789111111111111,0.4234105155123861
CHEMBL3987582,80S Ribosome,P62753,45,26,5.789111111111111,0.4234105155123861
CHEMBL3987582,80S Ribosome,P62750,45,26,5.789111111111111,0.4234105155123861
CHEMBL3987582,80S Ribosome,P62701,45,26,5.789111111111111,0.4234105155123861
CHEMBL3987582,80S Ribosome,P47914,45,26,5.789111111111111,0.4234105155123861
CHEMBL3987582,80S Ribosome,P46776,45,26,5.789111111111111,0.4234105155123861
CHEMBL3987582,80S Ribosome,P46777,45,26,5.789111111111111,0.4234105155123861
CHEMBL3987582,80S Ribosome,P62829,45,26,5.789111111111111,0.4234105155123861
CHEMBL3987582,80S Ribosome,P62424,45,26,5.789111111111111,0.4234105155123861
CHEMBL3987582,80S Ribosome,P62249,45,26,5.789111111111111,0.4234105155123861
CHEMBL3987582,80S Ribosome,P62280,45,26,5.789111111111111,0.4234105155123861
CHEMBL3987582,80S Ribosome,P62244,45,26,5.789111111111111,0.4234105155123861
CHEMBL3987582,80S Ribosome,P62273,45,26,5.789111111111111,0.4234105155123861
CHEMBL3987582,80S Ribosome,P62277,45,26,5.789111111111111,0.4234105155123861
CHEMBL3416,Human herpesvirus 2 protease,P89449,45,45,6.1097777777777775,0.5179526517887028
CHEMBL1932895,Natural resistance-associated macrophage protein 2,P49281,45,43,6.203333333333333,0.467522483659634
CHEMBL3660,Vitronectin receptor alpha,P06756,45,45,6.299333333333332,1.1096752186604382
CHEMBL3987582,80S Ribosome,P62241,45,26,5.789111111111111,0.4234105155123861
CHEMBL3987582,80S Ribosome,P62081,45,26,5.789111111111111,0.4234105155123861
CHEMBL3987582,80S Ribosome,P61927,45,26,5.789111111111111,0.4234105155123861
CHEMBL1649054,Peptide deformylase,Q9I7A8,45,45,7.404,0.4004679081456407
CHEMBL5169105,3-hydroxy-3-methylglutaryl-coenzyme A reductase,P00347,45,43,5.824222222222222,0.6218940602885846
CHEMBL2096975,Acetylcholine receptor,P02718,45,34,6.155111111111111,1.6113230337806004
CHEMBL5552,Serine/threonine-protein kinase 25,O00506,45,31,6.260222222222222,0.95652184523096
CHEMBL2096975,Acetylcholine receptor,P02714,45,34,6.155111111111111,1.6113230337806004
CHEMBL2096975,Acetylcholine receptor,P02710,45,34,6.155111111111111,1.6113230337806004
CHEMBL2096975,Acetylcholine receptor,P02712,45,34,6.155111111111111,1.6113230337806004
CHEMBL4630879,Hepatitis A virus cellular receptor 2,Q8TDQ0,45,39,5.002888888888889,1.3177919242261102
CHEMBL3987582,80S Ribosome,P05388,45,26,5.789111111111111,0.4234105155123861
CHEMBL3987582,80S Ribosome,P46783,45,26,5.789111111111111,0.4234105155123861
CHEMBL3987582,80S Ribosome,P46781,45,26,5.789111111111111,0.4234105155123861
CHEMBL3987582,80S Ribosome,P46779,45,26,5.789111111111111,0.4234105155123861
CHEMBL3987582,80S Ribosome,P60866,45,26,5.789111111111111,0.4234105155123861
CHEMBL3987582,80S Ribosome,P46782,45,26,5.789111111111111,0.4234105155123861
CHEMBL3987582,80S Ribosome,P61254,45,26,5.789111111111111,0.4234105155123861
CHEMBL4319,UDP-N-acetylmuramoylalanine-D-glutamyl-lysine-D-alanyl-D-alanine ligase,Q8DNV6,45,32,5.498,1.0324190481142292
CHEMBL3987582,80S Ribosome,Q02543,45,26,5.789111111111111,0.4234105155123861
CHEMBL3987582,80S Ribosome,P42766,45,26,5.789111111111111,0.4234105155123861
CHEMBL3301392,JAK2/TYK2,O60674,45,37,6.27,0.7908309783788421
CHEMBL3301392,JAK2/TYK2,P29597,45,37,6.27,0.7908309783788421
CHEMBL3987582,80S Ribosome,Q9Y3U8,45,26,5.789111111111111,0.4234105155123861
CHEMBL3987582,80S Ribosome,Q07020,45,26,5.789111111111111,0.4234105155123861
CHEMBL3987582,80S Ribosome,Q02878,45,26,5.789111111111111,0.4234105155123861
CHEMBL4295594,"Alternative oxidase, mitochondrial",Q26710,45,43,6.682,1.2095089161233241
CHEMBL3461,Neuronal acetylcholine receptor protein alpha-10 subunit,Q9JLB5,45,45,6.6853333333333325,0.921524428719756
CHEMBL3987582,80S Ribosome,P84098,45,26,5.789111111111111,0.4234105155123861
CHEMBL3987582,80S Ribosome,P83881,45,26,5.789111111111111,0.4234105155123861
CHEMBL3987582,80S Ribosome,P63173,45,26,5.789111111111111,0.4234105155123861
CHEMBL3987582,80S Ribosome,P46778,45,26,5.789111111111111,0.4234105155123861
CHEMBL3987582,80S Ribosome,P50914,45,26,5.789111111111111,0.4234105155123861
CHEMBL3987582,80S Ribosome,P49207,45,26,5.789111111111111,0.4234105155123861
CHEMBL3987582,80S Ribosome,P61247,45,26,5.789111111111111,0.4234105155123861
CHEMBL3987582,80S Ribosome,P62888,45,26,5.789111111111111,0.4234105155123861
CHEMBL3987582,80S Ribosome,P62861,45,26,5.789111111111111,0.4234105155123861
CHEMBL3987582,80S Ribosome,P62857,45,26,5.789111111111111,0.4234105155123861
CHEMBL3987582,80S Ribosome,P62854,45,26,5.789111111111111,0.4234105155123861
CHEMBL3987582,80S Ribosome,P62851,45,26,5.789111111111111,0.4234105155123861
CHEMBL3987582,80S Ribosome,P62979,45,26,5.789111111111111,0.4234105155123861
CHEMBL3987582,80S Ribosome,P63220,45,26,5.789111111111111,0.4234105155123861
CHEMBL3987582,80S Ribosome,P83731,45,26,5.789111111111111,0.4234105155123861
CHEMBL3987582,80S Ribosome,P61353,45,26,5.789111111111111,0.4234105155123861
CHEMBL3987582,80S Ribosome,P61513,45,26,5.789111111111111,0.4234105155123861
CHEMBL3309115,Cathepsin H,A0A060INS8,45,40,5.122222222222222,0.5152179101598612
CHEMBL3987582,80S Ribosome,P62910,45,26,5.789111111111111,0.4234105155123861
CHEMBL3987582,80S Ribosome,P62913,45,26,5.789111111111111,0.4234105155123861
CHEMBL3987582,80S Ribosome,P62917,45,26,5.789111111111111,0.4234105155123861
CHEMBL3987582,80S Ribosome,P62945,45,26,5.789111111111111,0.4234105155123861
CHEMBL3987582,80S Ribosome,P61313,45,26,5.789111111111111,0.4234105155123861
CHEMBL3987582,80S Ribosome,P62841,45,26,5.789111111111111,0.4234105155123861
CHEMBL3987582,80S Ribosome,P62847,45,26,5.789111111111111,0.4234105155123861
CHEMBL3987582,80S Ribosome,P62899,45,26,5.789111111111111,0.4234105155123861
CHEMBL3987582,80S Ribosome,P62891,45,26,5.789111111111111,0.4234105155123861
CHEMBL3987582,80S Ribosome,P62906,45,26,5.789111111111111,0.4234105155123861
CHEMBL3987582,80S Ribosome,P62263,45,26,5.789111111111111,0.4234105155123861
CHEMBL3987582,80S Ribosome,P40429,45,26,5.789111111111111,0.4234105155123861
CHEMBL3987582,80S Ribosome,P42677,45,26,5.789111111111111,0.4234105155123861
CHEMBL3987582,80S Ribosome,P27635,45,26,5.789111111111111,0.4234105155123861
CHEMBL3987582,80S Ribosome,P22090,45,26,5.789111111111111,0.4234105155123861
CHEMBL3987582,80S Ribosome,P18621,45,26,5.789111111111111,0.4234105155123861
CHEMBL3987582,80S Ribosome,P26373,45,26,5.789111111111111,0.4234105155123861
CHEMBL3987582,80S Ribosome,P25398,45,26,5.789111111111111,0.4234105155123861
CHEMBL3266,Retinoic acid receptor beta,P22605,45,35,7.385111111111111,1.2244991967446457
CHEMBL1163108,STE20/SPS1-related proline-alanine-rich protein kinase,Q9UEW8,45,41,5.985555555555556,0.6852987256914638
CHEMBL3987582,80S Ribosome,P23396,45,26,5.789111111111111,0.4234105155123861
CHEMBL3987582,80S Ribosome,P08708,45,26,5.789111111111111,0.4234105155123861
CHEMBL3987582,80S Ribosome,P08865,45,26,5.789111111111111,0.4234105155123861
CHEMBL3987582,80S Ribosome,P39023,45,26,5.789111111111111,0.4234105155123861
CHEMBL3987582,80S Ribosome,P39019,45,26,5.789111111111111,0.4234105155123861
CHEMBL3987582,80S Ribosome,P36578,45,26,5.789111111111111,0.4234105155123861
CHEMBL3987582,80S Ribosome,P35268,45,26,5.789111111111111,0.4234105155123861
CHEMBL3987582,80S Ribosome,P32969,45,26,5.789111111111111,0.4234105155123861
CHEMBL3987582,80S Ribosome,P30050,45,26,5.789111111111111,0.4234105155123861
CHEMBL3588739,Histone-lysine N-methyltransferase ASH1L,Q9NR48,45,44,4.72,0.22011360703055136
CHEMBL5208,GABA transporter 3,P48066,45,28,5.076222222222222,0.5826674121068667
CHEMBL3608198,"Phosphatidylinositol 4,5-bisphosphate 3-kinase catalytic subunit beta isoform",Q9Z1L0,45,45,6.253555555555556,0.7688809919603812
CHEMBL1697661,Cysteine protease falcipain-3,Q9NAW4,45,44,5.762888888888889,0.8559301750998527
CHEMBL3987582,80S Ribosome,P05386,45,26,5.789111111111111,0.4234105155123861
CHEMBL3422,Steroid 5-alpha-reductase 1,P24008,45,40,6.092,1.6090703131707056
CHEMBL3987582,80S Ribosome,P18077,45,26,5.789111111111111,0.4234105155123861
CHEMBL3987582,80S Ribosome,P18124,45,26,5.789111111111111,0.4234105155123861
CHEMBL3987582,80S Ribosome,P15880,45,26,5.789111111111111,0.4234105155123861
CHEMBL4105859,Ephrin type-A receptor 2,Q03145,44,36,5.1675,0.6488599124976915
CHEMBL4523940,Virion infectivity factor,P12504,44,41,5.591590909090909,0.673242563778372
CHEMBL4312,Serine/threonine-protein kinase 36,Q9NRP7,44,27,5.778409090909091,0.5122950784043253
CHEMBL4752,Farnesyl diphosphate synthase,Q8WS26,44,34,6.528181818181818,0.6560816480927194
CHEMBL1795138,Transmembrane protease serine 11D,O60235,44,44,7.130227272727273,0.4925986556193293
CHEMBL3690,GAR transformylase,Q64737,44,36,5.98590909090909,1.3147345972898035
CHEMBL4953,Replication protein E1,P04014,44,42,5.948863636363637,1.2635373305224025
CHEMBL3707464,Genome polyprotein,Q81258,44,44,7.22,0.5646402435632472
CHEMBL2171,Dual specificity mitogen-activated protein kinase kinase 6,P52564,44,36,6.03659090909091,1.1054535913850618
CHEMBL3883319,Guanine nucleotide-binding protein G(I)/G(S)/G(T) subunit beta-1/gamma-2,P59768,44,26,5.425227272727273,0.9204738128644033
CHEMBL2417350,Tumor necrosis factor receptor superfamily member 6,Q63199,44,44,6.091363636363636,0.19813773585025338
CHEMBL6059,DNA gyrase subunit B,A0QNE0,44,44,4.91159090909091,0.4858124012597448
CHEMBL3883319,Guanine nucleotide-binding protein G(I)/G(S)/G(T) subunit beta-1/gamma-2,P62873,44,26,5.425227272727273,0.9204738128644033
CHEMBL6093,Calmodulin,P0DP23,44,37,5.017727272727273,1.0928794134130977
CHEMBL1641359,Lipoxygenase,Q39829,44,40,4.406136363636364,0.5202379415769646
CHEMBL3235,Isoleucyl-tRNA synthetase,P41252,44,35,6.028409090909091,1.3643261275226737
CHEMBL6094,Ras-related C3 botulinum toxin substrate 1,P63000,44,30,4.947954545454546,0.6824053884348399
CHEMBL3406,C-C chemokine receptor type 3,P51678,44,40,6.940227272727273,0.6505936060008067
CHEMBL2010622,Leucine-rich repeat serine/threonine-protein kinase 2,Q5S006,44,40,5.803181818181819,0.9628150894153659
CHEMBL5931,Carbonic anhydrase,P53615,44,39,6.332727272727272,0.8824895114637632
CHEMBL2021745,Hydroxyacid oxidase 2,Q07523,44,40,6.182045454545454,0.3289347114511677
CHEMBL4731,Hydroxycarboxylic acid receptor 2,Q80Z39,44,37,6.459545454545455,1.2474904194914862
CHEMBL5909,Hypoxia-inducible factor 1-alpha inhibitor,Q9NWT6,44,41,4.540909090909091,0.4143912216331281
CHEMBL1287617,UDP-glucuronosyltransferase 1-1,P22309,44,27,5.237045454545455,0.6989213601352278
CHEMBL5431,Histidinol dehydrogenase,Q8G2R2,44,30,7.243181818181818,1.2182464957113137
CHEMBL2430,FK506-binding protein 1B,P68106,44,43,7.130909090909091,0.8893028839772853
CHEMBL2999,Serine/threonine-protein kinase PAK 3,O75914,43,30,6.857441860465117,1.1754676739458616
CHEMBL4523124,tRNA (cytosine(38)-C(5))-methyltransferase,O14717,43,22,4.993953488372093,0.4894950728624231
CHEMBL3879864,Testis-specific chromodomain protein Y 1,Q9Y6F8,43,42,4.832325581395349,0.5230853395242971
CHEMBL4105740,Choline/ethanolaminephosphotransferase 1,Q9Y6K0,43,43,6.247906976744186,0.8412987639288793
CHEMBL5780,Sodium/nucleoside cotransporter 2,O43868,43,39,5.322558139534884,0.6410523083302202
CHEMBL3611965,Phosphatidylcholine:ceramide cholinephosphotransferase 1,Q86VZ5,43,40,4.961627906976744,0.5616935710635171
CHEMBL2146313,Heat shock protein Hsp-16.2,P06582,43,43,4.598372093023255,0.39327035552656536
CHEMBL2113,Cathepsin L,P25975,43,43,5.610697674418605,0.8732789750863101
CHEMBL2111394,RXR alpha/PPAR gamma,P37231,43,37,7.531162790697674,0.9150883623800791
CHEMBL2633,Prostatic acid phosphatase,P15309,43,36,5.476046511627907,1.3781459932596185
CHEMBL1839,Thyroid peroxidase,P07202,43,42,5.549767441860465,0.5000023255759869
CHEMBL5684,"Muscle, skeletal receptor tyrosine protein kinase",O15146,43,26,6.678139534883721,0.79464653961594
CHEMBL5228,"Pteridine reductase, putative",Q581W1,43,43,7.06093023255814,1.499315421488037
CHEMBL2075,Cyclophilin B,P23284,43,40,6.746976744186046,1.4116126119133945
CHEMBL5144,Vasoactive intestinal polypeptide receptor 1,P32241,43,34,8.018139534883721,1.562288089727544
CHEMBL3646,Secreted effector protein,O68720,43,43,5.887441860465116,0.8549327264629705
CHEMBL2111394,RXR alpha/PPAR gamma,P19793,43,37,7.531162790697674,0.9150883623800791
CHEMBL1795091,Regulator of G-protein signaling 4,P49798,43,41,7.348837209302325,0.9303205011032376
CHEMBL3638365,Amyloid-beta A4 protein,P08592,43,43,7.509767441860466,0.8627378578083158
CHEMBL1075061,Muscarinic receptor 2,Q8VH27,43,25,7.1362790697674425,1.0900131568795592
CHEMBL1770032,Solute carrier family 22 member 2,Q9R0W2,43,24,5.411627906976744,1.061873748733943
CHEMBL6017,Histone deacetylase-like amidohydrolase,Q70I53,42,32,5.865238095238095,0.6706030707604583
CHEMBL2007622,Mitochondrial peptide methionine sulfoxide reductase,P54149,42,42,4.521428571428571,0.38650763680696465
CHEMBL3963,Dihydrofolate reductase,Q27713,42,35,7.112857142857143,0.7048275544649918
CHEMBL4438,Serine/threonine protein phosphatase PP1-gamma catalytic subunit,P36873,42,22,7.666190476190477,1.5088809492241175
CHEMBL3900,Leukocyte proteinase 3,P24158,42,40,6.029999999999999,1.1136777131560496
CHEMBL1791,Amiloride-sensitive sodium channel alpha-subunit,P37088,42,42,7.400714285714285,0.4626508606015244
CHEMBL4105915,SHMT,Q9U638,42,42,6.647857142857142,0.6258595483141787
CHEMBL3516,Vascular endothelial growth factor receptor 1,P35969,42,42,5.506190476190476,0.6657728037765948
CHEMBL4502,Cytidine deaminase,P32320,42,33,5.962142857142857,0.9474523881834721
CHEMBL3832644,ORAI1/STIM1,Q13586,42,42,6.183809523809523,0.292190652602133
CHEMBL3832644,ORAI1/STIM1,Q96D31,42,42,6.183809523809523,0.292190652602133
CHEMBL6123,Serine/threonine-protein kinase DCLK3,Q9C098,42,31,6.373571428571428,0.9351478856011227
CHEMBL4844,"Beta-1,3-glucan synthase",O13428,42,42,7.854523809523809,0.9562227579564894
CHEMBL3257,Aldehyde oxidase,Q06278,42,20,6.515238095238095,1.6438061693568975
CHEMBL4105798,UDP-N-acetylbacillosamine N-acetyltransferase,Q0P9D1,42,40,5.993333333333333,0.41013779163847053
CHEMBL5082,Serine/threonine-protein kinase 24,Q9Y6E0,42,27,6.74547619047619,0.9356573335151831
CHEMBL3805,Voltage-gated L-type calcium channel alpha-1S subunit,Q13698,42,40,6.152619047619048,0.6461935809171914
CHEMBL4271,Synaptic vesicular amine transporter,Q27963,42,42,4.859523809523809,1.0435000961374141
CHEMBL2516,Calcium sensing receptor,P48442,42,34,6.878333333333333,1.1876229932026998
CHEMBL3559673,2-heptyl-4(1H)-quinolone synthase PqsD,A0A0C7ACN7,42,40,5.040238095238095,0.6041381205959934
CHEMBL2530,P2X purinoceptor 1,P47824,41,28,6.502926829268293,1.344598906556225
CHEMBL4295623,Exoenzyme S,Q93SQ1,41,21,4.759268292682926,0.5229311151762837
CHEMBL3232685,E3 SUMO-protein ligase CBX4,O00257,41,39,5.987804878048781,0.9183940118356658
CHEMBL3621035,"Carbonic anhydrase, alpha family",Q31FD6,41,41,7.0426829268292686,0.8330486912247201
CHEMBL3997,Insulin-like growth factor binding protein 3,P17936,41,39,7.4502439024390235,0.47385381609140825
CHEMBL5320,Myotonin-protein kinase,Q09013,41,30,6.244878048780488,0.8267167651354952
CHEMBL4523125,Na(+)/H(+) exchange regulatory cofactor NHE-RF1,O14745,41,21,4.637560975609755,0.5540071321192755
CHEMBL5865,Transcriptional activator protein traR,P33905,41,36,5.913414634146341,0.47430796828694316
CHEMBL3977,Phosphodiesterase 6C,P51160,41,38,7.432926829268292,1.2822835955872613
CHEMBL4630765,Sodium channel protein type 9 subunit alpha/beta-1/beta-2,Q07699,41,40,7.131463414634146,1.0355615891283572
CHEMBL4507,High-affinity choline transporter,Q9GZV3,41,27,5.903414634146341,0.6042251639748946
CHEMBL3760,Adenylate cyclase type II,Q08462,41,41,5.739268292682927,0.6759156391292572
CHEMBL1914270,Estradiol 17-beta-dehydrogenase 2,P51658,41,36,7.5702439024390245,0.4189181770040426
CHEMBL2021750,TGF-beta receptor type-1,Q64729,41,40,6.932682926829268,0.6114532868103821
CHEMBL4853,Mitogen-activated protein kinase kinase kinase 4,Q9Y6R4,41,27,5.855365853658537,0.6182155674235954
CHEMBL2189159,"Indoleamine 2,3-dioxygenase 2",Q8R0V5,41,41,4.883170731707318,0.3493740046453816
CHEMBL4087,Bradykinin B1 receptor,P48748,41,36,7.776829268292683,0.9815152546557554
CHEMBL4630765,Sodium channel protein type 9 subunit alpha/beta-1/beta-2,O60939,41,40,7.131463414634146,1.0355615891283572
CHEMBL4630765,Sodium channel protein type 9 subunit alpha/beta-1/beta-2,Q15858,41,40,7.131463414634146,1.0355615891283572
CHEMBL3640,3-oxoacyl-[acyl-carrier-protein] synthase III,P9WNG3,41,39,5.733902439024391,1.8580619984930282
CHEMBL3345,3-dehydroquinate dehydratase,P9WPX7,41,39,6.273414634146341,0.9477542132749862
CHEMBL5372,Methionyl-tRNA synthetase,Q8NY00,41,31,7.772439024390244,1.1617094741969802
CHEMBL2417348,Short transient receptor potential channel 3,Q13507,41,37,6.021463414634146,0.8183476063862161
CHEMBL3893,Pyruvate dehydrogenase kinase isoform 3,Q15120,40,36,6.0725,0.9936897054761266
CHEMBL3390822,Interleukin 17A,Q16552,40,33,7.5592500000000005,1.2401165939808507
CHEMBL6013,Ceramide glucosyltransferase,O88693,40,33,6.1955,1.2173741181698188
CHEMBL1075261,Legumain-like protease,Q6PRC7,40,40,7.712000000000001,1.0859078678395773
CHEMBL2325,G protein-coupled receptor 80,Q6Y1R5,40,39,7.205,0.6343581452225994
CHEMBL4914,3-oxoacyl-[acyl-carrier-protein] synthase 3,P0A6R0,40,40,5.20225,0.5280369426664322
CHEMBL1075307,"Tryptophan 2,3-dioxygenase",P48776,40,37,5.0455,0.5540478087304147
CHEMBL4177,Retinoic acid receptor gamma,P18911,40,32,7.358499999999999,1.23394624410196
CHEMBL3351216,Neuromedin-U receptor 1,O55040,40,38,7.891,0.9984572715328998
CHEMBL5756,D-amino-acid oxidase,O35078,40,39,6.9887500000000005,1.2606229381967045
CHEMBL1075134,Serine/threonine-protein kinase mTOR,P42346,40,34,8.35475,0.9145434267913036
CHEMBL2189139,"Aspartate aminotransferase, cytoplasmic",P17174,40,36,4.564500000000001,0.34595797877332324
CHEMBL1075133,G protein-coupled receptor kinase 7,Q8WTQ7,40,35,6.43275,1.0962102257205775
CHEMBL3559688,Frizzled-7,O75084,40,35,8.94675,1.0280860671842906
CHEMBL4523431,Inositol hexakisphosphate kinase 3,Q96PC2,40,38,5.76275,0.7077989990646517
CHEMBL5101,Arylamine N-acetyltransferase 1,P18440,40,39,5.3845,0.5941593932737115
CHEMBL5616,Activin receptor type-2A,P27037,40,38,5.93,0.6447539781247511
CHEMBL3224,C-8 sterol isomerase,P32352,40,40,7.15525,1.5892297561865363
CHEMBL3038462,Nicotinic acetylcholine receptor alpha9/alpha10,Q9JLB5,40,34,7.4985,1.1165343587901693
CHEMBL1697671,Placenta growth factor,P49763,40,30,7.03225,1.7062261363034883
CHEMBL4137,Glyceraldehyde-3-phosphate dehydrogenase cytosolic,Q01558,40,40,4.776249999999999,0.5659241930750909
CHEMBL1927,Thioredoxin reductase 1,Q16881,40,30,5.74175,1.1771126942106245
CHEMBL4296313,NS3 protease,C1KIQ2,40,26,6.41575,0.691853280355352
CHEMBL4108,Voltage-gated L-type calcium channel alpha-1S subunit,Q02485,40,36,6.986750000000001,0.9089875672614547
CHEMBL2029196,Peptide deformylase,Q9F2F0,40,40,9.297,0.35318477767237716
CHEMBL2079848,Activated CDC42 kinase 1,O54967,40,40,6.74375,0.7670111405602853
CHEMBL2073680,Solute carrier organic anion transporter family member 2A1,Q00910,40,38,6.427249999999999,0.972783443632306
CHEMBL1895,Topoisomerase IV subunit A,P0AFI2,40,40,5.52175,0.7214617906615809
CHEMBL3856,Brain glycogen phosphorylase,P11216,40,19,4.7015,0.730207381853142
CHEMBL3097982,Delta carbonic anhydrase,Q5U9J1,40,40,6.168,0.66586438905785
CHEMBL4833,Folate transporter 1,P41440,40,26,6.912999999999999,0.733590397834426
CHEMBL3751648,Period circadian protein homolog 2,O15055,40,40,6.351999999999999,0.3884169052805145
CHEMBL4125,Platelet-derived growth factor receptor beta,Q05030,40,40,6.635250000000001,1.3786726940923648
CHEMBL3831325,Uncharacterized protein,A0A2J8P2M1,40,40,7.878,0.24073818100764902
CHEMBL1955712,Vasoactive intestinal polypeptide receptor 1,P30083,40,40,5.963,0.7166846747886568
CHEMBL5962,Phospholipid transfer protein,P55058,40,27,4.3012500000000005,0.29570591333195745
CHEMBL2052039,Long-chain fatty acid transport protein 1,Q60714,40,39,5.859,0.5499687636817577
CHEMBL3597,Serotonin 5a (5-HT5a) receptor,P30966,40,38,6.5329999999999995,0.7422495260856412
CHEMBL3038462,Nicotinic acetylcholine receptor alpha9/alpha10,P43144,40,34,7.4985,1.1165343587901693
CHEMBL5433,Tryptophan 5-hydroxylase 2,Q8IWU9,40,40,6.67225,0.8194384803491495
CHEMBL5169121,Alanine--glyoxylate aminotransferase,P21549,40,21,6.361,0.7968424867675848
CHEMBL5346,Tyrosinase,P11344,40,36,5.11325,0.9552859351779013
CHEMBL4627,Myosin light chain kinase,Q32MK0,40,33,6.66175,0.9254600726956546
CHEMBL3745586,Carbonate dehydratase,B2V8E3,40,40,7.3145,0.7689785099194569
CHEMBL1275214,"1,4-Dihydroxy-2-naphthoyl-CoA synthase",P9WNP5,39,27,5.388974358974359,0.9633515914757813
CHEMBL5696,Gamma-glutamyltranspeptidase 1,P19440,39,36,5.091794871794872,1.0594036847875468
CHEMBL4295695,Metallo-beta-lactamase type 2,P04190,39,39,5.690769230769231,0.869601798209613
CHEMBL5461,Zinc finger protein GLI1,P08151,39,33,5.27974358974359,0.631120503880482
CHEMBL3562161,Amino acid transporter,Q9Z1J7,39,33,4.636923076923077,0.4877237885598008
CHEMBL3570,Neurotensin receptor 1,O88319,39,36,8.503846153846153,1.665368009566489
CHEMBL3301390,JAK1/JAK2/TYK2,P23458,39,31,6.989743589743591,0.6611890691437629
CHEMBL3301390,JAK1/JAK2/TYK2,O60674,39,31,6.989743589743591,0.6611890691437629
CHEMBL3301390,JAK1/JAK2/TYK2,P29597,39,31,6.989743589743591,0.6611890691437629
CHEMBL4259,Human herpesvirus 5 chemokine receptor,P69332,39,25,5.043333333333333,0.6042365053403875
CHEMBL1944497,Soluble acetylcholine receptor,Q8WSF8,39,37,6.408461538461538,1.3313952682520265
CHEMBL4032,Dihydropteroate synthase,P0AC13,39,37,5.364358974358974,0.5252758416789717
CHEMBL5922,Multifunctional protein ADE2,P22234,39,39,7.755384615384615,0.4557806845278375
CHEMBL2073674,Bile salt export pump,O70127,39,27,4.9569230769230765,0.6920075822757478
CHEMBL5975,Serine/threonine-protein kinase RIO1,Q9BRS2,39,28,6.368717948717949,0.7849377430464404
CHEMBL5817,Signal transducer and activator of transcription 5B,P51692,39,38,5.976923076923077,0.8426841633674408
CHEMBL1075111,Bombesin receptor subtype-3,Q8K418,39,37,6.167435897435897,1.1573852516697827
CHEMBL2390810,Microtubule-associated protein 2,P11137,39,39,6.154358974358975,1.18231885197957
CHEMBL6162,Serine/threonine-protein kinase PFTAIRE-1,O94921,39,29,6.446666666666666,0.7311502593546593
CHEMBL5867,Transcriptional activator protein luxR,P35327,39,35,5.978461538461539,0.3045923804342839
CHEMBL5257,Serine/threonine-protein kinase NEK9,Q8TD19,39,24,6.156923076923077,0.7552383863674534
CHEMBL3919,Potassium-transporting ATPase alpha chain 1,P19156,39,36,5.694102564102564,0.6511557253664155
CHEMBL4640,Phosphodiesterase 8A,O60658,39,37,6.511282051282051,1.4811876093672434
CHEMBL5530,Voltage-gated potassium channel subunit Kv7.2,O88943,39,37,5.362307692307692,0.5740551116879463
CHEMBL4296002,"Pyrroline-5-carboxylate reductase 1, mitochondrial",P32322,39,39,4.140769230769231,0.5005280612323065
CHEMBL4193,Alpha-mannosidase,Q9SEH8,39,23,4.845641025641025,0.8730732014640639
CHEMBL5861,G protein-coupled receptor kinase 4,P32298,39,34,6.297948717948718,0.9258116765621609
CHEMBL2109,Dual specificity mitogen-activated protein kinase kinase 3,P46734,39,31,6.442820512820513,1.1563962822810416
CHEMBL4105883,Adenosine kinase,P9WID4,39,39,6.760769230769231,0.6850331709808875
CHEMBL3341575,Mas-related G-protein coupled receptor member X1,Q8R4G1,39,22,5.746666666666667,0.6714804277953905
CHEMBL3246,Glycine receptor subunit alpha-1,P07727,39,20,6.317692307692307,1.22466421077363
CHEMBL2052038,Long-chain fatty acid transport protein 1,Q6PCB7,39,38,6.495384615384615,0.5280891379793964
CHEMBL2794,Poly [ADP-ribose] polymerase-2,O88554,39,35,6.118205128205129,1.0709510573977834
CHEMBL1169596,Serine/threonine-protein kinase A-Raf,P10398,39,29,7.282051282051282,0.9889153534293587
CHEMBL3608,Epidermal growth factor receptor erbB1,Q01279,38,38,5.5542105263157895,0.9595484061109089
CHEMBL4445,"Serine/threonine protein phosphatase 2B catalytic subunit, alpha isoform",Q08209,38,29,6.988421052631579,1.0950787366873715
CHEMBL5940,Serine/threonine-protein kinase MARK1,Q9P0L2,38,27,6.461315789473685,1.2262383063941036
CHEMBL5801,Cysteine protease falcipain-2,Q9NBD4,38,29,5.253947368421053,0.5904763971010426
CHEMBL3595,"Glutamate receptor ionotropic, AMPA 3",P42263,38,27,5.51,1.1408910694857912
CHEMBL3580525,"Glycerol-3-phosphate acyltransferase 1, mitochondrial",Q61586,38,38,4.61578947368421,0.2680019320114643
CHEMBL3593154,3-hydroxy-3-methylglutaryl-coenzyme A reductase,Q1W675,38,34,4.748157894736842,0.37087810529882004
CHEMBL2994,Angiotensin-converting enzyme,P09470,38,33,7.4994736842105265,0.9627605224629261
CHEMBL4295566,Leucine--tRNA ligase,P07813,38,28,7.625263157894737,0.8179431581456781
CHEMBL4523952,NS5,A0A143MHK7,38,25,5.907631578947369,0.8388906258977158
CHEMBL1649055,Carbonic anhydrase,C0IX24,38,38,6.505,0.7123116156836401
CHEMBL3258,Leucyl-tRNA synthetase,Q9P2J5,38,33,5.699473684210527,1.2524051398904021
CHEMBL2934,Microsomal triglyceride transfer protein large subunit,P55156,38,37,6.490526315789474,1.039771147815375
CHEMBL4788,Chorismate synthase,P0A2Y6,38,38,5.586315789473685,0.5446864759118328
CHEMBL1293245,Ion channel NompC,Q7T1G6,38,38,5.287105263157895,0.5168350037029537
CHEMBL4105928,"RNA-editing ligase 1, mitochondrial",P86926,38,38,4.731315789473684,0.5242352012507753
CHEMBL4181,S-adenosylmethionine decarboxylase 1,P17707,38,29,5.564210526315789,1.2817126034037583
CHEMBL3078,Thrombin,P18292,38,37,5.827894736842105,1.213541072467737
CHEMBL5653,Solute carrier family 22 member 6,Q8VC69,38,18,4.9126315789473685,0.8065732794929634
CHEMBL1866,Voltage-gated potassium channel subunit Kv7.1,P51787,38,38,5.61578947368421,0.565817426283604
CHEMBL1075106,Toll-like receptor 2,Q9QUN7,38,38,4.6078947368421055,0.688324082590645
CHEMBL4739855,2-hydroxyacylsphingosine 1-beta-galactosyltransferase,Q16880,38,21,7.547105263157896,1.2494645510361126
CHEMBL5550,"Chaperone activity of bc1 complex-like, mitochondrial",Q8NI60,38,30,6.082894736842105,0.656353183989925
CHEMBL5269,Solute carrier family 22 member 20,Q80UJ1,38,21,4.7094736842105265,0.5084632244716563
CHEMBL5987,ADP-ribosylation factor 6,P62330,38,38,5.3355263157894735,0.38129719818380065
CHEMBL2814,DNA topoisomerase I,Q04750,38,37,6.01,1.1192420215050463
CHEMBL1075302,Sodium/glucose cotransporter 2,Q923I7,38,31,7.2973684210526315,1.0463596720536117
CHEMBL2675,Glutamate receptor ionotropic kainate 5,Q16478,37,33,5.941351351351351,1.3667421974294323
CHEMBL4106138,ATR/ATRIP,Q8WXE1,37,37,6.477027027027027,1.1492022954710444
CHEMBL4106138,ATR/ATRIP,Q13535,37,37,6.477027027027027,1.1492022954710444
CHEMBL3392945,Alpha-mannosidase,C0HJB3,37,32,5.612702702702703,1.265808149077209
CHEMBL3108659,"6-phospho-1-fructokinase, putative",Q4E657,37,37,5.7140540540540545,0.8097409032093725
CHEMBL4593,Beta-secretase 1,P56818,37,37,7.441621621621621,1.033146524817144
CHEMBL2111402,5-lipoxygenase/FLAP,P09917,37,20,5.994054054054054,0.841154826082239
CHEMBL5015,Ghrelin receptor,Q8MHZ5,37,36,7.514324324324325,1.0491545287636257
CHEMBL4630766,Sodium channel protein type 9 subunit alpha/beta-1/beta-2,P97952,37,35,6.552972972972973,1.0721159370994273
CHEMBL4630766,Sodium channel protein type 9 subunit alpha/beta-1/beta-2,Q56A07,37,35,6.552972972972973,1.0721159370994273
CHEMBL2370,Norepinephrine transporter,O55192,37,34,7.4829729729729735,1.0440542367373682
CHEMBL4309,Serine/threonine-protein kinase NEK6,Q9HC98,37,30,5.732702702702702,0.9857277307447316
CHEMBL5169092,"Phosphatidylinositol 4,5-bisphosphate 3-kinase catalytic subunit alpha isoform",A0A0G2K344,37,37,6.6235135135135135,0.6089481651732499
CHEMBL4295876,Falcilysin,Q76NL8,37,36,5.337027027027027,0.514375915632315
CHEMBL3354,Glutathionylspermidine synthase,P90518,37,16,4.72972972972973,0.4157355361717782
CHEMBL1075024,Enoyl-(Acyl-carrier-protein) reductase,Q9FBC5,37,28,6.422432432432433,1.3741712763322833
CHEMBL5538,Histone-arginine methyltransferase CARM1,Q9WVG6,37,36,5.8545945945945945,0.6770302577950038
CHEMBL3763007,Cereblon isoform 4,A4TVL0,37,22,4.982702702702703,0.4575638914017526
CHEMBL6159,Ubiquitin carboxyl-terminal hydrolase isozyme L1,P09936,37,32,5.533783783783784,0.7338155662598638
CHEMBL3988638,Voltage-dependent L-type calcium channel alpha1C/alpha2delta/beta1b,Q13936,37,31,5.2889189189189185,0.493596685247873
CHEMBL5605,Mitogen-activated protein kinase kinase kinase 7-interacting protein 1,Q15750,37,37,6.918648648648649,0.7893110996381668
CHEMBL4295754,Phospholipid hydroperoxide glutathione peroxidase,P36969,37,23,5.50027027027027,0.9720181939497686
CHEMBL3808,S-adenosylmethionine decarboxylase 1,P17708,37,35,6.113513513513513,1.2661143888470923
CHEMBL3988638,Voltage-dependent L-type calcium channel alpha1C/alpha2delta/beta1b,P54289,37,31,5.2889189189189185,0.493596685247873
CHEMBL4630766,Sodium channel protein type 9 subunit alpha/beta-1/beta-2,Q62205,37,35,6.552972972972973,1.0721159370994273
CHEMBL3988638,Voltage-dependent L-type calcium channel alpha1C/alpha2delta/beta1b,Q02641,37,31,5.2889189189189185,0.493596685247873
CHEMBL2111402,5-lipoxygenase/FLAP,P20292,37,20,5.994054054054054,0.841154826082239
CHEMBL3879831,"Ferrochelatase, mitochondrial",P22830,37,36,5.299189189189189,0.5065097255750396
CHEMBL5969,Phosphatidylinositol-4-phosphate 5-kinase type-1 alpha,Q99755,37,27,6.348378378378378,0.8266515909697708
CHEMBL3286074,Stromal cell-derived factor 1,P48061,37,36,6.2329729729729735,0.923717924912581
CHEMBL4280,Gastrin releasing peptide receptor,P52500,37,37,7.647567567567567,0.9561682947095704
CHEMBL2741,Arachidonate 12-lipoxygenase,Q02759,36,35,5.976111111111112,0.9565392315986321
CHEMBL3329080,"25-hydroxyvitamin D-1 alpha hydroxylase, mitochondrial",O35084,36,18,7.053888888888888,0.477877914939895
CHEMBL4105833,Signal peptide peptidase-like 2A,Q8TCT8,36,34,7.29,1.2001642744700767
CHEMBL1667668,Lysosomal alpha-glucosidase,P70699,36,35,4.778888888888889,0.3685475567512307
CHEMBL4065,Carboxypeptidase B,P09955,36,26,6.9725,1.378463689350265
CHEMBL2672,Muscarinic acetylcholine receptor M1,Q8WMX0,36,32,8.45361111111111,1.3093076748043555
CHEMBL1932912,Histone acetyltransferase KAT8,Q9H7Z6,36,25,4.872222222222223,0.7461945786497977
CHEMBL6148,Eukaryotic translation initiation factor 4E,P63073,36,25,5.885277777777778,0.9299845962199318
CHEMBL3108635,Arginase,O96394,36,24,5.171944444444445,0.6827248742855748
CHEMBL3241,Histamine N-methyltransferase,Q01984,36,36,6.8405555555555555,0.6114289793797779
CHEMBL2176858,C-type lectin domain family 4 member M,Q9H2X3,36,19,5.449722222222222,0.8383401495510079
CHEMBL1075151,Phospho-N-acetylmuramoyl-pentapeptide-transferase,Q03521,36,22,5.633611111111112,1.5346421691396295
CHEMBL2366470,Acetylcholine receptor subunit beta-like 2,P25162,36,21,7.537777777777778,1.2036542244612825
CHEMBL3638322,Egl nine homolog 1,P59722,36,35,6.845833333333334,0.2662262732553431
CHEMBL2494,CaM kinase IV,Q16566,36,25,5.82,0.7953902905402569
CHEMBL5556,C-X-C chemokine receptor type 4,O08565,36,34,7.859444444444445,0.9987562106209744
CHEMBL5812,Dynamin-2,P50570,36,27,5.1386111111111115,0.6568937847509628
CHEMBL3569,Squalene-hopene cyclase,P33247,36,36,6.402222222222222,1.1096128310904823
CHEMBL4296067,Cyclin-dependent kinase 13/Cyclin-K,O75909,36,33,6.822500000000001,0.7235561978371627
CHEMBL3480,Chitin synthase 1,P23316,36,34,7.133333333333334,1.5937323668492325
CHEMBL1817,Erythropoietin receptor,P19235,36,36,5.425277777777778,1.2170537870755422
CHEMBL4296067,Cyclin-dependent kinase 13/Cyclin-K,Q14004,36,33,6.822500000000001,0.7235561978371627
CHEMBL2034803,Regulator of G-protein signaling 8,P57771,36,35,4.791944444444444,0.3308933314912781
CHEMBL3382,Phosphodiesterase 4B,P14646,36,36,6.488333333333333,1.3046805848832994
CHEMBL3399914,AGAP002992-PA,Q5TU56,36,36,6.4816666666666665,0.9159023653518661
CHEMBL4112,"Retina-specific amine oxidase, copper containing",O75106,36,16,6.398888888888889,1.3054496275838183
CHEMBL1615386,Core-binding factor subunit beta,Q13951,36,34,5.5969444444444445,0.3777513879671537
CHEMBL2754,T-cell surface antigen CD4,P01730,36,36,5.439444444444444,0.9650135289782786
CHEMBL4105947,Signal transduction protein TRAP,Q7A2Q4,36,18,4.900833333333334,0.603690436280999
CHEMBL3511,Ornithine decarboxylase,P09057,36,32,5.398888888888889,1.2138316611405806
CHEMBL2131,Indolethylamine N-methyltransferase,O95050,36,35,5.0247222222222225,0.4928661719899871
CHEMBL1681615,Cytochrome P450 121,P9WPP7,36,33,4.648611111111111,1.4243537938864523
CHEMBL4105824,"Succinate dehydrogenase [ubiquinone] iron-sulfur subunit, mitochondrial",P21912,36,35,6.3838888888888885,1.1548414307422168
CHEMBL4523383,Cyclic GMP-AMP synthase,Q8C6L5,36,30,5.423055555555555,0.8317479681608385
CHEMBL2157852,Ubiquitin carboxyl-terminal hydrolase 21,Q9UK80,36,19,7.098333333333333,1.4517486992294102
CHEMBL3721311,"6-phosphofructo-2-kinase/fructose-2,6-bisphosphatase 4",Q16877,36,18,6.435,0.44115756822251156
CHEMBL4630864,Phospholipase A and acyltransferase 4,Q9UL19,35,35,5.837142857142857,0.5224859774564816
CHEMBL4311,Serine/threonine-protein kinase PAK6,Q9NQU5,35,24,6.930000000000001,1.2823668374854182
CHEMBL4105972,U5 small nuclear ribonucleoprotein 200 kDa helicase,O75643,35,29,5.928285714285715,1.0049216700943462
CHEMBL3495,NADP-dependent malic enzyme,P48163,35,34,6.066857142857143,0.5859821891921458
CHEMBL6065,Dihydrofolate reductase,P9WNX1,35,33,5.970285714285715,1.6183515318595858
CHEMBL2111462,Thyroid hormone receptor,P10827,35,35,7.851142857142857,1.2950534202667234
CHEMBL2111462,Thyroid hormone receptor,P10828,35,35,7.851142857142857,1.2950534202667234
CHEMBL4609,Human immunodeficiency virus type 1 Tat protein,P04326,35,32,5.325142857142857,0.8676959735535301
CHEMBL2111381,Protein farnesyltransferase (PFT),Q5EI73,35,35,8.114571428571429,0.9407235727545767
CHEMBL4296265,Protein S100-A9,P06702,35,35,6.043428571428572,0.5659866079123557
CHEMBL6142,Poly [ADP-ribose] polymerase 4,Q9UKK3,35,22,5.801714285714286,1.047109426593278
CHEMBL2111381,Protein farnesyltransferase (PFT),Q5EI74,35,35,8.114571428571429,0.9407235727545767
CHEMBL4523253,Taste receptor type 2 member 46,P59540,35,15,4.961428571428572,0.8119009750439466
CHEMBL2547,Small conductance calcium-activated potassium channel protein 2,P70604,35,33,6.357428571428571,1.4315486120182674
CHEMBL2720,Cholecystokinin B receptor,P79266,35,35,7.594,1.2900232556043323
CHEMBL2367,Peptide deformylase,P68825,35,35,6.62,0.9959033735316721
CHEMBL1743127,Multidrug and toxin extrusion protein 2,Q86VL8,35,27,5.1005714285714285,0.7231871568726495
CHEMBL3559676,GP41,Q76270,35,22,6.749142857142857,1.1639925495733139
CHEMBL5155,B1 bradykinin receptor,Q3BCU0,35,35,6.468,0.8676940366145608
CHEMBL4630850,Phospholipase A and acyltransferase 5,Q96KN8,35,35,6.551428571428572,0.662602457591822
CHEMBL3034,Cathepsin K,O35186,35,34,7.0045714285714284,1.0616339871580391
CHEMBL1287625,MBT domain-containing protein 1,Q05BQ5,35,32,4.798571428571428,0.4490129230233992
CHEMBL4524,Serine/threonine-protein kinase PAK7,Q9P286,35,25,6.930571428571429,1.0165105909495513
CHEMBL2640,Hexokinase type II,P52789,35,30,6.185142857142857,1.081919240838927
CHEMBL1075311,Urokinase-type plasminogen activator,P06869,35,16,6.642285714285714,1.1401034156247967
CHEMBL2073673,Solute carrier family 22 member 3,O75751,35,34,5.419142857142857,0.9549726556866661
CHEMBL1075166,Beta-adrenergic receptor kinase 2,P35626,35,32,7.204571428571429,0.8914111181226114
CHEMBL1075022,ParE,Q7X1P7,35,35,6.087714285714285,0.4783432542720376
CHEMBL1075021,DNA gyrase subunit B,P0A4L9,35,35,6.794,0.4228975679064335
CHEMBL1075069,RmtA,Q5VLE3,35,33,4.493142857142857,0.4941467478425424
CHEMBL2366467,Muscarinic acetylcholine receptor DM1,P16395,34,17,6.54764705882353,1.4549832006184806
CHEMBL5989,Baculoviral IAP repeat-containing protein 5,O15392,34,31,6.177352941176471,0.8727674855188903
CHEMBL4459,L-type amino acid transporter 1,Q01650,34,27,4.622941176470588,0.7333258790740892
CHEMBL3413,Ecdysone receptor,P49880,34,34,5.575,0.5663827274373696
CHEMBL5426,Myosin light chain kinase family member 4,Q86YV6,34,22,6.516470588235294,0.7968189876683001
CHEMBL6117,Tyrosine-protein phosphatase non-receptor type 9,P43378,34,33,5.228529411764706,0.8436900635607596
CHEMBL2531,P2X purinoceptor 2,Q9UBL9,34,29,5.617058823529412,0.8128421122611947
CHEMBL4879503,Calcium and integrin-binding protein 1,Q99828,34,32,6.759117647058823,0.9657603932937517
CHEMBL2641,Kallikrein 14,Q9P0G3,34,34,6.263823529411765,1.4545144242456587
CHEMBL3213,Calcium-independent phospholipase A2,O60733,34,9,6.717941176470588,0.8113840752979188
CHEMBL3372,Serotonin 6 (5-HT6) receptor,P31388,34,29,7.271470588235294,0.8160998615103544
CHEMBL4523306,Retinoid isomerohydrolase,Q28175,34,28,6.1438235294117645,1.0246803336144676
CHEMBL4760,Deoxynucleoside kinase,Q9XZT6,34,33,4.959705882352941,0.6287239857579635
CHEMBL3421524,"6-phosphofructo-2-kinase/fructose-2,6-bisphosphatase 1",P16118,34,34,5.1308823529411764,0.7575613492390978
CHEMBL5381,Insulin-like growth factor 1 receptor,Q60751,34,34,6.668823529411765,0.7513372510957615
CHEMBL3259474,Nicotinamide phosphoribosyltransferase,Q99KQ4,34,30,7.572058823529411,0.5624986432940658
CHEMBL1163126,Serine/threonine-protein kinase ICK,Q9UPZ9,34,29,6.601764705882353,1.006986114039361
CHEMBL3870,Matrix metalloproteinase 9,P50282,34,34,7.045,0.8271867254664329
CHEMBL4335,MAP kinase p38 beta,Q9WUI1,34,34,7.028235294117647,0.6517783160416062
CHEMBL2242731,Protoporphyrinogen IX oxidase,Q9M629,34,34,6.530588235294117,1.004815499954249
CHEMBL5229,Dihydrofolate reductase-thymidylate synthase,Q582G3,34,34,5.445882352941176,1.0055365449925266
CHEMBL1075230,"Nitric oxide synthase, endothelial",Q62600,34,34,4.789705882352941,0.4767852276420514
CHEMBL1250417,Potassium/sodium hyperpolarization-activated cyclic nucleotide-gated channel 4,Q9Y3Q4,34,34,5.2964705882352945,0.8227444183320924
CHEMBL3528,Neutral sphingomyelinase,Q9ET64,34,28,5.162058823529412,0.5421829022251078
CHEMBL2918,cAMP-dependent protein kinase beta-1 catalytic subunit,P22694,34,24,6.822941176470588,1.2436469571428594
CHEMBL3148,Gamma-amino-N-butyrate transaminase,P50554,34,33,5.632352941176471,0.9647768114440655
CHEMBL5604,Dual specificity testis-specific protein kinase 1,Q15569,34,24,6.099705882352941,0.6771888653531516
CHEMBL3308912,Platelet glycoprotein VI (GPVI),Q9HCN6,34,20,5.332941176470588,1.242835295681818
CHEMBL4879469,Tyrosine-protein kinase Mer,Q60805,34,33,6.788235294117648,0.587075291171802
CHEMBL2992,Dopamine beta-hydroxylase,Q05754,34,31,4.91264705882353,0.8073237074603042
CHEMBL6091,Ribonuclease pancreatic,P61823,34,30,4.736176470588235,0.8818301035634939
CHEMBL3288,Ryanodine receptor 1,P11716,34,31,6.8808823529411764,1.4317045734856584
CHEMBL2225,Cathepsin H,P09668,34,32,5.777058823529411,1.3629391800649615
CHEMBL1075128,N1L,Q49PX0,34,12,5.585588235294118,0.4210894324967412
CHEMBL2146315,Nuclear receptor subfamily 1 group I member 2,Q9R1A7,34,34,5.250588235294118,0.8548540232516418
CHEMBL3988611,Cystic fibrosis transmembrane conductance regulator,G3H9J3,34,32,8.786470588235295,0.7352669371090373
CHEMBL5483,Insulin receptor-related protein,P14616,34,22,6.419411764705882,0.8837486999740835
CHEMBL5541,Histone deacetylase,Q9XYC7,33,31,7.447575757575758,0.7528156742483114
CHEMBL4010,Human herpesvirus 6 protease,P24433,33,33,7.425151515151515,0.3657280513930503
CHEMBL2517,Cathepsin F,Q9UBX1,33,33,6.766363636363636,1.16120847122141
CHEMBL1075246,Xanthine dehydrogenase/oxidase,P22985,33,31,5.510606060606061,1.0493805893059585
CHEMBL5258,CaM kinase I gamma,Q96NX5,33,24,6.336060606060606,1.1082755168333014
CHEMBL1908381,Peripheral plasma membrane protein CASK,O14936,33,22,6.873030303030303,0.7679415865175103
CHEMBL2242740,4-hydroxyphenylpyruvate dioxygenase,P93836,33,32,7.016969696969697,1.258465049297369
CHEMBL4105709,Recombining binding protein suppressor of hairless,Q06330,33,29,8.066666666666666,0.4586233930652323
CHEMBL3171,Folylpoly-gamma-glutamate synthetase,Q05932,33,28,6.117575757575757,1.2358171140560965
CHEMBL4523932,tRNA (guanine-N(1)-)-methyltransferase,Q9HXQ1,33,27,6.489090909090908,0.7631241856521603
CHEMBL3712954,Interleukin-15,P40933,33,26,5.075151515151515,0.7356804724714104
CHEMBL3924,Dual specificity phosphatase 22,Q9NRW4,33,32,5.12060606060606,0.47590006431195325
CHEMBL3684,Glutamate receptor ionotropic kainate 3,Q13003,33,29,5.767272727272727,0.9935330666593107
CHEMBL3928,C-C chemokine receptor type 3,O54814,33,33,6.0627272727272725,1.0024104471450077
CHEMBL6024,Dickkopf-related protein 1,O94907,33,33,8.373939393939393,1.3702895209451609
CHEMBL5606,Serine/threonine-protein kinase 11,Q15831,33,21,6.512727272727273,0.8004696774678317
CHEMBL1921662,CAI-1 autoinducer sensor kinase/phosphatase CqsS,Q9KM66,33,27,5.644242424242424,0.8887632921053497
CHEMBL4630860,Phospholipase A and acyltransferase 2,Q9NWW9,33,33,5.839393939393939,0.5117002259254155
CHEMBL4664,Poly [ADP-ribose] polymerase 1,P27008,33,33,6.304545454545455,0.7857126180619849
CHEMBL2109235,Amylin receptor AMY3; CALCR/RAMP3,Q9JJ73,33,33,9.943939393939393,0.629791331483787
CHEMBL5166,Tyrosine-protein kinase V-ABL,P00521,33,24,4.343636363636364,0.2949027189368787
CHEMBL3068,Neuronal acetylcholine receptor subunit alpha-3,P32297,33,31,5.859090909090909,0.9661986197088426
CHEMBL2922,Cytochrome P450 1A1,P00185,33,29,6.376060606060606,1.628478851938864
CHEMBL4669,Histone acetyltransferase GCN5,Q03330,33,31,5.157272727272727,0.5287560444528782
CHEMBL4105929,L-lactate dehydrogenase,V9HWB9,33,17,5.09969696969697,0.5588575670982996
CHEMBL4615,NH(3)-dependent NAD(+) synthetase,P08164,33,33,4.484848484848484,0.3141269768354156
CHEMBL4838,Sodium/potassium-transporting ATPase alpha-1 chain,P50997,33,31,6.033333333333333,1.0077098623446463
CHEMBL3831244,HRAS-like suppressor 3,P53816,33,33,6.021212121212121,0.5699548094792118
CHEMBL2109235,Amylin receptor AMY3; CALCR/RAMP3,P32214,33,33,9.943939393939393,0.629791331483787
CHEMBL5586,Carbonyl reductase [NADPH] 1,P16152,33,21,5.962424242424242,0.8317941087756872
CHEMBL4523217,Protein-lysine 6-oxidase,P33072,33,32,5.798484848484848,0.44729828702528907
CHEMBL5217,Alpha-galactosidase,Q42656,33,30,5.513333333333334,1.2379460475588857
CHEMBL6100,Autoinducer 2-binding periplasmic protein luxP,P54300,33,26,5.390303030303031,0.8820306288916673
CHEMBL5807,Myelin-associated glycoprotein,P20916,33,23,5.7736363636363635,0.9560917129838349
CHEMBL3325,"Oligopeptide transporter, kidney isoform",Q63424,33,29,4.69,0.46064492833417797
CHEMBL3879854,Sterol O-acyltransferase 2,O77759,33,27,5.466969696969697,0.5568913990205187
CHEMBL4106144,Glycine receptor alpha-3/beta,P48167,32,28,5.713125,0.6956289217493719
CHEMBL4879451,Tyrosine-protein kinase receptor UFO,Q00993,32,32,7.3534375,0.501627090479796
CHEMBL5547,Ankyrin repeat and protein kinase domain-containing protein 1,Q8NFD2,32,22,6.199375,0.6702379813267099
CHEMBL4428,Prostaglandin I2 synthase,Q16647,32,29,4.905,0.523468580564975
CHEMBL4295557,Replicase polyprotein 1ab,K9N7C7,32,28,5.3753125,0.6338463453520332
CHEMBL3308969,AMP-binding enzyme family protein,Q56950,32,29,6.4034375,0.7495530254112953
CHEMBL3879847,Heat sensitive channel TRPV3,Q4QYD9,32,19,5.1746875,0.7151809352613439
CHEMBL4820,Prostanoid FP receptor,P37289,32,30,6.185,0.9165679321215358
CHEMBL5415,Serine/threonine-protein kinase SRPK3,Q9UPE1,32,26,6.3565625,0.9387246302572513
CHEMBL5398,Hepatocyte nuclear factor 4-alpha,P41235,32,32,6.160625,0.487699917651643
CHEMBL3014,Tyrosine-protein kinase SRC,Q9WUD9,32,32,6.5059375,0.8235950280090877
CHEMBL1926497,NADPH oxidase 5,Q96PH1,32,25,5.459375,0.8632905446697122
CHEMBL3988595,Uracil-DNA glycosylase,P20536,32,32,4.7875,0.9006592567526261
CHEMBL2321612,O-acetylserine sulfhydrylase,P9WP55,32,27,5.9459375,1.2530912985171334
CHEMBL5437,Class A carbapenemase KPC-2,A8DS27,32,32,5.954375,0.846442031626044
CHEMBL5291575,tRNA (guanine-N(1)-)-methyltransferase,P0A873,32,31,6.3615625,1.076553968726438
CHEMBL4106144,Glycine receptor alpha-3/beta,O75311,32,28,5.713125,0.6956289217493719
CHEMBL3945,Choline acetylase,P32738,32,31,5.5965625,1.1800618064048527
CHEMBL2654,cAMP-dependent protein kinase alpha-catalytic subunit,P00517,32,32,6.1625,0.722080327941428
CHEMBL4327,Fatty acid transport protein 4,Q6P1M0,32,32,5.8278125,0.6604384388053233
CHEMBL1163113,Serpin H1,P19324,32,32,5.155625,0.647316732066231
CHEMBL2286,Endothelin receptor ET-A,Q61614,31,30,7.851612903225806,0.9842868713750533
CHEMBL6182,"NADP-dependent malic enzyme, mitochondrial",Q16798,31,31,6.579354838709678,0.5814002378389087
CHEMBL2478,Salivary alpha-amylase,P0DUB6,31,29,4.258064516129032,1.1318581164169494
CHEMBL3412,Matrix metalloproteinase 11,Q02853,31,31,7.677741935483871,0.7899565797241407
CHEMBL3407318,Kynurenine 3-monooxygenase,Q91WN4,31,30,7.198709677419354,1.3126607633238274
CHEMBL3396,DNA topoisomerase II beta,Q02880,31,27,6.13,1.0025301325479783
CHEMBL1163123,Mitogen-activated protein kinase kinase kinase 6,O95382,31,27,5.930967741935484,0.562348378609498
CHEMBL4523320,Fructose-bisphosphate aldolase class 2,Q55664,31,16,5.2864516129032255,0.5420734783347904
CHEMBL4680,3-dehydroquinate dehydratase,Q48255,31,31,6.007419354838709,0.8998924666941621
CHEMBL3826863,"Fatty acid-binding protein, brain",O15540,31,30,6.014516129032257,0.38392567605095484
CHEMBL5325,Urease,Q0PXQ5,31,31,4.901935483870968,0.5604546925181297
CHEMBL5052,Serine/threonine-protein kinase MRCK beta,Q9Y5S2,31,21,6.194516129032258,1.0776883863457547
CHEMBL3379,Cytochrome P450 4F2,P78329,31,29,6.7783870967741935,0.9200655656861038
CHEMBL1781865,78 kDa glucose-regulated protein,P11021,31,22,5.526451612903226,1.007076787496355
CHEMBL3885554,Cyclin-dependent kinase 4/G1/S-specific cyclin-E1,P24864,31,31,8.458064516129031,0.47242931996817394
CHEMBL3885554,Cyclin-dependent kinase 4/G1/S-specific cyclin-E1,P11802,31,31,8.458064516129031,0.47242931996817394
CHEMBL1961788,Nuclear receptor subfamily 2 group E member 1,Q9Y466,31,22,5.183870967741935,0.9156224746744867
CHEMBL1970,Alcohol dehydrogenase alpha chain,P07327,31,28,5.750322580645161,1.1908889785113412
CHEMBL4295888,Calcium/calmodulin-dependent protein kinase kinase 2,Q8C078,31,31,6.048387096774194,0.6994621589678438
CHEMBL3050,Monoamine oxidase B,Q8BW75,31,19,5.456774193548387,0.9357363841623138
CHEMBL1681621,Cyclic nucleotide specific phosphodiesterase,Q53I59,31,31,5.3754838709677415,0.16673009545724712
CHEMBL3559645,Thiol:disulfide interchange protein DsbA,P0AEG4,31,31,4.572903225806451,0.9904685542657309
CHEMBL2366401,Cytochrome P450 14alpha-demethylase,A1XG20,31,29,6.589354838709678,0.4576602486843339
CHEMBL5161,Niemann-Pick C1-like protein 1,Q6T3U3,31,28,5.513548387096773,1.161314049936814
CHEMBL3879850,Sterol O-acyltransferase 1,O77760,31,23,5.86483870967742,1.0817481868646448
CHEMBL3308986,Beta-galactosidase,Q2U7N3,31,23,7.529354838709677,0.8634965179774262
CHEMBL5694,DNA ligase 1,P18858,31,30,4.904193548387097,0.4513223105021389
CHEMBL1795151,Bis(5'-adenosyl)-triphosphatase,P49789,31,27,5.82258064516129,1.050466460647953
CHEMBL3295,Pepsin A,P0DJD9,31,30,6.621290322580645,1.3161503002709172
CHEMBL2421,Corticosteroid binding globulin,P08185,31,30,6.384193548387096,1.0818002717493602
CHEMBL5728,Cyclin-dependent kinase-like 2,Q92772,31,27,6.31258064516129,0.8454543856882937
CHEMBL4523460,E3 ubiquitin-protein ligase SMURF2,Q9HAU4,31,31,5.251290322580645,0.5272111653817907
CHEMBL4295559,Dipeptidyl peptidase IV,O31048,31,30,5.550000000000001,0.9184588540956349
CHEMBL4523950,"Dihydroorotate dehydrogenase (quinone), mitochondrial",G4VFD7,31,28,5.763870967741935,1.1048368730853584
CHEMBL1275209,PH domain leucine-rich repeat-containing protein phosphatase 2,Q6ZVD8,31,31,4.719032258064516,0.44167374715363233
CHEMBL1075149,Cystine/glutamate transporter,Q9UPY5,31,25,5.805483870967742,1.491394959335448
CHEMBL1075025,Undecaprenyl pyrophosphate synthase,Q97SR4,31,31,6.07258064516129,0.8915902188110689
CHEMBL4970,Cytochrome P450 11B1,P15393,31,26,5.860322580645161,0.9891359322525487
CHEMBL5355,Lanosterol synthase,P38604,31,31,6.13,0.6738150092322562
CHEMBL2570,Deoxycytidine kinase,P43346,31,31,6.281612903225806,0.6797847540420103
CHEMBL5668,Serine/threonine-protein kinase SRPK2,P78362,30,18,6.645,0.5457531967145388
CHEMBL5356,Cycloartenol synthase,P38605,30,30,6.036,0.45778778399211756
CHEMBL3133,Sodium/hydrogen exchanger 2,Q9UBY0,30,13,5.548,0.8654574234034504
CHEMBL4295666,Nicotinamide N-methyltransferase,O55239,30,28,7.148,1.280776704003177
CHEMBL1075173,Serine/threonine-protein kinase WNK1,Q9H4A3,30,18,5.984666666666667,1.1571270407806344
CHEMBL1275217,C-C motif chemokine 5,P13501,30,28,7.316999999999999,0.4761059719765379
CHEMBL3421525,"6-phosphofructo-2-kinase/fructose-2,6-bisphosphatase 2",O60825,30,30,5.636666666666667,1.0597375515479854
CHEMBL2371,Protein-tyrosine phosphatase 1B,P20417,30,27,5.089333333333333,0.6005912795383155
CHEMBL3346,Human T-cell leukemia virus type I protease,P10274,30,28,6.5873333333333335,0.6453330246033271
CHEMBL3144,Glucocorticoid receptor,P06537,30,22,7.578666666666666,0.7269716748897129
CHEMBL4106153,CDK2/Bovine cyclin A,P30274,30,30,6.657,1.3952089202103326
CHEMBL2601,Adenosine transporter 1,Q9Y0I0,30,30,5.396333333333333,0.8220264419496297
CHEMBL3881,Tissue inhibitor of metalloproteinases-3,P48032,30,30,6.524666666666667,0.6597634546501905
CHEMBL3137281,Soluble guanylate cyclase alpha1/beta1 complex,Q02153,30,29,5.796,0.887598853163934
CHEMBL4334,Prostaglandin-H2 D-isomerase,O09114,30,29,5.836666666666667,0.985033986227373
CHEMBL1770047,Low affinity sodium-glucose cotransporter,Q9NY91,30,30,7.475333333333333,0.8480799138229157
CHEMBL3216,Carnitine palmitoyltransferase 1B,Q63704,30,29,5.342,1.0764962321954659
CHEMBL3297641,Ribosomal protein S6 kinase alpha-3,P18654,30,30,5.855333333333333,0.49041666544595136
CHEMBL3999,Cell division protein ftsZ,P0A9A6,30,26,4.776,0.6730660673622483
CHEMBL4059,Lysosomal alpha-mannosidase,O00754,30,14,5.127666666666667,1.0509066146160075
CHEMBL3137281,Soluble guanylate cyclase alpha1/beta1 complex,Q02108,30,29,5.796,0.887598853163934
CHEMBL4295746,Long-chain-fatty-acid--CoA ligase 1,P33121,30,30,6.307666666666666,1.2578791217988599
CHEMBL4523512,"Sulfide:quinone oxidoreductase, mitochondrial",Q9Y6N5,30,30,6.658,1.2224971616919311
CHEMBL3626,Histone deacetylase,Q9GUA8,30,29,8.015666666666666,0.907971149979669
CHEMBL5298,Glutamate racemase,Q836J0,30,30,5.375666666666667,0.4864273935495436
CHEMBL1812,Pancreatic lipase,P16233,30,28,5.395,0.7613678706661837
CHEMBL2395,Purine-nucleoside phosphorylase,P85973,30,26,6.381666666666666,1.29545647216121
CHEMBL2375206,"Beta-1,4-mannosyl-glycoprotein 4-beta-N-acetylglucosaminyltransferase",Q09327,30,14,6.658333333333333,0.8241948352402977
CHEMBL4785,Multidrug translocase mdfA,P0AEY8,30,30,5.768666666666666,0.5458415415720456
CHEMBL2653,Acyl coenzyme A:cholesterol acyltransferase 2,O88908,30,30,9.2,0.14383899044561654
CHEMBL3638328,Anionic trypsin-1,P00762,30,29,7.078,0.7386866257314278
CHEMBL2767,Ectonucleoside triphosphate diphosphohydrolase 1,P97687,30,27,4.735,0.5743827271440002
CHEMBL5466,Activin receptor type-2B,Q13705,30,23,5.940333333333333,0.8577897955404534
CHEMBL3638329,Urokinase plasminogen activator surface receptor,P49616,30,29,7.1209999999999996,0.4024266906895098
CHEMBL5344,Botulinum neurotoxin type A,P0DPI1,30,29,5.268,0.7276433381720793
CHEMBL3351213,Protein O-GlcNAcase,Q8VIJ5,30,29,6.9206666666666665,0.7491831567105941
CHEMBL3817724,Gamma-butyrobetaine dioxygenase,P80193,30,14,4.919,0.8832399213241492
CHEMBL1075127,Baculoviral IAP repeat-containing protein 7,Q96CA5,30,26,5.931666666666667,1.5745105059456843
CHEMBL1781857,Glycogen synthase kinase 3,O77344,30,27,6.699333333333334,0.8330580694804156
CHEMBL4296245,Eyes absent homolog 3,Q99504,30,14,4.742666666666667,0.4186261053636697
CHEMBL4106153,CDK2/Bovine cyclin A,P24941,30,30,6.657,1.3952089202103326
CHEMBL1907597,GABA-A receptor; GABA-A site (alpha1/beta2 interface),P47870,29,29,4.755862068965516,0.3440983792192007
CHEMBL1649051,Growth factor receptor-bound protein 7,Q14451,29,16,5.429310344827586,0.6264750082490051
CHEMBL2150835,Enoyl-[acyl-carrier-protein] reductase [NADH],Q5NGQ3,29,12,5.301724137931035,0.8652500421658351
CHEMBL3833484,VP1 capsid protein,Q7T664,29,19,6.656896551724138,0.857971459100209
CHEMBL5870,Centromere-associated protein E,Q02224,29,25,6.756896551724138,1.380626419544703
CHEMBL3309098,Neuropilin-1,Q9QWJ9,29,16,6.105172413793104,0.6699819863764734
CHEMBL3187,Insulin receptor,P15208,29,29,4.96,0.9653163804088868
CHEMBL2602,Cathepsin B,P00787,29,29,5.813793103448275,0.970998800179866
CHEMBL2176864,Macrophage migration inhibitory factor homologue,Q8I5C5,29,29,5.267586206896551,0.9627143737979819
CHEMBL2366489,Bifunctional dihydrofolate reductase-thymidylate synthase,Q27552,29,27,6.809310344827586,1.3837421597002888
CHEMBL4013,Human herpesvirus 4 protease/capsid scaffold protein,P03234,29,29,6.07,0.49000728857552994
CHEMBL1908387,Calcium-dependent protein kinase 1,P62344,29,26,6.77896551724138,1.1156431355551517
CHEMBL3871,Aldehyde reductase,P51635,29,25,5.192068965517241,0.9407344369098949
CHEMBL1741214,"NACHT, LRR and PYD domains-containing protein 1",Q9C000,29,29,4.787931034482758,0.22960181853350303
CHEMBL3669,Glycogen synthase kinase-3 beta,P18266,29,29,6.43448275862069,0.9972948632851644
CHEMBL4295835,Thiosulfate sulfurtransferase,Q16762,29,29,5.14551724137931,0.9253168808841978
CHEMBL4811,Uridine phosphorylase 1,Q16831,29,9,5.927586206896552,0.9728553525297646
CHEMBL5926,"Glyceraldehyde-3-phosphate dehydrogenase, glycosomal",P22513,29,20,4.746206896551724,0.6418856918325182
CHEMBL5499,C-C chemokine receptor type 1,A6I4C9,29,29,6.5841379310344825,0.8748857772033495
CHEMBL3329078,Inosine-5'-monophosphate dehydrogenase,A0A6L8P2U9,29,22,7.335862068965517,0.9078684503564981
CHEMBL4849,Serine/threonine-protein kinase NEK7,Q8TDX7,29,19,5.783793103448276,0.9886188554641826
CHEMBL4039,Choline acetylase,P28329,29,29,5.5120689655172415,0.6762416057590704
CHEMBL4221,"Guanine nucleotide-binding protein G(k), alpha-3 subunit",P08754,29,29,4.766896551724138,0.24982999145527318
CHEMBL2484,Acetylcholine receptor protein epsilon chain,Q04844,29,27,7.240344827586207,0.6005086103737441
CHEMBL3399911,Cystathionine beta-synthase,P35520,29,16,4.988275862068965,0.5287928906313566
CHEMBL4523285,Aminoacyl tRNA synthase complex-interacting multifunctional protein 2,Q13155,29,25,5.2989655172413785,0.6357130126737683
CHEMBL2390812,G protein-coupled receptor GPR35,Q33BM1,29,29,5.704137931034483,0.5258701444910093
CHEMBL1795171,Potassium/sodium hyperpolarization-activated cyclic nucleotide-gated channel 1,O60741,29,29,5.944827586206896,1.1328176649703894
CHEMBL2264,Puromycin-sensitive aminopeptidase,P55786,29,28,5.092758620689655,0.9006382520655806
CHEMBL2268005,Trans-cinnamate 4-monooxygenase,Q43054,29,29,5.585862068965517,0.7836887011406805
CHEMBL4296054,Gamma-aminobutyric acid receptor subunit alpha-6/beta-3/gamma-2,P30191,29,20,5.937931034482758,1.4107454445645415
CHEMBL5766,Acyl-CoA synthase,P9WQ59,29,28,5.413103448275861,0.6627653293386724
CHEMBL3542436,Cytochrome P450 2A13,Q16696,29,20,5.191724137931034,0.7635213018149024
CHEMBL2424500,Transcriptional regulator MvfR,A0A072ZLE6,29,21,5.191379310344828,0.5792589116271819
CHEMBL1907597,GABA-A receptor; GABA-A site (alpha1/beta2 interface),P14867,29,29,4.755862068965516,0.3440983792192007
CHEMBL4296054,Gamma-aminobutyric acid receptor subunit alpha-6/beta-3/gamma-2,P63079,29,20,5.937931034482758,1.4107454445645415
CHEMBL1741218,Golgi-associated PDZ and coiled-coil motif-containing protein,Q9HD26,29,29,6.146206896551725,0.8627133847555937
CHEMBL4296054,Gamma-aminobutyric acid receptor subunit alpha-6/beta-3/gamma-2,P18508,29,20,5.937931034482758,1.4107454445645415
CHEMBL3351200,Kinesin-like protein KIFC1,Q9BW19,29,29,5.7027586206896554,0.7742826013788697
CHEMBL3559649,Plasmepsin V,Q8I6Z5,29,29,6.506551724137931,1.098974443554629
CHEMBL2331048,Transmembrane protease serine 4,Q9NRS4,29,29,4.672758620689655,0.29202368484819036
CHEMBL2366589,Ecdysone receptor,E5L6Y1,29,7,5.459310344827586,0.9534034187151491
CHEMBL5291602,"NAD-dependent malic enzyme, mitochondrial",P23368,29,29,6.1434482758620685,0.45713608369366143
CHEMBL2366589,Ecdysone receptor,E5L6Y0,29,7,5.459310344827586,0.9534034187151491
CHEMBL3425,Neuropeptide FF receptor 2,Q9EQD2,28,25,7.9799999999999995,1.4180764227434075
CHEMBL3769293,Solute carrier family 13 member 5,Q86YT5,28,11,6.303928571428571,0.6470865720643814
CHEMBL2539,Deoxyhypusine synthase,Q6AY53,28,28,5.196428571428571,0.9882502842593186
CHEMBL4742,"Guanine nucleotide-binding protein G(o), alpha subunit 1",P09471,28,28,4.852857142857142,0.2669700654998908
CHEMBL3896,Voltage-gated calcium channel alpha2/delta subunit 2,Q9NY47,28,28,6.331071428571429,0.6911307926049691
CHEMBL3988586,DNA polymerase,P06856,28,28,5.059285714285714,0.5012571497332784
CHEMBL2263,"Fructose-1,6-bisphosphatase",P00636,28,24,5.127857142857144,0.706212417644988
CHEMBL1795166,Sterol regulatory element-binding protein 2,Q12772,28,26,5.262142857142857,0.4770383721102617
CHEMBL3560,Malate dehydrogenase cytoplasmic,P40925,28,27,5.3025,0.5982605960120896
CHEMBL5180,Sn1-specific diacylglycerol lipase alpha,Q6WQJ1,28,18,7.352857142857142,1.3979160604876504
CHEMBL5277,Atrial natriuretic peptide receptor A,P18910,28,28,6.663214285714285,0.9001072099577857
CHEMBL4807,Phospholipase A2 (Bee),P00630,28,19,5.566071428571428,1.1392536194912042
CHEMBL3186,Beta tubulin,Q25270,28,27,5.141071428571428,0.53951514093822
CHEMBL1163122,Angiotensin type II receptor,Q2XUH7,28,26,7.930357142857143,0.83309099650975
CHEMBL2976,Protein-tyrosine phosphatase 1E,Q12923,28,27,5.158928571428571,0.5672372244335423
CHEMBL1777665,Solute carrier family 22 member 6,O35956,28,22,5.030714285714285,0.6530777763869952
CHEMBL3217380,Beta-glucuronidase,P05804,28,25,5.815714285714286,1.275641969308957
CHEMBL2362990,"Carbamoyl-phosphate synthase [ammonia], mitochondrial",P31327,28,26,5.641071428571428,0.7570720367198015
CHEMBL2111365,GABA A receptor alpha-6/beta-2/gamma-2,P18508,28,10,7.127857142857144,0.9956808842598232
CHEMBL2111365,GABA A receptor alpha-6/beta-2/gamma-2,P30191,28,10,7.127857142857144,0.9956808842598232
CHEMBL2111365,GABA A receptor alpha-6/beta-2/gamma-2,P63138,28,10,7.127857142857144,0.9956808842598232
CHEMBL5099,Steroid 5-alpha-reductase 2,P31214,28,24,7.023571428571429,1.335060587571505
CHEMBL4523375,Cytochrome P450 4Z1,Q86W10,28,17,5.872142857142856,0.877784910559728
CHEMBL6054,PAS domain-containing serine/threonine-protein kinase,Q96RG2,28,26,6.289642857142858,0.7158443972388141
CHEMBL5933,NAD-dependent deacetylase HST2,P53686,28,20,5.059642857142857,0.522632100209423
CHEMBL3137287,EZH1/SUZ12/EED/AEBP2/RBBP4 complex,O75530,28,28,8.141071428571427,1.026000286209311
CHEMBL3518,Human herpesvirus 1 protease,P10210,28,27,4.940714285714286,0.6045379537846551
CHEMBL3638348,Phosphodiesterase,F1MPW5,28,28,9.67607142857143,0.4694467925178433
CHEMBL4690,Phenylalanyl-tRNA synthetase alpha chain,Q8P1K1,28,14,5.730357142857143,1.1894987495295128
CHEMBL3137287,EZH1/SUZ12/EED/AEBP2/RBBP4 complex,Q09028,28,28,8.141071428571427,1.026000286209311
CHEMBL3137287,EZH1/SUZ12/EED/AEBP2/RBBP4 complex,Q15022,28,28,8.141071428571427,1.026000286209311
CHEMBL3275,NAD-dependent histone deacetylase SIR2,P06700,28,26,4.32,0.25678929249628135
CHEMBL3137287,EZH1/SUZ12/EED/AEBP2/RBBP4 complex,Q92800,28,28,8.141071428571427,1.026000286209311
CHEMBL3137287,EZH1/SUZ12/EED/AEBP2/RBBP4 complex,Q6ZN18,28,28,8.141071428571427,1.026000286209311
CHEMBL5877,Beta-hexosaminidase subunit beta,P07686,28,24,5.444642857142857,0.70552571490452
CHEMBL1255131,Eukaryotic translation initiation factor 2 subunit 1,P05198,28,28,6.721428571428571,0.8402720647844617
CHEMBL4401,Endothelin receptor ET-B,P28088,28,26,7.847142857142857,1.5730481312663085
CHEMBL2096,MHC class II,Q6MGC4,28,26,6.1175,1.1829706016822414
CHEMBL2331045,"Carbonic anhydrase 2, isoform A",Q9VTU8,28,28,7.861785714285714,0.8426943278311123
CHEMBL2331046,Carbonic anhydrase 1,Q9V396,28,28,7.728928571428571,1.0087812202180164
CHEMBL3351189,Sodium-dependent neutral amino acid transporter B(0)AT2,Q9H2J7,28,28,4.924285714285714,0.3645436372947187
CHEMBL5972,Monoacylglycerol lipase ABHD12,Q99LR1,28,28,6.131785714285714,0.942491000335964
CHEMBL4740,Histone deacetylase,Q9GU59,28,25,7.510357142857143,0.9456116270469335
CHEMBL4741,"Guanine nucleotide-binding protein G(i), alpha-1 subunit",P63096,28,28,4.748571428571429,0.2695498893658516
CHEMBL2818,P2X purinoceptor 4,P51577,28,24,5.253214285714286,0.7777605723720561
CHEMBL1293300,Diphosphomevalonate decarboxylase,Q9FD53,28,28,4.847499999999999,0.25380985884012547
CHEMBL4296293,Beta-mannosidase,Q8AAK6,28,7,5.098571428571428,0.782066182127519
CHEMBL6016,D-alanyl-D-alanine carboxypeptidase,P39045,28,24,5.406428571428571,0.9937926390972159
CHEMBL4574,BR serine/threonine-protein kinase 2,Q8IWQ3,28,19,6.498214285714285,1.123463736484524
CHEMBL1641352,Metabotropic glutamate receptor 5,Q3UVX5,28,28,4.733214285714285,0.8345460223930514
CHEMBL5044,Serine/threonine-protein kinase Nek5,Q6P3R8,27,15,6.021111111111111,0.7095628845842253
CHEMBL4138,Voltage-gated L-type calcium channel alpha-1D subunit,Q01668,27,26,4.70074074074074,0.4232468449237299
CHEMBL4739852,Forkhead box protein M1,Q08050,27,25,5.844074074074074,1.455140118178577
CHEMBL3084,Retinoid X receptor alpha,P28700,27,22,6.479629629629629,0.6776911111747315
CHEMBL1293275,Eyes absent homolog 2,O00167,27,16,4.802222222222222,0.42515457219276176
CHEMBL2111327,GABA A receptor alpha-2/beta-2/gamma-2,P18508,27,24,6.783703703703703,0.6535768340927317
CHEMBL3618,Coagulation factor V,P12259,27,13,4.963703703703704,0.37337492137104206
CHEMBL5492,Nociceptin receptor,P47748,27,26,7.495185185185186,1.221803113845618
CHEMBL2780,Cyclophilin A,P10111,27,27,5.681481481481482,0.39164057014351333
CHEMBL4523671,SCN8A/SCN1B,Q07699,27,27,6.855185185185185,0.5531404771524022
CHEMBL4105899,14-3-3 protein zeta/delta,P63104,27,24,6.158148148148149,1.0481083217545095
CHEMBL2354,Superoxide dismutase,P00441,27,27,5.378888888888889,0.9580883744902313
CHEMBL5968,Lysophosphatidic acid receptor 4,Q99677,27,16,7.935925925925926,0.847014027943318
CHEMBL1250416,Myelin-associated glycoprotein,P20917,27,22,5.135555555555555,0.5154858300920026
CHEMBL2136,Pepsinogen C,P20142,27,26,6.719259259259259,1.0570820720845224
CHEMBL5291523,CTP synthase 1,P17812,27,26,5.692962962962963,1.0977698189960294
CHEMBL3630,Inosine-5'-monophosphate dehydrogenase,P0ADG7,27,27,4.303333333333334,0.2222957143432697
CHEMBL3520,Envelope polyprotein GP160,P04578,27,17,7.025555555555555,2.0522920270036047
CHEMBL2346488,Proliferating cell nuclear antigen,P12004,27,25,5.382592592592592,0.46159083273619816
CHEMBL1780,Cytochrome P450 51,P10613,27,21,6.9,0.49139518797931914
CHEMBL3509,Sodium channel protein type IV alpha subunit,P15390,27,26,6.8674074074074065,0.97929170869167
CHEMBL2010627,Pirin,O00625,27,10,7.088518518518519,0.7532121148975833
CHEMBL4888439,Probable periplasmic serine endoprotease DegP-like,P18584,27,25,4.637037037037037,0.3860631157527605
CHEMBL4636,Prolyl-tRNA synthetase,P78600,27,27,6.351111111111111,1.1301202568186248
CHEMBL3978,Cytochrome P450 4A11,Q02928,27,27,6.260000000000001,0.9422722128328541
CHEMBL4523152,Peroxisomal membrane protein PEX14,O75381,27,27,4.605925925925926,0.42023124823637587
CHEMBL4105989,Lysyl oxidase homolog 3,P58215,27,26,5.704074074074073,0.8432412706075534
CHEMBL4105977,Carboxylic ester hydrolase,I3LTK9,27,27,7.801481481481481,0.5072755563088854
CHEMBL3197,Muscarinic acetylcholine receptor M2,Q9ERZ4,27,20,6.319629629629629,1.231582726168247
CHEMBL3301396,Antrax lethal toxin,P15917,27,27,5.539629629629629,0.3466707757810381
CHEMBL2111327,GABA A receptor alpha-2/beta-2/gamma-2,P23576,27,24,6.783703703703703,0.6535768340927317
CHEMBL2111327,GABA A receptor alpha-2/beta-2/gamma-2,P63138,27,24,6.783703703703703,0.6535768340927317
CHEMBL3179,Tyrosyl-tRNA synthetase,P54577,27,24,6.938888888888889,1.5265051420542117
CHEMBL4523598,Cullin-4A,Q13619,27,27,5.684074074074074,0.6948727568038254
CHEMBL4295862,Cathepsin L,Q6DMN0,27,27,6.133703703703703,0.8003467909318968
CHEMBL1944498,Carbonic anhydrase 3,Q3SZX4,27,27,5.011481481481481,0.2978474532593913
CHEMBL3301396,Antrax lethal toxin,P13423,27,27,5.539629629629629,0.3466707757810381
CHEMBL5615,Serine/threonine-protein kinase MRCK gamma,Q6DT37,27,18,6.416296296296297,1.1352436138019288
CHEMBL4523671,SCN8A/SCN1B,Q9UQD0,27,27,6.855185185185185,0.5531404771524022
CHEMBL3134,"1,3-beta-glucan synthase component GLS2",P40989,27,27,6.746666666666666,0.5858918251428593
CHEMBL6012,Inhibitor of nuclear factor kappa-B kinase subunit beta,O88351,27,26,5.239999999999999,0.401200122708778
CHEMBL2845,Protein phosphatase 2C beta,O75688,27,22,5.478148148148148,1.285202878438435
CHEMBL3883,Dipeptidyl peptidase IV,P28843,27,24,7.365185185185186,1.1658254598562354
CHEMBL5859,RAC-alpha serine/threonine-protein kinase,P31750,27,27,5.162592592592592,0.639390290057601
CHEMBL6129,Diacylglycerol O-acyltransferase 1,Q9ERM3,27,25,6.1903703703703705,1.4452507939973107
CHEMBL4610,Xaa-Pro aminopeptidase 2,O43895,26,15,5.577692307692307,1.3705394782852702
CHEMBL2111392,GABA A receptor alpha-1/beta-1/gamma-2,P18507,26,19,5.786153846153846,1.5720841629456792
CHEMBL2118,Diamine oxidase,P19801,26,26,5.739230769230769,1.0219742582939082
CHEMBL2111392,GABA A receptor alpha-1/beta-1/gamma-2,P14867,26,19,5.786153846153846,1.5720841629456792
CHEMBL4624,Fibonectin-binding protein C,P9WQN9,26,18,4.984999999999999,0.6492718999001881
CHEMBL3341584,G-protein coupled receptor 39,Q5U431,26,25,7.3442307692307685,1.2910001489602485
CHEMBL3875,Thyrotropin-releasing hormone receptor 2,A6IZR3,26,17,6.536538461538461,1.457800925524997
CHEMBL2111343,GABA A receptor alpha-3/beta-2/gamma-2,P20236,26,20,7.098846153846154,0.9441962801158538
CHEMBL3331,Cyclooxygenase-2,O62698,26,25,5.8549999999999995,1.0792562253700464
CHEMBL2111343,GABA A receptor alpha-3/beta-2/gamma-2,P63138,26,20,7.098846153846154,0.9441962801158538
CHEMBL2111343,GABA A receptor alpha-3/beta-2/gamma-2,P18508,26,20,7.098846153846154,0.9441962801158538
CHEMBL4716,Phosphodiesterase 7B,Q9NP56,26,26,6.479230769230769,1.1284393579698397
CHEMBL4905,Receptor-type tyrosine-protein phosphatase gamma,P23470,26,23,5.206153846153847,0.5882521698936739
CHEMBL4630854,N-alpha-acetyltransferase 50,Q9GZZ1,26,20,6.4715384615384615,1.081471931425656
CHEMBL5651,Serine/threonine-protein kinase 35,Q8TDR2,26,24,6.493076923076923,0.9221616744617798
CHEMBL2366450,"Casein kinase 1, delta tv1",M3VH47,26,26,6.501923076923077,0.617964524747298
CHEMBL4680026,Long-chain-fatty-acid--CoA ligase 1,P41216,26,26,6.304230769230769,1.183716767058482
CHEMBL5456,Dopamine D2 receptor,P52702,26,24,7.080384615384616,1.0941534838192701
CHEMBL5291508,Angiotensinogen,P01015,26,26,7.772307692307693,1.9151424128608465
CHEMBL3287,Interleukin-2 receptor alpha chain,P01590,26,24,5.055000000000001,1.1835210179798243
CHEMBL2111392,GABA A receptor alpha-1/beta-1/gamma-2,P18505,26,19,5.786153846153846,1.5720841629456792
CHEMBL2424510,E3 ubiquitin-protein ligase UHRF1,Q96T88,26,24,4.694230769230769,0.2621171200348895
CHEMBL5169115,Transcriptional activator Myb,P10242,26,26,7.001538461538461,0.7509550841838268
CHEMBL3243913,Dihydrofolate reductase,P00380,26,26,7.482307692307692,1.487078498781575
CHEMBL1293203,Major prion protein,P04273,26,23,4.997692307692308,0.30808190719102874
CHEMBL2110,Cytidine deaminase,P56389,26,19,5.94423076923077,1.2574137682622155
CHEMBL2723,Dual specificity phosphatase Cdc25B,P30306,26,25,5.491153846153846,0.5877776921461171
CHEMBL4105839,Sialidase A,P62575,26,15,5.190769230769231,0.8213740832381945
CHEMBL3097,Acetylcholine receptor protein alpha chain,P02710,26,17,5.367307692307692,0.695704291734974
CHEMBL3580504,Toxin A,P16154,26,26,5.519615384615384,0.5717375675551207
CHEMBL4295525,Genome polyprotein,A0A1D8D5K2,26,26,6.617692307692308,0.7943012410530792
CHEMBL2205,Calpain small subunit 1,P04574,26,25,6.3611538461538455,1.0690269479225563
CHEMBL2687,RNase L,Q05921,26,24,7.108461538461539,1.4131799384584893
CHEMBL3988591,Glycylpeptide N-tetradecanoyltransferase,Q9UVX3,26,26,6.692692307692307,1.131227855711864
CHEMBL1772932,Mitotic checkpoint serine/threonine-protein kinase BUB1,O43683,26,20,6.9630769230769225,1.134268995364924
CHEMBL5727,Fatty acid desaturase 1,Q920R3,26,22,7.3403846153846155,0.9369588284198223
CHEMBL4523373,N-alpha-acetyltransferase 40,Q86UY6,26,9,7.747692307692308,0.7612742354358656
CHEMBL3301395,c-Myc/Max,P01106,26,21,4.595769230769231,0.7352668798575009
CHEMBL3301395,c-Myc/Max,P61244,26,21,4.595769230769231,0.7352668798575009
CHEMBL2497,Purinergic receptor P2Y1,P49651,26,21,7.82423076923077,0.8820030524977702
CHEMBL3588729,Ghrelin O-acyltransferase,Q96T53,26,24,6.8707692307692305,2.045639113972791
CHEMBL1909487,Protein-arginine deiminase type-2,Q9Y2J8,26,20,5.250769230769231,0.6862822922204713
CHEMBL3714583,Leukocyte surface antigen CD47,Q08722,25,20,4.9852,0.6357221615349481
CHEMBL1075045,Dihydropteroate synthase,Q81VW8,25,17,4.8675999999999995,0.40344640288395195
CHEMBL5267,ADM2,Q7Z4H4,25,25,6.888,1.141022932869157
CHEMBL1255155,BlaVIM-1,Q8GDC1,25,25,6.334,0.7317160195959449
CHEMBL6114,Phospholipase A-2-activating protein,Q9Y263,25,22,5.490399999999999,0.8153193648299214
CHEMBL4879437,Serine/threonine-protein kinase 19,P49842,25,17,7.02,0.3941023555710708
CHEMBL2021753,Kinesin-like protein KIF20A,O95235,25,14,5.144400000000001,0.5958682740337833
CHEMBL2366455,"Protoporphyrinogen oxidase, chloroplastic",O24163,25,25,5.8584000000000005,0.7717171329790036
CHEMBL3885541,TCF4-CTNNB1 complex,P35222,25,23,5.5668,0.721201081529971
CHEMBL6078,Glutamate racemase,P56068,25,20,7.0004,0.823106311481087
CHEMBL3351218,2'-deoxynucleoside 5'-phosphate N-hydrolase 1,O43598,25,25,5.5363999999999995,0.5119967447813188
CHEMBL5288,Retinoblastoma-associated protein,P06400,25,25,5.51,0.8559400290518803
CHEMBL5808,PITSLRE serine/threonine-protein kinase CDC2L1,P21127,25,19,6.324,0.6818296463682604
CHEMBL3879822,Shiga toxin subunit A,Q9FBI2,25,22,4.932799999999999,0.5083758452169025
CHEMBL4009,Human herpesvirus 6 DNA polymerase,P28857,25,25,5.0851999999999995,0.6126453569017994
CHEMBL2453,"AMP-activated protein kinase, gamma-2 subunit",Q9UGJ0,25,25,6.294,0.7928640068342955
CHEMBL2396508,Receptor-type tyrosine-protein phosphatase S,Q13332,25,24,5.382000000000001,0.5058903043150758
CHEMBL4725,Aryl hydrocarbon receptor,O02747,25,25,7.9276,0.6902733757963825
CHEMBL5008,Galectin-7,P47929,25,25,4.8888,0.5577956615105573
CHEMBL2880,Adenylate cyclase type V,Q04400,25,20,6.4315999999999995,1.0739556167117272
CHEMBL5316,Serine/threonine-protein kinase PCTAIRE-3,Q07002,25,19,6.304399999999999,0.856037771752314
CHEMBL2048,Fibrinogen beta chain,P02675,25,25,4.8656,0.24916661092530032
CHEMBL4692,HLA-DR antigens-associated invariant chain,P04233,25,25,5.862,0.20952326839756938
CHEMBL3885541,TCF4-CTNNB1 complex,P15884,25,23,5.5668,0.721201081529971
CHEMBL4812,Kallikrein 8,O60259,25,25,6.236000000000001,0.8952420529294483
CHEMBL5601,Vitamin D receptor,P48281,25,25,8.6368,1.8810496183425536
CHEMBL4295919,LgtC,Q93EK7,25,14,4.8268,0.49994766392760215
CHEMBL2259247,Probable L-lysine-epsilon aminotransferase,P9WQ77,25,25,4.9036,0.5772772297605372
CHEMBL4879439,Interleukin-15,P48346,25,13,5.106,0.408605351572068
CHEMBL3237,Cytochrome P450 11B2,P30099,25,22,6.0916,1.5104846904222502
CHEMBL4523345,Bifunctional arginine demethylase and lysyl-hydroxylase JMJD6,Q6NYC1,25,23,5.3839999999999995,0.6175961463610342
CHEMBL3308984,"LL-diaminopimelate aminotransferase, chloroplastic",Q93ZN9,25,24,4.311599999999999,0.25925662961629375
CHEMBL2985,Voltage-gated potassium channel subunit Kv7.2,Q9Z351,25,16,6.6552,1.060322749606615
CHEMBL5743,Type-1 angiotensin II receptor,P30555,25,25,7.8272,0.9238169010505638
CHEMBL4295749,Polycomb complex protein BMI-1,P35226,25,25,9.0,0.0
CHEMBL2393,"AMP-activated protein kinase, gamma-1 subunit",P54619,25,25,6.058,0.7623428799868643
CHEMBL3013,Choline transporter,Q8BGY9,25,25,5.670800000000001,1.039214126154952
CHEMBL3444,Malate dehydrogenase mitochondrial,P00346,25,25,5.1376,0.6148867104326348
CHEMBL3616361,CCR4-NOT transcription complex subunit 7,Q9UIV1,25,25,5.0532,0.45934482327187137
CHEMBL1075102,Phosphatidylinositol-4-phosphate 3-kinase C2 domain-containing subunit alpha,O00443,25,23,6.138400000000001,1.0064197268866835
CHEMBL2544,Peptidyl-glycine alpha-amidating monooxygenase,P19021,25,15,5.7104,1.6247268488374693
CHEMBL3430904,Coiled-coil domain-containing protein 6/Tyrosine-protein kinase receptor RET,Q16204,25,22,7.7692,0.9198682876731141
CHEMBL3652,Beta-lactamase TEM,Q6W9J1,25,25,5.8784,1.2783931320216013
CHEMBL3430904,Coiled-coil domain-containing protein 6/Tyrosine-protein kinase receptor RET,P07949,25,22,7.7692,0.9198682876731141
CHEMBL2305,Cathepsin L,P07154,25,25,7.024400000000001,1.3946417700135998
CHEMBL3741,Phosphodiesterase 6A,P11541,25,25,6.1272,0.7273096543655484
CHEMBL1075048,Protoporphyrinogen oxidase,P32397,25,25,6.800800000000001,0.9060257538650139
CHEMBL2308,"Endoplasmic reticulum mannosyl-oligosaccharide 1,2-alpha-mannosidase",Q9UKM7,24,24,5.345416666666666,0.8997583210128617
CHEMBL5403,Signal transducer and activator of transcription 5A,P42229,24,23,5.47375,0.999133592059945
CHEMBL1671608,Galectin-4,P56470,24,12,5.9991666666666665,1.0241854310140566
CHEMBL5679,Serine/threonine-protein kinase Nek3,P51956,24,19,5.6825,0.7630046441251335
CHEMBL3621020,"Cytochrome P450 11B2, mitochondrial",P15539,24,23,6.365416666666667,0.8881244486173565
CHEMBL5169210,Threonine--tRNA ligase,A0A3F3IEK2,24,18,6.289166666666667,0.7877039648445886
CHEMBL3396944,N-glycosylase/DNA lyase,O15527,24,15,5.979166666666667,0.5488241713103502
CHEMBL1944490,ATP-binding cassette sub-family C member 8,Q09429,24,24,5.697916666666667,0.65563761973044
CHEMBL2045,Pancreatic alpha-amylase,P04746,24,24,7.607083333333333,1.402040373935404
CHEMBL4879436,"Lon protease homolog, mitochondrial",P36776,24,24,6.709583333333334,0.6947973064868984
CHEMBL3638339,Thioredoxin reductase,P0A9P4,24,14,5.8445833333333335,0.8682214662704172
CHEMBL5096,Cell division protein ftsZ,P0A031,24,17,4.96625,0.7368960312483472
CHEMBL2452,Aminopeptidase B,O09175,24,20,6.383333333333333,1.5982290924282596
CHEMBL2109230,Neuronal acetylcholine receptor; alpha2/beta4,Q15822,24,19,5.999583333333334,1.6586728040859935
CHEMBL5494,Serotonin 7 (5-HT7) receptor,P50407,24,12,6.9366666666666665,1.1348881065958676
CHEMBL4523163,Large T antigen,P03072,24,24,5.037916666666667,0.5055258060472388
CHEMBL612409,Anti-estrogen binding site (AEBS),Q9UBM7,24,14,6.637083333333333,1.0590253072751727
CHEMBL612409,Anti-estrogen binding site (AEBS),Q15125,24,14,6.637083333333333,1.0590253072751727
CHEMBL1926499,Neuraminidase,D5F1R0,24,11,5.952500000000001,1.1066960228339675
CHEMBL3183,cGMP-dependent protein kinase 1 alpha,P00516,24,22,5.8999999999999995,0.8210438742711993
CHEMBL2366433,"Cytochrome b-c1 complex subunit Rieske, mitochondrial",G2YM83,24,24,5.8495833333333325,1.0320577973647842
CHEMBL4105801,DNA repair protein complementing XP-A cells,P23025,24,24,5.13375,0.3668883552491021
CHEMBL4105809,COP9 signalosome complex subunit 5,Q92905,24,24,5.260416666666667,0.958624372945836
CHEMBL6108,Polyamine oxidase,O64411,24,24,7.203749999999999,1.5147816961385958
CHEMBL1908386,Dual serine/threonine and tyrosine protein kinase,Q6XUX3,24,21,6.28,0.9041498529125241
CHEMBL1926490,Alpha-1A adrenergic receptor,Q9TSW7,24,24,8.270000000000001,0.7636924033644185
CHEMBL6083,Receptor-interacting serine/threonine-protein kinase 4,P57078,24,22,6.2875000000000005,0.7875401991120147
CHEMBL4404,Tyrosine-protein phosphatase yopH,P15273,24,16,5.1025,0.5338152261337005
CHEMBL3988613,Protein-glutamine gamma-glutamyltransferase 2,P08587,24,22,4.64625,0.371212027775525
CHEMBL6126,Transient receptor potential cation channel subfamily V member 4,Q9EPK8,24,12,6.317916666666666,1.0623189530320047
CHEMBL4595,Lysophosphatidic acid receptor Edg-2,P61794,24,21,6.487916666666667,0.7040626155866155
CHEMBL3713541,Calcitonin gene-related peptide 2,P10092,24,24,7.691666666666666,1.0329007977395575
CHEMBL4832,Transcription initiation factor IIA alpha and bTranscription initiation factor IIA alpha and beta chains,P52655,24,22,5.390416666666667,0.428906386529505
CHEMBL212,Integrin alpha-IIb,P08514,24,20,5.484583333333333,0.5124619109211215
CHEMBL2109230,Neuronal acetylcholine receptor; alpha2/beta4,P30926,24,19,5.999583333333334,1.6586728040859935
CHEMBL2424509,Tumor suppressor p53-binding protein 1,Q12888,24,21,4.977916666666666,0.36056693483007224
CHEMBL4523490,Phosphatidylcholine transfer protein,Q9UKL6,24,23,5.0216666666666665,0.4464319088902163
CHEMBL4295619,"1-deoxy-D-xylulose 5-phosphate reductoisomerase, apicoplastic",Q8IKG4,24,21,6.493333333333333,1.1623165275194738
CHEMBL5291571,Thyrotropin receptor,P21463,24,23,7.342083333333334,0.3904287405523257
CHEMBL3879830,G protein-coupled receptor kinase 5,P43249,24,24,4.64375,0.6848536022550654
CHEMBL4512,Fatty acid synthase,Q965D7,24,21,5.335416666666667,0.81526724968307
CHEMBL4296065,Cyclin-dependent kinase 1/ G1/S-specific cyclin-D3,P30281,24,24,5.784583333333334,0.40958068872898573
CHEMBL5602,Sonic hedgehog protein,Q15465,24,20,5.611249999999999,0.8300461616288475
CHEMBL4296065,Cyclin-dependent kinase 1/ G1/S-specific cyclin-D3,P06493,24,24,5.784583333333334,0.40958068872898573
CHEMBL3329079,2'-deoxynucleoside 5'-phosphate N-hydrolase 1,O35820,24,24,5.4875,0.40938182453654387
CHEMBL5000,Prostanoid FP receptor,P43117,24,20,6.760833333333333,1.1097313292812843
CHEMBL4879524,Apelin receptor,Q9WV08,23,23,9.628260869565217,1.0290668861286338
CHEMBL5916,Membrane-bound transcription factor site-1 protease,Q14703,23,23,6.263913043478261,0.9323320669181948
CHEMBL3038486,IKK epsilon/TBK1,Q9UHD2,23,23,6.171304347826087,0.663518886131333
CHEMBL5610,Prostasin,Q16651,23,23,6.707826086956522,0.9087501732986658
CHEMBL6186,Serine/threonine-protein kinase Sgk3,Q96BR1,23,21,6.363478260869566,0.942060646067739
CHEMBL5171,S-ribosylhomocysteine lyase,O34667,23,14,5.142173913043478,0.8305362808655576
CHEMBL2163170,UDP-3-O-acyl-N-acetylglucosamine deacetylase,B5ATN6,23,23,8.586086956521738,0.38031971156377414
CHEMBL3714705,Hepatocyte nuclear factor 4-alpha,P22449,23,23,6.802608695652174,1.2014280040900736
CHEMBL3038486,IKK epsilon/TBK1,Q14164,23,23,6.171304347826087,0.663518886131333
CHEMBL5404,Serine/threonine-protein kinase tousled-like 2,Q86UE8,23,15,6.695652173913044,0.9102488475284537
CHEMBL5327,Matrix metalloproteinase 13,O77656,23,23,8.181304347826087,1.0759490708960417
CHEMBL3885653,Voltage-dependent L-type calcium channel subunit beta-1/alpha-1B/alpha-2/delta-1,Q02294,23,22,6.242173913043478,1.0166788914792355
CHEMBL3453,Bradykinin B2 receptor,Q28642,23,23,6.472173913043478,0.5910388121522607
CHEMBL1250378,Splicing factor 3B subunit 3,Q15393,23,13,7.397391304347827,1.146001814179527
CHEMBL2321619,Non-receptor tyrosine-protein kinase TYK2,Q9R117,23,23,6.500869565217392,0.292992600643123
CHEMBL4505,Inositol-1(or 4)-monophosphatase 1,P20456,23,23,5.104347826086957,0.9315667452150241
CHEMBL5654,Myosin-IIIB,Q8WXR4,23,16,6.221739130434782,0.892848618818712
CHEMBL3784910,Basic phospholipase A2 VRV-PL-VIIIa,P59071,23,22,4.654347826086957,0.22807148175629904
CHEMBL5388,Serine/threonine-protein kinase tousled-like 1,Q9UKI8,23,15,6.358260869565218,0.7796540734891984
CHEMBL3847,"AMP-activated protein kinase, beta-1 subunit",Q9Y478,23,22,6.0291304347826085,0.7038460126236179
CHEMBL1075131,Lactase-phlorizin hydrolase,P09848,23,22,4.423478260869565,0.2519669656495791
CHEMBL1938227,Met repressor,C3SIU2,23,22,7.172173913043479,0.5514110537499483
CHEMBL3051,"Nitric oxide synthase, inducible",Q06518,23,23,4.851304347826087,0.9882045442841646
CHEMBL3071,Dopamine D1 receptor,Q61616,23,23,6.130869565217391,0.9626380092012224
CHEMBL4630874,ATP-dependent Clp protease ATP-binding subunit ClpC1,P9WPC9,23,12,6.221304347826087,0.5735480034425753
CHEMBL1909485,Glycogen synthase kinase 3 beta,B2LUN4,23,23,5.779565217391305,0.9424604079500422
CHEMBL4510,Cysteine protease falcipain-3,Q9NBA7,23,22,5.1091304347826085,0.9804262201321065
CHEMBL1293253,"4-diphosphocytidyl-2-C-methyl-D-erythritol kinase, chloroplastic",O81014,23,23,4.740869565217392,0.5834374083705689
CHEMBL3580487,Sclerostin,Q9BQB4,23,23,6.670869565217392,0.8982959273661041
CHEMBL4295631,Thiamine transporter ThiT,A2RI47,23,17,7.1552173913043475,1.6214047488778967
CHEMBL6098,Carboxypeptidase B,Q3T905,23,23,4.820434782608696,0.5185861746646937
CHEMBL3885653,Voltage-dependent L-type calcium channel subunit beta-1/alpha-1B/alpha-2/delta-1,P54283,23,22,6.242173913043478,1.0166788914792355
CHEMBL3885653,Voltage-dependent L-type calcium channel subunit beta-1/alpha-1B/alpha-2/delta-1,P54290,23,22,6.242173913043478,1.0166788914792355
CHEMBL5878,Histidine triad nucleotide-binding protein 1,P49773,23,17,5.547391304347826,0.7283993497033213
CHEMBL3341578,ATP-dependent Clp protease proteolytic subunit,P0A6G7,23,20,5.153478260869565,0.9324728058216162
CHEMBL4630763,Sodium channel protein type 5 subunit alpha/beta-1/beta-2,O60939,23,23,4.600869565217391,0.7527338841816924
CHEMBL4630763,Sodium channel protein type 5 subunit alpha/beta-1/beta-2,Q07699,23,23,4.600869565217391,0.7527338841816924
CHEMBL4630763,Sodium channel protein type 5 subunit alpha/beta-1/beta-2,Q14524,23,23,4.600869565217391,0.7527338841816924
CHEMBL2963,Matrix metalloproteinase 15,P51511,23,20,6.663478260869565,1.176256035423226
CHEMBL3769299,Sodium-dependent phosphate transport protein 2A,Q06495,23,13,5.988260869565217,0.7793916752180573
CHEMBL5665,Disintegrin and metalloproteinase domain-containing protein 8,P78325,23,20,6.5260869565217385,0.5264265392110954
CHEMBL4963,Peptidyl-glycine alpha-amidating monooxygenase,P14925,23,23,6.804347826086956,1.0932138861131036
CHEMBL4961,Acetylcholine receptor protein epsilon chain,P09660,22,22,4.7318181818181815,0.39451762425036957
CHEMBL3701,Luciferase,Q01158,22,20,6.095,0.9197088048476462
CHEMBL2583,Serotonin 2b (5-HT2b) receptor,Q02152,22,22,5.756363636363637,0.4192799434693614
CHEMBL2364669,Bacterial dihydrofolate reductase,P0ABQ4,22,21,5.592272727272728,0.8990308634893983
CHEMBL1847,GABA receptor beta-3 subunit,P28472,22,19,7.541818181818181,1.3209002570888877
CHEMBL341,GABA receptor alpha-2 subunit,P23576,22,20,6.3968181818181815,0.9161221917025425
CHEMBL1075310,Transient receptor potential cation channel subfamily A member 1,Q8BLA8,22,21,5.745454545454546,1.1983589066986857
CHEMBL5250,Tyrosine-protein kinase JAK3,Q62137,22,14,5.970909090909092,0.623545233330075
CHEMBL1075158,Testosterone 17-beta-dehydrogenase 3,O54939,22,19,6.703181818181818,0.8649436335261903
CHEMBL4523923,Probable G-protein coupled receptor 27,Q9NS67,22,21,5.887272727272728,0.48731706524389434
CHEMBL2988,Cholesterol esterase,P30122,22,16,5.371818181818182,0.5444318695723651
CHEMBL2331058,Lysophosphatidic acid receptor 6,P43657,22,11,6.9359090909090915,0.455220083778522
CHEMBL1795140,Transmembrane protease serine 2,O15393,22,21,6.381363636363636,1.6999392018667285
CHEMBL4523454,Olfactory receptor 51E2,Q9H255,22,22,7.593181818181819,1.8166384087718475
CHEMBL1781859,Solute carrier organic anion transporter family member 1A1,P46720,22,21,5.124545454545454,0.5696341956757128
CHEMBL3536,Heat shock protein HSP 90 (HSP82),P02829,22,16,5.279545454545455,0.7371662426237852
CHEMBL3559674,Bifunctional protein GlmU,C3SLB7,22,22,5.680454545454546,0.7726175501422933
CHEMBL4295910,Kallikrein-7,Q91VE3,22,20,5.412272727272727,0.8369384788119243
CHEMBL4295897,Protein lin-28 homolog A,Q8K3Y3,22,22,4.849545454545455,0.34510836493742575
CHEMBL3562162,Neutral amino acid transporter B(0),Q15758,22,21,4.694999999999999,0.35732804722458217
CHEMBL3562169,DNA polymerase III subunit beta,P0A988,22,12,4.461818181818182,0.33918159714842394
CHEMBL3879839,Nuclear receptor subfamily 4 group A member 2,Q06219,22,20,7.700454545454545,1.4853009227657648
CHEMBL4295738,Gap junction beta-2 protein,P29033,22,21,4.969090909090909,0.3280956464916188
CHEMBL4200,Group X secretory phospholipase A2,Q9QXX3,22,21,6.104545454545455,1.2330362342520007
CHEMBL2111417,Muscarinic acetylcholine receptor M1/M5 chimeric protein,P11229,22,4,6.127272727272728,1.031033609069221
CHEMBL4105848,STAM-binding protein,O95630,22,22,5.614090909090908,0.48619669829939155
CHEMBL5283,DNA polymerase III subunit alpha,O34623,22,22,6.711363636363637,0.8580614666324785
CHEMBL2111417,Muscarinic acetylcholine receptor M1/M5 chimeric protein,P08912,22,4,6.127272727272728,1.031033609069221
CHEMBL3885641,Solute carrier family 12 member 2/member 5,Q9H2X9,22,22,5.3136363636363635,0.6618411941196816
CHEMBL4719,"Nitric-oxide synthase, brain",Q9Z0J4,22,22,5.713181818181818,0.7904392170459129
CHEMBL3885641,Solute carrier family 12 member 2/member 5,P55011,22,22,5.3136363636363635,0.6618411941196816
CHEMBL3460,HLA class II histocompatibility antigen DRB3-1,P79483,22,21,6.170000000000001,0.9301868731860383
CHEMBL2040705,Chondroitin sulfate N-acetylgalactosaminyltransferase 1,Q8TDX6,22,22,4.216818181818182,0.14659261215830044
CHEMBL4523354,Nicotinate phosphoribosyltransferase,Q6XQN6,22,22,9.43590909090909,0.5539697352134566
CHEMBL1163120,Phosphatidylinositol-4-phosphate 3-kinase C2 domain-containing subunit gamma,O75747,22,20,6.270454545454545,0.9090208089855977
CHEMBL3298,Alpha enolase,P06733,22,10,5.922272727272727,1.0476273956770894
CHEMBL2176851,Replicative DNA helicase,A0A6L8Q2B7,22,22,5.1445454545454545,0.4563282785840667
CHEMBL1075289,Protein-tyrosine kinase 2-beta,Q9QVP9,22,18,6.694090909090909,0.9718252786866436
CHEMBL1795129,Interleukin-6,P05231,22,22,6.96409090909091,1.5198955449413192
CHEMBL5452,Serotonin N-acetyltransferase,Q29495,22,19,5.997272727272727,1.4499168508776201
CHEMBL4106165,N+/K+ ATPase alpha-4/beta-1,Q64541,22,22,7.608181818181818,1.5007478655137765
CHEMBL6026,Dual specificity protein phosphatase 1,P28562,22,22,5.181363636363636,0.5976883680325271
CHEMBL3747,Calpain 1,P97571,22,22,6.641818181818182,1.2053438014333002
CHEMBL4755,Calcitonin gene-related peptide type 1 receptor,Q63118,22,20,7.861818181818182,0.9805325878542517
CHEMBL3118,Adenosylhomocysteinase,P10760,22,19,6.343636363636364,1.0449084965841589
CHEMBL1641361,ATP-binding cassette sub-family A member 1,P41233,22,22,5.851363636363636,0.5090915854973863
CHEMBL5871,Glycine receptor subunit alpha-2,P23416,22,11,5.160454545454545,0.38394539880570155
CHEMBL4106165,N+/K+ ATPase alpha-4/beta-1,P07340,22,22,7.608181818181818,1.5007478655137765
CHEMBL4851,Serine/threonine-protein kinase 38-like,Q9Y2H1,22,13,6.390454545454546,1.0296900933347313
CHEMBL2189160,Serine/threonine-protein kinase TBK1,Q9WUN2,22,22,6.467727272727273,0.552887931623638
CHEMBL5343,Bile acid receptor,Q60641,22,22,5.926363636363636,0.9365923311693273
CHEMBL2408,Cytochrome P450 2C18,P33260,21,21,4.948571428571428,0.37858005381009846
CHEMBL1795169,Neuraminidase,Q9IGQ6,21,14,5.2247619047619045,1.5838548514545738
CHEMBL5520,Casein kinase I isoform alpha-like,Q8N752,21,15,5.787142857142857,0.39488153738992193
CHEMBL3308939,Phospholipase D1,P70496,21,21,5.87952380952381,0.7795477932139646
CHEMBL3407325,Growth/differentiation factor 8,O14793,21,13,6.636190476190476,0.9799769190673636
CHEMBL5578,Cyclin-dependent kinase 2-associated protein 1,O14519,21,21,5.240952380952381,0.3265410351227663
CHEMBL4328,Betaine--homocysteine S-methyltransferase 1,Q93088,21,16,6.27904761904762,0.9374054872994119
CHEMBL4713,"Carboxypeptidase N, catalytic subunit",P15169,21,16,6.672857142857143,1.38435596165561
CHEMBL5291521,Plasma membrane ATPase 1,P05030,21,15,4.78952380952381,0.41369646107352886
CHEMBL4655,Serotonin 5a (5-HT5a) receptor,P35364,21,21,6.7090476190476185,1.0920297833021988
CHEMBL1293202,Phospholipase C,P09598,21,17,4.8133333333333335,0.573718862626403
CHEMBL1795195,Serine/threonine-protein kinase SMG1,Q96Q15,21,21,7.552380952380952,1.3940297872065166
CHEMBL1795081,Short transient receptor potential channel 6,Q61143,21,15,5.128571428571429,0.5756238851392954
CHEMBL2457,"Arachidonate 15-lipoxygenase, type II",O15296,21,16,5.635238095238096,0.8506151835443515
CHEMBL3391,Threonyl-tRNA synthetase,P26639,21,21,7.034285714285714,1.36284104512805
CHEMBL3389,Lactase-glycosylceramidase,Q02401,21,16,4.930952380952381,0.7735043940528376
CHEMBL5091,1-deoxy-D-xylulose-5-phosphate synthase,P9WNS3,21,21,4.571428571428571,0.4138150035255575
CHEMBL3576,Voltage-gated potassium channel subunit Kv7.4,P56696,21,20,6.234285714285714,0.6907066774584666
CHEMBL1628469,Transient receptor potential cation channel subfamily M member 4,Q8TD43,21,20,5.355714285714286,0.5938987407679144
CHEMBL1250403,Ecdysone receptor,O18531,21,21,4.850476190476191,0.4483913044482038
CHEMBL4630760,Sodium channel protein type 1 subunit alpha/beta-1/beta-2,O60939,21,21,4.925714285714285,0.9480852885082202
CHEMBL4662929,Protein translocase subunit SecA,P10408,21,13,4.5476190476190474,0.3076671051949616
CHEMBL4662926,"Tyrosyl-tRNA synthetase, putative",Q4DSP6,21,8,4.355238095238095,0.2425823375190176
CHEMBL2095199,Potassium-transporting ATPase,P18598,21,21,6.1380952380952385,0.6692803526745651
CHEMBL5350,Bone morphogenetic protein 4,P12644,21,21,6.336190476190477,1.0165209107070852
CHEMBL4808,Acetylcholine receptor protein alpha chain,P02708,21,21,5.267619047619048,0.6480193265783418
CHEMBL2095199,Potassium-transporting ATPase,P09626,21,21,6.1380952380952385,0.6692803526745651
CHEMBL3543,Pyrimidinergic receptor P2Y6,Q63371,21,13,5.7319047619047625,0.8173348092894309
CHEMBL4630760,Sodium channel protein type 1 subunit alpha/beta-1/beta-2,Q07699,21,21,4.925714285714285,0.9480852885082202
CHEMBL1795181,Thromboxane A2 receptor,P30987,21,15,7.048571428571429,1.040919236609093
CHEMBL4523951,D-alanine--D-alanine ligase,Q47758,21,21,6.173333333333333,0.23266571155486881
CHEMBL3885612,Nuclear receptor subfamily 2 group C member 2/TGF-beta-activated kinase 1 and MAP3K7-binding protein 1,Q15750,21,21,6.126666666666667,0.7408328646417717
CHEMBL5377,Serotonin 2a (5-HT2a) receptor,P35363,21,18,6.457619047619047,1.294406832344085
CHEMBL1667686,Neuraminidase,C4LRQ6,21,15,6.7214285714285715,1.9566407072180776
CHEMBL1293314,Ubiquitin carboxyl-terminal hydrolase BAP1,Q92560,21,21,4.612857142857143,0.1929285582059552
CHEMBL3239,Liver glycogen phosphorylase,P09811,21,16,5.472380952380952,1.212464039722023
CHEMBL4630760,Sodium channel protein type 1 subunit alpha/beta-1/beta-2,P35498,21,21,4.925714285714285,0.9480852885082202
CHEMBL2115,Adenosine A2a receptor,Q60613,21,20,5.921904761904762,1.0828371024656436
CHEMBL1075298,Purinergic receptor P2Y2,P35383,21,20,4.868571428571428,0.4527503253923261
CHEMBL3703,Mycothiol S-conjugate amidase,P9WJN1,21,17,4.607619047619048,0.5907021649012703
CHEMBL2911,Phosphoenolpyruvate carboxykinase cytosolic,P35558,21,21,5.992857142857143,0.44080770021793936
CHEMBL3686,Phospholipase A2 group IIA,P14423,21,20,5.436190476190476,1.210824001209409
CHEMBL3885612,Nuclear receptor subfamily 2 group C member 2/TGF-beta-activated kinase 1 and MAP3K7-binding protein 1,P49116,21,21,6.126666666666667,0.7408328646417717
CHEMBL2344,Vasopressin V2 receptor,P48044,21,21,7.354285714285714,0.7603326339739168
CHEMBL3477,Phosphodiesterase 2A,P14099,21,20,4.95952380952381,0.598919662312703
CHEMBL5169188,Parkinson disease protein 7,Q99497,21,20,6.28047619047619,0.6931917208859047
CHEMBL2062348,Heat shock-related 70 kDa protein 2,P54652,21,9,5.3376190476190475,0.66608486517789
CHEMBL1697658,Pleiotropic ABC efflux transporter of multiple drugs,P33302,21,21,5.405714285714286,0.42207311485773963
CHEMBL3926,Carbonic anhydrase,Q50565,20,17,4.529999999999999,0.34017023601967905
CHEMBL3392950,Histone chaperone ASF1A,Q9Y294,20,20,4.696,0.4938399485023887
CHEMBL342,Glutamate [NMDA] receptor subunit 3A,Q9R1M7,20,19,5.1095,1.058024350530643
CHEMBL5753,Uncharacterized aarF domain-containing protein kinase 4,Q96D53,20,16,5.928,0.7063292805990555
CHEMBL2813,Neurokinin 2 receptor,P30549,20,20,7.7505,0.7715498755921841
CHEMBL4066,Fibroblast growth factor receptor 3,Q61851,20,20,7.15,1.084765315390239
CHEMBL1989,Renal dipeptidase,P16444,20,20,7.224500000000001,0.7471382243706914
CHEMBL1075079,Cystathionine beta-lyase metC,P06721,20,20,5.3005,0.7990617853721358
CHEMBL5872,G-protein coupled estrogen receptor 1,Q99527,20,7,7.7989999999999995,1.0551921750637605
CHEMBL3638331,Gag-Pol polyprotein,P03369,20,20,9.077,0.9466900787814133
CHEMBL1795094,Nuclear receptor subfamily 0 group B member 1,P51843,20,20,5.465999999999999,0.7728511806088033
CHEMBL1075100,Sialidase,P0C6E9,20,20,4.758,0.5218751615190421
CHEMBL2057,Dihydrofolate reductase,Q9UUP5,20,20,6.904999999999999,0.2561146947016221
CHEMBL4105730,"Glutaminase liver isoform, mitochondrial",Q9UI32,20,20,5.868,0.6641702381642511
CHEMBL3225,Arachidonate 12-lipoxygenase,P39655,20,20,4.763,0.4413388720699777
CHEMBL1250374,5'-methylthioadenosine/S-adenosylhomocysteine nucleosidase,Q9KPI8,20,9,8.8515,0.9670697737849226
CHEMBL2316,Granzyme B,P10144,20,20,7.2909999999999995,0.7288700700038165
CHEMBL4622,Beta-glucosidase A,P10482,20,16,4.4415,0.4563732890380072
CHEMBL4784,Thymidine kinase,P09250,20,18,4.9,0.5109537006525409
CHEMBL2366588,Ecdysone receptor,Q8MWR1,20,20,6.9704999999999995,0.8238515131924403
CHEMBL2376,Adenylate kinase 2,P29410,20,11,5.24,1.2665743271974965
CHEMBL3317,5-lipoxygenase,O49150,20,19,5.963,0.6020674905339888
CHEMBL2366588,Ecdysone receptor,Q8MWR2,20,20,6.9704999999999995,0.8238515131924403
CHEMBL2983,Simian sarcoma virus Pol protein,P03359,20,20,5.114,0.4672472578838745
CHEMBL4295757,"Stress-70 protein, mitochondrial",P38646,20,20,5.868,0.3036029262739496
CHEMBL5410,C-C chemokine receptor type 4,P51680,20,18,7.040000000000001,0.752511584103877
CHEMBL3000,Elastase 1,Q9UNI1,20,18,6.571,1.2440633762837512
CHEMBL4513,3-oxoacyl-acyl-carrier protein reductase,Q965D6,20,15,5.366,0.6252191194840581
CHEMBL3329081,DNA topoisomerase 4 subunit B,P20083,20,20,7.2284999999999995,1.1055614196559043
CHEMBL2304407,Serotonin 1d (5-HT1d) receptor,Q60484,20,16,8.040000000000001,0.7799730089796969
CHEMBL2915,Histone deacetylase 1,Q4QQW4,20,20,5.9615,0.8963333202847207
CHEMBL2295561,Lactoperoxidase,P80025,20,20,5.0165,0.49473304869766305
CHEMBL2285357,"Glutamine synthetase, chloroplastic",P25462,20,8,4.6775,0.31649187234928744
CHEMBL4935,Prolyl endopeptidase,Q9QUR6,20,19,7.2005,1.7500721037777425
CHEMBL4747,Neuronal acetylcholine receptor subunit alpha-6,P43143,20,20,8.395,1.2565763846763611
CHEMBL3559642,Phospho-N-acetylmuramoyl-pentapeptide-transferase,E2QF15,20,19,5.3055,0.9174878458968388
CHEMBL3542,Serine/threonine-protein kinase NIM1,Q8IY84,20,16,5.88,0.5691637448230978
CHEMBL3317337,Poly(ADP-ribose) glycohydrolase,Q9QYM2,20,20,5.306,0.6254295366091672
CHEMBL1909488,Protein-arginine deiminase type-3,Q9ULW8,20,18,5.3585,0.8166508949425858
CHEMBL2150844,Methionine synthase,Q99707,20,17,4.8365,0.5106886475503857
CHEMBL3774,Phosphodiesterase 1A,P14100,20,20,6.840999999999999,1.2462402404200024
CHEMBL1075089,Shikimate kinase,P56073,20,13,5.305,0.6279750246458433
CHEMBL4373,CpG DNA methylase,P15840,20,19,5.5875,1.2497110192276237
CHEMBL5912,Serine/threonine-protein kinase 32B,Q9NY57,20,14,6.058,0.9085013686517514
CHEMBL2095232,Exodeoxyribonuclease V,P07648,20,20,4.285,0.23016012732557814
CHEMBL3265,"Amine oxidase, copper containing",Q9TTK6,20,18,5.336,0.6214278973291648
CHEMBL1163130,Bifunctional dihydrofolate reductase-thymidylate synthase,Q27793,20,11,7.8675,0.6651701404824738
CHEMBL2710,Alpha-L-fucosidase I,P17164,20,20,6.1995,0.7414599751415056
CHEMBL5834,"Triosephosphate isomerase, glycosomal",P52270,20,18,4.968999999999999,0.4718039289455111
CHEMBL1293291,Glutathione-independent formaldehyde dehydrogenase,P46154,20,20,6.129,0.8202175577889461
CHEMBL4523344,Methylcytosine dioxygenase TET2,Q6N021,20,15,5.092499999999999,0.7262149529545209
CHEMBL5032,Dopamine transporter,Q9GJT6,20,14,8.182,0.7658129495406899
CHEMBL3638340,Cyclin-dependent kinase 4,Q0GMK6,20,20,7.5485,0.6390887838823415
CHEMBL5519,Serine/threonine-protein kinase DCLK2,Q8N568,20,14,6.297,0.8247685480756022
CHEMBL4662921,Aspartate--tRNA(Asp/Asn) ligase,P9WFW3,20,12,4.542,0.41263721800658065
CHEMBL5595,Cholecystokinin B receptor,P30552,20,18,8.042,0.390311616397382
CHEMBL1741178,General amino acid permease AGP1,P25376,20,19,5.7085,0.42818189691077035
CHEMBL2242743,Acetylcholinesterase,Q7YWJ9,20,20,5.5504999999999995,1.4509868692503185
CHEMBL4296110,GRIA1/CACNG8,Q8WXS5,20,20,7.414999999999999,1.0698130677833395
CHEMBL6092,Calmodulin,P62157,20,10,5.395,0.5779500980097448
CHEMBL1075172,C-X-C chemokine receptor type 3,Q9JII9,20,18,7.6745,0.870912860466715
CHEMBL2046261,Prostaglandin E synthase,Q9JM51,20,20,6.1695,0.9210947433981965
CHEMBL2095232,Exodeoxyribonuclease V,P08394,20,20,4.285,0.23016012732557814
CHEMBL2095232,Exodeoxyribonuclease V,P04993,20,20,4.285,0.23016012732557814
CHEMBL1250368,Enoyl-acyl carrier reductase,Q6UCJ9,20,19,6.836499999999999,0.739952167728642
CHEMBL5430,Mu-opioid receptor,Q8CGM4,20,20,7.4405,1.17770282642457
CHEMBL4296110,GRIA1/CACNG8,P42261,20,20,7.414999999999999,1.0698130677833395
CHEMBL5090,Lanosterol 14-alpha demethylase,P9WPP9,20,16,5.2780000000000005,0.8619415049147694
CHEMBL2311235,Threonine--tRNA ligase,Q8ZDW5,20,20,7.745,1.0819840450229437
CHEMBL4648,Diamine oxidase,P36633,19,19,5.415789473684211,0.4801772333613877
CHEMBL4523481,Short transient receptor potential channel 5,Q9QX29,19,19,5.200526315789474,0.31635903801799714
CHEMBL4817,Serum albumin,P02770,19,16,5.143684210526316,0.860685841035545
CHEMBL1795165,Hormonally up-regulated neu tumor-associated kinase,P57058,19,16,6.052105263157895,0.7995455580610802
CHEMBL4296022,Melanoma-associated antigen 4,P43358,19,14,7.1342105263157904,1.0768695154086092
CHEMBL1908382,Serine/threonine-protein kinase PRP4 homolog,Q13523,19,16,6.2163157894736845,0.766276788738289
CHEMBL2111461,Integrin alpha-2/beta-3,P17301,19,19,7.735263157894737,1.1035919556966525
CHEMBL2111461,Integrin alpha-2/beta-3,P05106,19,19,7.735263157894737,1.1035919556966525
CHEMBL1275219,Glucosylceramidase,Q2KHZ8,19,14,4.611578947368422,0.40017028539103394
CHEMBL1932898,Syk protein,Q6P1E0,19,19,5.813157894736842,0.6411539304824542
CHEMBL1075044,Enoyl-[acyl-carrier-protein] reductase [NADH],P54616,19,19,5.46157894736842,0.5919577984009663
CHEMBL4446,Kallikrein 4,Q9Y5K2,19,19,7.815789473684211,1.5784497168969085
CHEMBL3301561,Lysine--tRNA ligase,Q8IDJ8,19,19,5.036842105263158,0.7570634248461394
CHEMBL2417349,Cell division protein FtsZ,A5Z1V5,19,19,5.3315789473684205,0.6429296069805494
CHEMBL4295974,Regulator of G-protein signaling 17,Q9UGC6,19,5,5.090000000000001,0.6889202501822046
CHEMBL1075213,PhzR,Q9RMS5,19,18,6.844736842105264,0.9024741819702141
CHEMBL2910,Dihydropteridine reductase,P11348,19,15,5.266315789473684,0.7719543058318918
CHEMBL1795182,Chloroquine resistance transporter,Q9N623,19,16,4.482105263157894,0.3253643931103919
CHEMBL4734,Holo-[acyl-carrieir-protein] synthase,P96618,19,19,5.597894736842105,0.6349416329025703
CHEMBL1075263,C-C chemokine receptor type 5,P61814,19,18,8.288421052631579,0.6134081762116275
CHEMBL2700,Melanocortin receptor 4,P70596,19,15,8.553157894736842,1.2125366094430987
CHEMBL4797,Peroxisome proliferator-activated receptor gamma,O88275,19,18,5.563157894736842,0.6002504350646666
CHEMBL3063,Beta-chymotrypsin,P00767,19,17,6.1889473684210525,1.4678021920046997
CHEMBL4659,Proteasome Macropain subunit PRE2,P30656,19,19,4.582631578947368,0.4336388936182727
CHEMBL1163129,Serine/threonine-protein kinase SBK1,Q52WX2,19,17,6.4389473684210525,0.7736773282106274
CHEMBL1163112,Cyclin-dependent kinase-like 5,O76039,19,18,6.780526315789473,1.3793173580684779
CHEMBL4213,Cell division protein FtsZ,P9WN95,19,19,4.577368421052632,0.2738986451887949
CHEMBL2366437,Nicotinic acetylcholine receptor alpha8 subunit,H6TY12,19,19,6.266842105263158,0.9960647716086369
CHEMBL5182,PROBABLE FATTY-ACID-CoA LIGASE FADD19 (FATTY-ACID-CoA SYNTHETASE) (FATTY-ACID-CoA SYNTHASE),P9WQ51,19,18,4.713157894736842,0.4219801552940472
CHEMBL4551,Trypsin III,P35030,19,19,7.248947368421052,1.1796322154564487
CHEMBL4255,Malate dehydrogenase,P10584,19,18,5.1557894736842105,0.7956291416194813
CHEMBL5557,Potassium voltage-gated channel subfamily H member 2,O08703,19,19,6.023684210526316,1.0178147098690074
CHEMBL2280,Lysosomal phospholipase A1,P70470,19,19,4.067368421052632,0.060630218470766564
CHEMBL2282,Glucose-6-phosphatase,P35575,19,19,5.501578947368421,0.8564089311245779
CHEMBL3947,Adenosine A1 receptor,P34970,19,18,8.066315789473684,0.674209088292973
CHEMBL2311240,Putative silent information regulator 2,A0A6L0XH39,19,18,5.095789473684211,0.3045819683411951
CHEMBL2609,NAALADase II,Q9Y3Q0,19,19,7.229473684210527,1.2845339564916596
CHEMBL4105885,Uncharacterized aarF domain-containing protein kinase 1,Q86TW2,19,19,6.2894736842105265,0.9086098886896188
CHEMBL4012,Dihydrofolate reductase,Q59487,19,19,7.156315789473684,0.36768359777147464
CHEMBL2278,Beta-glucocerebrosidase,P17439,19,19,5.918947368421052,0.925928331380891
CHEMBL2176852,"Thymidylate kinase, putative",Q8I4S1,19,19,4.448947368421052,0.2906485991487566
CHEMBL1914263,Sphingosine 1-phosphate receptor 1,P48303,19,14,9.325263157894737,0.6817817215131785
CHEMBL4535,GABA transporter 2,Q9NSD5,19,14,4.74578947368421,0.4472672056124552
CHEMBL3616360,Sphingosine 1-phosphate receptor 2,P47752,19,18,8.015263157894736,0.6779410693911758
CHEMBL4038,Sorbitol dehydrogenase,P27867,19,17,7.763684210526315,0.5622989569251083
CHEMBL3832646,"fructose-2,6-bisphosphatase 3/4",Q16875,19,18,5.393157894736842,0.3702709613179538
CHEMBL3832646,"fructose-2,6-bisphosphatase 3/4",Q16877,19,18,5.393157894736842,0.3702709613179538
CHEMBL3832957,Metallo beta-lactamase,Q6TUJ4,19,19,5.20578947368421,0.534865671500525
CHEMBL1293296,14-3-3 protein gamma,P61981,19,17,4.9926315789473685,0.47810786910792835
CHEMBL2380188,TCDD-inducible poly [ADP-ribose] polymerase,Q7Z3E1,19,17,8.148421052631578,1.634575252874563
CHEMBL1795136,Fatty acid synthase,P12276,19,15,4.580526315789474,0.36969166858959873
CHEMBL3421521,1-deoxy-D-xylulose 5-phosphate reductoisomerase,W8T2T2,19,19,5.767368421052631,1.2174784602487185
CHEMBL5169211,Energy-coupling factor transporter transmembrane protein EcfT,A0A510WMC0,19,19,4.8968421052631586,0.34263768735403516
CHEMBL3217398,Glucose-6-phosphate translocase,O43826,19,18,5.882631578947368,1.4838682260499754
CHEMBL2574,Dopamine D4 receptor,P51436,19,19,5.962631578947368,0.5851575486355329
CHEMBL3734641,Prolyl endopeptidase FAP,A5D7B7,19,19,4.573157894736842,0.366394635932032
CHEMBL2291,G protein-coupled receptor 44,Q9Z2J6,18,16,7.832777777777778,0.8436810489861087
CHEMBL2381,Arachidonate 12-lipoxygenase,P16469,18,17,6.192222222222222,0.9506317129124042
CHEMBL4113,Ecdysone receptor,O77240,18,18,5.496111111111111,0.6592610737778266
CHEMBL3681,Monoamine oxidase A,Q64133,18,17,5.461666666666667,1.753253278572018
CHEMBL5297,Protease,Q82323,18,18,6.986666666666667,0.14389538683689998
CHEMBL2363065,Mitochondrial complex I (NADH dehydrogenase),P56181,18,10,5.136666666666667,0.4570364897261226
CHEMBL2363065,Mitochondrial complex I (NADH dehydrogenase),P51970,18,10,5.136666666666667,0.4570364897261226
CHEMBL2363065,Mitochondrial complex I (NADH dehydrogenase),P49821,18,10,5.136666666666667,0.4570364897261226
CHEMBL2363065,Mitochondrial complex I (NADH dehydrogenase),P28331,18,10,5.136666666666667,0.4570364897261226
CHEMBL2363065,Mitochondrial complex I (NADH dehydrogenase),P19404,18,10,5.136666666666667,0.4570364897261226
CHEMBL2073677,Solute carrier family 22 member 11,Q9NSA0,18,14,5.164444444444444,0.6477855692980894
CHEMBL2363065,Mitochondrial complex I (NADH dehydrogenase),Q9NRX3,18,10,5.136666666666667,0.4570364897261226
CHEMBL2363065,Mitochondrial complex I (NADH dehydrogenase),Q9BU61,18,10,5.136666666666667,0.4570364897261226
CHEMBL2363065,Mitochondrial complex I (NADH dehydrogenase),Q8N183,18,10,5.136666666666667,0.4570364897261226
CHEMBL2363065,Mitochondrial complex I (NADH dehydrogenase),Q86Y39,18,10,5.136666666666667,0.4570364897261226
CHEMBL2363065,Mitochondrial complex I (NADH dehydrogenase),Q16795,18,10,5.136666666666667,0.4570364897261226
CHEMBL2363065,Mitochondrial complex I (NADH dehydrogenase),Q16718,18,10,5.136666666666667,0.4570364897261226
CHEMBL2363065,Mitochondrial complex I (NADH dehydrogenase),P56556,18,10,5.136666666666667,0.4570364897261226
CHEMBL2363065,Mitochondrial complex I (NADH dehydrogenase),O95182,18,10,5.136666666666667,0.4570364897261226
CHEMBL2363065,Mitochondrial complex I (NADH dehydrogenase),O95178,18,10,5.136666666666667,0.4570364897261226
CHEMBL2363065,Mitochondrial complex I (NADH dehydrogenase),O95169,18,10,5.136666666666667,0.4570364897261226
CHEMBL2363065,Mitochondrial complex I (NADH dehydrogenase),O95168,18,10,5.136666666666667,0.4570364897261226
CHEMBL2363065,Mitochondrial complex I (NADH dehydrogenase),O95167,18,10,5.136666666666667,0.4570364897261226
CHEMBL4466,Melatonin receptor 1B,P51050,18,15,8.047222222222222,1.0240163461215757
CHEMBL2366463,Photosystem Q(B) protein,P06402,18,18,4.916666666666667,0.4768154162529463
CHEMBL4524043,Mucolipin-1,Q9GZU1,18,16,5.145555555555556,0.45756673858732116
CHEMBL1914266,Islet amyloid polypeptide,P10997,18,18,5.539444444444444,0.3780829697647642
CHEMBL1914262,Sphingosine 1-phosphate receptor 1,O08530,18,16,8.524999999999999,1.0774220321183885
CHEMBL2594,Matrix metalloproteinase 12,P34960,18,18,7.741666666666666,0.4376172111896558
CHEMBL2643,"Nitric-oxide synthase, endothelial",P70313,18,18,4.391111111111111,0.33383491673877813
CHEMBL4105738,GIM-1 protein,Q704V1,18,18,4.755,0.7371427350009669
CHEMBL2363065,Mitochondrial complex I (NADH dehydrogenase),O95139,18,10,5.136666666666667,0.4570364897261226
CHEMBL2363065,Mitochondrial complex I (NADH dehydrogenase),Q9P0J0,18,10,5.136666666666667,0.4570364897261226
CHEMBL2363065,Mitochondrial complex I (NADH dehydrogenase),Q9P032,18,10,5.136666666666667,0.4570364897261226
CHEMBL2363065,Mitochondrial complex I (NADH dehydrogenase),P03923,18,10,5.136666666666667,0.4570364897261226
CHEMBL2363065,Mitochondrial complex I (NADH dehydrogenase),P03915,18,10,5.136666666666667,0.4570364897261226
CHEMBL2363065,Mitochondrial complex I (NADH dehydrogenase),P03905,18,10,5.136666666666667,0.4570364897261226
CHEMBL2363065,Mitochondrial complex I (NADH dehydrogenase),P03901,18,10,5.136666666666667,0.4570364897261226
CHEMBL2363065,Mitochondrial complex I (NADH dehydrogenase),P03897,18,10,5.136666666666667,0.4570364897261226
CHEMBL2363065,Mitochondrial complex I (NADH dehydrogenase),P03891,18,10,5.136666666666667,0.4570364897261226
CHEMBL2363065,Mitochondrial complex I (NADH dehydrogenase),P03886,18,10,5.136666666666667,0.4570364897261226
CHEMBL2363065,Mitochondrial complex I (NADH dehydrogenase),O96000,18,10,5.136666666666667,0.4570364897261226
CHEMBL2363065,Mitochondrial complex I (NADH dehydrogenase),O95299,18,10,5.136666666666667,0.4570364897261226
CHEMBL2363065,Mitochondrial complex I (NADH dehydrogenase),O95298,18,10,5.136666666666667,0.4570364897261226
CHEMBL2363065,Mitochondrial complex I (NADH dehydrogenase),O00483,18,10,5.136666666666667,0.4570364897261226
CHEMBL2363065,Mitochondrial complex I (NADH dehydrogenase),O00217,18,10,5.136666666666667,0.4570364897261226
CHEMBL3255,Activating transcription factor 1,P18846,18,18,6.017777777777777,0.5605622760759744
CHEMBL3611961,Mu opioid receptor-like OR2,Q98UH1,18,17,5.642777777777778,1.0314798367368951
CHEMBL2363065,Mitochondrial complex I (NADH dehydrogenase),Q9NX14,18,10,5.136666666666667,0.4570364897261226
CHEMBL4105787,Diacylglycerol kinase alpha,P23743,18,14,5.393888888888889,0.7466800156369755
CHEMBL2363065,Mitochondrial complex I (NADH dehydrogenase),P17568,18,10,5.136666666666667,0.4570364897261226
CHEMBL3285,Alcohol dehydrogenase gamma chain,P00326,18,18,4.843333333333333,0.6142044112700016
CHEMBL2363065,Mitochondrial complex I (NADH dehydrogenase),O75489,18,10,5.136666666666667,0.4570364897261226
CHEMBL2363065,Mitochondrial complex I (NADH dehydrogenase),O75438,18,10,5.136666666666667,0.4570364897261226
CHEMBL2363065,Mitochondrial complex I (NADH dehydrogenase),O75380,18,10,5.136666666666667,0.4570364897261226
CHEMBL2363065,Mitochondrial complex I (NADH dehydrogenase),O75306,18,10,5.136666666666667,0.4570364897261226
CHEMBL2363065,Mitochondrial complex I (NADH dehydrogenase),O75251,18,10,5.136666666666667,0.4570364897261226
CHEMBL2363065,Mitochondrial complex I (NADH dehydrogenase),O43920,18,10,5.136666666666667,0.4570364897261226
CHEMBL2363065,Mitochondrial complex I (NADH dehydrogenase),O43678,18,10,5.136666666666667,0.4570364897261226
CHEMBL2363065,Mitochondrial complex I (NADH dehydrogenase),O43677,18,10,5.136666666666667,0.4570364897261226
CHEMBL2363065,Mitochondrial complex I (NADH dehydrogenase),O43676,18,10,5.136666666666667,0.4570364897261226
CHEMBL2363065,Mitochondrial complex I (NADH dehydrogenase),O43674,18,10,5.136666666666667,0.4570364897261226
CHEMBL2363065,Mitochondrial complex I (NADH dehydrogenase),O43181,18,10,5.136666666666667,0.4570364897261226
CHEMBL2363065,Mitochondrial complex I (NADH dehydrogenase),O15239,18,10,5.136666666666667,0.4570364897261226
CHEMBL2363065,Mitochondrial complex I (NADH dehydrogenase),O14561,18,10,5.136666666666667,0.4570364897261226
CHEMBL2363065,Mitochondrial complex I (NADH dehydrogenase),Q9Y6M9,18,10,5.136666666666667,0.4570364897261226
CHEMBL2363065,Mitochondrial complex I (NADH dehydrogenase),Q9Y375,18,10,5.136666666666667,0.4570364897261226
CHEMBL2363065,Mitochondrial complex I (NADH dehydrogenase),Q9UI09,18,10,5.136666666666667,0.4570364897261226
CHEMBL3789,Glutamine synthetase,P0A9C5,18,6,5.443888888888889,0.6472306515762903
CHEMBL4650,Phosphodiesterase 2A,Q01062,18,17,4.987777777777778,1.3960261060914618
CHEMBL3988584,Dihydrolipoyllysine-residue acetyltransferase component of pyruvate dehydrogenase complex,P9WIS7,18,18,5.9383333333333335,0.3793221508396879
CHEMBL2937,Matrix metalloproteinase 17,Q9ULZ9,18,18,6.319444444444445,0.9349896018435472
CHEMBL4802007,Spike glycoprotein,P59594,18,17,5.248333333333333,0.5277282054462594
CHEMBL4523640,Gamma-aminobutyric acid receptor subunit alpha-4/beta-2/gamma-2,P48169,18,9,5.162222222222223,0.46167923108831815
CHEMBL4523640,Gamma-aminobutyric acid receptor subunit alpha-4/beta-2/gamma-2,P47870,18,9,5.162222222222223,0.46167923108831815
CHEMBL4523640,Gamma-aminobutyric acid receptor subunit alpha-4/beta-2/gamma-2,P18507,18,9,5.162222222222223,0.46167923108831815
CHEMBL4523517,NAD-dependent protein deacetylase,T1VXA1,18,17,4.911111111111111,0.46877674215657084
CHEMBL3883304,Aurora kinase A/Targeting protein for Xklp2,Q9ULW0,18,17,6.735555555555555,0.8458356273512792
CHEMBL3883304,Aurora kinase A/Targeting protein for Xklp2,O14965,18,17,6.735555555555555,0.8458356273512792
CHEMBL4889,GABA transporter 2,P31646,18,14,4.444444444444445,0.29219699684856487
CHEMBL3779762,Chromobox protein homolog 6,O95503,18,17,6.097222222222222,0.6838369736537708
CHEMBL1982,Isoleucyl-tRNA synthetase,P41972,18,18,6.6755555555555555,0.8180120970069288
CHEMBL1964,Voltage-gated potassium channel subunit Kv4.3,Q9UK17,18,18,4.725555555555555,0.576166052680508
CHEMBL2364683,Bacterial urease,Q03284,18,18,4.591666666666667,0.42484945430532167
CHEMBL2364683,Bacterial urease,Q03283,18,18,4.591666666666667,0.42484945430532167
CHEMBL2927,Cytochrome P450 11B1,P15150,18,16,5.661666666666666,0.7254795574206723
CHEMBL292,GABA receptor alpha-4 subunit,P28471,18,18,6.571111111111112,0.8294568661542665
CHEMBL3347255,G-protein coupled receptor family C group 6 member A,Q8K4Z6,18,9,4.640555555555555,0.4294383777230883
CHEMBL1075225,Tyrosine-protein kinase JAK2,Q62689,18,9,6.141111111111112,0.24354946082732568
CHEMBL4523368,Prolyl 4-hydroxylase,Q84406,18,12,5.167222222222223,0.614671653673785
CHEMBL4296111,GRIA1/CACNG2,P42261,18,17,8.45,1.4825455056997707
CHEMBL1741170,"Citrate synthase, peroxisomal",P08679,18,18,5.387777777777778,0.3359018686454083
CHEMBL5095,Wee1-like protein kinase 2,P0C1S8,18,15,6.643888888888889,1.1438898491236402
CHEMBL2311236,High mobility group protein B1,P09429,18,13,5.879444444444444,1.3597684587597656
CHEMBL3414410,Vasopressin V1a receptor,Q62463,18,18,6.359444444444445,1.0019009709325348
CHEMBL4296170,Envelope phospholipase F13 (p37),P04021,18,18,5.716666666666667,1.0025790272503972
CHEMBL4296111,GRIA1/CACNG2,Q9Y698,18,17,8.45,1.4825455056997707
CHEMBL3404,6-phosphogluconate dehydrogenase,P52209,18,12,5.9561111111111105,1.0089198585842936
CHEMBL2364683,Bacterial urease,Q03282,18,18,4.591666666666667,0.42484945430532167
CHEMBL5856,Serine/threonine-protein kinase PFTAIRE-2,Q96Q40,18,16,6.1883333333333335,0.8295657971280556
CHEMBL3111,Ribosomal protein S6 kinase 2,Q9UBS0,18,17,5.951666666666666,1.2839655941881094
CHEMBL1075092,Glycine receptor subunit alpha-3,O75311,18,13,5.797222222222222,1.2208859153502647
CHEMBL6177,NAD kinase,O95544,18,12,4.6883333333333335,0.6698660972427949
CHEMBL5549,Tubulin--tyrosine ligase,Q8NG68,17,17,6.246470588235294,0.8740204601185733
CHEMBL3549,Adenylate cyclase type I,P19754,17,17,7.301764705882353,0.4511961227409548
CHEMBL5546,Myosin IIIA,Q8NEV4,17,12,6.3358823529411765,0.7818812155910371
CHEMBL5566,"1-phosphatidylinositol-4,5-bisphosphate phosphodiesterase gamma-1",P08487,17,11,4.564705882352941,0.525881612711678
CHEMBL4300,S-100 protein beta chain,P04271,17,13,5.072941176470588,0.4888988226857672
CHEMBL2757,rRNA adenine N-6-methyltransferase,P21236,17,16,4.837058823529412,0.5030626788219629
CHEMBL2805,Retinoid X receptor beta,P49743,17,17,8.102941176470589,0.490927243920654
CHEMBL1075290,Glucagon-like peptide 1 receptor,O35659,17,17,8.750588235294117,1.091904703878933
CHEMBL2541,Methylenetetrahydrofolate dehydrogenase,P11586,17,17,5.289411764705882,0.6474707579133909
CHEMBL2519,Neutral alpha-glucosidase AB,Q14697,17,5,5.152352941176471,1.2332098838588097
CHEMBL4277,Retinoid X receptor gamma,Q5BJR8,17,17,7.877647058823529,0.5228351725420345
CHEMBL4056,Alpha-mannosidase 2A1,Q16706,17,17,4.665294117647059,0.4057726833933443
CHEMBL3707,Beta-2 adrenergic receptor,P18762,17,17,5.077058823529412,0.8523113039397809
CHEMBL3277,Uracil-DNA glycosylase,P13051,17,17,4.107647058823529,1.0538413626571406
CHEMBL4049,Aldehyde reductase,P50578,17,14,5.751176470588235,1.3129017592385825
CHEMBL2597,Tubulin beta-3 chain,Q13509,17,13,7.784117647058823,0.6163101778277862
CHEMBL2406893,Major prion protein,P23907,17,17,6.370588235294117,0.5130603106389554
CHEMBL2603,Adenosine A3 receptor,O02667,17,17,5.691764705882353,0.2588492634265561
CHEMBL5021,CDK-interacting protein 1,P38936,17,13,5.681176470588235,0.6074627802686882
CHEMBL4523271,Adenosine kinase,P9WID5,17,17,7.0329411764705885,1.039619910747928
CHEMBL4523198,Interleukin-5 receptor subunit alpha,P21183,17,17,4.801176470588236,0.2740639148296702
CHEMBL2095,FK506-binding protein 1A,Q62658,17,17,6.248823529411764,0.8504108003851811
CHEMBL2855,Protein kinase C alpha,P05696,17,15,6.673529411764706,1.7120855015757486
CHEMBL3414409,Macrophage-expressed gene 1 protein,Q2M385,17,16,5.662352941176471,0.51369408955823
CHEMBL4295606,Genome polyprotein,Q66478,17,17,7.003529411764706,1.304578194170776
CHEMBL3112385,Choline/ethanolamine kinase,Q9Y259,17,17,5.048235294117647,0.39110796613783055
CHEMBL3832645,ORAI1/STIM1,P84903,17,17,6.1499999999999995,0.32815773646220797
CHEMBL3632453,X-box-binding protein 1,Q9R1S4,17,16,6.798823529411765,0.5037966151253547
CHEMBL5953,RAS guanyl-releasing protein 1,O95267,17,13,7.561176470588235,1.4463137728071884
CHEMBL2469,Uridine-cytidine kinase 2,Q9BZX2,17,7,4.888235294117647,0.5248956478924839
CHEMBL4463,Platelet-activating factor acetylhydrolase IB beta subunit,P68402,17,10,5.162941176470588,0.6800162195297472
CHEMBL1944492,Proteasome subunit beta type-8,P28063,17,17,6.811176470588236,0.5863113758164383
CHEMBL3879846,Thioredoxin reductase,C4LW95,17,17,5.539411764705882,0.512450858476148
CHEMBL2660,Alkaline phosphatase tissue-nonspecific,P09242,17,17,5.077647058823529,0.5721290218535141
CHEMBL3986,GABA receptor subunit,Q75NA5,17,17,7.026470588235294,0.6979966079472606
CHEMBL3876,Nuclear factor of activated T-cells cytoplasmic 1,O95644,17,17,5.211176470588235,0.5021812714665538
CHEMBL3421523,Aldose reductase-related protein 1,Q5RJP0,17,17,5.16,0.8224354077980834
CHEMBL3562175,Protein arginine N-methyltransferase 7,Q9NVM4,17,16,5.5194117647058825,0.9598663356702017
CHEMBL4205,Voltage-gated potassium channel subunit Kv1.4,P22459,17,16,5.485294117647059,0.7151933099437071
CHEMBL5505,Calcium-activated potassium channel subunit alpha-1,Q62976,17,15,5.050588235294118,0.7534874798912993
CHEMBL3885523,MCL1-BAK1 complex,Q07820,17,13,5.537058823529412,0.9281282555894573
CHEMBL3885523,MCL1-BAK1 complex,Q16611,17,13,5.537058823529412,0.9281282555894573
CHEMBL2847,Peroxisome proliferator-activated receptor alpha,Q95N78,17,17,7.607647058823528,0.9986649176010233
CHEMBL2892,Metabotropic glutamate receptor 1,P97772,17,17,7.389411764705883,0.9298216938493861
CHEMBL3124733,Glucokinase regulatory protein,Q07071,17,17,6.71235294117647,1.1289294121631606
CHEMBL3108641,Transcription initiation factor TFIID subunit 1-like,Q8IZX4,17,13,6.2047058823529415,1.0198230094424403
CHEMBL3832645,ORAI1/STIM1,Q5M848,17,17,6.1499999999999995,0.32815773646220797
CHEMBL5833,"Farnesyl synthetase, putative",Q964Q8,17,15,5.421764705882353,0.7085657634803352
CHEMBL3311,LDL receptor,P01130,17,17,5.735882352941177,0.3253470997167758
CHEMBL4680034,5'-nucleotidase,Q61503,17,14,6.694117647058824,1.926574222627853
CHEMBL4290,Trypsin II,P00763,17,17,6.925294117647059,0.5310851820454372
CHEMBL3334415,Transcriptional coactivator YAP1,P46937,17,17,5.908823529411765,0.4079197585454334
CHEMBL4109,Glutamate [NMDA] receptor subunit epsilon 3,Q14957,17,17,4.9276470588235295,0.5506193037363101
CHEMBL4665,Thymidylate synthase,P0CS13,17,17,5.298823529411765,0.4774133737252914
CHEMBL3730,Dihydropteridine reductase,P09417,17,15,5.353529411764706,0.649191238931859
CHEMBL5761,"Phospholipase A2, membrane associated",P31482,17,16,7.196470588235294,0.310220509808559
CHEMBL5750,Histone acetyltransferase KAT5,Q92993,17,13,4.659411764705882,0.5870846466677027
CHEMBL1795189,Fatty acid synthase,P19096,16,16,4.785625,0.4009317273551694
CHEMBL3259506,Neuropathy target esterase,Q3TRM4,16,16,6.0025,0.5543224091928208
CHEMBL1075251,Geranylgeranyl pyrophosphate synthase,Q12051,16,8,7.02375,0.47400246131569096
CHEMBL1872,Human herpesvirus 1 DNA polymerase,P04293,16,16,4.909375,1.0001964390391853
CHEMBL1869,Ornithine decarboxylase,P11926,16,16,5.294375,0.5792635410588174
CHEMBL2111370,GABA A receptor alpha-6/beta-2/gamma-2,Q16445,16,13,7.498749999999999,0.780007478596626
CHEMBL2331049,Vascular endothelial growth factor receptor 2,Q5GIT4,16,16,4.834375,0.7040925010252557
CHEMBL3452,Vitamin D receptor,Q28037,16,14,8.911875,1.1549154009421352
CHEMBL3885611,Neuronal acetylcholine receptor subunit alpha-6/beta-2,Q9R0W9,16,12,6.871875,0.8981181715119674
CHEMBL2111370,GABA A receptor alpha-6/beta-2/gamma-2,P47870,16,13,7.498749999999999,0.780007478596626
CHEMBL4523953,Inosine-5'-monophosphate dehydrogenase,Q9HXM5,16,16,5.160625,0.4814626153711208
CHEMBL1909486,Protein-arginine deiminase type-1,Q9ULC6,16,14,5.264375,0.9005699584152247
CHEMBL2109236,Neuronal acetylcholine receptor; alpha2/beta2,P17787,16,15,7.711875,1.581346340938632
CHEMBL3651,Group VII phospholipase A2,Q6UB75,16,15,6.56375,0.9487737700140463
CHEMBL4105743,General transcription and DNA repair factor IIH helicase subunit XPD,P18074,16,16,6.333125,0.9319851125420405
CHEMBL4754,Glutamyl-tRNA(Gln) amidotransferase subunit C,P68890,16,10,5.460625,1.0155817298474799
CHEMBL6099,Aryl hydrocarbon receptor,P30561,16,12,7.185,1.697024847588665
CHEMBL4105737,Bromodomain adjacent to zinc finger domain protein 1A,Q9NRL2,16,16,5.198125,0.582891856751033
CHEMBL4981,Cytochrome P450 51,Q64654,16,10,6.364375,0.9560960115664815
CHEMBL4023,Melanocortin receptor 3,P32244,16,15,7.50875,1.4000089285429576
CHEMBL4879493,Mucolipin-2,Q8IZK6,16,15,5.289375,0.38570228155923586
CHEMBL2176775,ATPase family AAA domain-containing protein 2B,Q9ULI0,16,15,5.84625,1.5999453115653668
CHEMBL1075313,Hemagglutinin,P03452,16,15,5.899375,1.4205138448228274
CHEMBL2111370,GABA A receptor alpha-6/beta-2/gamma-2,P18507,16,13,7.498749999999999,0.780007478596626
CHEMBL5019,Flavin reductase,P30043,16,8,6.288125,0.5244707649939443
CHEMBL3638336,5-hydroxytryptamine 1D receptor,Q8MI13,16,16,6.663125,0.48424124497334314
CHEMBL1075321,Glycogen synthase kinase-3 beta,Q9WV60,16,12,7.189375,0.718150111977526
CHEMBL2109236,Neuronal acetylcholine receptor; alpha2/beta2,Q15822,16,15,7.711875,1.581346340938632
CHEMBL4944,Matrix metalloproteinase 13,P23097,16,14,8.456249999999999,0.9571058805935043
CHEMBL4316,Sodium/glucose cotransporter 2,P53792,16,14,6.664375,1.6304435746139756
CHEMBL1075205,Exoenzyme S synthesis regulatory protein exsA,P26993,16,16,5.23125,0.2874920288750051
CHEMBL6088,Cell division control protein 42 homolog,P60953,16,15,5.739375,1.151100741319658
CHEMBL3137275,Nicotinic acetylcholine receptor alpha6/alpha3/beta2/beta3,P12391,16,16,7.42125,1.1528334658570598
CHEMBL3885611,Neuronal acetylcholine receptor subunit alpha-6/beta-2,Q9ERK7,16,12,6.871875,0.8981181715119674
CHEMBL3137275,Nicotinic acetylcholine receptor alpha6/alpha3/beta2/beta3,P12390,16,16,7.42125,1.1528334658570598
CHEMBL4295605,Inosine-5'-monophosphate dehydrogenase,Q5KP44,16,16,6.36,0.32261432082286734
CHEMBL3137275,Nicotinic acetylcholine receptor alpha6/alpha3/beta2/beta3,P04757,16,16,7.42125,1.1528334658570598
CHEMBL4295843,Dihydroorotate dehydrogenase (fumarate),Q4QEW7,16,9,4.279375,0.25748705469078126
CHEMBL4873,Chymotrypsin-like protease CTRL-1,P40313,16,14,6.41625,1.5051151672435794
CHEMBL2241,Glutathione S-transferase A2,P09210,16,16,4.6375,1.051896699617727
CHEMBL4105785,Oxysterols receptor LXR-beta,Q62755,16,15,6.315,0.5305343218554919
CHEMBL2364166,ATP synthase,P9WPU5,16,16,7.136875,0.75766059903715
CHEMBL3137275,Nicotinic acetylcholine receptor alpha6/alpha3/beta2/beta3,P43143,16,16,7.42125,1.1528334658570598
CHEMBL2242744,Acetylcholinesterase,P07140,16,16,5.33875,0.44959055446780305
CHEMBL4802066,Biotinidase,P43251,16,16,5.2975,0.7899324865666258
CHEMBL2237,Adenosine A2b receptor,Q60614,16,14,7.4325,1.6590539472844152
CHEMBL4295736,Peptidyl-prolyl cis-trans isomerase FKBP1A,P26883,16,16,7.595625,0.938885642663685
CHEMBL2364166,ATP synthase,P9WPU7,16,16,7.136875,0.75766059903715
CHEMBL4514,Casein kinase II alpha,P28523,16,16,8.239375,0.7624387953578083
CHEMBL5271,NH(3)-dependent NAD(+) synthetase,Q81RP3,16,16,4.22,0.2570084304713241
CHEMBL2364166,ATP synthase,P9WPU9,16,16,7.136875,0.75766059903715
CHEMBL4295564,Genome polyprotein,P03303,16,16,7.17625,1.3877409700661003
CHEMBL3365,Neuronal acetylcholine receptor protein alpha-7 subunit,P49582,16,15,6.67375,1.2114777477664758
CHEMBL3351207,DNA damage-inducible transcript 3 protein,P35638,16,16,5.8625,0.47716524042166625
CHEMBL2375202,Lymphocyte antigen 96,Q9Y6Y9,16,15,4.866875,0.6206203213989477
CHEMBL5303741,Gamma-aminobutyric acid receptor subunit alpha-1/alpha-2/beta-2/gamma-2,P47870,16,16,4.97875,0.38696899100573945
CHEMBL5303741,Gamma-aminobutyric acid receptor subunit alpha-1/alpha-2/beta-2/gamma-2,P47869,16,16,4.97875,0.38696899100573945
CHEMBL3407326,Pantothenate kinase 1,Q8TE04,16,15,5.89,0.7905188169803423
CHEMBL4350,Histidinol dehydrogenase,P24226,16,12,7.061875,0.9574982593543796
CHEMBL5272,Glycogen debranching enzyme,P35573,16,15,4.865625,0.3519842562767072
CHEMBL6195,Ubiquitin carboxyl-terminal hydrolase isozyme L3,P15374,16,14,4.963125,0.9446743265979726
CHEMBL3713687,Cytochrome P450 26B1,Q9NR63,16,16,6.0325,1.1132924144177034
CHEMBL2849,Peptide N-myristoyltransferase 2,O60551,16,16,5.698125,1.2315422242050815
CHEMBL5303741,Gamma-aminobutyric acid receptor subunit alpha-1/alpha-2/beta-2/gamma-2,P14867,16,16,4.97875,0.38696899100573945
CHEMBL2111362,Integrin alpha-M/beta-2,P05107,16,14,5.0325,0.7664854858377947
CHEMBL4378,Phospholipase A2 group 1B,Q9Z0Y2,16,15,6.3825,0.5057865162299209
CHEMBL3988593,S-methyl-5'-thioinosine phosphorylase,Q9HZK1,16,10,9.5525,0.7117911678762717
CHEMBL2111362,Integrin alpha-M/beta-2,P11215,16,14,5.0325,0.7664854858377947
CHEMBL4523102,Cytochrome P450,A0A0T9WNE5,16,16,5.328125,0.7874788356944372
CHEMBL2429709,Poly [ADP-ribose] polymerase 12,Q9H0J9,16,11,5.431875,0.9197696722549619
CHEMBL3558,Gamma-hydroxybutyrate receptor,Q6RY99,16,12,5.760625,1.4618366016761246
CHEMBL2154,Group IIE secretory phospholipase A2,Q9NZK7,16,15,7.335625,0.7130681944947483
CHEMBL4910,DNA polymerase III polC-type,P0C1P9,16,16,5.124375,0.3861427844722727
CHEMBL2364166,ATP synthase,P9WPS1,16,16,7.136875,0.75766059903715
CHEMBL2042,"1,3-beta-glucan synthase",F5BCZ9,16,16,7.888125,0.6794823397263536
CHEMBL4707,Matrix metalloproteinase 26,Q9NRE1,16,14,6.10375,0.9728232110717754
CHEMBL1250404,Cytochrome c oxidase subunit 2,O78750,16,13,7.14125,0.5158795078956583
CHEMBL1293191,Transcriptional regulator ERG,P11308,16,16,5.085,0.3850714219466306
CHEMBL5365,DNA polymerase kappa,Q9UBT6,16,11,4.8075,0.477695858610197
CHEMBL5116,Putative uncharacterized serine/threonine-protein kinase SgK110,P0C264,16,14,6.256875,0.7178645995822146
CHEMBL5303741,Gamma-aminobutyric acid receptor subunit alpha-1/alpha-2/beta-2/gamma-2,P18507,16,16,4.97875,0.38696899100573945
CHEMBL3108634,Clathrin heavy chain 1,Q00610,16,16,4.501875,0.4586097651235379
CHEMBL2364166,ATP synthase,P9WPV7,16,16,7.136875,0.75766059903715
CHEMBL2364166,ATP synthase,P9WPV1,16,16,7.136875,0.75766059903715
CHEMBL2364166,ATP synthase,P9WPV5,16,16,7.136875,0.75766059903715
CHEMBL2364166,ATP synthase,P9WPV3,16,16,7.136875,0.75766059903715
CHEMBL1741219,Short transient receptor potential channel 4,Q9QUQ5,16,14,5.270625,0.3889896099726399
CHEMBL5722,Ectonucleoside triphosphate diphosphohydrolase 1,P49961,16,12,5.34125,0.8305249344039383
CHEMBL4621,DNA polymerase III subunit alpha,P10443,16,16,4.45375,0.24899464519007905
CHEMBL1293320,Protein phosphatase methylesterase 1,Q9Y570,16,13,5.594375,0.8061593618303183
CHEMBL4680039,Myosin-2,Q9BE41,16,16,4.87625,0.5501378615098826
CHEMBL4711,Atrial natriuretic peptide receptor C,P70180,16,13,7.990625,1.9518690828707412
CHEMBL4295607,Acetylcholinesterase,Q6A2E2,16,16,5.690625,0.9080342779873454
CHEMBL4523444,Phosphatidylcholine:ceramide cholinephosphotransferase 2,Q9D4B1,16,16,7.0181249999999995,1.0020926021747358
CHEMBL6150,Serine/threonine-protein kinase 32A,Q8WU08,15,15,5.986666666666666,0.817449576135317
CHEMBL4424,Lysophosphatidic acid receptor Edg-7,Q8K5E0,15,11,6.54,0.49107753242959784
CHEMBL4313,Aminoglycoside acetyltransferase,Q70E71,15,15,7.6080000000000005,1.0057989006612746
CHEMBL3885588,Histone acetyltransferase p300/Hypoxia-inducible factor 1-alpha,Q16665,15,13,5.320666666666667,0.9172977913934153
CHEMBL4265,CG8425-PA [Drosophila melanogaster],A1ZA98,15,15,6.342,1.5377125869290398
CHEMBL4452,Protein-tyrosine phosphatase 1,P25044,15,15,4.750666666666667,0.47172126555938976
CHEMBL1075169,Protein tyrosine phosphatase type IVA 1,Q93096,15,12,5.325333333333333,1.2287384161155275
CHEMBL2266,Gamma-amino-N-butyrate transaminase,P80147,15,10,4.994,0.735282258727898
CHEMBL2331041,Potassium channel subfamily K member 10,P57789,15,12,4.931333333333333,0.3281738795792487
CHEMBL4523197,B-cell lymphoma 3 protein,P20749,15,8,6.417333333333334,0.9794420180218257
CHEMBL4167,Phospholipase A2 group V,P97391,15,14,6.532,0.7555527777726715
CHEMBL2098,TAR RNA binding protein 2,Q15633,15,13,5.895333333333334,1.1206367237721004
CHEMBL3988594,Dihydrofolate reductase,J7IFZ2,15,15,7.358666666666666,0.4753024100006026
CHEMBL3988622,Biliverdin-producing heme oxygenase,Q9AH50,15,15,4.732,0.16725515153287718
CHEMBL4022,Thymidine kinase,P27158,15,11,4.896,0.51234475000447
CHEMBL2933,Potassium-transporting ATPase alpha chain 2,P54707,15,15,6.245333333333333,1.0206361228361922
CHEMBL1795174,Mitogen-activated protein kinase 8,Q91Y86,15,15,5.933333333333334,0.6333771914638751
CHEMBL3286066,"Solute carrier family 2, facilitated glucose transporter member 4",P19357,15,15,6.271333333333333,1.032015134625088
CHEMBL1781858,Casein kinase I isoform alpha,O19175,15,15,5.609999999999999,0.6274551776820395
CHEMBL3885588,Histone acetyltransferase p300/Hypoxia-inducible factor 1-alpha,Q09472,15,13,5.320666666666667,0.9172977913934153
CHEMBL3883329,Neuronal acetylcholine receptor subunit alpha-6/beta-3,P43143,15,13,6.376,1.3296497927757414
CHEMBL4105981,Mono [ADP-ribose] polymerase PARP16,Q8N5Y8,15,11,5.7219999999999995,0.5802856439473829
CHEMBL5367,DNA polymerase lambda,Q9UGP5,15,15,5.015333333333333,0.3823959553482058
CHEMBL2591,Glutamate [NMDA] receptor subunit epsilon 4,O15399,15,14,5.101333333333333,0.5856481960390636
CHEMBL4105870,Vitamin K epoxide reductase complex subunit 1,Q6TEK4,15,15,6.906000000000001,0.8536208592979505
CHEMBL5976,Heat shock protein beta-1,P04792,15,15,5.698666666666667,1.566296207466458
CHEMBL6011,Cytochrome c oxidase subunit 1,O78749,15,13,4.656666666666666,0.3392568910062671
CHEMBL4192,Beta-glucosidase,Q43014,15,12,4.605333333333333,0.7213763300274062
CHEMBL4105808,STE20/SPS1-related proline-alanine-rich protein kinase,O88506,15,15,4.896,0.4558320492712831
CHEMBL3259467,RuvB-like 1,Q9Y265,15,15,4.760666666666666,0.26355987844095236
CHEMBL3232699,Arginase-1,P07824,15,8,5.429333333333333,0.6319410762163855
CHEMBL3232692,CD44 antigen,P16070,15,10,3.4979999999999998,1.2016369786967398
CHEMBL4281,Group IID secretory phospholipase A2,Q9UNK4,15,15,6.5280000000000005,0.8293215816040754
CHEMBL1169593,Beta-lactamase,P26918,15,15,5.426666666666667,0.7517946781503828
CHEMBL2662,Kynurenine/alpha-aminoadipate aminotransferase,Q64602,15,13,5.939333333333334,0.8838912882950083
CHEMBL4523126,Calpain-9,O14815,15,15,4.950666666666667,0.638787541996182
CHEMBL3638325,DGAT1 protein,Q9BRH5,15,15,6.655333333333333,0.9793501246575034
CHEMBL1926491,Macrophage migration inhibitory factor,P34884,15,15,5.118666666666667,0.3604137833630882
CHEMBL5169213,Collagenase ColQ1,B9J3S4,15,13,5.331333333333333,0.6824940257893067
CHEMBL2331066,Beta-secretase 2,Q6IE75,15,12,7.9159999999999995,1.3238083590265515
CHEMBL5212,Membrane-associated guanylate kinase-related 3,Q5TCQ9,15,14,5.258,0.8465914852259872
CHEMBL4295710,Ribonuclease P protein component,P0A0H5,15,15,4.338666666666667,0.21862775495827438
CHEMBL2890,Folylpoly-gamma-glutamate synthetase,P48760,15,14,5.629333333333333,0.9442114371766728
CHEMBL2396504,Envelope glycoprotein gp160,P19550,15,15,8.664,1.1553218475509637
CHEMBL5206,Lysozyme,P00720,15,12,4.390666666666666,0.419310090960082
CHEMBL5169174,Glucose-induced degradation protein 4 homolog,Q8IVV7,15,13,5.106,1.097489342610149
CHEMBL5169133,Atrial natriuretic peptide receptor 3,P41740,15,8,5.492,0.6878143437211615
CHEMBL1293279,Thioredoxin peroxidase,O97161,15,15,5.867999999999999,1.0476449780340666
CHEMBL5824,Gag polyprotein,P03373,15,15,5.547333333333333,0.3557982306762935
CHEMBL1293200,Zn finger protein,Q43570,15,15,7.203333333333333,1.271291057303933
CHEMBL4703,"Serine/threonine protein phosphatase 2A, catalytic subunit, alpha isoform",P67775,15,14,6.697333333333334,1.1663953425996245
CHEMBL1287611,Equilibrative nucleoside transporter 1,Q9JIM1,15,15,7.225333333333333,0.5451325745261639
CHEMBL1163117,Cyclin-dependent kinase-like 3,Q8IVW4,15,10,6.3133333333333335,0.9293674243935012
CHEMBL3883329,Neuronal acetylcholine receptor subunit alpha-6/beta-3,P12391,15,13,6.376,1.3296497927757414
CHEMBL5656,Sn1-specific diacylglycerol lipase beta,Q91WC9,15,9,7.04,1.1350267460662389
CHEMBL5643,DnaC helicase,Q9AQH7,15,15,4.986000000000001,0.5880330408598291
CHEMBL1958,3-beta-hydroxysteroid dehydrogenase/delta 5-->4-isomerase type I,P14060,15,15,6.921333333333333,0.9093315179426094
CHEMBL5688,Orotidine 5'-phosphate decarboxylase,O26232,15,13,5.316,0.7700352496569789
CHEMBL1667666,Sucrase-isomaltase,B5THE3,15,14,5.8933333333333335,0.5202563470700445
CHEMBL1681617,Endothelin receptor ET-B,P48302,15,14,6.541333333333333,0.9741506679202778
CHEMBL3957,Phospho-N-acetylmuramoyl-pentapeptide-transferase,P0A6W3,15,14,5.732666666666666,1.1810495735734787
CHEMBL3351195,DNA (cytosine-5)-methyltransferase 1,P13864,15,13,5.069333333333333,0.6868714442691446
CHEMBL5676,Ecdysone receptor,P34021,15,15,5.994666666666666,1.4494327297585217
CHEMBL4295560,Phospho-N-acetylmuramoyl-pentapeptide-transferase,O66465,15,15,5.114000000000001,1.78794295211005
CHEMBL1075058,Chemoattractant receptor-homologous molecule expressed on Th2 cells,Q56D28,15,15,6.980666666666666,0.7114519024669265
CHEMBL4523386,G-protein coupled receptor 84,Q8CIM5,15,8,6.739999999999999,0.7175653280364094
CHEMBL4523390,Plasmepsin X,Q8IAS0,15,14,8.749333333333334,1.017380857655485
CHEMBL2232,Subtilisin/kexin type 7,Q16549,15,15,6.487333333333334,1.2627264530523208
CHEMBL4523221,Biotin carboxylase,P37798,15,15,6.944,0.3603926430198838
CHEMBL4105721,Nuclear receptor ROR-beta,P45446,15,15,4.906000000000001,0.13993876211706724
CHEMBL2214,Matrix metalloproteinase 9,P41245,15,13,5.214666666666667,1.8108122355398848
CHEMBL4810,Terminal deoxynucleotidyltransferase,P04053,15,12,5.350666666666667,0.809298343952222
CHEMBL1075155,Serine/threonine-protein kinase 38,Q15208,14,10,6.657857142857144,1.063854953758905
CHEMBL1075159,Beta-lactamase,Q8RLA6,14,14,5.042857142857143,0.6283118844776252
CHEMBL6121,Disintegrin and metalloproteinase domain-containing protein 33,Q9BZ11,14,12,6.786428571428572,0.6703799972100456
CHEMBL4830,Growth factor receptor-bound protein 2,Q60631,14,13,5.7457142857142856,0.3688175343260854
CHEMBL4802002,Polyamine deacetylase HDAC10,F1QCV2,14,14,7.257142857142857,0.4390098749796757
CHEMBL4565,DNA polymerase beta,Q8K409,14,14,4.726428571428571,0.27575371237774815
CHEMBL2987,tRNA-guanine transglycosylase,P28720,14,14,5.372857142857143,0.9344552388459243
CHEMBL1075125,Cytochrome P450 1A2,P04799,14,13,5.6935714285714285,1.3017775252610273
CHEMBL6125,Histidine kinase,Q9C5U1,14,14,4.991428571428571,0.5702072112278688
CHEMBL6128,Toll-like receptor 9,Q9EQU3,14,13,6.046428571428572,0.49957839367667967
CHEMBL2036,Tetanus toxin,P04958,14,14,4.747857142857143,0.614731693460696
CHEMBL5276,3-dehydroquinate dehydratase,P15474,14,14,6.091428571428572,1.541856309492191
CHEMBL4523639,Gamma-aminobutyric acid receptor subunit alpha-4/beta-1/delta,P18505,14,10,6.345,0.5160761720759981
CHEMBL4523639,Gamma-aminobutyric acid receptor subunit alpha-4/beta-1/delta,P48169,14,10,6.345,0.5160761720759981
CHEMBL3120,Asparagine synthetase,P08243,14,3,6.440714285714286,1.1567890857935117
CHEMBL2420,Carbonic anhydrase-related protein 2,O75493,14,14,8.062857142857142,0.5273362461309832
CHEMBL4199,Heat shock protein HSP 90 (HSC82),P15108,14,14,5.83,0.8105268941582667
CHEMBL4201,Group IIE secretory phospholipase A2,Q9QUL3,14,13,7.035000000000001,0.6378057336259637
CHEMBL5671,Protein delta homolog 1,P80370,14,11,7.515000000000001,1.1254657155698153
CHEMBL1671609,ERO1-like protein alpha,Q96HE7,14,13,4.701428571428571,0.3980888409321784
CHEMBL5707,Solute carrier family 28 member 3,Q9HAS3,14,12,4.877142857142857,0.5315786152356251
CHEMBL5765,Peptide deformylase,P9WIJ3,14,14,7.454285714285715,0.5802083748462772
CHEMBL5726,Elongation of very long chain fatty acids protein 6,Q920L5,14,8,7.404285714285714,0.47517954963950676
CHEMBL2037,"Beta-1,3-glucan synthase",O13383,14,14,6.099285714285714,1.9690781298157463
CHEMBL3351220,Ribosomal protein S6 kinase alpha-2,Q9WUT3,14,14,5.13,0.38817125483080683
CHEMBL4523639,Gamma-aminobutyric acid receptor subunit alpha-4/beta-1/delta,O14764,14,10,6.345,0.5160761720759981
CHEMBL5647,Gonadotropin-releasing hormone receptor,Q8SPZ1,14,10,8.412142857142857,0.45453574914713574
CHEMBL1681616,Accessory gene regulator protein A,P0A0I7,14,14,5.311428571428571,0.9752227133631277
CHEMBL5280,Alpha-glucosidase,Q9LGC6,14,13,6.055,0.9926014770831706
CHEMBL2016431,NEDD8-activating enzyme E1 regulatory subunit,Q13564,14,12,6.155714285714287,1.4513055888019974
CHEMBL5291,Cathepsin L1,P06797,14,14,7.187857142857142,0.9832378112168965
CHEMBL1949492,Legumain,O89017,14,14,7.4678571428571425,0.7560034449598813
CHEMBL1628477,"Amiloride-sensitive cation channel 2, neuronal",P78348,14,13,5.932857142857143,0.6567803586896
CHEMBL1615384,Solute carrier family 12 member 5,Q9H2X9,14,11,6.1850000000000005,0.5293065129160844
CHEMBL1293301,Nuclear receptor coactivator 3,Q05BA5,14,14,5.024285714285715,0.41869236523167763
CHEMBL1293308,Likely tRNA 2'-phosphotransferase,Q5A7N4,14,14,5.475714285714285,0.6763785272226729
CHEMBL4630810,Thrombospondin-1,P07996,14,14,8.407142857142857,0.45489523005816435
CHEMBL5169215,Venus kinase receptor 2,D5JEH1,14,11,5.104285714285714,0.6062966306978823
CHEMBL4523350,NAD(+) hydrolase SARM1,Q6SZW1,14,10,5.070714285714286,0.8158097844446368
CHEMBL2417346,Oxysterols receptor LXR-beta,Q60644,14,14,6.715714285714285,0.6831343407211551
CHEMBL3309047,Free fatty acid receptor 2,Q8VCK6,14,13,6.659999999999999,0.5761410083811614
CHEMBL4295527,G_PROTEIN_RECEP_F1_2 domain-containing protein,A0A286XTF2,14,14,7.972857142857143,0.8739690944318206
CHEMBL2105,Polyamine oxidase,Q6QHF9,14,14,5.953571428571428,0.9611740188464806
CHEMBL3848,Receptor protein-tyrosine kinase erbB-2,P06494,14,13,7.093571428571429,1.0532046856571187
CHEMBL5638,Serine/threonine-protein kinase Nek11,Q8NG66,14,9,6.179285714285713,0.4754668035927233
CHEMBL5291590,L-amino-acid oxidase,Q96RQ9,14,14,8.319285714285714,0.6018748181335521
CHEMBL1938217,Mixed lineage kinase domain-like protein,Q8NB16,14,12,4.4,1.4487395051720493
CHEMBL4295569,Serine--tRNA ligase,P0A8L1,14,9,6.275714285714286,1.4757043391896956
CHEMBL1926495,Trace amine-associated receptor 1,Q8HZ64,14,14,5.674285714285714,0.5866687479150562
CHEMBL5105,Muscarinic acetylcholine receptor M3,Q9ERZ3,14,14,5.0128571428571425,0.38463626316957544
CHEMBL1275220,Protein arginine N-methyltransferase 1,Q63009,14,13,5.623571428571429,1.7372595888700337
CHEMBL1255134,Ghrelin O-acyltransferase,P0C7A3,14,14,5.872142857142856,1.5902499976246047
CHEMBL3825,Penicillin-binding protein 2,Q53729,14,6,4.729285714285714,0.41185255550078537
CHEMBL3621021,Polymerase acidic protein,Q9IQ47,14,11,4.945714285714286,0.656537705118113
CHEMBL1250344,Serine palmitoyltransferase 2,O15270,14,14,8.015,1.459229248610375
CHEMBL2081,Glutathione S-transferase Mu 1,P09488,14,12,4.826428571428571,0.5330695890905677
CHEMBL5074,Human immunodeficiency virus type 2 pol protein,P88142,14,13,6.714285714285714,1.9589546438606735
CHEMBL4469,Small conductance calcium-activated potassium channel protein 2,Q9H2S1,14,12,6.518571428571429,0.724503619387436
CHEMBL3814,Creatine transporter,P28570,14,11,4.631428571428572,0.5222857623776639
CHEMBL5887,D-aspartate oxidase,Q99489,14,12,4.726428571428571,0.5553184414627084
CHEMBL2331059,Delta(24)-sterol reductase,Q15392,14,14,7.593571428571429,1.4669256556216064
CHEMBL2114,Adenosine A1 receptor,P49892,14,14,7.915,0.3449358914795172
CHEMBL3988623,Thyrotropin releasing hormone degrading enzyme,F1SH20,14,13,5.088571428571428,0.6477636931766105
CHEMBL4547,Thioredoxin reductase,P61076,14,10,5.500714285714286,0.7867407381157971
CHEMBL2366523,Acetolactate synthase,A7XBP7,14,1,6.005714285714285,1.0656938100145352
CHEMBL5502,Modulator of drug activity A,Q8X6S1,14,14,5.553571428571429,0.9388831920700511
CHEMBL2163177,Lysine-specific demethylase 7,Q6ZMT4,14,12,4.828571428571428,0.8649664923955338
CHEMBL1169595,UDP-galactose 4-epimerase,Q8T8E9,14,14,5.450714285714286,0.24205734494486686
CHEMBL1163128,Microtubule-associated serine/threonine-protein kinase 1,Q9Y2H9,14,12,6.452142857142857,0.8603950664256915
CHEMBL3784906,Lysine-specific demethylase 3B,Q7LBC6,14,14,4.554285714285714,0.7248205537681964
CHEMBL3058,Sodium/hydrogen exchanger 5,Q14940,14,6,5.777857142857143,0.7306180583949095
CHEMBL4523201,Tryptase beta-2,P21845,14,14,5.548571428571428,0.4823477383168087
CHEMBL4739667,Syntenin-1,O00560,14,13,6.013571428571429,1.129776064556138
CHEMBL2304406,Dopamine D3 receptor,P52703,14,14,7.21,1.0358422808368224
CHEMBL4966,Sodium channel protein type III alpha subunit,P08104,14,12,6.854285714285714,0.9314068291131864
CHEMBL3284,Alcohol dehydrogenase beta chain,P00325,14,14,5.3,0.7111420933421653
CHEMBL4100,Phospholipase C-gamma-2,P16885,14,14,5.432857142857143,0.4362502558329174
CHEMBL3782,Xaa-Pro aminopeptidase 1,Q9NQW7,14,9,4.9350000000000005,0.6315639927379306
CHEMBL2176837,Catechol O-methyltransferase,Q99028,14,12,5.301428571428572,0.6733824738170395
CHEMBL1075192,Succinyl-diaminopimelate desuccinylase,P44514,14,11,4.585714285714286,0.5442526885656966
CHEMBL4750,Dual-specificity tyrosine-phosphorylation regulated kinase 1A,Q61214,14,14,5.367857142857143,1.060574434855061
CHEMBL4258,Subtilisin,P29599,14,7,4.559285714285714,0.36939585366283806
CHEMBL4296761,Bifunctional dihydrofolate reductase-thymidylate synthase,A0A0S4TER9,14,14,4.582857142857143,0.3734543236704216
CHEMBL4295886,Synaptic vesicular amine transporter,Q8BRU6,14,13,7.563571428571429,0.8676547269938232
CHEMBL3739,Ribonucleoside-diphosphate reductase M1 chain,P07742,14,12,4.595714285714286,0.3076890109713498
CHEMBL6133,Cytokinin dehydrogenase 2,Q9FUJ3,13,13,4.903846153846154,0.5975580649825095
CHEMBL2957,Plasminogen,P06868,13,13,5.170000000000001,1.1139120252515455
CHEMBL296,GABA receptor gamma-1 subunit,P23574,13,13,6.783846153846154,1.318493701549477
CHEMBL4295740,Guanine nucleotide-binding protein subunit alpha-11,P29992,13,7,5.904615384615384,0.6614707776943665
CHEMBL2366443,Acetolactate synthase,J7HAW4,13,7,6.145384615384615,1.3122348327987092
CHEMBL2366493,Chloroplast thylakoid membrane protein (psbA),Q31945,13,7,5.398461538461539,0.9163500618745195
CHEMBL3885595,Integrin alpha-5/Neuronal acetylcholine receptor subunit alpha-3/Neuronal acetylcholine receptor subunit beta-2/Neuronal acetylcholine receptor subunit beta-4,P32297,13,13,5.682307692307693,0.37751719268032113
CHEMBL1810,Thyrotropin-releasing hormone receptor,P34981,13,7,7.203846153846154,1.4132913031970118
CHEMBL2931,Aldehyde dehydrogenase 1A1,P51647,13,13,4.628461538461538,0.4924741305193289
CHEMBL4296010,Beclin-1,Q14457,13,13,5.955384615384616,0.43005068276145064
CHEMBL1744488,Beta-lactamase 2,P14488,13,13,6.053076923076923,1.2168838934986401
CHEMBL4314,Imipenem-hydrolyzing beta-lactamase,P52663,13,13,7.308461538461539,0.6866688449056813
CHEMBL3885595,Integrin alpha-5/Neuronal acetylcholine receptor subunit alpha-3/Neuronal acetylcholine receptor subunit beta-2/Neuronal acetylcholine receptor subunit beta-4,P30926,13,13,5.682307692307693,0.37751719268032113
CHEMBL3885595,Integrin alpha-5/Neuronal acetylcholine receptor subunit alpha-3/Neuronal acetylcholine receptor subunit beta-2/Neuronal acetylcholine receptor subunit beta-4,P17787,13,13,5.682307692307693,0.37751719268032113
CHEMBL3885595,Integrin alpha-5/Neuronal acetylcholine receptor subunit alpha-3/Neuronal acetylcholine receptor subunit beta-2/Neuronal acetylcholine receptor subunit beta-4,P08648,13,13,5.682307692307693,0.37751719268032113
CHEMBL4105983,Chitinase,D2K848,13,9,4.736153846153846,0.7801125822762004
CHEMBL2925,Voltage-gated potassium channel subunit Kv7.5,Q9NR82,13,12,5.791538461538461,0.3515168595730545
CHEMBL1163104,Serine/threonine-protein kinase OSR1,O95747,13,12,5.866923076923077,0.5795887135918685
CHEMBL4318,Somatostatin receptor 5,P30938,13,9,7.91,1.123506415943704
CHEMBL3129,Guanine deaminase,Q9Y2T3,13,12,5.110769230769231,0.4463828987625894
CHEMBL1954,Ribonucleoside-diphosphate reductase M2 chain,P31350,13,13,5.766153846153846,0.4499173713312714
CHEMBL2097,Phospholipase A2 group IIC,Q5R387,13,13,5.058461538461539,0.8759456428516382
CHEMBL2364668,Bacterial dihydropteroate synthase,P0AC13,13,13,5.106153846153846,0.533971573237416
CHEMBL3638330,Macrophage colony-stimulating factor 1,P07141,13,12,8.826153846153845,0.3854334888913709
CHEMBL1949487,Bifunctional protein GlmU,Q97R46,13,13,4.933076923076923,0.6649985540759292
CHEMBL4295612,Neuraminidase,Q6XV28,13,13,5.661538461538461,0.9522766243223497
CHEMBL2460,Prolyl endopeptidase,Q9XTA2,13,11,6.774615384615386,1.8115215307608838
CHEMBL3657,Isoleucyl-tRNA synthetase,P00956,13,11,7.100769230769231,1.3585375809944895
CHEMBL5291594,S-sulfocysteine synthase,Q79FV4,13,8,4.8015384615384615,0.45749036699960827
CHEMBL3038459,Nicotinic acetylcholine receptor alpha2/beta4,P30926,13,10,5.232307692307692,0.6939038579677763
CHEMBL3038459,Nicotinic acetylcholine receptor alpha2/beta4,P02708,13,10,5.232307692307692,0.6939038579677763
CHEMBL2584,Neuronal acetylcholine receptor protein alpha-2 subunit,P12389,13,12,9.879999999999999,0.9564866264965062
CHEMBL2579,GABA receptor alpha-6 subunit,Q16445,13,13,6.075384615384616,0.7028112049075412
CHEMBL4041,Glutamate receptor ionotropic kainate 5,Q63273,13,13,5.513076923076923,1.0863960650961557
CHEMBL3883311,Voltage-gated potassium channel KCNQ3/KCNQ5,Q9NR82,13,13,5.746153846153846,0.9238284334003664
CHEMBL3745588,Low-density lipoprotein receptor-related protein 6,O75581,13,12,5.3476923076923075,0.09722429790213973
CHEMBL2986,Dopamine transporter,P27922,13,10,6.258461538461538,1.0323585145501064
CHEMBL4295592,Neuraminidase,Q07599,13,13,7.190769230769231,0.9386112217745036
CHEMBL4523235,Gastrotropin,P51161,13,11,4.078461538461538,0.6552842405379788
CHEMBL1075062,Thymidine kinase,A3RLP8,13,13,5.291538461538462,0.7579450964487925
CHEMBL3713355,Polypeptide N-acetylgalactosaminyltransferase 2,Q10471,13,3,5.923076923076923,0.3774781365718335
CHEMBL2346485,Streptokinase,P96471,13,13,5.585384615384616,0.5611983515153885
CHEMBL5874,"Solute carrier family 2, facilitated glucose transporter member 4",P14672,13,12,5.633846153846154,0.7871524467083707
CHEMBL5825,Envelope glycoprotein gp70,P03374,13,13,5.314615384615385,0.24195782637391522
CHEMBL4388,Thymidylate kinase,P23919,13,13,5.1123076923076916,0.839137988713754
CHEMBL3809,"Nitric-oxide synthase, endothelial",Q28969,13,13,4.636153846153846,0.49798826059688156
CHEMBL5893,Ribonuclease H1,O60930,13,13,5.4653846153846155,0.8810279543863838
CHEMBL5906,Lipoprotein lipase,Q06000,13,13,6.452307692307692,0.7743077967465937
CHEMBL3852,Human immunodeficiency virus type 1 REV,Q77YF8,13,11,6.463846153846154,1.213490409669139
CHEMBL4732,UDP-N-acetylmuramoylalanine--D-glutamate ligase,P14900,13,7,4.49,0.5472202481633882
CHEMBL5233,Mitogen-activated protein kinase 1,P63086,13,13,5.455384615384616,0.4992263245031486
CHEMBL4243,"Type I inositol-1,4,5-trisphosphate 5-phosphatase",Q14642,13,13,4.75,0.5842516581063335
CHEMBL3407315,Formyl peptide receptor-related sequence 1,O08790,13,13,5.637692307692307,0.37394638310310946
CHEMBL3638357,Beta-secretase 2,Q9JL18,13,13,7.514615384615384,0.8184702741966807
CHEMBL3879860,Rhodopsin kinase,P28327,13,13,4.9484615384615385,0.86044413099521
CHEMBL4879426,L-lactate dehydrogenase A chain,P06151,13,7,8.216923076923077,1.5246058759309165
CHEMBL2511,Phenylalanyl-tRNA synthetase mitochondrial,O95363,13,6,5.575384615384616,0.7278921095031345
CHEMBL3232680,Insulin-degrading enzyme,Q9JHR7,13,13,7.007692307692308,0.3833004445200016
CHEMBL4089,UDP-N-acetylmuramate dehydrogenase,P61431,13,13,4.983076923076923,0.262785863882383
CHEMBL3883311,Voltage-gated potassium channel KCNQ3/KCNQ5,O43525,13,13,5.746153846153846,0.9238284334003664
CHEMBL3248,Trehalase,O70282,13,8,4.831538461538462,1.085555511814467
CHEMBL3309046,Eukaryotic initiation factor 4A-I,P60843,13,13,5.027692307692307,0.7709102179259035
CHEMBL3797020,Lectin,B4EH87,13,11,4.946153846153846,0.4131089134344289
CHEMBL1075267,3-hydroxy-3-methylglutaryl-coenzyme A reductase,P09610,13,13,4.7092307692307696,0.596062937650904
CHEMBL2301,FK506 binding protein 12,Q8QGU2,13,13,7.7361538461538455,0.8480127599427033
CHEMBL3797016,C-terminal-binding protein 2,P56545,13,13,6.054615384615384,0.6240541560983228
CHEMBL3611962,Biotin--acetyl-CoA-carboxylase ligase,I6YFP0,13,13,9.328461538461537,0.4617330786259914
CHEMBL2389,Adenosylhomocysteinase,P50247,13,12,5.852307692307692,1.5868425349634507
CHEMBL6070,Probable serine/threonine-protein kinase pknG,P9WI73,13,6,5.531538461538461,0.3906798807601554
CHEMBL4662923,"Ubiquitin-activating enzyme e1, putative",E9BSI1,13,7,4.173076923076923,0.12499230745560652
CHEMBL2195,S-adenosylmethionine synthetase alpha and beta forms,P13444,13,7,5.726923076923077,1.041892385800829
CHEMBL1075121,Putative hydrolase RBBP9,O75884,13,8,5.5661538461538465,0.42206907928952553
CHEMBL2073666,Solute carrier family 22 member 8,Q9R1U7,13,11,4.7,0.46225894619069646
CHEMBL3337333,Methionine aminopeptidase,Q5HEN6,12,12,4.715,0.2568869578061705
CHEMBL2732,DNA polymerase gamma subunit 1,P54098,12,12,5.093333333333333,0.8413877425618544
CHEMBL3430899,Gamma-aminobutyric acid receptor subunit alpha-4/beta3/delta,O14764,12,12,6.273333333333333,0.5025631273478952
CHEMBL4739700,"Methionine--tRNA ligase, mitochondrial",Q96GW9,12,12,6.521666666666667,0.6533526589596902
CHEMBL4139,Tubulin alpha-1 chain,P68370,12,12,6.578333333333333,0.7518804708357855
CHEMBL3038461,Nicotinic acetylcholine receptor alpha4/beta2/alpha5,P30532,12,12,5.804166666666667,0.8965840054271985
CHEMBL6134,IAG-nucleoside hydrolase,Q9GPQ4,12,12,4.72,0.4850866839123611
CHEMBL5169164,DNA oxidative demethylase ALKBH2,Q6NS38,12,11,4.530833333333334,0.3341599598813103
CHEMBL2384894,Bone morphogenetic protein 4,P21275,12,12,6.405833333333334,0.7310323750240701
CHEMBL4680024,Gap junction alpha-1 protein,P17302,12,12,5.014166666666667,0.3476795372265392
CHEMBL5169228,Type II NADH:quinone oxidoreductase Ndh,P95160,12,6,7.141666666666667,0.6187793457993558
CHEMBL3038461,Nicotinic acetylcholine receptor alpha4/beta2/alpha5,P43681,12,12,5.804166666666667,0.8965840054271985
CHEMBL1287619,Fructose-bisphosphate aldolase,Q9URB4,12,7,6.7375,1.2419348906956726
CHEMBL3638362,"CMP-N-acetylneuraminate-beta-galactosamide-alpha-2,3-sialyltransferase 2",Q11205,12,12,4.858333333333333,0.3264919136777658
CHEMBL5849,Mas-related G-protein coupled receptor member X2,Q96LB1,12,11,6.426666666666667,0.7487241673593009
CHEMBL4239,Oligosaccharyl transferase 48 kDa subunit,P39656,12,12,7.298333333333333,0.412064278598582
CHEMBL1293309,Os06g0676700 protein,Q653V4,12,12,4.9775,1.0472832819859548
CHEMBL2340,Endothelin-converting enzyme 1,P42891,12,12,5.604166666666667,0.4665825140575269
CHEMBL1293198,Prostaglandin G/H synthase 2,O02768,12,12,5.725833333333333,0.7548324116629926
CHEMBL5628,Ras-related C3 botulinum toxin substrate 1,P63001,12,10,8.355833333333333,1.5355274979529667
CHEMBL4739856,Choline trimethylamine-lyase,Q30W70,12,11,4.860833333333333,0.6355163732006127
CHEMBL2295562,Dual specificity protein phosphatase 26,Q9BV47,12,12,4.661666666666666,0.19125581789526755
CHEMBL3992,Cystic fibrosis transmembrane conductance regulator,P34158,12,12,4.491666666666666,0.8552068684703061
CHEMBL3038461,Nicotinic acetylcholine receptor alpha4/beta2/alpha5,P17787,12,12,5.804166666666667,0.8965840054271985
CHEMBL3946,Mannose-6-phosphate isomerase,P34948,12,12,4.539166666666667,0.3131208983279413
CHEMBL3430899,Gamma-aminobutyric acid receptor subunit alpha-4/beta3/delta,P28472,12,12,6.273333333333333,0.5025631273478952
CHEMBL5617,Protein Wnt-3a,P27467,12,12,6.3808333333333325,0.5671212526008129
CHEMBL2366415,Acetolactate synthase,C0L093,12,9,7.078333333333333,1.1963416457406026
CHEMBL4945,Cellular retinoic acid-binding protein I,P40220,12,7,6.114166666666667,0.20900014499052535
CHEMBL2281,Dopamine D5 receptor,P25115,12,12,5.865833333333334,0.780215102430481
CHEMBL4105851,"dTDP-4-dehydrorhamnose 3,5-epimerase",P9WH10,12,10,6.103333333333333,0.8053495382676262
CHEMBL3988636,Voltage-gated potassium channel subfamily A member 1/beta-1,Q14722,12,12,4.4383333333333335,0.30026755745602274
CHEMBL2010624,Thioredoxin,P10599,12,12,6.140833333333333,0.6547651672488576
CHEMBL3430899,Gamma-aminobutyric acid receptor subunit alpha-4/beta3/delta,P48169,12,12,6.273333333333333,0.5025631273478952
CHEMBL1697672,Falcipain 2,Q9NAW2,12,12,4.926666666666667,0.7315156536364427
CHEMBL1743291,Sulfotransferase 1A1,P50225,12,6,7.274166666666666,0.9220378451445408
CHEMBL5569,Neuronal acetylcholine receptor subunit alpha-4,P09482,12,10,7.276666666666666,1.6683542970862215
CHEMBL3011,Acetylcholine receptor protein delta chain,Q07001,12,7,5.321666666666666,0.6611124692287212
CHEMBL1795125,Carbonic anhydrase,Q2PCB5,12,12,5.113333333333333,0.425319843996221
CHEMBL1944494,Proteasome subunit beta type-5,O55234,12,12,6.293333333333333,0.6865769285286818
CHEMBL3750,Bacterial leucyl aminopeptidase,Q01693,12,12,5.9025,1.781128983129929
CHEMBL1163106,Serine/threonine-protein kinase MAK,P20794,12,9,6.521666666666666,0.9311071936466853
CHEMBL3988636,Voltage-gated potassium channel subfamily A member 1/beta-1,Q09470,12,12,4.4383333333333335,0.30026755745602274
CHEMBL1795163,Autoinducer 1 sensor kinase/phosphatase luxN,P0C5S6,12,9,5.345,0.533163798811994
CHEMBL3207,Somatostatin receptor 2,P30875,12,9,8.37,0.7508661665037256
CHEMBL2826,Subtilisin/kexin type 5,Q92824,12,12,7.291666666666667,1.2395514829114114
CHEMBL2366446,Acetylcholinesterase,K4JQ36,12,4,6.8374999999999995,0.4875378773164008
CHEMBL2217,Carboxylesterase 2,Q91WG0,12,12,6.579166666666667,1.5124841596966674
CHEMBL2211,Serine/threonine-protein kinase Aurora-A,P97477,12,5,8.119166666666667,0.9266700730262224
CHEMBL5516,Monoacylglycerol lipase ABHD12,Q8N2K0,12,8,5.9575,0.8661736651398598
CHEMBL6168,Protein BAT5,O95870,12,7,6.199166666666667,1.2345809619118349
CHEMBL4160,Cathepsin Z,Q9UBR2,12,12,5.239166666666667,0.5218752608418874
CHEMBL6076,Adenosylhomocysteinase,P50250,12,7,5.6499999999999995,0.7893265253596661
CHEMBL2269,Retinoic acid receptor alpha,A6HIV9,12,12,5.425,0.22248595461286988
CHEMBL4295840,Neuraminidase,Q3S340,12,6,6.548333333333333,0.9988341689037761
CHEMBL6153,Threonine aspartase 1,Q9H6P5,12,10,5.146666666666667,0.49560492574654913
CHEMBL4630814,Cholinesterase,P32750,12,12,4.879166666666666,0.3008611378068366
CHEMBL4295676,Hyaluronan mediated motility receptor,O75330,12,6,7.085833333333333,0.478434156832727
CHEMBL3713303,CD63 antigen,P08962,12,12,6.8475,0.4161976147762681
CHEMBL4149,L-type amino acid transporter 1,Q63016,12,10,5.144166666666666,0.9414926092823741
CHEMBL3232695,Acid-sensing ion channel 2,Q925H0,12,12,4.965833333333333,0.2016052999543837
CHEMBL2176849,P2X purinoceptor 4,Q9JJX6,12,12,5.463333333333334,0.7518865162598233
CHEMBL3707181,Bifunctional ligase/repressor BirA,A0A0E7NXW5,12,6,6.076666666666667,0.7535290708433621
CHEMBL4511,Replicative DNA helicase,Q9HUN3,12,12,4.8758333333333335,0.37587372960352017
CHEMBL5759,Mitogen-activated protein kinase 4,P31152,12,9,5.388333333333333,0.40494294397950403
CHEMBL4295624,Replicase polyprotein 1ab,Q98VG9,12,12,5.72,0.30733458226263016
CHEMBL1667699,Isocitrate lyase,P9WKK7,12,12,5.220833333333333,1.0770199486067888
CHEMBL1667683,Neuraminidase,Q6Q793,12,7,9.1575,0.7230255245085816
CHEMBL2500,Thiopurine S-methyltransferase,P51580,12,12,5.088333333333334,0.7378079737035957
CHEMBL4295627,Cell cycle histidine kinase CckA,Q9X688,12,11,4.708333333333333,0.3461432528811611
CHEMBL3585238,Estrogen-related receptor gamma,P62509,12,12,6.031666666666666,0.7887715804088062
CHEMBL3137282,MLL1/ASH2L/RBBP5/WDR5 complex,Q03164,11,7,6.149090909090909,0.49385128420314034
CHEMBL4850,Receptor-type tyrosine-protein phosphatase epsilon,P23469,11,11,4.944545454545454,0.6195702322798222
CHEMBL3748,Cytochrome P450 24A1,Q09128,11,9,5.181818181818182,0.5982611166007396
CHEMBL2699,Pancreatic alpha-amylase,P00689,11,10,6.0636363636363635,1.4539619852477075
CHEMBL2366468,G2/mitotic-specific cyclin-B,P18063,11,11,6.638181818181818,0.7272113610473668
CHEMBL1075177,"6,7-dimethyl-8-ribityllumazine synthase",P9WHE9,11,8,4.596363636363637,0.33835699275388786
CHEMBL3925,17-beta-hydroxysteroid-dehydrogenase,O93874,11,8,5.06,0.535723809439155
CHEMBL1932896,Ezrin,P15311,11,11,4.880909090909091,0.3480360482896721
CHEMBL4251,Erythromycin resistance protein,P13956,11,9,4.471818181818182,0.39741208290182073
CHEMBL4184,Lysosomal acid lipase/cholesteryl ester hydrolase,P38571,11,11,6.14,0.7775860081045699
CHEMBL2472,GABA receptor alpha-4 subunit,P48169,11,11,6.720909090909092,1.2032078336302052
CHEMBL3993,Platelet activating factor receptor,Q62035,11,11,6.203636363636363,0.7251106498634912
CHEMBL3301399,TLR2/TLR6,O60603,11,11,7.486363636363635,1.7070926906719077
CHEMBL3301399,TLR2/TLR6,Q9Y2C9,11,11,7.486363636363635,1.7070926906719077
CHEMBL3641,UDP-N-acetylmuramoyl-tripeptide--D-alanyl-D-alanine ligase,Q5HMD9,11,11,4.675454545454546,0.4044592349387919
CHEMBL3638363,Microtubule-associated protein tau,P29172,11,11,7.450909090909092,0.6002575204935722
CHEMBL3885609,Neuronal acetylcholine receptor subunit alpha-3/beta-4,Q8R493,11,11,5.221818181818182,0.7913762465707219
CHEMBL3885609,Neuronal acetylcholine receptor subunit alpha-3/beta-4,Q8R4G9,11,11,5.221818181818182,0.7913762465707219
CHEMBL1795161,Thymidylate synthase thyX,P9WG57,11,11,5.239090909090909,0.5806798523361144
CHEMBL5051,Transient receptor potential cation channel subfamily V member 2,Q9Y5S1,11,6,5.328181818181818,0.5052290209759962
CHEMBL4105767,Anoctamin-2,Q9NQ90,11,11,5.4809090909090905,0.6808003311611204
CHEMBL4295942,EH domain-containing protein 1,Q9H4M9,11,9,4.507272727272727,0.4490231822320737
CHEMBL2221,cAMP-dependent protein kinase type II-alpha regulatory subunit,P13861,11,11,6.946363636363636,0.5604868014016515
CHEMBL1781860,Solute carrier organic anion transporter family member 1A4,O35913,11,9,5.3590909090909085,1.0056485921578626
CHEMBL4296326,Anthrax toxin receptor 2,P58335,11,10,6.26,0.8252151234678144
CHEMBL3885633,Retinoic acid receptor RXR-alpha/gamma,P19793,11,11,8.719090909090909,0.45702198077236
CHEMBL1781868,Programmed cell death protein 4,Q53EL6,11,11,5.846363636363637,0.5257427646154103
CHEMBL3554,3-dehydroquinate synthase,P07639,11,8,5.697272727272727,1.317346506497747
CHEMBL2366425,Cytochrome b,P24964,11,11,7.913636363636363,0.8866484390926628
CHEMBL1914275,Sodium channel protein type 8 subunit alpha,Q9WTU3,11,11,6.488181818181818,1.2124588090472863
CHEMBL3137286,EZH2/SUZ12/EED complex,Q15022,11,10,6.51,1.406179220440979
CHEMBL4523286,GRB2-associated-binding protein 1,Q13480,11,11,5.38909090909091,0.6190065354332623
CHEMBL1163127,Mitogen-activated protein kinase kinase kinase 15,Q6ZN16,11,9,6.572727272727272,1.2562172655165262
CHEMBL1075320,Nicotinate-nucleotide adenylyltransferase,C3L5T6,11,7,4.78090909090909,0.2863373725329807
CHEMBL4523294,Separin,Q14674,11,10,4.6854545454545455,0.27445814385307066
CHEMBL6086,ATP phosphoribosyltransferase,P9WMN1,11,9,5.052727272727273,0.4847492322653213
CHEMBL1075279,B-cell receptor CD22,P35329,11,11,5.707272727272727,0.9983194970458195
CHEMBL3488,Falcipain 2B,Q3HTL5,11,11,4.844545454545455,0.19961781665791437
CHEMBL3212,Vitamin k epoxide reductase complex subunit 1 isoform 1,Q6B4J2,11,11,4.868181818181818,1.0140001793078561
CHEMBL3137286,EZH2/SUZ12/EED complex,Q15910,11,10,6.51,1.406179220440979
CHEMBL3137286,EZH2/SUZ12/EED complex,O75530,11,10,6.51,1.406179220440979
CHEMBL3137282,MLL1/ASH2L/RBBP5/WDR5 complex,Q9UBL3,11,7,6.149090909090909,0.49385128420314034
CHEMBL3137282,MLL1/ASH2L/RBBP5/WDR5 complex,Q15291,11,7,6.149090909090909,0.49385128420314034
CHEMBL3885633,Retinoic acid receptor RXR-alpha/gamma,P13631,11,11,8.719090909090909,0.45702198077236
CHEMBL2021749,Sphingolipid delta(4)-desaturase DES1,O15121,11,9,7.108181818181818,1.4448101479559048
CHEMBL4523994,Geranylgeranyl transferase type-2,P53611,11,9,5.469090909090909,0.23140676504607832
CHEMBL3430881,PI3-kinase subunit gamma/Phosphoinositide 3-kinase regulatory subunit 5,Q8WYR1,11,10,6.91,0.4289755237772896
CHEMBL3430881,PI3-kinase subunit gamma/Phosphoinositide 3-kinase regulatory subunit 5,P48736,11,10,6.91,0.4289755237772896
CHEMBL4523457,V-type immunoglobulin domain-containing suppressor of T-cell activation,Q9H7M9,11,8,6.036363636363637,1.053786247084984
CHEMBL5291578,P2Y purinoceptor 6,Q9ERK9,11,11,4.993636363636363,0.7151541474014219
CHEMBL4523994,Geranylgeranyl transferase type-2,Q92696,11,9,5.469090909090909,0.23140676504607832
CHEMBL4443,Fucosyltransferase 6,P51993,11,6,5.819090909090909,0.504726748755295
CHEMBL4955,Tryptase gamma,Q9NRR2,11,10,6.119090909090909,2.5798428422888655
CHEMBL3167,Serum paraoxonase/arylesterase 1,P27169,11,10,4.905454545454545,0.4201752880968524
CHEMBL2585,Neuronal acetylcholine receptor protein alpha-9 subunit,P43144,11,10,9.012727272727274,1.994362509219881
CHEMBL4523137,"Serine protease HTRA2, mitochondrial",O43464,11,11,4.913636363636363,0.30496795658799075
CHEMBL2442,Kallikrein 2,P20151,11,10,5.711818181818182,0.5095059996078196
CHEMBL5119,Zinc finger protein GLI2,P10070,11,11,5.075454545454545,0.5827926498569388
CHEMBL4351,Beta-1 adrenergic receptor,Q28998,11,11,6.5218181818181815,0.4513051779410068
CHEMBL2683,"Vacuolar H(+)-transporting ATPase 116 kDa subunit, a1 isoform",Q9I8D0,11,5,6.323636363636364,0.8462065082150186
CHEMBL3763006,Protein S100-B,P04631,11,6,4.886363636363637,0.7366854515635928
CHEMBL4523432,Serine/threonine-protein kinase LMTK3,Q96Q04,11,11,6.913636363636363,1.5715487439292029
CHEMBL3562,Moloney murine leukaemia virus Pol protein,P03355,11,11,5.252727272727273,0.2703364906589898
CHEMBL1667702,Heat shock protein HSP 90,P11500,11,10,4.8999999999999995,0.7318606424723219
CHEMBL3217397,C-C chemokine receptor type 5,P61813,11,11,7.879090909090909,1.1295349002616475
CHEMBL4253,Rhizopuspepsin,P06026,11,11,7.070909090909091,0.9516559729803051
CHEMBL4264,24-sterol C-methyltransferase,Q9LM02,11,10,5.558181818181819,1.252500045363817
CHEMBL4879414,Methylcytosine dioxygenase TET3,O43151,11,11,4.950909090909091,0.4151253917903493
CHEMBL4523402,Methylcytosine dioxygenase TET1,Q8NFU7,11,10,4.867272727272727,0.4988605197666159
CHEMBL3407312,Krueppel-like factor 10,Q13118,11,7,4.34,0.36636047821783396
CHEMBL4352,Dipeptidyl peptidase II,Q9EPB1,11,11,5.408181818181818,0.6523314829412756
CHEMBL4357,Alpha-glucosidase MAL62,P07265,11,9,4.532727272727272,0.7067968719383373
CHEMBL5718,Mitogen-activated protein kinase 8,P49185,11,11,6.057272727272727,0.33568112574557757
CHEMBL1641360,BiP isoform A,Q39830,11,11,4.184545454545455,0.2361086036705834
CHEMBL3390,cAMP-dependent protein kinase alpha-catalytic subunit,P27791,11,6,5.931818181818182,1.141865300127981
CHEMBL4105905,"4,4'-diapophytoene desaturase (4,4'-diaponeurosporene-forming)",Q99R76,11,10,9.165454545454546,0.2791903879564497
CHEMBL1293193,Atrial natriuretic factor,P01160,11,11,7.28,0.7380108400287894
CHEMBL2665,Insulin-like growth factor binding protein 5,P24593,11,10,7.093636363636364,1.2584377038794785
CHEMBL2079851,Snake venom metalloproteinase Bap1,P83512,11,11,4.69,0.7919090856910272
CHEMBL3341576,Mas-related G-protein coupled receptor member X1,Q8CIP3,11,9,5.738181818181818,0.8412112479254918
CHEMBL3407316,Ubiquitin carboxyl-terminal hydrolase isozyme L5,Q9Y5K5,11,11,4.374545454545454,0.5432745831780398
CHEMBL2644,Carboxypeptidase A4,Q9UI42,11,11,8.228181818181818,0.6319306636304051
CHEMBL3006,Serotonin 2c (5-HT2c) receptor,P34968,11,11,6.366363636363636,1.0771190530974073
CHEMBL3832958,Dehydrosqualene desaturase,Q8NUQ6,11,7,8.228181818181817,0.12600144299318036
CHEMBL1615388,SUMO-activating enzyme subunit 1,Q9UBE0,11,11,4.844545454545455,0.5202953706571614
CHEMBL4630869,Collagenase ColH,Q46085,11,10,6.829999999999999,1.1065803179164175
CHEMBL3334,Cyclooxygenase-1,O97554,11,11,5.858181818181818,0.9498085931577812
CHEMBL4364,Tyrosine-protein kinase SYK,Q64725,11,7,5.637272727272727,0.8056809655079474
CHEMBL3309037,Chaperone protein PapD,P15319,11,11,4.570909090909091,0.3861205652501443
CHEMBL3988582,Polyphenol oxidase 1,Q00024,11,11,5.995454545454546,0.9877080908483399
CHEMBL3323,Cytochrome P450 3A1,P04800,11,11,5.552727272727273,0.2317365275087596
CHEMBL4939,Carboxypeptidase A2,P48052,11,11,8.596363636363636,0.5292498980117558
CHEMBL2169731,NADPH--cytochrome P450 reductase,P16435,11,11,4.741818181818181,0.23836183343052983
CHEMBL4105874,Anoctamin-1,Q8BHY3,11,11,5.8981818181818175,0.7647982502832777
CHEMBL4048,Malate dehydrogenase cytoplasmic,P11708,11,11,4.637272727272727,0.493154963659313
CHEMBL3240,Insulin-like growth factor II receptor,P11717,11,11,5.252727272727273,0.7840164655042762
CHEMBL4046,"Inositol 1,4,5-trisphosphate receptor type 1",Q14643,11,7,6.421818181818182,1.026604287754714
CHEMBL2169735,7-dehydrocholesterol reductase,Q9UBM7,11,11,6.421818181818182,1.7577077014214746
CHEMBL2062354,Biotin--protein ligase,P50747,11,9,5.583636363636364,0.8293162572538022
CHEMBL5169208,Adenylate cyclase type 10,Q9Z286,11,11,7.969090909090909,0.43814277457136147
CHEMBL4105950,G-protein coupled receptor 4,Q4KLH9,11,11,5.776363636363636,0.43763621256182045
CHEMBL4295950,Arsenite methyltransferase,Q9HBK9,11,11,5.3954545454545455,0.37768673888193727
CHEMBL1293290,Inward rectifier potassium channel 2,P35561,11,11,5.570909090909091,0.4070983798900347
CHEMBL2268010,"Allene oxide synthase, chloroplastic",Q96242,11,11,5.759090909090909,0.9902873779409146
CHEMBL3137282,MLL1/ASH2L/RBBP5/WDR5 complex,P61964,11,7,6.149090909090909,0.49385128420314034
CHEMBL2366486,Glutamine synthetase,Q01HZ7,11,6,4.7272727272727275,0.8348423912223301
CHEMBL2204,Calcitonin receptor,P32214,11,11,8.02909090909091,1.6026943223550434
CHEMBL6057,Lactoylglutathione lyase,P50107,11,9,5.984545454545454,1.159321902116609
CHEMBL3712,Cystinyl aminopeptidase,P97629,10,6,5.5840000000000005,1.418474924385733
CHEMBL6071,Lactate dehydrogenase,Q0PJ46,10,10,5.381,0.9032958171791419
CHEMBL2242741,4-hydroxy-3-methylbut-2-enyl diphosphate reductase,O67625,10,8,5.234,0.9908716701302274
CHEMBL4814,Beta-glucuronidase,P06760,10,9,4.772,0.579267736984472
CHEMBL4295595,Leucine--tRNA ligase,Q2FXH2,10,10,5.687,0.40955395791573607
CHEMBL2251,PI4-kinase type II,Q9BTU6,10,9,4.641,0.4608795938203385
CHEMBL3707467,Peptidyl-prolyl cis-trans isomerase G,Q13427,10,10,5.644,0.5171760929423468
CHEMBL4165,DNA gyrase subunit A,P9WG47,10,4,4.798,0.46846795218266746
CHEMBL1075060,Arginase-1,Q2KJ64,10,7,4.371,0.4839983930184526
CHEMBL2974,Alpha-glucosidase,Q9MYM4,10,7,5.247,0.9662648590204336
CHEMBL4105948,Signal peptide peptidase-like 2A,Q9JJF9,10,6,6.8950000000000005,0.5919130942217035
CHEMBL4105955,Carbonic anhydrase 1,P00917,10,10,8.562999999999999,1.1015549615581302
CHEMBL2369,Small conductance calcium-activated potassium channel protein 1,Q92952,10,10,7.456999999999999,1.7637526281577396
CHEMBL3603730,Sialic acid-binding Ig-like lectin 7,Q9Y286,10,9,6.729000000000001,1.115571104362644
CHEMBL2073672,Solute carrier family 22 member 8,O88909,10,10,4.526,0.39783301913128255
CHEMBL4888448,Syntenin-1/Syndecan-2,P34741,10,7,4.14,0.559900784861826
CHEMBL3784909,Alpha-glucosidase,Q9C0Y4,10,10,4.891,0.5008758994667907
CHEMBL4523307,Genome polyprotein,Q32ZE1,10,10,4.3420000000000005,0.2602477452138422
CHEMBL3052,Estrogen sulfotransferase,P49891,10,10,4.47,0.667349650150171
CHEMBL4523210,Aquaporin-1,P29972,10,10,4.913,0.4069684672469517
CHEMBL4739677,1-phosphatidylinositol phosphodiesterase,P14262,10,8,5.173,0.4040640763267352
CHEMBL2176863,Uncharacterized protein,I3LIR5,10,9,4.618,0.49550871726831247
CHEMBL4881,Aldehyde dehydrogenase X,P30837,10,9,6.2170000000000005,0.7441930753059542
CHEMBL4888448,Syntenin-1/Syndecan-2,O00560,10,7,4.14,0.559900784861826
CHEMBL4942,P2X purinoceptor 5,Q93086,10,9,4.928,0.377088259636329
CHEMBL5172,Endo-beta-N-acetylglucosaminidase,Q8NFI3,10,8,6.553,2.027965866467075
CHEMBL5187,Cathepsin B,P10605,10,10,6.082,0.6353966390286375
CHEMBL3317333,Ubiquitin-like domain-containing CTD phosphatase 1,Q8WVY7,10,9,5.417,0.43921773896579136
CHEMBL1641343,Inositol phosphorylceramide synthase,O13332,10,6,7.851999999999999,2.050017886100835
CHEMBL2069164,Lysine-specific demethylase 6A,O15550,10,9,4.933999999999999,0.7566328920509166
CHEMBL4612,Glutamine synthetase,P15104,10,10,6.822,1.0650383404679227
CHEMBL4105708,m7GpppX diphosphatase,Q9DAR7,10,9,6.938,0.886263066037518
CHEMBL1250408,Potassium/sodium hyperpolarization-activated cyclic nucleotide-gated channel 2,O88703,10,10,5.177,1.013871019629442
CHEMBL3826867,Chromobox protein homolog 5,P45973,10,10,4.604,0.2936437751199004
CHEMBL5943,Beta-2 adrenergic receptor,P04274,10,5,6.6579999999999995,0.9339260023030617
CHEMBL5947,Tyrosine aminotransferase,P04694,10,10,7.233,0.8650632603714271
CHEMBL3962,Kynurenine--oxoglutarate transaminase I,Q16773,10,9,4.7090000000000005,0.3709282650025176
CHEMBL2437,Protein phosphatase 2C alpha,P35813,10,10,4.989,1.3075120564559921
CHEMBL1641355,Aldehyde oxidase,Q9Z0U5,10,8,6.154,0.6871066551530085
CHEMBL3873,Aminoacyl-tRNA synthetase,P07814,10,9,5.761,2.082122047869006
CHEMBL2642,Neprilysin,Q61391,10,10,5.8229999999999995,1.1584477161750166
CHEMBL3811,Estrogen sulfotransferase,Q95MF8,10,10,4.9719999999999995,0.26574005678064005
CHEMBL5898,Lactoperoxidase,P22079,10,10,4.8149999999999995,0.152479506819769
CHEMBL4523196,Tryptase beta-2,P20231,10,10,5.311999999999999,0.5865871158186517
CHEMBL5115,Glutamyl endopeptidase,P0C1U8,10,10,5.003,0.15783606122246666
CHEMBL4739705,Dedicator of cytokinesis protein 5,Q9H7D0,10,10,4.586,0.20892316503654884
CHEMBL3779761,Chromobox protein homolog 2,Q14781,10,10,5.627,0.6279428494872936
CHEMBL1075244,Thymidine phosphorylase,Q5FVR2,10,10,6.956,0.620934779183772
CHEMBL6038,Parathyroid hormone receptor,P25961,10,10,6.311999999999999,1.134154604393364
CHEMBL5993,"25-hydroxyvitamin D-1 alpha hydroxylase, mitochondrial",O15528,10,9,6.453999999999999,0.363507603466252
CHEMBL3390824,Lanosterol 14-alpha demethylase,A0A2P2HJL8,10,9,7.159999999999999,0.4140316681393133
CHEMBL3390824,Lanosterol 14-alpha demethylase,G4WW85,10,9,7.159999999999999,0.4140316681393133
CHEMBL3390824,Lanosterol 14-alpha demethylase,Q9P8R0,10,9,7.159999999999999,0.4140316681393133
CHEMBL2674,Phosphoglycerate kinase 1,P00560,10,10,5.122,0.591829555042854
CHEMBL3407314,LIM domain kinase 1,P53669,10,10,6.411,0.4195619408647813
CHEMBL1944489,Riboflavin-binding protein,P02752,10,5,6.684,1.2704434921186643
CHEMBL3124732,Beta-3 adrenergic receptor,Q28524,10,7,8.676,0.7472497723132628
CHEMBL5674,Prostanoid EP3 receptor,P34980,10,10,7.692,1.0850171529622112
CHEMBL3559704,Taste receptor type 2 member 10,Q9NYW0,10,6,5.108,1.2213635367444409
CHEMBL6027,Segment polarity protein dishevelled homolog DVL-1,O14640,10,9,4.634,0.8059528522190366
CHEMBL5279,Voltage-gated potassium channel subunit Kv1.6,P17658,10,10,5.226999999999999,0.7008574113977186
CHEMBL3112386,Regulatory protein RhlR,P54292,10,9,5.0200000000000005,0.6986017781572303
CHEMBL2156,Atrial natriuretic peptide receptor B,P46197,10,10,8.398,0.8649829799224695
CHEMBL4968,Beta-ketoacyl-ACP-synthase III,O77078,10,10,6.886,0.5553817505904287
CHEMBL2163172,N-acyl-phosphatidylethanolamine-hydrolyzing phospholipase D,Q8BH82,10,10,5.679,0.7361378192219777
CHEMBL4296053,Gamma-aminobutyric acid receptor subunit alpha-6/beta-3/delta,P63079,10,7,6.008,0.4327380526626034
CHEMBL1930,Vitamin k epoxide reductase complex subunit 1 isoform 1,Q9BQB6,10,10,6.037000000000001,1.7379301226203283
CHEMBL1932891,Acyl-protein thioesterase 2,O95372,10,7,6.843999999999999,0.671419723008227
CHEMBL5374,Sodium/glucose cotransporter 1,P53790,10,9,6.712000000000001,0.6882635154260808
CHEMBL5341,3-oxoacyl-[acyl-carrier-protein] synthase 2,Q5TKS0,10,7,4.715999999999999,0.763256182418459
CHEMBL1938224,Protein phosphatase 1D,O15297,10,6,6.861,1.0052799499531353
CHEMBL3886125,Free fatty acid receptor 3,B2GV46,10,10,5.128,0.8732035526980199
CHEMBL3895,Serotonin 3b (5-HT3b) receptor,O95264,10,2,9.589,0.2288837647754376
CHEMBL3301388,EZH2/SUZ12/EED/RBBP7/RBBP4,O75530,10,7,7.926,0.8506494251126282
CHEMBL3301388,EZH2/SUZ12/EED/RBBP7/RBBP4,Q09028,10,7,7.926,0.8506494251126282
CHEMBL3301388,EZH2/SUZ12/EED/RBBP7/RBBP4,Q15022,10,7,7.926,0.8506494251126282
CHEMBL3301388,EZH2/SUZ12/EED/RBBP7/RBBP4,Q15910,10,7,7.926,0.8506494251126282
CHEMBL3301388,EZH2/SUZ12/EED/RBBP7/RBBP4,Q16576,10,7,7.926,0.8506494251126282
CHEMBL3300,Ectonucleoside triphosphate diphosphohydrolase 2,O35795,10,7,4.512,0.20922077653362547
CHEMBL2111479,geranylgeranyltransferase type-I,Q04631,10,10,4.7170000000000005,0.6122100220603311
CHEMBL2111479,geranylgeranyltransferase type-I,P53610,10,10,4.7170000000000005,0.6122100220603311
CHEMBL3065,Estrogen receptor alpha,P19785,10,10,6.543000000000001,0.9411700755501688
CHEMBL4172,Cellular retinoic acid-binding protein II,P22935,10,7,8.197,0.6660338663394759
CHEMBL2366510,"Protoporphyrinogen oxidase, chloroplastic",Q9AR38,10,10,7.92,1.222747361931773
CHEMBL1697662,Botulinum neurotoxin type E,Q00496,10,8,5.296,0.5245569559161333
CHEMBL1697667,AP-2 complex subunit sigma,P62744,10,10,6.029999999999999,0.6293559317976507
CHEMBL5623,Dual specificity protein phosphatase 1,P28563,10,10,4.995,0.5848884034108084
CHEMBL2743,"cAMP-dependent protein kinase, gamma catalytic subunit",P22612,10,9,7.325999999999999,1.4691131111433635
CHEMBL4295584,Hypoxanthine-guanine phosphoribosyltransferase,P9WHQ9,10,8,6.262,1.0800082304213143
CHEMBL3904,"Inositol 1,4,5-trisphosphate receptor type 3",Q14573,10,10,7.169,1.0428321479935727
CHEMBL1075193,Metacaspase,Q8T8E7,10,10,5.465,0.6542892666431601
CHEMBL3211,"CMP-N-acetylneuraminate-beta-1,4-galactoside alpha-2,3-sialyltransferase",Q02734,10,10,5.607,0.6524151711567989
CHEMBL4105792,Plasma kallikrein,P14272,10,10,8.365,0.6008928541946745
CHEMBL4553,Thyrotropin-releasing hormone receptor,Q01717,10,6,7.156999999999999,1.5556424182097035
CHEMBL2366411,Delta(14)-sterol reductase,B4FS76,10,10,6.132,1.1179127376002516
CHEMBL2366498,Liver carboxylesterase B-1,Q63010,10,10,7.072,0.7964616193584667
CHEMBL1795144,Thymidylate synthase,Q834R3,10,10,4.922,0.5646788664561674
CHEMBL1846,Ryanodine receptor 1,P21817,10,8,6.237,1.6233165639106468
CHEMBL2932,Alpha-glucosidase MAL12,P53341,10,10,4.748,0.45217499070848877
CHEMBL4296053,Gamma-aminobutyric acid receptor subunit alpha-6/beta-3/delta,P18506,10,7,6.008,0.4327380526626034
CHEMBL4296053,Gamma-aminobutyric acid receptor subunit alpha-6/beta-3/delta,P30191,10,7,6.008,0.4327380526626034
CHEMBL1741183,Ammonium transporter MEP2,P41948,10,10,5.515,0.4206410451785334
CHEMBL5560,CaM kinase I alpha,O04417,10,10,4.808999999999999,0.5794144553867386
CHEMBL5423,Chitinase A,P07254,10,10,6.045,1.1985940838239513
CHEMBL1795114,CD209 antigen,Q9NNX6,10,7,4.438000000000001,1.1187274516660037
CHEMBL1795118,Histone-lysine N-methyltransferase SUV39H1,O43463,10,7,6.055,0.6010592501760724
CHEMBL2366452,Histidine biosynthesis bifunctional protein HisB,P06987,10,10,5.053,0.24230605073382347
CHEMBL5521,Sn1-specific diacylglycerol lipase beta,Q8NCG7,10,9,7.231,0.4836998610249499
CHEMBL1741187,Importin subunit alpha-2,P52292,10,10,4.635,0.39897786070574554
CHEMBL1741193,Chromobox protein homolog 1,P83916,10,9,4.837,0.7074374726983139
CHEMBL4279,Poly [ADP-ribose] glycohydrolase,O02776,10,5,5.593,0.7715359860549459
CHEMBL5049,Ectonucleoside triphosphate diphosphohydrolase 2,Q9Y5L3,10,7,4.737,0.4494453371780723
CHEMBL2146312,Werner syndrome ATP-dependent helicase,Q14191,10,8,5.4670000000000005,0.3538062872376478
CHEMBL5025,Tyrosine-protein kinase TEC,Q8CFK4,10,7,4.328,0.19030968913268131
CHEMBL6198,Aspartic protease PM4,O60989,10,9,6.3759999999999994,0.4770557852308491
CHEMBL2969,Kynureninase,P70712,10,9,4.65,0.8586035173466271
CHEMBL2970,Xaa-Pro aminopeptidase 2,Q99MA2,10,10,5.340999999999999,0.8182970120927975
CHEMBL4105775,Meprin A subunit alpha,Q16819,10,9,5.607,0.5904433362595717
CHEMBL1075095,"Acetolactate synthase catalytic subunit, mitochondrial",P07342,9,9,7.253333333333334,0.7569841477864645
CHEMBL6187,MecA,Q7DHH4,9,7,5.489999999999999,1.1063792297399657
CHEMBL6124,Histidine kinase,Q9C5U0,9,9,5.205555555555556,0.5422663347265603
CHEMBL4105764,G-protein coupled receptor 4,Q8BUD0,9,9,5.838888888888889,0.6044924409048561
CHEMBL3713913,Fibroblast growth factor 23,Q9GZV9,9,9,5.9366666666666665,0.7490327095661445
CHEMBL4278,Group IIF secretory phospholipase A2,Q9BZM2,9,9,6.591111111111111,0.4963477723442618
CHEMBL1163121,3-hydroxy-3-methylglutaryl-coenzyme A reductase,Q10283,9,9,4.094444444444445,0.05725188012439232
CHEMBL2995,Estrogen receptor beta,O08537,9,9,8.274444444444445,0.35920436770420505
CHEMBL4296052,Gamma-aminobutyric acid receptor subunit alpha-6/beta-3,P63079,9,7,5.743333333333333,0.5462142436809936
CHEMBL4296052,Gamma-aminobutyric acid receptor subunit alpha-6/beta-3,P30191,9,7,5.743333333333333,0.5462142436809936
CHEMBL4185,Xaa-Pro dipeptidase,P12955,9,8,5.86,1.1569356075426152
CHEMBL5061,Glutathione reductase,O15770,9,7,5.375555555555556,0.5769989408809842
CHEMBL3289,"Arachidonate 15-lipoxygenase, type II",Q8K4F2,9,9,5.967777777777778,0.47063196283767694
CHEMBL5037,Caspase-10,Q92851,9,9,6.314444444444444,0.9040341684791444
CHEMBL2582,Cyclin A2,P20248,9,9,6.211111111111111,1.1012089316342792
CHEMBL5100,Kynureninase,Q16719,9,7,5.844444444444445,1.214455753734066
CHEMBL4523138,Pendrin,O43511,9,2,5.128888888888889,0.10373577546396952
CHEMBL1255130,Beta-lactamase,P05193,9,8,6.052222222222222,0.5994951579824848
CHEMBL4380,DNA helicase/primase complex protein,P10236,9,7,5.618888888888889,0.7044580265076914
CHEMBL2111191,"Adrenomedullin receptor, AM2; CALCRL/RAMP3",Q16602,9,9,6.557777777777777,0.6138358448677007
CHEMBL2111191,"Adrenomedullin receptor, AM2; CALCRL/RAMP3",O60896,9,9,6.557777777777777,0.6138358448677007
CHEMBL2086,Voltage-gated potassium channel subunit Kv1.2,P16389,9,8,5.319999999999999,0.8060397012554651
CHEMBL3621022,Alpha-crystallin B chain,P02511,9,8,6.587777777777777,1.0336074905129335
CHEMBL1255162,"Malonyl-CoA decarboxylase, mitochondrial",Q99J39,9,9,6.1866666666666665,0.36211186116999805
CHEMBL1250401,Potassium/sodium hyperpolarization-activated cyclic nucleotide-gated channel 1,O88704,9,9,5.133333333333334,0.5462600113499064
CHEMBL2312,Matrix metalloproteinase 8,O88766,9,9,6.757777777777778,1.1397234069915576
CHEMBL4712,Neutral sphingomyelinase,O60906,9,7,5.677777777777778,0.6992277486230393
CHEMBL2321646,Histone-lysine N-methyltransferase SETDB1,Q15047,9,7,2.74,1.1128454519833384
CHEMBL2390813,G-protein coupled receptor 35,Q9ES90,9,9,5.351111111111111,0.3249786317761694
CHEMBL2169725,Calcium-dependent protein kinase 4,Q8IBS5,9,6,7.416666666666667,0.7418220810949214
CHEMBL2169723,Cdc2-related kinase,O96526,9,9,6.53,1.0941663493271947
CHEMBL5169165,F-box/LRR-repeat protein 19,Q6PCT2,9,9,5.156666666666666,0.46572524088780076
CHEMBL5169136,RNA-binding protein FXR2,P51116,9,4,7.315555555555556,1.1442586149021459
CHEMBL5791,Elongation of very long chain fatty acids protein 3,Q9HB03,9,9,6.3244444444444445,0.615286744354027
CHEMBL3108652,DNA (cytosine-5)-methyltransferase 3A,O88508,9,2,5.696666666666666,0.340881210981186
CHEMBL3108646,Histone-lysine N-methyltransferase NSD3,Q9BZ95,9,7,5.022222222222222,1.7057606644674521
CHEMBL4663,Beta-glucosidase,P27034,9,8,5.681111111111111,1.2864043342243183
CHEMBL3137291,DNMT3A2/3L complex,Q9UJW3,9,9,5.084444444444444,0.6602482698029414
CHEMBL4662928,Coenzyme A biosynthesis bifunctional protein CoaBC,P9WNZ1,9,5,4.737777777777778,0.37837738363232587
CHEMBL4680038,Splicing factor 45,Q96I25,9,9,5.9511111111111115,0.5238426396458306
CHEMBL5169197,CXXC-type zinc finger protein 4,Q9H2H0,9,9,5.145555555555556,0.540395945375035
CHEMBL3325309,SPRY domain-containing SOCS box protein 2,O88838,9,5,7.125555555555555,0.5121306256979538
CHEMBL4879520,Pannexin-1,Q9JIP4,9,9,5.332222222222222,0.877422044653794
CHEMBL4105711,"Opioid receptor, delta 1b",B3DH72,9,9,6.493333333333333,0.43563172519916415
CHEMBL3137291,DNMT3A2/3L complex,Q9Y6K1,9,9,5.084444444444444,0.6602482698029414
CHEMBL5169236,Plasmepsin IX,Q8ILG2,9,8,7.652222222222223,0.8394012416266992
CHEMBL3334416,Transcriptional enhancer factor TEF-1,P28347,9,7,5.986666666666667,1.377788082398741
CHEMBL3124734,Interleukin-6 receptor subunit beta,P40189,9,9,5.1466666666666665,0.3522782990761707
CHEMBL1293305,Genome polyprotein,Q2Q167,9,9,4.633333333333334,0.35836433974378656
CHEMBL2046263,Neuraminidase,P0DOF9,9,6,7.90888888888889,1.0235043288189412
CHEMBL3562177,Beta-lactamase,O31272,9,9,5.685555555555556,0.1449233513888556
CHEMBL3596084,Tumor necrosis factor ligand superfamily member 11,O35235,9,9,5.597777777777778,0.548606821361569
CHEMBL5771,ALK tyrosine kinase receptor,P97793,9,9,6.775555555555556,1.8044051035667619
CHEMBL2432,Aminopeptidase B,Q9H4A4,9,9,6.383333333333334,1.4931845163944075
CHEMBL5226,Urotensin II receptor,Q533H1,9,9,6.088888888888889,0.32956199888808674
CHEMBL3698,Prion protein,P04925,9,9,5.006666666666667,1.0102722405371727
CHEMBL1075234,"Phosphoenolpyruvate carboxykinase, cytosolic [GTP]",P07379,9,9,5.287777777777778,0.2021000852163216
CHEMBL3770,Sodium/hydrogen exchanger 2,P50482,9,3,5.466666666666666,1.0331989159885913
CHEMBL6021,Candidapepsin-2,P0CS83,9,9,6.55,0.7473285756613351
CHEMBL2189138,Protein phosphatase methylesterase 1,Q8BVQ5,9,9,5.601111111111111,0.3649467236612914
CHEMBL4879430,Bifunctional peptidase and (3S)-lysyl hydroxylase JMJD7,P0C870,9,7,4.943333333333333,0.5306599664568638
CHEMBL3879821,C-C chemokine receptor type 10,Q9JL21,9,7,5.800000000000001,0.9886859966642594
CHEMBL2853,"Inositol 1,4,5-trisphosphate receptor type 3",Q8WN95,9,9,6.050000000000001,1.030788533114334
CHEMBL4523438,Sclerostin,Q99P67,9,9,7.5,0.5777326371255133
CHEMBL2375,GABA receptor rho-2 subunit,P28476,9,8,4.926666666666667,0.8028542831672506
CHEMBL2021752,Kinesin-like protein KIF20B,Q96Q89,9,3,4.932222222222222,0.30260443559942135
CHEMBL3883294,Glutamate receptor AMPA 1/2,P42262,9,7,5.057777777777777,0.46159445885370437
CHEMBL3883294,Glutamate receptor AMPA 1/2,P42261,9,7,5.057777777777777,0.46159445885370437
CHEMBL4295620,Bifunctional glucose-6-phosphate 1-dehydrogenase/6-phosphogluconolactonase,Q8IKU0,9,9,4.816666666666666,0.9187083323884677
CHEMBL4295618,Enoyl-(Acyl-carrier-protein) reductase II,Q8E1K8,9,9,5.482222222222223,0.24833333333333332
CHEMBL4296246,Cryptochrome-1,Q16526,9,9,4.88,0.3712478956169314
CHEMBL4523506,START domain-containing protein 10,Q9Y365,9,9,4.752222222222222,0.16619098785567302
CHEMBL3217399,Vitamin D3 receptor A,Q9PTN2,9,5,7.705555555555555,1.9439142928065984
CHEMBL4751,Cysteine protease,Q95WR6,9,9,5.046666666666667,1.3791392242989828
CHEMBL4523483,Pendrin,Q9R155,9,6,5.337777777777777,0.23036806298713508
CHEMBL4523448,Programmed cell death 1 ligand 1,Q9EP73,9,8,6.89,1.1214388079605593
CHEMBL3112380,UDP-N-acetylmuramoyl-tripeptide--D-alanyl-D-alanine ligase,Q9ZHC3,9,9,4.285555555555556,0.18201037821447888
CHEMBL2366479,"Protoporphyrinogen oxidase 1, chloroplastic",P55826,9,9,6.378888888888889,1.462074249520561
CHEMBL3136,Sarcoplasmic/endoplasmic reticulum calcium ATPase 1,O14983,9,9,7.3500000000000005,1.8478568667513184
CHEMBL3425389,Serine/threonine-protein phosphatase 5,P53041,9,8,7.447777777777778,1.5717965658584587
CHEMBL3916,Acetylcholine receptor protein delta chain,P02718,9,7,5.76111111111111,1.8816644523163826
CHEMBL1949490,Midkine,P21741,9,9,7.026666666666667,0.9630160954002794
CHEMBL3901,Sarcoplasmic/endoplasmic reticulum calcium ATPase 2,P16615,9,8,6.510000000000001,1.5052657572668025
CHEMBL5291588,Sphingomyelinase C,P11889,9,6,5.268888888888889,0.8343626975788832
CHEMBL1932893,40S ribosomal protein S27,P42677,9,7,6.466666666666667,0.9362691920596338
CHEMBL3463,Human immunodeficiency virus type 2 integrase,P89582,9,6,6.211111111111111,0.9454158403110832
CHEMBL4295585,Serine/threonine-protein kinase PknA,P9WI83,9,9,7.113333333333333,1.1101351269102333
CHEMBL4295579,Rhomboid protease GluP,P54493,9,9,5.418888888888889,0.4403533934365795
CHEMBL1697670,Placenta growth factor,P49764,9,9,7.676666666666667,1.2822928682637207
CHEMBL3451,Glutamate (NMDA) receptor subunit zeta 1,O19067,9,3,6.002222222222222,0.9811699365779839
CHEMBL5397,Low molecular weight phosphotyrosine protein phosphatase,P40347,9,9,4.712222222222222,0.3426652075195911
CHEMBL1075217,Cathepsin S,Q02765,9,9,6.987777777777778,1.0351422339197855
CHEMBL1075204,Lanosterol synthase,Q96WJ0,9,9,5.464444444444444,0.7173756183323894
CHEMBL4809,Tryptophan 5-monooxygenase 1,P09810,9,9,6.395555555555556,0.914126784301706
CHEMBL4879,Fatty acid binding protein intestinal,P12104,9,9,5.061111111111111,0.579168465225025
CHEMBL1852,DNA-directed RNA polymerase beta chain,P0A8V2,9,9,5.43,0.8531705573916625
CHEMBL5479,Hepatocyte growth factor,P14210,9,5,6.756666666666667,0.49459579456360137
CHEMBL4106135,RyR1/FKBP12,P21817,9,9,4.834444444444444,0.37878460604646774
CHEMBL5496,P2X purinoceptor 1,P51576,9,9,6.811111111111111,0.5340750051360865
CHEMBL5490,Rho-associated protein kinase 2,Q62868,9,9,6.512222222222222,0.5918145355129802
CHEMBL1795103,Matrix metalloproteinase-25,Q9NPA2,9,9,7.133333333333334,1.127741105041401
CHEMBL3885610,Neuronal acetylcholine receptor subunit alpha-4/alpha-6/beta-2/beta-3,Q8BMN3,9,9,6.421111111111111,1.0126875683601095
CHEMBL3885610,Neuronal acetylcholine receptor subunit alpha-4/alpha-6/beta-2/beta-3,O70174,9,9,6.421111111111111,1.0126875683601095
CHEMBL4299,Subtilisin,P00780,9,9,4.475555555555555,0.41237456005163264
CHEMBL5577,Galanin receptor 2,O08726,9,9,6.325555555555556,0.8975398474595864
CHEMBL4106135,RyR1/FKBP12,P62942,9,9,4.834444444444444,0.37878460604646774
CHEMBL3885610,Neuronal acetylcholine receptor subunit alpha-4/alpha-6/beta-2/beta-3,Q9R0W9,9,9,6.421111111111111,1.0126875683601095
CHEMBL3885610,Neuronal acetylcholine receptor subunit alpha-4/alpha-6/beta-2/beta-3,Q9ERK7,9,9,6.421111111111111,1.0126875683601095
CHEMBL4523248,Taste receptor type 2 member 38,P59533,9,9,5.497777777777778,1.2965413392732392
CHEMBL4523228,Transcription factor SOX-18,P43680,9,8,4.496666666666666,0.3555980877338912
CHEMBL6107,Neprilysin,P19621,9,9,6.8566666666666665,0.7061692431705023
CHEMBL1075181,Pyridoxal kinase,O00764,9,9,5.262222222222222,0.8162379827258991
CHEMBL1075040,UDP-3-O-[3-hydroxymyristoyl] N-acetylglucosamine deacetylase,O67648,9,9,5.157777777777778,0.4502159975438949
CHEMBL1075103,"ATP synthase subunit beta, mitochondrial",P00830,9,9,5.995555555555556,0.5423124355736075
CHEMBL1075105,Protein tyrosine phosphatase type IVA 2,Q12974,8,6,6.12,1.1393857994551275
CHEMBL3779754,"Steroid 17-alpha-hydroxylase/17,20 lyase",Q2XVA1,8,3,8.4325,0.4093112682124864
CHEMBL5978,Cytochrome P450 2E1,P05182,8,8,4.93375,0.5117738758475273
CHEMBL1075306,Serine racemase,Q9QZX7,8,5,4.2875,0.24823663825355946
CHEMBL4523219,Insulin receptor substrate 1,P35568,8,8,6.15,1.0661948361211606
CHEMBL3091267,Protein Gpr39,A6QR73,8,7,8.44375,1.331593433232746
CHEMBL2390811,Thioredoxin reductase,P9WHH1,8,8,4.5425,0.3666742423459822
CHEMBL4523295,Glycine N-methyltransferase,Q14749,8,8,6.405,0.800874522007037
CHEMBL1169597,"6-phosphogluconate dehydrogenase, decarboxylating",P00349,8,6,5.33375,1.1721523243284433
CHEMBL3020,Protein kinase C beta,P68403,8,3,6.32875,1.68170353680852
CHEMBL4296044,Gamma-aminobutyric acid receptor subunit alpha-1/beta-2/delta,P47870,8,4,5.1925,0.6736626964374891
CHEMBL2150841,DNA topoisomerase 4 subunit B,P0C1S7,8,7,6.675,0.8907139993125899
CHEMBL2483,Cytochrome P450 2D2,P10634,8,8,5.73375,0.8609286929158038
CHEMBL4739686,Na(+)/H(+) exchange regulatory cofactor NHE-RF2,Q15599,8,4,5.53125,0.3984770113462366
CHEMBL4105816,Acyl-CoA dehydrogenase family member 10,Q6JQN1,8,8,5.87375,0.8422917292380696
CHEMBL4105810,Dedicator of cytokinesis protein 2,Q92608,8,7,7.2575,1.1435377437708698
CHEMBL4916,"Fructose-bisphosphate aldoloase, glycosomal",P07752,8,8,4.78,0.47394996722077276
CHEMBL4907,cGMP-gated cation channel alpha 1,Q00194,8,4,6.56625,1.944170315143638
CHEMBL3232693,CD44 antigen,P15379,8,8,3.66,1.1398746798285704
CHEMBL4879431,Putative alpha-1-antitrypsin-related protein,P20848,8,8,5.995,1.5364802076731832
CHEMBL3219,Cholesterol esterase,P19835,8,8,6.495,0.9978691583283136
CHEMBL4457,Neuronal acetylcholine receptor protein alpha-4 subunit,O70174,8,8,7.828749999999999,1.555831771111517
CHEMBL4254,Penicillopepsin,P00798,8,7,5.615,0.9284703241661216
CHEMBL5133,ADAMTS1,Q9UHI8,8,7,5.83875,0.7484161848291935
CHEMBL3988629,Casein kinase 2,P67874,8,8,6.46875,0.8879903072186573
CHEMBL3988629,Casein kinase 2,P19139,8,8,6.46875,0.8879903072186573
CHEMBL3286082,"Delta-aminolevulinic acid dehydratase, chloroplastic",P30124,8,8,4.34125,0.3470462093562921
CHEMBL5016,Phospholipase A2 group 1B,P04055,8,7,4.88125,0.5646601379844087
CHEMBL3259512,Penicillin-binding protein 1A,Q07806,8,8,7.06375,0.6599120612410628
CHEMBL2604,Isoleucyl-tRNA synthetase,O35880,8,8,6.9525,1.437077888335513
CHEMBL4974,HPr kinase,O34483,8,5,4.73375,0.360394129490796
CHEMBL4296044,Gamma-aminobutyric acid receptor subunit alpha-1/beta-2/delta,P14867,8,4,5.1925,0.6736626964374891
CHEMBL4296044,Gamma-aminobutyric acid receptor subunit alpha-1/beta-2/delta,O14764,8,4,5.1925,0.6736626964374891
CHEMBL3627581,Serine/threonine-protein kinase N3,Q6P5Z2,8,6,6.925,1.1423159432861443
CHEMBL3821,Cysteine proteinase B,P36400,8,7,5.58125,0.9748177485341263
CHEMBL3635,Neutral alpha-glucosidase C,Q8BVW0,8,7,5.13,0.9350935782048766
CHEMBL3608197,"LIP1, secretory lipase (Family 3)",A8PUY1,8,6,4.63625,0.8859367520153051
CHEMBL2073664,Solute carrier family 22 member 1,O08966,8,8,5.5,0.8059776671843955
CHEMBL5159,DNA polymerase iota,Q6R3M4,8,8,4.55125,0.3959955807834221
CHEMBL4105866,DEP domain-containing mTOR-interacting protein,Q8TB45,8,8,5.95125,0.39433261884570775
CHEMBL2596,Progesterone receptor,Q63449,8,7,7.3875,1.4122803242577993
CHEMBL2663,S-methyl-5-thioadenosine phosphorylase,Q9CQ65,8,8,5.32125,0.4062173063767716
CHEMBL3988590,PC4 and SFRS1-interacting protein,O75475,8,6,5.77625,0.5018803926947419
CHEMBL3308948,Killer cell lectin-like receptor subfamily B member 1A,P27471,8,7,5.85,0.8831760866327848
CHEMBL1293295,Ubiquitin carboxyl-terminal hydrolase 14,P54578,8,4,5.3775,0.5132459727766295
CHEMBL4520,Dipeptidyl peptidase III,Q9NY33,8,8,5.21375,0.8473983293418912
CHEMBL4523330,Disabled homolog 2-interacting protein,Q5VWQ8,8,6,6.43875,0.4744752740810481
CHEMBL4296096,D(2) dopamine receptor/Metabotropic glutamate receptor 5,P41594,8,7,7.28,1.3474208166504096
CHEMBL4296096,D(2) dopamine receptor/Metabotropic glutamate receptor 5,P14416,8,7,7.28,1.3474208166504096
CHEMBL4296082,Toll-like receptor 4/Ly96,Q9QUK6,8,4,5.71375,0.46662733677804547
CHEMBL4296082,Toll-like receptor 4/Ly96,Q9JHF9,8,4,5.71375,0.46662733677804547
CHEMBL1641344,Inositol phosphorylceramide synthase catalytic subunit AUR1,P36107,8,3,7.29875,1.9971725549600647
CHEMBL3879835,Probable G-protein coupled receptor 88,Q9EPB7,8,7,6.1875,0.9139982807111054
CHEMBL3867,Alcohol dehydrogenase class IV,P40394,8,8,4.68,0.6520736154760443
CHEMBL3341581,Prostaglandin E synthase,A0SYQ0,8,7,6.46375,1.0303250180681545
CHEMBL5216,Uridine 5'-monophosphate synthase,P11172,8,8,5.755,1.4705392596886742
CHEMBL2044,Gamma-amino-N-butyrate transaminase,P80404,8,8,4.6899999999999995,0.4466382364797197
CHEMBL4105900,Glutaminyl-peptide cyclotransferase,Q9CYK2,8,8,7.64875,0.27673801432298495
CHEMBL4105897,Opioid receptor homologue,O57585,8,8,6.40875,0.34190380852765323
CHEMBL5169202,Galactokinase,Q9R0N0,8,8,5.6025,0.5979906831572355
CHEMBL2062357,Max-like protein X,Q9UH92,8,8,7.2924999999999995,0.4917243711093208
CHEMBL2071,Sulfonylurea receptor 1,Q09428,8,5,7.4575,1.025750596253439
CHEMBL5169170,CXXC-type zinc finger protein 5,Q7LFL8,8,8,4.525,0.3688205138391459
CHEMBL5169156,Palmitoyltransferase ZDHHC20,Q5W0Z9,8,8,5.3725,0.38588488290828776
CHEMBL1671612,Cytochrome b-c1 complex subunit 7,P14927,8,8,5.0625,0.3377974879378809
CHEMBL4523401,Inositol polyphosphate multikinase,Q8NFU5,8,8,5.30125,0.4616256213488525
CHEMBL2375207,"Alpha-1,3-mannosyl-glycoprotein 2-beta-N-acetylglucosaminyltransferase",P26572,8,7,6.395,1.0528600503933494
CHEMBL3559679,G protein-coupled receptor,Q9IP65,8,4,5.9037500000000005,0.41348475528989365
CHEMBL1681631,Acyl-protein thioesterase 1,O75608,8,7,7.21625,0.9757625223382993
CHEMBL5594,Cytochrome P450-cam,P00183,8,8,5.1425,0.6143230885640365
CHEMBL2040703,Thrombin,Q28731,8,8,5.18625,1.310288272535039
CHEMBL2658,Neuronal acetylcholine receptor subunit beta-4,P12392,8,8,8.18875,1.2468753804152661
CHEMBL2686,"Tryptophan 2,3-dioxygenase",P21643,8,7,7.37,0.17566201313073593
CHEMBL2680,Beta-galactosidase,D3ZUM4,8,7,4.845,0.36854927951167094
CHEMBL4630759,TEL/KDR,P41212,8,8,5.7775,0.2469094686606525
CHEMBL4630759,TEL/KDR,P35968,8,8,5.7775,0.2469094686606525
CHEMBL2069163,Dual specificity testis-specific protein kinase 2,Q96S53,8,8,6.66,1.0585839598255773
CHEMBL2064,GABA-B receptor 1,Q9UBS5,8,7,5.99125,1.7726689925484838
CHEMBL4106152,CDK2/Cyclin O,P24941,8,5,7.99125,0.8978456357939739
CHEMBL4106152,CDK2/Cyclin O,P22674,8,5,7.99125,0.8978456357939739
CHEMBL3885508,Nicotinic acetylcholine receptor alpha-1/beta-1,P02708,8,8,4.9525,0.28734001759985645
CHEMBL4523945,Serine--tRNA ligase,P95689,8,8,5.6225000000000005,0.9227714467066815
CHEMBL2366514,Ace-orthologous acetylcholinesterase,Q9NJH6,8,8,7.38875,1.444234226155854
CHEMBL2366413,Cycloeucalenol cycloisomerase,B6TK44,8,8,6.6075,0.8413551993234316
CHEMBL5551,Sodium/nucleoside cotransporter 1,O00337,8,5,4.8625,0.5813223841258088
CHEMBL3885508,Nicotinic acetylcholine receptor alpha-1/beta-1,P11230,8,8,4.9525,0.28734001759985645
CHEMBL1770033,Solute carrier family 22 member 3,O88446,8,8,4.7625,0.681463760696677
CHEMBL1764934,Hemagglutinin-neuraminidase,Q06992,8,8,4.5600000000000005,0.6363961030678927
CHEMBL1744523,SGLT1 protein,Q9QXI6,8,6,5.62875,0.4063227956756971
CHEMBL2006,DNA-directed RNA polymerase beta chain,P9WGY9,8,8,6.69625,1.1468333731254448
CHEMBL2034804,Taste receptor type 2 member 31,P59538,8,8,5.5125,1.2195403115225718
CHEMBL2034798,Mast/stem cell growth factor receptor Kit,P05532,8,8,6.97875,0.6895430681669874
CHEMBL5223,"Farnesyltransferase, putative",Q4Q5W4,8,8,6.8375,0.9086056821934838
CHEMBL3968,Phospholipase A2 isozyme CM-I,P00602,8,8,4.32,0.34322004603461037
CHEMBL5504,Galanin receptor 1,Q62805,8,8,7.89625,0.49819495610224135
CHEMBL3525,Integrin alpha-3,P26006,8,7,6.6825,0.3533816229355615
CHEMBL2366492,"Sterol-8,7-isomerase",Q2TU57,8,8,6.36125,0.640099043675497
CHEMBL4297,Serotonin 1d (5-HT1d) receptor,Q61224,8,6,7.7787500000000005,1.545883358194549
CHEMBL1795087,Ubiquitin carboxyl-terminal hydrolase 1,O94782,8,8,5.82125,0.2915200311666909
CHEMBL1795153,Thymidylate synthase (EC 2.1.1.45) (TS) (TSase),E2QDN0,8,8,6.62375,1.2042892094509525
CHEMBL5444,Tubulin beta-5 chain,P07437,8,6,5.13875,0.2910295763074848
CHEMBL1908384,SNF-related serine/threonine-protein kinase,Q9NRH2,8,6,6.84875,0.9529568645611856
CHEMBL1909490,Interleukin-1 beta,P01584,8,8,5.1075,0.4947077059089685
CHEMBL2366439,Ryanodien receptor,H9CNL0,8,8,7.08125,1.2199348636007463
CHEMBL2364172,Integrin alpha-L/beta-2 (LFA-1),P20701,8,8,7.157500000000001,1.5088571834338729
CHEMBL2364172,Integrin alpha-L/beta-2 (LFA-1),P05107,8,8,7.157500000000001,1.5088571834338729
CHEMBL5405,Serine/threonine-protein kinase 32C,Q86UX6,8,5,6.44625,0.6172505279752415
CHEMBL2750,Rous sarcoma virus integrase,P03354,8,8,4.89375,0.5644197399605566
CHEMBL5352,Protective antigen,P13423,8,2,5.88,0.2221968239454126
CHEMBL1938223,TP53-regulating kinase,Q96S44,8,8,5.995,0.6079238674138634
CHEMBL3396943,DNA-3-methyladenine glycosylase,P29372,8,6,5.2125,0.947051816352803
CHEMBL1075043,Guanyl-specific ribonuclease T1,P00651,8,8,5.2175,0.6557601913591804
CHEMBL3085619,Bromodomain-containing protein 4,Q9ESU6,8,4,4.975,0.482108464381794
CHEMBL3745587,Suppressor of tumorigenicity 14 protein homolog,P56677,8,8,7.30875,0.7412814676529517
CHEMBL1075174,Beta-lactamase SHV-5,P0A3M1,8,7,4.98875,0.6707019244258744
CHEMBL1075220,Dehydrogenase/reductase SDR family member 9,Q8VD48,8,8,4.4525,0.4940430866114529
CHEMBL3682,Integrin alpha-1,P56199,8,8,4.71375,0.15720209922262476
CHEMBL1075277,Cathepsin K,P55097,8,8,6.01,0.6433172956303469
CHEMBL1075270,Aldo-keto reductase family 1 member C21,Q91WR5,8,5,4.75375,0.2909559367719742
CHEMBL3707462,Methyl-CpG-binding domain protein 2,Q9UBB5,8,8,6.04875,1.0430372887458463
CHEMBL3708,Presenilin 2,P49810,8,7,8.254999999999999,0.45175846896955274
CHEMBL2529,Voltage-gated L-type calcium channel alpha-1C subunit,Q01815,8,6,6.265000000000001,1.8715692422594012
CHEMBL2523,ADAM17,Q9Z1K9,8,7,7.955,0.34801477801134495
CHEMBL4739842,Formyl peptide receptor 2,O88536,8,6,8.30375,0.9999276759560445
CHEMBL4799,Adenylate kinase 3 alpha like 1,P29411,8,6,5.23375,1.4150914912370254
CHEMBL2189140,Aminopeptidase N,P97449,8,7,6.27375,1.6920143320905998
CHEMBL4859,DNA polymerase,P09252,8,6,6.0,0.7198214064216603
CHEMBL3208,Cellular retinoic acid-binding protein I,P62965,8,6,8.87,0.9520504188329523
CHEMBL2981,Carnitine palmitoyltransferase 1A,Q9MYX2,8,8,6.16875,0.18719260516529834
CHEMBL4295971,Short transient receptor potential channel 4,Q9UBN4,8,6,7.7225,2.393835833970241
CHEMBL4295922,Far upstream element-binding protein 1,Q96AE4,7,6,4.5842857142857145,0.44094055316853237
CHEMBL4295926,Lysyl oxidase homolog 4,Q96JB6,7,7,5.824285714285715,1.0766128543237992
CHEMBL613815,Mitochondrial complex II; succinate dehydrogenase,G4XX53,7,6,7.471428571428571,0.9613086318733884
CHEMBL2270,cAMP-dependent protein kinase type II-beta regulatory subunit,P31323,7,7,6.771428571428571,0.2778146007339292
CHEMBL4813,Cytochrome P450 11A1,P00189,7,4,4.737142857142857,0.6841226567829849
CHEMBL3214,"Beta-1,4-galactosyltransferase 1",P08037,7,7,4.79,0.5228129047119371
CHEMBL4753,Beta-galactosidase,P29853,7,4,4.7871428571428565,0.3229403601138703
CHEMBL3708585,14-3-3 protein eta,Q04917,7,7,4.764285714285714,1.0704961021703463
CHEMBL5995,Cytohesin-2,Q99418,7,6,2.8299999999999996,0.38991452054691844
CHEMBL1075203,Probable thymidylate synthase,O41156,7,5,6.488571428571428,0.7494537693420136
CHEMBL1075227,Potassium voltage-gated channel subfamily D member 2,Q63881,7,6,5.064285714285715,0.2792165911293683
CHEMBL3085612,Thymidylate synthase,P13100,7,7,5.104285714285714,0.691588922767881
CHEMBL613815,Mitochondrial complex II; succinate dehydrogenase,O42772,7,6,7.471428571428571,0.9613086318733884
CHEMBL5312,Multifunctional protein ADE2,P38024,7,7,5.9157142857142855,1.7311831902185393
CHEMBL2752,Sodium channel protein type VIII alpha subunit,O88420,7,7,5.012857142857143,1.4575060238379156
CHEMBL2696,Serotonin 4 (5-HT4) receptor,Q6Q253,7,7,9.814285714285715,0.5610364558225289
CHEMBL2366421,Tubulin alpha 4a,C5ISA2,7,5,4.728571428571429,0.3403149801496926
CHEMBL2364673,"1,3-beta-glucan synthase",O13428,7,7,5.031428571428571,0.347727315168489
CHEMBL3885613,Nuclear receptor subfamily 4 group A member 2/Retinoic acid receptor RXR-alpha,P19793,7,6,7.6499999999999995,1.092016483392078
CHEMBL3885613,Nuclear receptor subfamily 4 group A member 2/Retinoic acid receptor RXR-alpha,P43354,7,6,7.6499999999999995,1.092016483392078
CHEMBL5421,"Fatty acid-binding protein, liver",P07148,7,6,4.7871428571428565,1.4563849569592315
CHEMBL3885640,Sodium/potassium-transporting ATPase subunit alpha-2/alpha-3,P06686,7,7,5.602857142857142,0.7903736307535039
CHEMBL3885640,Sodium/potassium-transporting ATPase subunit alpha-2/alpha-3,P06687,7,7,5.602857142857142,0.7903736307535039
CHEMBL3472,Vesicular glutamate transporter 3,Q7TSF2,7,6,5.271428571428571,1.3277352719503055
CHEMBL1840,Penicillin-binding protein 2,P0AD65,7,7,6.451428571428571,1.4165854318445765
CHEMBL5478,Na(+)/H(+) antiporter nhaA,P13738,7,1,5.884285714285714,0.1961170690223183
CHEMBL2364674,"1,3-beta-glucan synthase",Q4WLT4,7,7,4.845714285714286,0.4075478353460342
CHEMBL3885550,Cyclin-Y/Cyclin-dependent kinase 16,Q00536,7,6,7.065714285714286,0.8868644605736388
CHEMBL2034794,Ephrin type-A receptor 3,P29319,7,7,5.777142857142857,1.124836496054935
CHEMBL2034796,Receptor-type tyrosine-protein kinase FLT3,Q00342,7,7,5.8,1.3461302562035617
CHEMBL3351219,Deoxyribonuclease-1,P24855,7,7,4.598571428571428,0.8408215936695208
CHEMBL5291568,Sentrin-specific protease 3,Q9H4L4,7,7,5.4557142857142855,0.14175767384955953
CHEMBL5273,Glycogen debranching enzyme,P35574,7,7,5.664285714285714,1.0917395468220603
CHEMBL3967,Phospholipase A2 isozyme DE-I,P00599,7,7,4.567142857142857,0.6702913368010033
CHEMBL2434817,Mitogen-activated protein kinase kinase kinase 11,Q80XI6,7,7,6.017142857142857,0.7351579033494389
CHEMBL2438,Eosinophil peroxidase,P11678,7,6,7.29,0.5350077881053072
CHEMBL2429,Spermidine synthase,Q99MI5,7,4,6.148571428571429,1.2518177259679697
CHEMBL3414416,Testis-specific serine/threonine-protein kinase 3,Q96PN8,7,6,7.048571428571429,0.9039990518326253
CHEMBL2021754,Neutral ceramidase,Q9NR71,7,6,5.852857142857142,1.0835084107612993
CHEMBL1744527,L-cysteine:1D-myo-inositol 2-amino-2-deoxy-alpha-D-glucopyranoside ligase,P9WJM9,7,6,4.968571428571429,1.596563273320004
CHEMBL1744528,3 beta-hydroxysteroid dehydrogenase/Delta 5-->4-isomerase,P9WQP7,7,7,4.942857142857143,0.6552280591700946
CHEMBL1741191,SUMO-conjugating enzyme UBC9,P63279,7,7,4.872857142857143,0.284997911437627
CHEMBL2366464,Histidinol dehydrogenase,P06988,7,6,5.421428571428572,1.6617904859059758
CHEMBL4538,Cytochrome P450 monooxygenase,Q9FH76,7,4,6.357142857142857,0.3648613565778231
CHEMBL2366515,Protoporphyrinogen IX oxidase,Q9SPL6,7,7,5.368571428571428,0.9484624148488708
CHEMBL2366557,Photosystem Q(B) protein,Q9XQA6,7,4,6.0842857142857145,0.7908193460552404
CHEMBL3559640,Hemagglutinin,B4URE7,7,7,6.002857142857144,1.7951946439101831
CHEMBL3559647,Apical membrane antigen 1,Q7KQK5,7,5,5.83,1.6126479260313868
CHEMBL5633,Beta-lactamase,P00808,7,7,5.894285714285714,0.45923331553278895
CHEMBL3885550,Cyclin-Y/Cyclin-dependent kinase 16,Q8ND76,7,6,7.065714285714286,0.8868644605736388
CHEMBL5587,Cyclic AMP-responsive element-binding protein 1,P16220,7,6,5.148571428571429,0.4816440100125323
CHEMBL4523458,Protein lin-28 homolog A,Q9H9Z2,7,6,5.251428571428571,0.20899988607880227
CHEMBL4523477,Rho guanine nucleotide exchange factor 12,Q9NZN5,7,2,6.0842857142857145,0.8450021132687012
CHEMBL4296117,von Hippel-Lindau disease tumor suppressor/Elongin-C/Elongin-B/HIF1A,P40337,7,7,5.3100000000000005,0.5931554040328162
CHEMBL4296117,von Hippel-Lindau disease tumor suppressor/Elongin-C/Elongin-B/HIF1A,Q15369,7,7,5.3100000000000005,0.5931554040328162
CHEMBL4296117,von Hippel-Lindau disease tumor suppressor/Elongin-C/Elongin-B/HIF1A,Q15370,7,7,5.3100000000000005,0.5931554040328162
CHEMBL4296117,von Hippel-Lindau disease tumor suppressor/Elongin-C/Elongin-B/HIF1A,Q16665,7,7,5.3100000000000005,0.5931554040328162
CHEMBL4296294,DNA-directed RNA polymerase subunit beta,B7UPE2,7,4,4.552857142857143,0.5750279496312705
CHEMBL4295646,Mannan-binding lectin serine protease 2,O00187,7,4,6.672857142857143,0.8600719792690664
CHEMBL2823,Heme oxygenase 1,P09601,7,7,5.894285714285714,0.9176756351939238
CHEMBL3341586,P-protein,P0A9J8,7,5,4.35,0.19527758021169064
CHEMBL3146,Fucosyltransferase 5,Q11128,7,4,4.53,0.42536259042531394
CHEMBL2364163,Complement C5,P01031,7,7,6.295714285714285,0.18155413727564781
CHEMBL4630804,Ataxin-2,O70305,7,7,6.577142857142857,0.7479909599657448
CHEMBL4630808,Complement factor B,P04186,7,7,6.737142857142857,0.493751431583217
CHEMBL4105932,Serine/threonine-protein kinase/endoribonuclease IRE2,Q76MJ5,7,6,6.612857142857143,0.7153254337645739
CHEMBL4105942,Diacylglycerol kinase zeta,Q13574,7,7,5.8999999999999995,0.5432924319983362
CHEMBL4295547,Protease,G1FEK8,7,7,5.992857142857143,0.8942914194249787
CHEMBL3885522,Baculoviral IAP repeat-containing protein 3/Mucosa-associated lymphoid tissue lymphoma translocation protein 1,Q13489,7,7,9.612857142857141,1.2439817025143398
CHEMBL3885522,Baculoviral IAP repeat-containing protein 3/Mucosa-associated lymphoid tissue lymphoma translocation protein 1,Q9UDY8,7,7,9.612857142857141,1.2439817025143398
CHEMBL3883314,Neuronal acetylcholine receptor subunit alpha-4/beta-2,O70174,7,4,5.622857142857143,0.5399603160021509
CHEMBL3883314,Neuronal acetylcholine receptor subunit alpha-4/beta-2,Q9ERK7,7,4,5.622857142857143,0.5399603160021509
CHEMBL3879828,Fumarate reductase,F1KRD8,7,7,6.478571428571429,0.9569644467695505
CHEMBL5670,Fe(3+)-Zn(2+) purple acid phosphatase,P80366,7,7,4.601428571428571,0.5191797560071261
CHEMBL3879849,Yersiniabactin biosynthetic protein,A0A2S9PH42,7,4,6.082857142857143,0.8388626086496382
CHEMBL4523370,Adenosine deaminase,Q86GS5,7,3,9.331428571428571,0.8161174051860541
CHEMBL3581,Corticotropin releasing factor receptor 2,P47866,7,7,9.038571428571428,0.1840677928942274
CHEMBL1649059,Serine/threonine-protein kinase VRK2,Q86Y07,7,7,5.8342857142857145,0.802534675114979
CHEMBL3308919,Alpha-tocopherol transfer protein,P49638,7,7,5.415714285714286,0.8102645070769002
CHEMBL4680043,Protein argonaute-2,Q9UKV8,7,7,5.367142857142857,0.7688674416680311
CHEMBL4662924,Chromo domain-containing protein 1,P32657,7,5,4.644285714285714,0.053184315625674744
CHEMBL4662931,ClpP1P2,P9WPC3,7,7,4.675714285714285,0.3631738400480383
CHEMBL4662931,ClpP1P2,P9WPC5,7,7,4.675714285714285,0.3631738400480383
CHEMBL2046258,Multidrug resistance-associated protein 5,O15440,7,6,5.394285714285714,1.3314009807073792
CHEMBL1641356,Aldehyde oxidase,P80456,7,7,5.2371428571428575,1.0336620061011927
CHEMBL3862,"Serine/threonine protein phosphatase 2A, catalytic subunit, alpha isoform",P67774,7,5,6.63,1.7883977931843538
CHEMBL5732,Beta-lactamase 1,P00809,7,6,7.335714285714286,2.737357954566514
CHEMBL4295683,Retinal dehydrogenase 2,O93344,7,2,7.244285714285715,0.5165222532430115
CHEMBL5799,Mu-type opioid receptor,Q9MYW9,7,6,9.06,1.3060755465643374
CHEMBL5814,Peroxisomal multifunctional enzyme type 2,P51659,7,7,4.201428571428571,0.12171395036841783
CHEMBL4384,"Beta-1,4-galactosyltransferase 1",P15291,7,7,5.022857142857143,0.59946404634235
CHEMBL2615,Renin,P06281,7,7,6.168571428571428,1.0640555839401837
CHEMBL4295535,Lysophosphatidic acid receptor 5,D4ADR1,7,7,6.431428571428571,0.4849889542188412
CHEMBL4295536,Putative amino acid permease/transporter,D5FGE8,7,3,5.267142857142857,0.23549340300132168
CHEMBL2311,Angiotensin-converting enzyme-related carboxypeptidase,Q5EGZ1,7,7,5.674285714285714,1.6716145602665822
CHEMBL4739,Mandelate racemase,P11444,7,6,5.304285714285714,0.48407496467858313
CHEMBL2346493,Frizzled-1,Q9UP38,7,5,8.72,0.5506057270558187
CHEMBL5154,Trypanothione reductase,Q389T8,7,7,4.432857142857143,0.2049157782858025
CHEMBL5156,Neutrophil elastase,Q3UP87,7,7,6.018571428571428,0.9899230369314674
CHEMBL3596074,"CMP-N-acetylneuraminate-beta-galactosamide-alpha-2,3-sialyltransferase 1",Q11201,7,6,5.335714285714286,0.5977138987524926
CHEMBL3008,Liver glycogen phosphorylase,Q9ET01,7,7,7.162857142857143,1.1427118955320612
CHEMBL1250415,Beta-hexosaminidase subunit alpha,P06865,7,7,5.204285714285715,1.1839884169317583
CHEMBL1293204,C-C chemokine receptor type 2,O55193,7,6,7.244285714285715,1.6467225747208418
CHEMBL1287624,Lethal(3)malignant brain tumor-like protein 4,Q8NA19,7,7,4.582857142857143,0.4567535544730983
CHEMBL1250380,Dual specificity protein phosphatase 5,Q16690,7,5,4.848571428571428,0.8604732916914308
CHEMBL3627592,Calcium/calmodulin-dependent protein kinase type 1B,Q6P2M8,7,6,7.114285714285714,1.5211712279562437
CHEMBL3832949,Protein translocase subunit SecA 1,O06446,7,3,5.508571428571429,0.6965493179818298
CHEMBL1250359,Plasma kallikrein,P26262,7,7,7.017142857142857,0.7645415682118331
CHEMBL4523103,Sodium channel protein type 1 subunit alpha,A2APX8,7,7,5.5928571428571425,0.7803357030943859
CHEMBL3261,Inositol-trisphosphate 3-kinase A,P17105,7,5,4.674285714285714,0.529334712724603
CHEMBL2146308,Protein disulfide-isomerase A6,Q15084,7,7,5.1085714285714285,0.7344709790370344
CHEMBL2146342,PTPsigma-(Brain),Q9UM81,7,7,6.277142857142857,0.41780036244257
CHEMBL2146296,Small ubiquitin-related modifier 1,P63165,7,4,4.968571428571429,0.5226033732327852
CHEMBL2111332,Serotonin 3 (5-HT3) receptor,O95264,7,5,7.768571428571429,1.7479171278165007
CHEMBL2111332,Serotonin 3 (5-HT3) receptor,P46098,7,5,7.768571428571429,1.7479171278165007
CHEMBL4232,Spermidine synthase,P19623,7,6,6.815714285714286,1.2815336793969057
CHEMBL2321641,Steroid Delta-isomerase,P07445,7,6,4.4071428571428575,0.3793289814797654
CHEMBL2505,Protein phosphatase 2A regulatory subunit B',Q15257,7,7,4.887142857142857,0.7738370691068046
CHEMBL4888440,Replicase polyprotein 1ab,P0C6X1,7,7,7.025714285714286,0.6169240132262952
CHEMBL4904,Proteasome component C5,P23724,7,7,4.571428571428571,0.3759622574775546
CHEMBL4739699,Fibroblast growth factor 14,Q92915,7,7,5.195714285714286,0.35103927334213075
CHEMBL5961,Ephrin type-B receptor 2,P54763,7,7,5.327142857142857,0.38138844090656804
CHEMBL4523301,Transcriptional enhancer factor TEF-4,Q15562,7,7,4.9799999999999995,0.5176549687452702
CHEMBL4131,Sodium/potassium-transporting ATPase alpha-1 chain,P05024,7,6,5.97,1.1897338637975583
CHEMBL2406,Protein farnesyltransferase/geranylgeranyltransferase type I alpha subunit,P29703,7,4,5.942857142857143,0.5357460308054645
CHEMBL1075303,Sodium- and chloride-dependent glycine transporter 1,P28571,7,7,7.614285714285714,0.4643223428774865
CHEMBL3638361,Aurora kinase B-B,Q6GPL3,7,6,8.412857142857144,0.18263937926181942
CHEMBL1075067,Endothiapepsin,P11838,7,7,4.615714285714286,1.246860820124646
CHEMBL4295913,Ectonucleotide pyrophosphatase/phosphodiesterase family member 1,Q924C3,7,7,4.875714285714286,0.45937846208607924
CHEMBL1075109,Anthranilate synthase component 1,P00898,7,5,4.3028571428571425,0.2562364979021199
CHEMBL2990,Alcohol dehydrogenase class II,P08319,6,6,4.5200000000000005,0.45795196254629156
CHEMBL4295857,Tyrosine-protein kinase JAK3,Q63272,6,6,4.666666666666667,0.7398017752524435
CHEMBL1075093,Farnesyl pyrophosphate synthase,P05369,6,6,4.655,0.6012237520258161
CHEMBL1075113,Toll-like receptor 3,O15455,6,6,5.148333333333333,0.5273866386880373
CHEMBL3091263,"GMP-stimulated 3',5'-cyclic nucleotide phosphodiesterase",B3VTJ2,6,6,9.406666666666666,0.37038718480350674
CHEMBL4523269,Chemokine-like receptor 1,P97468,6,6,6.198333333333333,0.7028347363830755
CHEMBL2401,Sarcoplasmic/endoplasmic reticulum calcium ATPase 3,Q93084,6,5,5.826666666666667,0.8408487775258205
CHEMBL2417352,Microtubule-associated serine/threonine-protein kinase 3,O60307,6,6,6.126666666666666,0.3907770037587508
CHEMBL4220,Nerve growth factor receptor Trk-A,P35739,6,4,6.531666666666666,1.3752296777871929
CHEMBL3038513,Toll-like receptor 4/MD-2/CD14,Q9Y6Y9,6,6,5.2749999999999995,0.9901464538137783
CHEMBL3097981,Fe(3+)-pyochelin receptor,P42512,6,6,7.498333333333334,1.1300870172985205
CHEMBL4119,Glutathione reductase,P41921,6,5,4.638333333333333,0.714182516354655
CHEMBL3093,Dihydroorotase,P27708,6,6,5.906666666666666,0.7360072463411391
CHEMBL3091270,"2-C-methyl-D-erythritol 2,4-cyclodiphosphate synthase",Q63T71,6,5,4.263333333333334,0.21933232015976686
CHEMBL3124731,"Presequence protease, mitochondrial",Q5JRX3,6,2,6.791666666666667,0.6880237399004969
CHEMBL4523428,Ubiquitin thioesterase OTUB1,Q96FW1,6,6,8.118333333333334,1.6539457871002499
CHEMBL4523666,TEL/AXL,P30530,6,6,7.773333333333333,0.7607014306984484
CHEMBL4523607,Neuronal acetylcholine receptor subunit alpha-6/beta-4,P43143,6,5,7.3,0.443621460256377
CHEMBL4523607,Neuronal acetylcholine receptor subunit alpha-6/beta-4,P12392,6,5,7.3,0.443621460256377
CHEMBL4523666,TEL/AXL,P41212,6,6,7.773333333333333,0.7607014306984484
CHEMBL2366453,Voltage-dependent calcium channel alpha-1 subunit,O18323,6,3,7.896666666666666,0.41577237362127206
CHEMBL2366491,Tubulin polymerization-promoting protein,Q27957,6,6,5.203333333333333,0.5755577005537035
CHEMBL4571,Neuropeptide FF receptor 1,Q9EP86,6,5,8.191666666666666,1.0735067147748385
CHEMBL3038513,Toll-like receptor 4/MD-2/CD14,P08571,6,6,5.2749999999999995,0.9901464538137783
CHEMBL3038513,Toll-like receptor 4/MD-2/CD14,O00206,6,6,5.2749999999999995,0.9901464538137783
CHEMBL4195,Phospholipase A2,Q7T3S7,6,6,4.631666666666667,0.793735892263079
CHEMBL2433,Prohormone convertase 2,P16519,6,6,7.91,1.586795512975758
CHEMBL4638,Chitinase,Q873X9,6,6,6.2749999999999995,1.230979284959743
CHEMBL4630818,Sterol regulatory element-binding protein 1,P36956,6,6,5.878333333333333,0.31460557316529986
CHEMBL4628,Glutamate dehydrogenase,P00366,6,6,4.825,0.5235551546876409
CHEMBL4105923,Ketohexokinase,Q02974,6,3,6.383333333333333,0.19221515722405091
CHEMBL3137293,Carboxylesterase 1D,Q8VCT4,6,6,6.3566666666666665,0.19242314483103828
CHEMBL3137292,Inorganic pyrophosphatase,P9WI55,6,6,4.276666666666666,0.15526321736543625
CHEMBL4662932,Shiga toxin 2,P09386,6,4,4.615,0.19460215826141258
CHEMBL4662932,Shiga toxin 2,P09385,6,4,4.615,0.19460215826141258
CHEMBL2353,Vitamin D receptor,O42392,6,6,8.571666666666667,1.24322832443066
CHEMBL2346487,Ribonucleoside-diphosphate reductase subunit alpha,P9WH75,6,6,4.868333333333333,0.5898954709663963
CHEMBL4105924,ELAV-like protein 3,Q14576,6,6,6.215,0.4049567878181572
CHEMBL2311233,Dynamin-2,P39052,6,6,4.821666666666666,0.3159377575831461
CHEMBL3038468,CDK1/Cyclin E,P24864,6,4,7.785,0.6924666056930108
CHEMBL3038468,CDK1/Cyclin E,P06493,6,4,7.785,0.6924666056930108
CHEMBL4494,Acyl-CoA:dihydroxyacetonephosphateacyltransferase,O15228,6,3,6.296666666666667,0.9667402270861943
CHEMBL2495,P2X purinoceptor 5,P51578,6,6,5.658333333333334,0.5379374189128941
CHEMBL3159,Trypsin II,P07478,6,6,4.698333333333333,0.5230838046304498
CHEMBL4739704,UDP-N-acetylglucosamine--dolichyl-phosphate N-acetylglucosaminephosphotransferase,Q9H3H5,6,6,5.984999999999999,1.2468480260240222
CHEMBL4739694,Potassium channel subfamily T member 1,Q6ZPR4,6,6,5.53,0.6035229904485828
CHEMBL4739685,DNA-binding protein Ikaros,Q13422,6,6,6.898333333333333,0.3977645869942003
CHEMBL2304408,Serotonin 1b (5-HT1b) receptor,Q9N2B7,6,6,5.6499999999999995,1.2820296408429877
CHEMBL3182,Prohormone convertase 1,P29120,6,6,8.245,0.8239842231499339
CHEMBL3172,Dihydropyrimidine dehydrogenase,Q12882,6,6,7.1066666666666665,0.44706449944797283
CHEMBL4739857,G protein-coupled receptor 34b,Q568G5,6,3,7.4383333333333335,1.1959668334308722
CHEMBL2242742,1-aminocyclopropane-1-carboxylate synthase 5,Q37001,6,4,6.478333333333333,1.056151819894596
CHEMBL2242730,Pyrroline-5-carboxylate reductase,P54904,6,3,5.2,1.3050976974924133
CHEMBL2258,Tyrosine-protein kinase Lyn,P25911,6,6,5.228333333333333,0.2569370869817486
CHEMBL4802063,Pantetheinase,Q9Z0K8,6,5,8.305,0.8630121667740265
CHEMBL4105799,Short transient receptor potential channel 7,Q9HCX4,6,5,6.52,0.37255872020394304
CHEMBL4105736,Neuropeptide Y receptor type 4,Q61041,6,3,7.033333333333334,2.350035460725362
CHEMBL4861,Subtilisin/kexin type 4,Q6UW60,6,6,6.206666666666667,0.12372011423639508
CHEMBL4855,Ketopantoate reductase,P0A9J4,6,6,4.401666666666666,1.4520663437552248
CHEMBL2210,Beta casein,P02665,6,6,9.121666666666666,0.9246711127026009
CHEMBL4879502,Proline-rich acidic protein 1,Q96NZ9,6,6,7.966666666666666,0.1873677311242965
CHEMBL4879455,Frizzled-2,Q08464,6,3,8.09,2.285904634931212
CHEMBL4879454,Frizzled-1,Q08463,6,3,7.256666666666667,1.3417699753186703
CHEMBL4879424,Protein Wiz,O95785,6,6,9.540000000000001,0.2953641819855616
CHEMBL2189150,Neuraminidase,Q20MD3,6,6,8.299999999999999,0.8891344105364498
CHEMBL3232683,Replicase polyprotein 1a,P0C6U6,6,6,4.431666666666667,0.17769824609901663
CHEMBL2176840,Trypanothione reductase,P39050,6,6,5.385000000000001,0.38234800901796245
CHEMBL4879516,"Presenilins-associated rhomboid-like protein, mitochondrial",Q9H300,6,6,5.510000000000001,0.572083909929304
CHEMBL4084,Cyclin-dependent kinase 1,P11440,6,6,6.403333333333333,0.8926962902727145
CHEMBL3243907,Oxytocin receptor,P97926,6,4,7.6000000000000005,0.5872648465556232
CHEMBL2169718,Histone-lysine N-methyltransferase EHMT2,Q9Z148,6,3,5.3133333333333335,0.3513213154174772
CHEMBL2176769,Spermine oxidase,Q9NWM0,6,4,6.326666666666667,1.7387773482153106
CHEMBL4971,Cytochrome P450 2C11,P08683,6,5,4.675,0.3808805587057446
CHEMBL2150839,Succinate receptor 1,Q6IYF9,6,6,7.081666666666667,0.5901666431328244
CHEMBL2150832,Farnesyl pyrophosphate synthase,Q4QBL1,6,6,7.391666666666667,0.6193679574103477
CHEMBL4965,7-dehydrocholesterol reductase,Q9Z2Z8,6,6,7.495,0.9676311280648221
CHEMBL5022,Phospholipase A2 isozyme PLA-A,P59264,6,6,4.645,0.7459155448172394
CHEMBL4985,Fucosyltransferase 9,Q9Y231,6,3,4.178333333333334,0.11771434350437783
CHEMBL4984,TNF-alpha,P06804,6,6,6.555,0.8711314481753026
CHEMBL3301,Prolyl 4-hydroxylase alpha-1 subunit,P54001,6,4,5.276666666666666,0.8941289988959457
CHEMBL3988639,Voltage-dependent N-type calcium channel alpha1B/alpha2b/beta1b,Q8CFG6,6,6,6.761666666666667,0.22157767637256826
CHEMBL3988639,Voltage-dependent N-type calcium channel alpha1B/alpha2b/beta1b,Q02294,6,6,6.761666666666667,0.22157767637256826
CHEMBL3988639,Voltage-dependent N-type calcium channel alpha1B/alpha2b/beta1b,P54283,6,6,6.761666666666667,0.22157767637256826
CHEMBL5058,Pre-mRNA-splicing factor 19,P32523,6,6,6.611666666666667,0.2535678738852118
CHEMBL2109237,Neuronal acetylcholine receptor; alpha6/beta2,Q15825,6,6,8.84,1.1422258970974177
CHEMBL2109237,Neuronal acetylcholine receptor; alpha6/beta2,P17787,6,6,8.84,1.1422258970974177
CHEMBL3988640,Voltage-dependent P/Q-type calcium channel alpha1A/alpha2delta/beta1b,Q02641,6,6,5.395,0.3304996217849572
CHEMBL3988640,Voltage-dependent P/Q-type calcium channel alpha1A/alpha2delta/beta1b,P54289,6,6,5.395,0.3304996217849572
CHEMBL3988640,Voltage-dependent P/Q-type calcium channel alpha1A/alpha2delta/beta1b,O00555,6,6,5.395,0.3304996217849572
CHEMBL2073708,Ileal sodium/bile acid cotransporter,P70172,6,6,8.706666666666667,0.8400396816024029
CHEMBL3988592,ADAM metallopeptidase with thrombospondin type 1 motif 4,A0A8C0SKI4,6,3,7.821666666666666,1.1972370970975907
CHEMBL4385,Isoprenylcysteine carboxyl methyltransferase,P32584,6,4,4.97,0.44586993619215903
CHEMBL3309000,G-protein coupled receptor Mth,O97148,6,4,7.298333333333333,0.4974501650081811
CHEMBL5169112,Bisphosphoglycerate mutase,P07738,6,6,7.233333333333333,0.40133111848779746
CHEMBL2073718,Monocarboxylate transporter 2,Q63344,6,6,4.653333333333333,0.5192943930629972
CHEMBL3309116,Cell cycle checkpoint protein RAD1,O60671,6,4,5.196666666666666,0.6332350800979571
CHEMBL5169200,14 kDa phosphohistidine phosphatase,Q9NRX4,6,5,4.441666666666666,0.45503479720419915
CHEMBL5169199,Sodium-dependent phosphate transport protein 2B,Q9JJ09,6,6,7.713333333333334,0.6830422144104028
CHEMBL5169189,Appetite-regulating hormone,Q9BDJ6,6,3,7.973333333333333,0.05819507424745319
CHEMBL5169184,Serine protease inhibitor A3N,Q91WP6,6,1,5.058333333333334,0.44915105105817843
CHEMBL5169241,Ribosomal RNA small subunit methyltransferase A,Q9I5U5,6,6,4.489999999999999,0.15924823389915532
CHEMBL5169229,Type II NADH:quinone oxidoreductase NdhA,P95200,6,6,6.601666666666667,0.6762075618230446
CHEMBL5169227,Carbon storage regulator,P69913,6,6,4.773333333333333,0.6083639261713883
CHEMBL3336,Protein-tyrosine phosphatase 1B,P35821,6,6,5.113333333333333,0.6684509455948631
CHEMBL3341585,"Salicylate synthetase, Irp9",Q9X9I8,6,4,4.783333333333333,0.7721571515350137
CHEMBL4295565,Glycoprotein,P03522,6,6,4.321666666666666,0.24935249480738444
CHEMBL4295552,C-C chemokine receptor type 6,H9YX08,6,6,7.548333333333333,1.2079638515562734
CHEMBL2034802,Proto-oncogene tyrosine-protein kinase ROS,Q78DX7,6,6,5.308333333333334,0.218944437396036
CHEMBL2034800,Tyrosine-protein kinase receptor Tie-1,Q06806,6,6,5.256666666666667,0.15187714333192695
CHEMBL2034799,Proto-oncogene tyrosine-protein kinase receptor Ret,P35546,6,6,6.1816666666666675,0.6155458282424358
CHEMBL2034797,Mitogen-activated protein kinase 9,Q9WTU6,6,6,5.425,0.19521782705480525
CHEMBL5219,IMI-1,Q46991,6,5,7.521666666666666,0.3256020065458235
CHEMBL3321651,P2Y purinoceptor 13,Q9BPV8,6,6,5.716666666666666,0.42561328300073814
CHEMBL3970,IgA protease,P09790,6,6,4.623333333333333,0.4412104562073148
CHEMBL3363,Protein-glutamine glutamyltransferase E,Q08188,6,6,4.823333333333333,1.5377212577924084
CHEMBL5303,PER-2 beta-lactamase,A2RP81,6,6,6.776666666666666,0.5623047809388309
CHEMBL3430883,Retinoic acid receptor alpha/Retinoid X receptor alpha,P19793,6,6,7.835000000000001,0.9361784018017082
CHEMBL3430883,Retinoic acid receptor alpha/Retinoid X receptor alpha,P10276,6,6,7.835000000000001,0.9361784018017082
CHEMBL1950,Antithrombin-III,P01008,6,6,7.983333333333334,1.0504221373651008
CHEMBL3431,Beta-mannosidase,Q4FZV0,6,6,4.628333333333333,0.4547270243417105
CHEMBL3430893,Integrin alpha-V/alpha-5,P08648,6,6,8.5,0.8999333308640147
CHEMBL3430893,Integrin alpha-V/alpha-5,P06756,6,6,8.5,0.8999333308640147
CHEMBL4340,Mevalonate pyrophosphate decarboxylase,P53602,6,6,7.126666666666668,0.7616735958838714
CHEMBL4295578,Proteasome subunit beta type-1,P38624,6,6,5.45,0.5168752267230459
CHEMBL3885662,Beta-lactamase,Q44079,6,2,4.713333333333334,0.49830378953673077
CHEMBL3908,"Lignostilbene alpha, beta-dioxygenase",O87171,6,5,5.181666666666667,0.504476626482007
CHEMBL1909482,14-3-3 protein sigma,P31947,6,6,5.533333333333334,0.11430952132988198
CHEMBL1914268,Estradiol 17-beta-dehydrogenase 2,Q62730,6,6,7.68,0.3716449918941462
CHEMBL1914267,Estradiol 17-beta-dehydrogenase 1,P51657,6,6,6.8183333333333325,0.7494909383486015
CHEMBL3885631,Retinoic acid receptor RXR-alpha/Retinoic acid receptor beta,P10826,6,6,7.551666666666667,0.9286639148080787
CHEMBL5458,Serine/threonine protein phosphatase PP1-alpha catalytic subunit,P62139,6,6,6.286666666666666,1.2449364106919951
CHEMBL1795200,4-diphosphocytidyl-2-C-methyl-D-erythritol kinase,Q8ZEY1,6,6,4.965,0.14597945060863865
CHEMBL3885591,Histone deacetylase 2/Nuclear receptor corepressor 2,Q9Y618,6,6,6.7700000000000005,1.7885301227544366
CHEMBL3885591,Histone deacetylase 2/Nuclear receptor corepressor 2,Q92769,6,6,6.7700000000000005,1.7885301227544366
CHEMBL3885590,Histone deacetylase 1/Nuclear receptor corepressor 2,Q9Y618,6,6,6.62,1.634992354722186
CHEMBL3885590,Histone deacetylase 1/Nuclear receptor corepressor 2,Q13547,6,6,6.62,1.634992354722186
CHEMBL3885631,Retinoic acid receptor RXR-alpha/Retinoic acid receptor beta,P19793,6,6,7.551666666666667,0.9286639148080787
CHEMBL2838,S-adenosylmethionine synthetase gamma form,P18298,6,6,4.538333333333333,0.4185888993591045
CHEMBL2836,Aminopeptidase B,Q8VCT3,6,6,4.62,0.3521931288370059
CHEMBL5542,DNA polymerase eta,Q9Y253,6,6,5.636666666666667,1.2223692840818055
CHEMBL5537,Group IID secretory phospholipase A2,Q9WVF6,6,6,6.2316666666666665,0.19072668053176697
CHEMBL3885568,Friend leukemia integration 1 transcription factor (Proto-oncogene Fli-1)/RNA-binding protein EWS,Q01844,6,6,6.323333333333333,0.5521110999306811
CHEMBL3885568,Friend leukemia integration 1 transcription factor (Proto-oncogene Fli-1)/RNA-binding protein EWS,Q01543,6,6,6.323333333333333,0.5521110999306811
CHEMBL5507,Proprotein convertase subtilisin/kexin type 6,Q63415,6,6,6.47,0.3070504844484045
CHEMBL3517,Elastase 1,P00772,6,6,5.206666666666667,1.1703617674320481
CHEMBL3885524,Bcl-2-like protein 11/Bcl-2-related protein A1,Q16548,6,2,5.781666666666666,0.42850515360572566
CHEMBL3885524,Bcl-2-like protein 11/Bcl-2-related protein A1,O43521,6,2,5.781666666666666,0.42850515360572566
CHEMBL3885517,Apoptotic protease-activating factor 1/Caspase-3/Caspase-9/Cytochrome c,P99999,6,6,4.7299999999999995,0.13175735273600483
CHEMBL3885517,Apoptotic protease-activating factor 1/Caspase-3/Caspase-9/Cytochrome c,P55211,6,6,4.7299999999999995,0.13175735273600483
CHEMBL3885517,Apoptotic protease-activating factor 1/Caspase-3/Caspase-9/Cytochrome c,P42574,6,6,4.7299999999999995,0.13175735273600483
CHEMBL3885517,Apoptotic protease-activating factor 1/Caspase-3/Caspase-9/Cytochrome c,O14727,6,6,4.7299999999999995,0.13175735273600483
CHEMBL1741265,"Dihydropteroate synthetase, putative",A0A113T0T6,6,6,4.616666666666667,0.20762145040112454
CHEMBL5585,Hepatocyte growth factor receptor,P16056,6,5,6.165,1.41757186766668
CHEMBL4296244,Eyes absent homolog 3,P97480,6,3,4.8933333333333335,0.1354498677248032
CHEMBL3883325,Integrin alpha-IIb/beta-3,Q9TUN4,6,6,4.128333333333333,0.23642475899674015
CHEMBL3883325,Integrin alpha-IIb/beta-3,Q9TUN3,6,6,4.128333333333333,0.23642475899674015
CHEMBL5639,Serine/threonine-protein kinase WNK2,Q9Y3S1,6,5,5.454999999999999,0.35993054885630366
CHEMBL1667698,Telomere resolvase resT,O50979,6,6,5.405,0.2911872249945041
CHEMBL1667685,Neuraminidase,Q2LFS1,6,2,8.783333333333333,0.48742862725394664
CHEMBL1681624,14-alpha sterol demethylase,Q96W81,6,5,6.628333333333333,0.7532440950094909
CHEMBL1681622,D-alanyl-D-alanine dipeptidase,Q06241,6,6,5.251666666666666,0.564744780114581
CHEMBL3585236,Sarcoplasmic/endoplasmic reticulum calcium ATPase 1,Q64578,6,6,4.586666666666667,0.22015146301277802
CHEMBL3588734,Inhibin beta A chain,Q04998,6,6,5.028333333333333,0.5878576925299751
CHEMBL1293284,Protein grpE,P09372,6,3,5.626666666666666,0.6499128146656798
CHEMBL3596083,Carbonic anhydrase,Q9HVB9,6,6,5.715,1.2677499753500296
CHEMBL3596079,Cysteinyl leukotriene receptor 2,Q2NNR4,6,6,7.845,0.23947860029656054
CHEMBL2869,AMP deaminase 1,P23109,6,6,4.986666666666667,0.7370662566327852
CHEMBL2867,Matrix metalloproteinase 11,P24347,6,6,7.111666666666667,1.9310351282839648
CHEMBL4296081,Heat shock protein HSP 90-beta/Hsp90 co-chaperone Cdc37,Q16543,6,6,5.385000000000001,0.30084879923310337
CHEMBL4296081,Heat shock protein HSP 90-beta/Hsp90 co-chaperone Cdc37,P08238,6,6,5.385000000000001,0.30084879923310337
CHEMBL3841,Voltage-gated potassium channel subunit Kv10.1,O95259,6,6,5.489999999999999,0.4882212613149901
CHEMBL3608200,Amiloride-sensitive sodium channel subunit alpha,Q61180,6,6,7.873333333333334,0.4026743928618592
CHEMBL5813,Tumor necrosis factor ligand superfamily member 10,P50591,6,2,5.953333333333333,0.4426586344652799
CHEMBL3832,ULK3 kinase,Q3U3Q1,6,6,6.52,1.102488095173821
CHEMBL5843,UDP-glucose 4-epimerase,Q14376,6,6,5.579999999999999,1.3259713420734247
CHEMBL1293199,Serine/threonine-protein kinase VRK1,Q99986,6,5,6.6499999999999995,0.4956611745940973
CHEMBL5863,4-hydroxyphenylpyruvate dioxygenase,P32755,6,5,6.55,1.3957077057894323
CHEMBL1255160,Histamine H4 receptor,Q91ZY3,6,4,6.838333333333334,0.7601162191840584
CHEMBL5851,Baculoviral IAP repeat-containing protein 8,Q96P09,6,6,8.325000000000001,0.3872854244610819
CHEMBL5924,Ubiquitin-like modifier-activating enzyme 1,P22314,6,6,5.425,1.1609263542533608
CHEMBL3822350,Receptor-interacting serine/threonine-protein kinase 2,G3V783,6,5,8.084999999999999,0.7141638467466687
CHEMBL1250381,Dual specificity protein phosphatase 6,Q16828,6,6,4.79,0.7421051138484359
CHEMBL3638327,Rho GDP-dissociation inhibitor 1,P52565,6,6,6.828333333333333,0.6192064814475593
CHEMBL3804748,RAF proto-oncogene serine/threonine-protein kinase,Q99N57,6,6,5.046666666666667,0.25656708024738234
CHEMBL1250350,Prolyl 4-hydroxylase subunit alpha-1,P13674,6,3,5.991666666666667,0.7474869006656013
CHEMBL1250343,Serine palmitoyltransferase 1,O15269,6,4,7.028333333333333,1.1304763007983254
CHEMBL293,GABA receptor alpha-6 subunit,P30191,6,5,4.703333333333333,0.7160633119121989
CHEMBL2950,Type 1 InsP3 receptor isoform S2,P79248,6,4,6.355,1.1266365873696809
CHEMBL1075292,Transcription factor HES-1,P35428,6,6,4.973333333333334,0.3793503218222789
CHEMBL3638346,Methyl-CpG-binding protein 2,P51608,6,6,5.175,0.6199919354314216
CHEMBL3781,Serotonin 3b (5-HT3b) receptor,Q9JHJ5,6,6,6.408333333333334,1.0866906950308663
CHEMBL3774302,"Pyruvate dehydrogenase E1 component subunit alpha, somatic form, mitochondrial",P29804,6,3,6.273333333333333,1.2621832936093973
CHEMBL5991,Caspase-14,P31944,6,6,4.9383333333333335,0.34666506409885994
CHEMBL1075299,Plasminogen,P20918,6,6,5.358333333333333,0.40464387634890375
CHEMBL1075295,Protein kinase C theta type,Q02111,6,5,6.5683333333333325,0.9777405927272665
CHEMBL1075268,Serotonin 6 (5-HT6) receptor,Q9R1C8,6,2,8.098333333333334,1.0434446160034883
CHEMBL1075249,Glucose-6-phosphate 1-dehydrogenase,P11412,6,6,5.919999999999999,1.1433459668884127
CHEMBL3711487,Beta-adrenergic receptor kinase 2,P26818,6,6,4.8999999999999995,0.5586770086552695
CHEMBL1075199,Glyceraldehyde-3-phosphate dehydrogenase,P46406,6,6,5.955000000000001,0.9081794976765328
CHEMBL1075198,C-X-C chemokine receptor type 2,P35344,6,6,5.71,0.31508728949292775
CHEMBL1075183,Potassium channel subfamily K member 2,Q8HY88,6,6,5.868333333333333,0.45525450757424335
CHEMBL3707470,Tachykinin-3,Q9UHF0,6,6,7.123333333333334,0.4735680169380811
CHEMBL3755,Coagulation factor X,Q63207,6,6,8.716666666666667,1.1275046193549128
CHEMBL2958,Adenylate cyclase type II,P26769,6,6,6.618333333333333,1.3220199191641049
CHEMBL3731,Amphiregulin,P15514,5,5,6.13,0.25758493744782524
CHEMBL6132,Carbepenem-hydrolyzing beta-lactamase KPC,Q9F663,5,2,5.386,1.0128820266941254
CHEMBL5169127,Calmodulin-like protein 3,P27482,5,5,5.582,0.5655705084248998
CHEMBL2073686,Ileal sodium/bile acid cotransporter,Q62633,5,5,8.754000000000001,0.7405268394865906
CHEMBL5169102,"High affinity cGMP-specific 3',5'-cyclic phosphodiesterase 9A",O70628,5,5,6.537999999999999,0.8586151640869152
CHEMBL1075054,Low molecular weight phosphotyrosine protein phosphatase,P11064,5,5,4.706,0.40936536248197647
CHEMBL4295836,T-type calcium channel alpha 1G subunit,Q27YN9,5,5,6.286,1.1898655386219064
CHEMBL5151,"Rod cGMP-specific 3',5'-cyclic phosphodiesterase subunit alpha",Q28263,5,5,5.779999999999999,0.28310775333784116
CHEMBL2073707,Solute carrier organic anion transporter family member 1A3,P70502,5,5,5.368,0.7057407455999688
CHEMBL3308944,Dipeptidyl peptidase 1,P80067,5,5,5.544,1.2769612366865328
CHEMBL2073688,Solute carrier organic anion transporter family member 1C1,Q9ERB5,5,5,5.436,0.9627720394776738
CHEMBL5125,Acetyl-Coenzyme A carboxylase 2,Q1HEC0,5,3,6.956,0.25774017925034465
CHEMBL2079847,Beta-lactamase II,Q93T40,5,3,4.814,0.49867825298482793
CHEMBL2093,G2/mitotic-specific cyclin B1,P30277,5,5,6.866,0.7338119650155621
CHEMBL5169204,Palmitoyltransferase ZDHHC2,Q9UIJ5,5,5,5.486,0.7511191649798321
CHEMBL5094,Beta-lactamase SHV-1,P0AD64,5,4,6.008,1.2096363089788598
CHEMBL3988626,Alpha-1B adrenergic receptor,G3HDX1,5,5,6.808,0.7643101464719673
CHEMBL3988602,"Dihydroorotate dehydrogenase, mitochondrial, putative",A5K1N1,5,5,6.3740000000000006,0.7671570895194807
CHEMBL3988600,"A disintegrin-like and metallopeptidase (Reprolysin type) with thrombospondin type 1 motif, 5 (Aggrecanase-2)",G3V673,5,5,7.459999999999999,0.42679034665746596
CHEMBL3988598,"Dihydroorotate dehydrogenase (quinone), mitochondrial",A0A0Y9T855,5,5,6.814,0.4539603506915555
CHEMBL5169187,YTH domain-containing protein 1,Q96MU7,5,5,3.72,0.43289721643826734
CHEMBL2968,Tyrosine-protein kinase JAK1,P52332,5,3,7.468000000000001,0.5450871489954613
CHEMBL5169233,UDP-galactopyranose mutase,Q48485,5,5,4.362,0.24014578905323308
CHEMBL3307223,Programmed cell death protein 1,Q15116,5,5,6.162000000000001,1.3057258517774706
CHEMBL5066,Asialoglycoprotein receptor 1,P34927,5,3,6.964,0.1475804865149862
CHEMBL5030,ADAM12,O43184,5,5,7.676,0.3526754882324544
CHEMBL3286086,Delta-aminolevulinic acid dehydratase,Q59643,5,4,4.256,0.32020306057250625
CHEMBL5040,Carboxypeptidase G2,Q9I056,5,5,5.862,0.47803765542057447
CHEMBL2124,Pyrimidinergic receptor P2Y4,O35811,5,4,5.593999999999999,0.27664056101736023
CHEMBL2122,P2X purinoceptor 6,P51579,5,5,5.754,0.48205808778610904
CHEMBL5169275,PAX33/FOXO11,Q12778,5,5,4.558,0.290637230925427
CHEMBL5169275,PAX33/FOXO11,P23760,5,5,4.558,0.290637230925427
CHEMBL2046260,Kynurenine--oxoglutarate transaminase 3,Q6YP21,5,4,5.194,0.41716903049004
CHEMBL3259473,Beta-secretase 1,P56819,5,5,8.193999999999999,0.12521980673998856
CHEMBL328,GABA receptor alpha-3 subunit,P20236,5,5,7.3420000000000005,0.6335771460524755
CHEMBL4295768,Mannan-binding lectin serine protease 1,P48740,5,3,7.356,0.5350046728767892
CHEMBL4295730,Receptor-type tyrosine-protein phosphatase zeta,P23471,5,5,6.172,0.812969864140117
CHEMBL4951,Beta-lactamase OXA-1,P13661,5,4,5.7700000000000005,0.919293206762674
CHEMBL5213,Cell division control protein 28,P00546,5,5,5.68,0.9319871243745802
CHEMBL2028641,Polymerase acidic protein,Q9QLI9,5,5,4.668,0.35716942758304515
CHEMBL3351192,Bromodomain and WD repeat-containing protein 1,Q9NSI6,5,5,4.962000000000001,0.5715067803622279
CHEMBL4064,Kallikrein 1,O97506,5,5,7.06,0.9483933782982671
CHEMBL2034793,Cytoplasmic tyrosine-protein kinase BMX,P97504,5,5,5.254,0.14258330898110105
CHEMBL3232678,Neuraminidase,Q194T1,5,5,5.484,0.5072770446215751
CHEMBL5291513,Isopentenyl-diphosphate Delta-isomerase,Q46822,5,3,6.268,1.0496999571306074
CHEMBL5291552,Sphingolipid delta(4)-desaturase DES1,Q5XIF5,5,4,5.96,1.3019408588718613
CHEMBL2190,Histamine N-methyltransferase,P50135,5,3,5.328,1.3727053580430142
CHEMBL4105735,Ryanodine receptor,Q8TA74,5,5,5.9,1.2283525552543944
CHEMBL5291583,Stefin-3,P35173,5,5,8.272,0.6732904276759027
CHEMBL5291976,LuxP/Q,P54302,5,5,5.274,0.1462190138114742
CHEMBL2010623,1-deoxy-D-xylulose 5-phosphate reductoisomerase,A0QVH7,5,4,6.422,0.4568041155681502
CHEMBL5291976,LuxP/Q,P54300,5,5,5.274,0.1462190138114742
CHEMBL4872,Voltage-gated potassium channel beta subunit Mink,P15382,5,5,4.878,0.6112855306646804
CHEMBL6072,Malate dehydrogenase,Q6VVP7,5,5,4.964,0.7383969122362313
CHEMBL6067,LmbE-related protein,P9WJN3,5,5,4.704,0.44139551424997514
CHEMBL6066,Chorismate mutase-related protein,P9WIB9,5,5,4.784000000000001,0.266889490238938
CHEMBL6055,Serine/threonine-protein kinase WNK3,Q9BYP7,5,5,6.4719999999999995,0.5683044958470769
CHEMBL4296045,Gamma-aminobutyric acid receptor subunit beta-1/beta-2,P47870,5,5,4.376,0.25323901753086936
CHEMBL4296045,Gamma-aminobutyric acid receptor subunit beta-1/beta-2,P18505,5,5,4.376,0.25323901753086936
CHEMBL4295799,Neurogenic locus notch homolog protein 1,Q01705,5,5,5.808,0.6277499502190342
CHEMBL4105763,Ubiquitin-conjugating enzyme E2 T,Q9NPD8,5,4,4.074,0.9224586711609362
CHEMBL1969,Tyrosine 3-hydroxylase,P07101,5,5,5.42,1.117586685675881
CHEMBL5296,Genome polyprotein,Q82122,5,5,6.529999999999999,0.39849717690342557
CHEMBL4806,Protein tyrosine phosphatase receptor type C-associated protein,Q14761,5,5,5.1339999999999995,0.7384307685897169
CHEMBL3421526,NK-3 receptor,Q2WGM0,5,5,8.02,0.3492849839314596
CHEMBL3217,"Vacuolar ATP synthase subunit B, kidney isoform",P15313,5,5,6.2379999999999995,0.5648185549360079
CHEMBL2262,Glyoxalase II,O35952,5,5,4.688000000000001,0.47341313881217967
CHEMBL2259249,DNA ligase,P9WNV1,5,5,4.79,0.4585302607244152
CHEMBL4296056,Gamma-aminobutyric acid receptor subunit alpha-6/beta-2/delta,P63138,5,4,6.306,0.6330323846376266
CHEMBL4296056,Gamma-aminobutyric acid receptor subunit alpha-6/beta-2/delta,P30191,5,4,6.306,0.6330323846376266
CHEMBL4296056,Gamma-aminobutyric acid receptor subunit alpha-6/beta-2/delta,P18506,5,4,6.306,0.6330323846376266
CHEMBL1075208,UDP-N-acetylglucosamine 1-carboxyvinyltransferase,Q9HVW7,5,5,4.83,0.19104973174542833
CHEMBL1944491,Proteasome subunit beta type-9,P28076,5,5,6.066000000000001,0.6591509690503384
CHEMBL4105822,"Glycogen phosphorylase, muscle form",P09812,5,5,5.802,0.8860699746634007
CHEMBL3888,Elastase 2A,P00774,5,5,5.65,0.8957678270623478
CHEMBL3886124,Transient receptor potential cation channel subfamily M member 5,Q9JJH7,5,5,6.976000000000001,0.6771484327678828
CHEMBL4762,Low affinity neurotrophin receptor p75NTR,P08138,5,5,5.834,0.5145191930336516
CHEMBL2285355,"1-deoxy-D-xylulose-5-phosphate synthase, chloroplastic",Q38854,5,5,4.92,1.2246019761538849
CHEMBL2285353,"2-C-methyl-D-erythritol 4-phosphate cytidylyltransferase, chloroplastic",P69834,5,4,6.422,0.9204183831280209
CHEMBL3168,Mast cell protease 3,P50339,5,5,6.448,1.3796086401585053
CHEMBL3162,Leukocyte adhesion molecule-1,P18337,5,5,4.786,0.33960270905868806
CHEMBL4105831,Lysyl oxidase homolog 2,P58022,5,5,6.964,0.788752179077814
CHEMBL5361,Group IIF secretory phospholipase A2,Q9QZT4,5,5,6.459999999999999,0.37416573867739394
CHEMBL3007,Alcohol sulfotransferase,P15709,5,5,4.395999999999999,0.16546903033498428
CHEMBL300,GABA receptor alpha-5 subunit,P19969,5,3,7.992,1.4023088104978887
CHEMBL3707461,Lysine-specific demethylase 5A,Q3UXZ9,5,5,4.59,0.2767670500619609
CHEMBL4105829,Envelope glycoprotein,Q05320,5,2,5.998,1.2000083333043985
CHEMBL3886122,Sodium/hydrogen exchanger 2,P48763,5,2,6.8,0.2738612787525831
CHEMBL3886062,Cytosolic carboxypeptidase 2,Q5U5Z8,5,4,7.362,0.8993164070559375
CHEMBL3435,Alpha-glucosidase,P56526,5,5,4.232,0.13046072205840353
CHEMBL3885667,Phospholipase A2,B7UUK1,5,5,6.890000000000001,0.36986484017813887
CHEMBL2298,Isoprenylcysteine carboxyl methyltransferase,Q9WVM4,5,5,4.942,0.5177547682059529
CHEMBL4105860,Sialic acid-binding Ig-like lectin 9,Q9Y336,5,2,5.093999999999999,0.20887795479657495
CHEMBL2311242,Laforin,O95278,5,5,4.612,0.32329553043616316
CHEMBL1807,Sodium/potassium-transporting ATPase alpha-1 chain,P05023,5,5,5.843999999999999,0.7921679114935168
CHEMBL5425,Ribonuclease pancreatic,P07998,5,5,5.684,1.7485508285434541
CHEMBL3502,"Glutamate receptor ionotropic, AMPA 1",P23818,5,4,5.359999999999999,0.9338897151162978
CHEMBL3885638,Signal transducer and activator of transcription 1/ 3,P42227,5,5,5.512,0.2158008341040412
CHEMBL2362981,TAR DNA-binding protein 43,Q13148,5,5,5.09,1.122719911643149
CHEMBL4296083,Short transient receptor potential channel 1 & 3/Stromal interaction molecule 1/Calcium release-activated calcium channel protein 1,Q96D31,5,5,5.982,0.5140233457733219
CHEMBL4296083,Short transient receptor potential channel 1 & 3/Stromal interaction molecule 1/Calcium release-activated calcium channel protein 1,Q13586,5,5,5.982,0.5140233457733219
CHEMBL4296083,Short transient receptor potential channel 1 & 3/Stromal interaction molecule 1/Calcium release-activated calcium channel protein 1,Q13507,5,5,5.982,0.5140233457733219
CHEMBL4296083,Short transient receptor potential channel 1 & 3/Stromal interaction molecule 1/Calcium release-activated calcium channel protein 1,P48995,5,5,5.982,0.5140233457733219
CHEMBL4296069,Integrin subunit alpha 2b/beta-3,Q8R2H2,5,5,6.174,0.42991859694597984
CHEMBL4296069,Integrin subunit alpha 2b/beta-3,D3ZAC0,5,5,6.174,0.42991859694597984
CHEMBL2907,Cytosolic phospholipase A2,P47713,5,5,4.638,0.41895107112883706
CHEMBL4296062,Gamma-aminobutyric acid receptor subunit alpha-1/beta-3/gamma-2,P63079,5,4,5.2,0.7847611101475405
CHEMBL4296062,Gamma-aminobutyric acid receptor subunit alpha-1/beta-3/gamma-2,P62813,5,4,5.2,0.7847611101475405
CHEMBL4296062,Gamma-aminobutyric acid receptor subunit alpha-1/beta-3/gamma-2,P18508,5,4,5.2,0.7847611101475405
CHEMBL4105911,Ubiquitin-conjugating enzyme E2 D3,P61077,5,5,5.843999999999999,0.616668468465836
CHEMBL1795178,Transforming growth factor beta-1,P01137,5,5,6.706,1.1605731342746137
CHEMBL1795170,Macrophage-stimulating protein receptor,Q62190,5,5,5.71,0.7869243928103892
CHEMBL1795198,STE20-related kinase adapter protein alpha,Q7RTN6,5,5,5.918,0.44053376715071474
CHEMBL4105967,Myocilin,Q99972,5,5,5.4,1.1492388785626775
CHEMBL3885638,Signal transducer and activator of transcription 1/ 3,P42225,5,5,5.512,0.2158008341040412
CHEMBL4630859,Sialin,Q9NRA2,5,3,5.01,0.39465174521342233
CHEMBL4105976,Asc-type amino acid transporter 1,P63116,5,5,4.572,0.44589236369330193
CHEMBL4105968,Uncharacterized protein,K4CF70,5,4,4.422,0.2628117196777955
CHEMBL2366412,Phenol oxidase,B5U2Z5,5,5,4.252000000000001,0.15562776101968448
CHEMBL4604,Equilibrative nucleoside transporter 1,O54698,5,5,5.1259999999999994,0.9453200516227296
CHEMBL4106136,DNA-PK/Ku70/Ku85,P12956,5,5,4.668,0.3890629769073382
CHEMBL1772926,Dual specificity protein phosphatase CDC14A,Q9UNH5,5,5,5.012,0.2540078738937044
CHEMBL1770043,"6-phosphogluconate dehydrogenase, decarboxylating, putative",Q38DI7,5,5,6.723999999999999,1.1544176020834054
CHEMBL5489,Thymidine kinase 2,D3ZGQ2,5,5,4.504,0.4840764402447198
CHEMBL4106136,DNA-PK/Ku70/Ku85,P13010,5,5,4.668,0.3890629769073382
CHEMBL5534,Amine oxidase,Q43077,5,5,4.851999999999999,0.8241480449530898
CHEMBL4106136,DNA-PK/Ku70/Ku85,P78527,5,5,4.668,0.3890629769073382
CHEMBL2366457,Cytochrome b-245 light chain,O46521,5,5,7.5680000000000005,1.2422036870014517
CHEMBL4106151,GABA-A receptor alpha-1/beta-3,P28472,5,5,6.662000000000001,1.7032380925754331
CHEMBL4106151,GABA-A receptor alpha-1/beta-3,P14867,5,5,6.662000000000001,1.7032380925754331
CHEMBL4106150,Integrin alpha-V/beta-3/alpha-V/beta-5,P18084,5,5,5.052,0.8948575305600326
CHEMBL4106150,Integrin alpha-V/beta-3/alpha-V/beta-5,P06756,5,5,5.052,0.8948575305600326
CHEMBL4106150,Integrin alpha-V/beta-3/alpha-V/beta-5,P05106,5,5,5.052,0.8948575305600326
CHEMBL1741216,NADPH oxidase 3,Q9HBY0,5,5,5.348000000000001,0.45532406042290374
CHEMBL1075237,Nucleoside triphosphate diphosphohydrolase 3,A6I415,5,4,5.496,0.5746999216982722
CHEMBL1075226,Potassium voltage-gated channel subfamily B member 1,P15387,5,4,5.398,0.22543291685111108
CHEMBL5583,Voltage-gated potassium channel subunit Kv1.4,P15385,5,5,6.132,0.5349018601575433
CHEMBL4523672,SCN2A/SCN1B,Q99250,5,5,7.362,0.3702296584553967
CHEMBL4523939,Sortase A,Q8CM62,5,3,4.884,0.3133368794125581
CHEMBL4523657,CNGA2/CNGA4/CNGB1,Q64359,5,5,6.132,0.6170251210445163
CHEMBL4523672,SCN2A/SCN1B,Q07699,5,5,7.362,0.3702296584553967
CHEMBL4523670,SCN9A/SCN1B,Q15858,5,5,6.358,0.19018412131405693
CHEMBL4523670,SCN9A/SCN1B,Q07699,5,5,6.358,0.19018412131405693
CHEMBL1681623,14-alpha sterol demethylase Cyp51A,Q4WNT5,5,5,5.45,0.3920459156782533
CHEMBL1681613,Multidrug resistance protein mdtK,P37340,5,4,4.819999999999999,0.7550827769191931
CHEMBL4523657,CNGA2/CNGA4/CNGB1,Q00195,5,5,6.132,0.6170251210445163
CHEMBL4523657,CNGA2/CNGA4/CNGB1,O35788,5,5,6.132,0.6170251210445163
CHEMBL2841,DOPA decarboxylase,P80041,5,5,4.374,0.15993748778819825
CHEMBL1075253,"Leucyl-tRNA synthetase, cytoplasmic",P26637,5,2,4.922,0.7545992313804728
CHEMBL1075248,"Glucoamylase, intracellular sporulation-specific",P08019,5,5,5.944,1.151815957520992
CHEMBL4523513,Aryl hydrocarbon receptor,Q9YGV3,5,5,7.864,0.537708099250886
CHEMBL3879837,Isoleucine--tRNA ligase,P56690,5,1,5.968,0.9432497018287362
CHEMBL2366571,Pyruvate dehydrogenase complex,P52904,5,4,4.67,0.36207733980463347
CHEMBL2366571,Pyruvate dehydrogenase complex,P52902,5,4,4.67,0.36207733980463347
CHEMBL1641346,Putative uncharacterized protein atpE,Q5TIX5,5,2,7.664,0.9340663787975668
CHEMBL1667674,Beta-hexosaminidase,Q9HZK0,5,5,5.042,0.945949258681458
CHEMBL5691,Poly [ADP-ribose] polymerase 1,P18493,5,4,6.7780000000000005,0.5811368169372857
CHEMBL1671611,Cytochrome P450 1A2,P00186,5,5,4.9399999999999995,0.7597697019492157
CHEMBL1671610,Cytosol aminopeptidase,P00727,5,4,5.692,2.1989361063932713
CHEMBL5721,GMP synthase [glutamine-hydrolyzing],P49915,5,5,6.39,1.743545238873945
CHEMBL5716,Nuclear receptor subfamily 2 group C member 2,P49116,5,5,7.0920000000000005,0.4788214698611576
CHEMBL1649048,Deoxyribonuclease gamma,Q13609,5,3,4.954,0.5136925150320958
CHEMBL4523441,Deoxyhypusine hydroxylase,Q9BU89,5,5,5.3,0.0
CHEMBL4523487,DNA dC->dU-editing enzyme APOBEC-3B,Q9UH17,5,5,4.432,0.1400714103591444
CHEMBL4296318,Type IV secretion-like conjugative transfer relaxase protein TraI,B1LRJ1,5,4,8.565999999999999,0.07797435475847118
CHEMBL3113,Excitatory amino acid transporter 3,P51907,5,3,4.976,0.8311016784966805
CHEMBL5755,Adenylate cyclase,O32393,5,5,4.456,0.5805859109554758
CHEMBL4523416,Neuropeptide FF receptor 2,Q924H0,5,5,6.362,1.477233901587694
CHEMBL3593153,Low molecular weight phosphotyrosine protein phosphatase,Q9D358,5,5,6.840000000000001,1.552336947959431
CHEMBL4523361,Dual specificity protein phosphatase,Q7T2L8,5,5,4.976,0.20452383724153053
CHEMBL2374,Gamma-secretase subunit PEN-2,Q9NZ42,5,3,6.8,1.1713880655017792
CHEMBL3596077,"Alpha-(1,3)-fucosyltransferase 7",Q11130,5,5,5.8340000000000005,0.8725709140236108
CHEMBL3102690,Dihydroorotase,Q81WF0,5,5,4.272,0.22807893370497836
CHEMBL4523272,Cyclic nucleotide-gated olfactory channel,Q00195,5,5,5.246,0.7686546688858401
CHEMBL5789,Cyclin-dependent kinase-like 1,Q00532,5,5,6.715999999999999,0.8552952706521882
CHEMBL1293280,Trans-activator protein BZLF1,P03206,5,5,4.49,0.29163333142835357
CHEMBL1293288,2-desacetyl-2-hydroxyethyl bacteriochlorophyllide A dehydrogenase,P0CY54,5,5,6.122,0.33282127335854006
CHEMBL5781,5-hydroxytryptamine receptor 2A,O46635,5,4,6.212000000000001,1.3270719648911282
CHEMBL4523278,Nuclear receptor subfamily 4 group A member 2,Q07917,5,3,5.4319999999999995,0.12049896265113616
CHEMBL2812,Aldehyde dehydrogenase,P11884,5,5,5.406000000000001,0.8676865793591598
CHEMBL1075271,Serum albumin,P07724,5,5,6.659999999999999,1.3184270931682192
CHEMBL5992,"Sterol 26-hydroxylase, mitochondrial",Q02318,5,5,5.638,0.895695260677425
CHEMBL3774300,Histone acetyltransferase KAT6B,Q8WYB5,5,3,6.9159999999999995,1.3740560396141053
CHEMBL3077,Phenylalanine-4-hydroxylase,P04176,5,5,5.140000000000001,1.01303997946774
CHEMBL1293196,Chitinase,Q873Y0,5,5,4.704,0.5980635417746182
CHEMBL3611963,Adenosine receptor A3,Q28309,5,5,7.312,1.4316668606907126
CHEMBL3061,Phosphodiesterase 3A,Q9XSW7,5,5,5.568,0.9403031426088077
CHEMBL1287614,Equilibrative nucleoside transporter 2,O54699,5,5,5.75,0.3922371731491035
CHEMBL2401608,P2X purinoceptor 3,Q3UR32,5,5,7.074,0.34782179345176184
CHEMBL3054,Glutaminyl-tRNA synthetase,P47897,5,4,5.746,0.6923366233271212
CHEMBL3069,Constitutive androstane receptor,O35627,5,5,5.3839999999999995,0.9634728849324194
CHEMBL2401605,Sphingosine kinase 1,Q8CI15,5,5,6.88,1.4289156728092807
CHEMBL4523110,"Glutaminase kidney isoform, mitochondrial",D3Z7P3,5,4,7.2,0.6999999999999996
CHEMBL3038504,Ionotropic glutamate receptor NMDA 1/2C,Q14957,5,5,5.57,1.0562433431742897
CHEMBL3038504,Ionotropic glutamate receptor NMDA 1/2C,Q05586,5,5,5.57,1.0562433431742897
CHEMBL4499,NADH-ubiquinone oxidoreductase chain 4,P03905,5,5,7.514,0.7692723834897497
CHEMBL2455,P-selectin,Q01102,5,5,5.572,0.919304084620535
CHEMBL272,Protein farnesyltransferase beta subunit,P49356,5,3,8.71,1.461300790391903
CHEMBL4310,Serine/threonine-protein kinase MST2,Q9JI10,5,5,7.258,1.4882271332024557
CHEMBL2769,Phospholipase D3,Q8IV08,5,3,4.787999999999999,0.2480322559668396
CHEMBL2768,Histone deacetylase 5,Q9Z2V6,5,5,7.4239999999999995,0.7069865628143155
CHEMBL2761,Aspartyl aminopeptidase,Q9ULA0,5,5,5.504,0.800456119971607
CHEMBL4460,Serine racemase,Q9GZT4,5,2,4.49,0.31496031496047233
CHEMBL4276,"CMP-N-acetylneuraminate-beta-galactosamide-alpha-2,6-sialyltransferase",P13721,5,5,5.9799999999999995,1.3760268892721539
CHEMBL2532,Multidrug resistance-associated protein 1,O35379,5,5,6.878,0.1580189862010258
CHEMBL5901,Cell division protein kinase 5,Q03114,5,5,4.33,0.2391652148620279
CHEMBL5890,Endothelin-converting enzyme 2,P0DPD6,5,5,4.936,0.4331050680839464
CHEMBL5885,Potassium voltage-gated channel subfamily D member 2,Q9NZV8,5,5,4.524,0.17343586710943054
CHEMBL4286,Spermidine/spermine N(1)-acetyltransferase 1,P21673,5,5,4.804,0.7956632453494381
CHEMBL4412,Alpha-glucosidase,P94451,5,5,5.806,0.4575805939941072
CHEMBL4405,Helicase IV,P15038,5,4,5.418,0.2749909089406409
CHEMBL4295544,G_PROTEIN_RECEP_F1_2 domain-containing protein,F7HEV7,5,5,8.112,0.27806474066303366
CHEMBL4295575,Listeriolysin regulatory protein,P22262,5,5,5.324,0.6662056739476183
CHEMBL4295572,Tyrosine--tRNA ligase,P0AGJ9,5,5,7.214,0.9886505955088472
CHEMBL3638351,Nicotinate-nucleotide adenylyltransferase,P0A752,5,5,4.55,0.2883574171059244
CHEMBL3784904,Inhibitor of growth protein 2,Q9H160,5,4,6.186,1.997105405330425
CHEMBL4295541,"Transient receptor potential cation channel, subfamily V, member 3",E9PU00,5,4,5.18,0.2115419580130623
CHEMBL4295538,Dipeptidyl peptidase 9,E1BI31,5,5,5.392,0.9723013936017988
CHEMBL4295,Potassium channel subfamily K member 9,Q9ES08,5,4,5.734,1.8455839184388232
CHEMBL3632454,Kinesin-like protein KIF15,Q9NS87,5,3,6.054,0.42294207641236187
CHEMBL4341,Thymidylate synthase,P45352,5,5,5.8660000000000005,0.7210963874545483
CHEMBL4295556,Peroxidase,K7N5L9,5,5,6.034,0.06148170459575746
CHEMBL4295553,Nonstructural polyprotein,I1U3K2,5,5,6.638,0.6209830915572503
CHEMBL4295551,Kappa-type opioid receptor,H9FL65,5,5,9.212,0.31633842637276915
CHEMBL1075117,Microtubule-associated protein tau,P19332,5,5,5.832,0.6220289382335842
CHEMBL6122,Group XIIA secretory phospholipase A2,Q9BZM1,5,5,5.796,0.2858845920996794
CHEMBL1075088,Cysteine synthase,P45040,5,5,4.436,0.16102794788483155
CHEMBL1075078,Geranyltranstransferase,P22939,5,5,5.93,0.17233687939614128
CHEMBL3721308,Calcium release-activated calcium channel protein 1,Q5M848,5,5,6.22,0.0
CHEMBL6173,Cytochrome c oxidase subunit 1,P00395,5,3,6.438,0.3995872870850622
CHEMBL3739251,Metalloendopeptidase,A0A0C5PRQ1,4,4,4.4,0.21602468994692886
CHEMBL5169103,Coagulation factor X,O88947,4,4,8.5125,0.2022168802713224
CHEMBL3714486,Potassium channel subfamily K member 4,Q9NYG8,4,2,4.6274999999999995,0.12841988423397196
CHEMBL1075041,"Peptide deformylase 1A, chloroplastic",Q9FV53,4,4,5.24,1.5848238598237556
CHEMBL2347,Histone deacetylase 8,Q8VH37,4,4,7.36,0.10165300454651256
CHEMBL2339,Cytochrome P450 7A1,P18125,4,3,6.1225000000000005,0.4711952886012336
CHEMBL3509606,Equilibrative nucleoside transporter 2,Q14542,4,3,5.37,0.9137103844581534
CHEMBL1914269,Estradiol 17-beta-dehydrogenase 1,P51656,4,4,6.215,0.3512359131220307
CHEMBL4105908,Lysyl oxidase homolog 2,B5DF27,4,4,7.2275,0.6619856493912845
CHEMBL3308952,Pro-cathepsin H,P00786,4,4,5.074999999999999,0.10999999999999965
CHEMBL2684,Voltage-gated potassium channel subunit Kv7.3,O43525,4,4,5.5125,0.44116323509558214
CHEMBL1250341,Beta-lactamase GES-13,D1MIX9,4,4,6.8675,0.3344024521441192
CHEMBL5944,DNA polymerase catalytic subunit,P04292,4,4,6.24,0.5217917847826531
CHEMBL3810,Fibronectin,P02751,4,4,7.8625,0.4198710119389841
CHEMBL1250365,C-X-C chemokine receptor type 4,P70658,4,4,8.1675,0.4117746147267126
CHEMBL4366,Protein kinase C epsilon,P16054,4,4,4.5025,0.1951708653120818
CHEMBL2668,Neurokinin 1 receptor,P30548,4,4,7.817500000000001,0.9123002064379175
CHEMBL3988589,Tubulin alpha chain,Q27352,4,4,5.185,0.24351591323771837
CHEMBL3308966,Thymidine kinase,P0C0E6,4,4,5.09,0.5389495956642577
CHEMBL2645,Mast cell carboxypeptidase A,P15088,4,4,6.132499999999999,1.472783645572786
CHEMBL5908,Protection of telomeres protein 1,Q9NUX5,4,4,4.57,0.354682957019364
CHEMBL4295531,Putative lanosterol 14-alpha-demethylase,A2TEF2,4,4,8.2925,0.5451223104343951
CHEMBL2079852,Protein-glutamine gamma-glutamyltransferase 6,O95932,4,4,4.9399999999999995,0.844787941833136
CHEMBL5124,Cdc2,Q17066,4,2,6.9,0.5354126134736339
CHEMBL5086,"Thioredoxin reductase 2, mitochondrial",Q9Z0J5,4,2,4.7275,0.44828376429816547
CHEMBL3308940,Cathepsin J,Q63088,4,4,5.005,0.4872029009218509
CHEMBL2331056,HTH-type transcriptional regulator MgrA,P0C1S0,4,4,4.6674999999999995,0.2890645833258255
CHEMBL2317,NADH-ubiquinone oxidoreductase MLRQ subunit,O00483,4,2,7.505,0.28290163190291673
CHEMBL1908388,Cell division control protein 2 homolog,P61075,4,4,5.7625,0.47105378319961144
CHEMBL1909481,Glucosamine--fructose-6-phosphate aminotransferase [isomerizing] 1,Q06210,4,3,6.5649999999999995,0.1791647286716893
CHEMBL1911,Succinate semialdehyde dehydrogenase,P51649,4,4,5.09,0.9233634170791042
CHEMBL314,Alpha-2c adrenergic receptor,P22086,4,4,7.47,1.0048217088949993
CHEMBL4105966,Glucocorticoid receptor,A0A8C0QLS2,4,2,7.565,0.11090536506409451
CHEMBL4661,Receptor-type tyrosine-protein phosphatase mu,P28827,4,4,5.09,0.30000000000000027
CHEMBL5449,Phospholipase C-beta-3,Q01970,4,4,4.2875,0.06448514040717694
CHEMBL1795164,CviR transcriptional regulator,D3W065,4,4,4.6625,1.1740066723262976
CHEMBL5482,Beta-lactamase OXA-10,P14489,4,4,4.609999999999999,0.5326036675302445
CHEMBL4637,"AMP-activated protein kinase, alpha-2 subunit",Q09137,4,4,4.9425,1.5721402609182171
CHEMBL4295540,Beta-lactamase,E5KIY2,4,2,5.6875,0.8485428686872577
CHEMBL1163109,Multidrug resistance protein CDR1,P43071,4,3,4.5,0.23452078799117126
CHEMBL3792271,Probable JmjC domain-containing histone demethylation protein 2C,Q15652,4,4,5.2375,0.5198317035349035
CHEMBL3638347,Protein-arginine deiminase type-6,Q6TGC4,4,4,5.28,0.26432303468798696
CHEMBL1169594,Purine nucleoside phosphorylase,P9WP01,4,4,4.675,0.3862210075418826
CHEMBL4295570,Chaperone SurA,P0ABZ6,4,3,4.72,0.5950350129754269
CHEMBL4295577,Proteasome subunit beta type-2,P25043,4,4,4.79,0.5611298126696413
CHEMBL4295568,rRNA adenine N-6-methyltransferase,P0A0H2,4,4,5.532500000000001,1.4886990965268974
CHEMBL3988601,Porphobilinogen deaminase,P08397,4,2,5.369999999999999,0.1732050807568877
CHEMBL3988610,Serine/threonine-protein kinase Sgk1,Q9WVC6,4,4,6.975,0.6907242575731655
CHEMBL1795187,Acetylpolyamine aminohydrolase,Q48935,4,4,5.4925,1.1557501171677786
CHEMBL5400,Aryl hydrocarbon receptor,P41738,4,2,6.7925,1.305970265103051
CHEMBL2311238,Emopamil-binding protein-like,Q9BY08,4,4,7.8925,1.369242491306781
CHEMBL4727,"Amine oxidase, copper containing",O70423,4,4,6.9975000000000005,0.7217744338318812
CHEMBL4739666,Histone deacetylase 6,F8W336,4,4,6.89,0.2529822128134702
CHEMBL2486,Alpha-1b adrenergic receptor,P97717,4,4,6.4425,1.519262430698967
CHEMBL4295956,Glucocorticoid receptor,Q9N1U3,4,2,7.455,0.5270357356637844
CHEMBL4295992,YTH domain-containing family protein 2,Q9Y5A9,4,4,3.5625,0.24784067462787457
CHEMBL2069158,"N-acetyllactosaminide alpha-1,3-galactosyltransferase",P14769,4,4,4.4825,0.47197280995130786
CHEMBL3038458,Nicotinic acetylcholine receptor alpha2/beta2,P02708,4,4,6.2075,0.233719917850405
CHEMBL3038458,Nicotinic acetylcholine receptor alpha2/beta2,P17787,4,4,6.2075,0.233719917850405
CHEMBL5897,Ectonucleoside triphosphate diphosphohydrolase 3,O75355,4,3,5.4275,0.6037866621028763
CHEMBL1250353,Phosphate system positive regulatory protein PHO81,P17442,4,1,4.665,0.140118997046558
CHEMBL4105873,Trehalose-phosphatase,A8NS89,4,4,4.425,0.5728001396647877
CHEMBL3672,Beta-ketoacyl-ACP synthase III,P0DB00,4,4,7.9225,0.6264383449310873
CHEMBL3673,Beta-ketoacyl-ACP synthase III,P68795,4,4,4.9875,0.3307944981404615
CHEMBL3885632,Retinoic acid receptor RXR-alpha/Vitamin D3 receptor,P19793,4,4,8.145,0.5648893696999443
CHEMBL1795155,Epoxide hydrolase,P95276,4,4,6.4425,1.3726950377511629
CHEMBL3885632,Retinoic acid receptor RXR-alpha/Vitamin D3 receptor,P11473,4,4,8.145,0.5648893696999443
CHEMBL2295563,DNA-3-methyladenine glycosylase 1,P05100,4,4,5.41,0.8712443208805821
CHEMBL2297,Lysozyme C,P00697,4,4,4.8475,0.2224672260506401
CHEMBL3441,Dopamine D3 receptor,P30728,4,4,5.2225,0.22336442569636403
CHEMBL4739681,Ectonucleoside triphosphate diphosphohydrolase 1,P55772,4,4,5.172499999999999,1.0385045337728025
CHEMBL3301386,CDK6/cyclin D2,Q00534,4,2,7.4575000000000005,0.8724056778051523
CHEMBL2111330,Ribosomal protein S6 kinase (P70S6K),Q9UBS0,4,4,5.5125,0.4109643131303093
CHEMBL3989381,Hepcidin,P81172,4,4,7.6000000000000005,0.3832318706301275
CHEMBL2111330,Ribosomal protein S6 kinase (P70S6K),P23443,4,4,5.5125,0.4109643131303093
CHEMBL1255139,Ras-related protein Rap-1A,P62834,4,3,5.9875,0.7145802963978222
CHEMBL2545,Selectin E,Q00690,4,4,4.7775,0.5028833529424752
CHEMBL2546,Heme oxygenase 2,P30519,4,4,6.01,0.7856207736560941
CHEMBL2549,Penicillin-binding protein 4,P72355,4,4,4.8149999999999995,0.03316624790355406
CHEMBL4256,Sterol-C5-desaturase,O93875,4,4,4.1575,0.13225606476327173
CHEMBL4739839,G protein-coupled receptor 34a,B3DHD6,4,2,6.59,0.34641016151377513
CHEMBL3705,Cytochrome P450 2A2,P15149,4,3,6.199999999999999,0.1940790217067954
CHEMBL3706556,Nucleoprotein,P15682,4,2,6.06,0.6310309025713401
CHEMBL6047,Glycoprotein G,Q9IH62,4,4,5.5649999999999995,0.17916472867168923
CHEMBL3286068,Catechol O-methyltransferase,O88587,4,2,6.255,2.409169981549662
CHEMBL3286081,Delta-aminolevulinic acid dehydratase,Q5GSR3,4,4,4.58,0.42418549401568806
CHEMBL2466,Interleukin-2,P04351,4,4,7.7325,0.48231213959426755
CHEMBL2764,HMG-CoA reductase,Q01237,4,4,7.015000000000001,0.6075360071633613
CHEMBL2766,Ectonucleoside triphosphate diphosphohydrolase 1,O18956,4,4,4.665,0.2908034846191959
CHEMBL2735,DNA polymerase delta subunit 1,P28340,4,4,4.5225,0.7515484016349178
CHEMBL3301386,CDK6/cyclin D2,P30279,4,2,7.4575000000000005,0.8724056778051523
CHEMBL4295701,Complement C2,P06681,4,1,5.6175,0.9268719796534293
CHEMBL4295703,Myosin-2 heavy chain,P08799,4,4,5.4875,0.22499999999999987
CHEMBL5384,Myeloblastin,Q61096,4,4,5.92,1.0914516327655874
CHEMBL1921661,Arachidonate 5-lipoxygenase-activating protein,P20291,4,2,7.3375,0.666752077862029
CHEMBL1795128,Thymidine kinase,P13159,4,4,4.2475000000000005,0.22954665466232876
CHEMBL4594,C-C chemokine receptor type 7,P32248,4,4,6.785,2.195533344467049
CHEMBL2366482,Obtusifoliol 14-alpha demethylase,P93846,4,4,5.9725,0.34393555597912073
CHEMBL1772931,Uracil-DNA glycosylase,P04303,4,4,4.555,0.5262762265832142
CHEMBL3885551,Cyclin-dependent kinase 1/G1/S-specific cyclin-D1,P24385,4,4,6.5600000000000005,0.20346989949375818
CHEMBL3885570,Gamma-aminobutyric acid receptor subunit alpha-1/ beta-1,P14867,4,4,5.8075,1.3550983974112971
CHEMBL3885570,Gamma-aminobutyric acid receptor subunit alpha-1/ beta-1,P18505,4,4,5.8075,1.3550983974112971
CHEMBL1925,Secretin receptor,P47872,4,2,9.129999999999999,1.082527905721911
CHEMBL5394,Trypanothione reductase,P39040,4,2,5.115,0.8060397012554655
CHEMBL3038505,Ionotropic glutamate receptor NMDA 1/2D,O15399,4,4,5.725,0.7092014288385683
CHEMBL3038505,Ionotropic glutamate receptor NMDA 1/2D,Q05586,4,4,5.725,0.7092014288385683
CHEMBL1255167,Axin-2,Q9Y2T1,4,4,6.3149999999999995,0.13892443989449788
CHEMBL3826861,Inosine-adenosine-guanosine-nucleoside hydrolase,O15727,4,4,6.21,1.5399999999999996
CHEMBL2111481,Integrin alpha-4/beta-7,P26011,4,4,4.75,0.3481379037105839
CHEMBL2111481,Integrin alpha-4/beta-7,Q00651,4,4,4.75,0.3481379037105839
CHEMBL3169,Inosine-5'-monophosphate dehydrogenase 2,P24547,4,4,5.935,0.8895879195822448
CHEMBL4743,Cytochrome P450 4A4,P10611,4,4,5.455,0.20534523775015234
CHEMBL4523956,Putative nitroreductase,Q4A0P1,4,4,5.74,0.6788716128007317
CHEMBL1770037,fMet-Leu-Phe receptor,P33766,4,3,6.955,1.971488439394629
CHEMBL1743542,Cytochrome P450 2B4,P00178,4,4,4.685,0.6149525726970062
CHEMBL3885529,Bile acid receptor/Retinoic acid receptor RXR-alpha,Q60641,4,4,5.4375,0.5408866178168333
CHEMBL3885548,Cyclin-A1/Cyclin-dependent kinase 4,P11802,4,4,6.5175,0.16977926846349642
CHEMBL3885548,Cyclin-A1/Cyclin-dependent kinase 4,P78396,4,4,6.5175,0.16977926846349642
CHEMBL5170,beta-actin,O93400,4,4,6.13,0.3572114219898347
CHEMBL5175,Casein kinase I delta,Q9DC28,4,1,4.3725000000000005,0.2588918693199924
CHEMBL2046265,Hepatocyte growth factor receptor,Q75ZY9,4,4,6.58,0.24000000000000019
CHEMBL2052034,"Solute carrier family 2, facilitated glucose transporter member 9",Q9NRM0,4,4,4.5675,0.32927951652053933
CHEMBL3826862,Inosine-uridine preferring nucleoside hydrolase,Q27546,4,4,5.99,1.4400000000000002
CHEMBL3621025,Lysophosphatidic acid receptor 1,P61793,4,4,7.54,1.5142654985173505
CHEMBL3885551,Cyclin-dependent kinase 1/G1/S-specific cyclin-D1,P06493,4,4,6.5600000000000005,0.20346989949375818
CHEMBL2366480,4-diphosphocytidyl-2-C-methyl-D-erythritol kinase,P62615,4,4,4.995,1.0333279569752607
CHEMBL2366488,D-alanine--D-alanine ligase,Q1CTD3,4,2,4.77,0.4667618950457148
CHEMBL2366494,Acetyl-CoA carboxylase,Q3V4E6,4,2,6.8825,1.4854039854531156
CHEMBL4524022,Serine/threonine-protein kinase toxin HipA,P23874,4,4,4.9175,1.1043965169569612
CHEMBL2277,AICAR transformylase,Q9CWJ9,4,2,5.27,0.8683701207818401
CHEMBL4759,Glucose-6-phosphatase,P43428,4,4,4.575,0.6236184731067553
CHEMBL1938225,dTDP-4-dehydrorhamnose reductase,P9WH09,4,4,5.2875,0.6896073762173178
CHEMBL5354,"Aldehyde dehydrogenase, cytosolic 1",P13601,4,4,5.7175,1.0087079194031674
CHEMBL3317331,RNA polymerase II subunit A C-terminal domain phosphatase SSU72,Q9NP77,4,4,4.5775,0.8760660172993049
CHEMBL2146353,Protein Gpr81,G3V906,4,4,5.925,0.5983031561563639
CHEMBL4523117,Sulfhydryl oxidase 1,O00391,4,3,5.01,0.302985148150862
CHEMBL4523133,Proteasome subunit beta type-10,O35955,4,4,6.4399999999999995,0.28284271247461856
CHEMBL4523143,Galectin-7,O54974,4,4,4.9399999999999995,0.7206016005163093
CHEMBL3831323,Mas-related G protein-coupled receptor X1,Q1L4E8,4,4,5.775,0.12583057392117936
CHEMBL5005,Proto-oncogene C-crk,P46108,4,3,7.055000000000001,1.1819898476721369
CHEMBL3885529,Bile acid receptor/Retinoic acid receptor RXR-alpha,P28700,4,4,5.4375,0.5408866178168333
CHEMBL3751646,Adenosylhomocysteinase 2,O43865,4,4,7.4875,1.685870200618462
CHEMBL2908,11-beta-hydroxysteroid dehydrogenase 2,P50233,4,3,5.7925,0.7906695474933466
CHEMBL2944,Choline acetylase,Q90YJ9,4,3,4.4025,0.12392874296680854
CHEMBL3430891,Integrin alpha-V/beta-3,O54890,4,4,7.2925,1.8731679938898524
CHEMBL5603,Nuclear receptor subfamily 0 group B member 2,Q15466,4,4,5.75,0.5196152422706634
CHEMBL2366564,Succinate-ubiquinone oxidoreductase,A5GZW8,4,2,7.1725,0.913359184548992
CHEMBL3430891,Integrin alpha-V/beta-3,P43406,4,4,7.2925,1.8731679938898524
CHEMBL1944496,Proteasome subunit beta type-6,P28072,4,4,6.4775,1.144767079657109
CHEMBL5342,11-beta-hydroxysteroid dehydrogenase type 1,Q5XX84,4,3,6.9025,1.0698403307659201
CHEMBL1075180,CD81 antigen,P60033,4,3,7.422499999999999,0.20434855843223698
CHEMBL2034795,Tyrosine-protein kinase Fgr,P14234,4,4,5.3925,0.23113848662652445
CHEMBL4523151,Ectonucleoside triphosphate diphosphohydrolase 5,O75356,4,4,4.715,0.23685438564654046
CHEMBL4523183,Galectin-1,P11762,4,4,5.21,0.40290610982378156
CHEMBL2034801,Tyrosine-protein kinase ZAP-70,P43404,4,4,5.3774999999999995,0.18191115047370415
CHEMBL3325306,"Peptidyl-prolyl cis-trans isomerase F, mitochondrial",P30405,4,4,8.735,0.3396566894183984
CHEMBL4992,Protein kinase C eta,P23298,4,4,8.8825,0.9344650876303507
CHEMBL2257,Mannosidase 2 alpha 1,P28494,4,2,4.32,0.11224972160321808
CHEMBL2261,Glyoxalase II,Q16775,4,4,5.1575,0.7042904230500368
CHEMBL2244,Estrogen sulfotransferase,P19217,4,4,5.1375,1.1132048329036304
CHEMBL3559644,Bifunctional ligase/repressor BirA,P06709,4,1,7.2275,1.0978577624932413
CHEMBL4523676,RNA-directed RNA polymerase,P03428,4,3,4.835,0.2801785145224379
CHEMBL4523676,RNA-directed RNA polymerase,P03431,4,3,4.835,0.2801785145224379
CHEMBL4523676,RNA-directed RNA polymerase,P03433,4,3,4.835,0.2801785145224379
CHEMBL4523652,BCR/ABL1,P00520,4,3,6.7275,0.7284401142166733
CHEMBL4523652,BCR/ABL1,Q6PAJ1,4,3,6.7275,0.7284401142166733
CHEMBL5622,Cathepsin G,P28293,4,4,5.407500000000001,0.9740422646545341
CHEMBL3341582,Cytochrome P450 3A7,P24462,4,3,4.635,0.36665151483845404
CHEMBL3343,Tyrosine-protein kinase BLK,P16277,4,4,7.6850000000000005,0.8568741642349436
CHEMBL3057,Cytochrome P450 2D3,P12938,4,4,4.7675,0.1532699144211498
CHEMBL2401609,Carbonic anhydrase,P46510,4,1,7.57,0.0
CHEMBL2406892,Myoglobin,P02144,4,4,5.62,0.2622975409720799
CHEMBL1287616,Sodium/nucleoside cotransporter 2,Q62773,4,4,4.7025,0.7495943347349062
CHEMBL1287618,Fructose-bisphosphate aldolase,P56109,4,4,6.217499999999999,1.4281777433732357
CHEMBL4523220,Transcription factor SOX-18,P35713,4,1,4.795,0.533822692161608
CHEMBL3763004,Cytohesin-3,O08967,4,4,4.815,0.161967074843418
CHEMBL5629,Putative cytochrome P450 125,P9WPP1,4,4,5.8675,0.8262919177465872
CHEMBL4523658,CHRNA1/CHRNB1/CHRNG/CHRND,P18916,4,4,8.2025,0.17211914478058485
CHEMBL4523658,CHRNA1/CHRNB1/CHRNG/CHRND,P25108,4,4,8.2025,0.17211914478058485
CHEMBL4523658,CHRNA1/CHRNB1/CHRNG/CHRND,P25109,4,4,8.2025,0.17211914478058485
CHEMBL4523658,CHRNA1/CHRNB1/CHRNG/CHRND,P25110,4,4,8.2025,0.17211914478058485
CHEMBL4105796,Atypical chemokine receptor 3,P56485,4,4,7.6225,0.7793747493985169
CHEMBL2222,Ornithine carbamoyltransferase,P00480,4,2,6.2375,1.2577857528212024
CHEMBL2268009,Collagenase,Q9X721,4,4,4.55,0.17416467303484184
CHEMBL4523258,"4-aminobutyrate aminotransferase, mitochondrial",P61922,4,4,4.4375,0.26361272098794225
CHEMBL4523229,G-protein coupled receptor 1,P46091,4,4,7.2075,0.13022416570411693
CHEMBL4157,Phospholipase B,P0CP75,4,4,5.1850000000000005,0.1955334583474995
CHEMBL4166,NADP-dependent leukotriene B4 12-hydroxydehydrogenase,P97584,4,4,6.3575,0.9361757313667132
CHEMBL2150834,DNA topoisomerase type IB small subunit,Q95Z89,4,4,5.04,0.8834402451024436
CHEMBL1075264,Isocitrate lyase,P0CT06,4,4,4.48,0.44369659303026726
CHEMBL2852,Alpha-mannosidase 2C1,P21139,4,4,5.57,1.0733747404021268
CHEMBL4296243,Protein-cysteine N-palmitoyltransferase HHAT,Q5VTY9,4,3,6.157500000000001,0.4166033285192684
CHEMBL4802064,Phosphatidylinositol 4-phosphate 5-kinase type-1 beta,O14986,4,4,7.172499999999999,0.816552713138186
CHEMBL2215,Purine nucleoside phosphorylase,P23492,4,3,5.98,1.809401374304036
CHEMBL1961784,Nuclear receptor subfamily 1 group D member 2,Q14995,4,4,5.745,0.6750061728112813
CHEMBL4815,Neurokinin 2 receptor,P05363,4,4,7.3,2.1412613105363865
CHEMBL1075191,Dynamin-1,P21575,4,4,4.365,0.3845776904605884
CHEMBL2366575,Ecdysone receptor,P49880,4,4,6.1899999999999995,1.008398069547273
CHEMBL2366575,Ecdysone receptor,Q9GSG8,4,4,6.1899999999999995,1.008398069547273
CHEMBL5672,Glucose-6-phosphate 1-dehydrogenase,Q9GRG7,4,2,6.095,0.27694764848252407
CHEMBL3879848,RYamide receptor,P25931,4,4,5.0725,0.26285293733695786
CHEMBL3559680,Sphingosine-1-phosphate receptor 1,W5VNF7,4,4,10.1225,0.43706406853000374
CHEMBL3559686,Frizzled-2,Q14332,4,2,8.85,1.327905619136139
CHEMBL5246,Cytochrome P450 11A1,P14137,4,3,5.53,0.2747119703738203
CHEMBL2163184,NAD-dependent protein deacetylase sirtuin-7,Q9NRC8,4,4,4.6075,0.6192132104533944
CHEMBL3259,Aminopeptidase N,P15684,4,4,4.725,0.49291649056069
CHEMBL1075272,Methionine aminopeptidase 2,O08663,4,4,8.025,0.5852349955359804
CHEMBL1075275,Serine/threonine-protein kinase 12,O70126,4,1,6.76,0.0
CHEMBL2770,Adenosinetriphosphatase,Q9I8A2,4,4,6.49,1.0915737873975047
CHEMBL2783,Cyclin-dependent kinase 5 regulatory subunit 1,Q15078,4,4,6.8625,1.5808093918411972
CHEMBL1641357,Aldehyde oxidase,Q5FB27,4,4,5.905,0.9047098982546836
CHEMBL5690,Cell division protein ftsZ,P17865,4,4,5.195,0.7228416147400479
CHEMBL2366564,Succinate-ubiquinone oxidoreductase,D0VWV4,4,2,7.1725,0.913359184548992
CHEMBL2366570,Pyruvate dehydrogenase complex,P52902,4,4,4.5649999999999995,0.3782856063875546
CHEMBL2366570,Pyruvate dehydrogenase complex,P52904,4,4,4.5649999999999995,0.3782856063875546
CHEMBL2201,Dual specificity mitogen-activated protein kinase kinase 4,P47809,4,4,8.645,0.4553753030925881
CHEMBL4856,Enterobactin synthetase component E,P10378,4,3,7.18,1.5739970351518031
CHEMBL4858,Orotidine phosphate decarboxylase,P03962,4,4,7.2700000000000005,0.7811529939774925
CHEMBL3217393,Transforming growth factor beta-2,P61812,4,4,7.7725,1.4839221677702643
CHEMBL2016427,Oxytocin receptor,Q9R1L2,4,4,8.2775,0.3578058132562967
CHEMBL2016428,Vasopressin V1a receptor,Q9WTV9,4,4,7.927499999999999,0.6843183956804508
CHEMBL2169720,Histone-lysine N-methyltransferase Su(var)3-9,P45975,4,1,6.1899999999999995,0.05999999999999998
CHEMBL4055,Gamma-glutamylcysteine synthetase,P48506,4,4,5.265,0.8708042259888272
CHEMBL4063,Esterase D,Q9GJT2,4,2,7.39,0.5773502691896258
CHEMBL4523260,"Actin, alpha skeletal muscle",P68135,4,4,6.195,1.4919003541345064
CHEMBL5777,Bcl-2-like protein 11,O43521,4,4,5.8925,0.2918190078341938
CHEMBL1293283,Protein Rev,P05866,4,4,5.157500000000001,0.6376715455467648
CHEMBL4880,Triosephosphate isomerase,P60174,4,3,5.2725,0.3099865588483903
CHEMBL4886,Aryl sulfotransferase,P17988,4,4,6.54,0.0
CHEMBL2396506,Dual specificity protein phosphatase 23,Q9BVJ7,4,4,5.3225,0.30313638294778533
CHEMBL2396509,Tyrosine-protein phosphatase non-receptor type 3,P26045,4,4,5.38,0.5873670062235364
CHEMBL2396510,RocR,Q9HX69,4,4,6.6825,1.2372651292265533
CHEMBL4127,Platelet activating factor receptor,P46002,4,3,8.075,0.6473793323855809
CHEMBL5291502,CTP synthase 2,P70303,4,4,6.99,0.7391436486457374
CHEMBL5291506,Alpha-ketoglutarate-dependent dioxygenase AlkB,P05050,4,4,4.7675,0.23012677665437664
CHEMBL5291524,CTP synthase 2,Q9NRF8,4,4,7.0600000000000005,0.802786812713479
CHEMBL4296297,UDP-3-O-acyl-N-acetylglucosamine deacetylase,C6ARS9,4,3,8.2725,0.9289913885499698
CHEMBL4296323,Bifunctional dihydrofolate reductase-thymidylate synthase,Q8I1R6,4,2,7.065,1.4632725879570991
CHEMBL4105749,Receptor-type tyrosine-protein phosphatase O,Q16827,4,4,5.13,1.1961883909596625
CHEMBL5291600,CTP synthase 1,P70698,4,4,7.2425,0.6195899181447893
CHEMBL5291605,Sphingomyelin phosphodiesterase 2,O70572,4,4,5.835,0.2600640946638605
CHEMBL5291947,Gamma-aminobutyric acid receptor subunit alpha-1/alpha-6/beta-3/gamma-2,P18508,4,2,5.6875,1.8322186004950392
CHEMBL5291947,Gamma-aminobutyric acid receptor subunit alpha-1/alpha-6/beta-3/gamma-2,P30191,4,2,5.6875,1.8322186004950392
CHEMBL3596085,Angiotensinogen,P01019,4,4,7.8375,0.41716303767232343
CHEMBL3865,Beta-glucosidase cytosolic,Q9H227,4,3,4.55,0.7682881403917851
CHEMBL4523339,UDP-glucuronosyltransferase 1A1,Q64550,4,2,5.115,0.3681032463861192
CHEMBL4523387,MAP/microtubule affinity-regulating kinase 4,Q8CIP4,4,4,7.4425,0.9032672177526789
CHEMBL2380187,Poly [ADP-ribose] polymerase 6,Q2NL67,4,4,6.15,0.6711681359142928
CHEMBL5291535,CTP synthase 2,Q5U2N0,4,4,7.6825,0.9823229272155535
CHEMBL5291540,Corticoliberin,P01143,4,4,8.785,0.178605710994918
CHEMBL5286,Collagen-binding protein 1,P50454,4,4,4.9675,0.4650000000000001
CHEMBL5291947,Gamma-aminobutyric acid receptor subunit alpha-1/alpha-6/beta-3/gamma-2,P62813,4,2,5.6875,1.8322186004950392
CHEMBL5291947,Gamma-aminobutyric acid receptor subunit alpha-1/alpha-6/beta-3/gamma-2,P63079,4,2,5.6875,1.8322186004950392
CHEMBL3109,RAS guanyl releasing protein 1,Q9R1K8,4,4,8.435,0.5201602317235205
CHEMBL3112378,Proteasome subunit beta type-2,Q9R1P3,4,4,6.3,0.3770941526992958
CHEMBL3960,Fibroblast growth factor receptor 1,P16092,4,2,4.85,0.1732050807568877
CHEMBL2189163,Cytochrome c,P99999,4,4,5.595,0.5605057240266748
CHEMBL1293317,Muscleblind-like protein 1,Q9NR56,4,4,8.9975,1.6775453297402532
CHEMBL4523411,NAD kinase 1,Q8Y8D7,4,4,4.705,0.2100000000000001
CHEMBL5735,Calcitonin gene-related peptide 1,P01256,4,4,6.7075000000000005,1.3846389421072924
CHEMBL3102688,BirA bifunctional protein,P96884,4,4,9.5,1.0725670142233537
CHEMBL1075055,Beta-galactosidase,A4XI97,4,4,4.525,0.2805352027821104
CHEMBL2073682,Canalicular multispecific organic anion transporter 2,O88563,4,4,4.455,0.7503998933901844
CHEMBL5169132,Low molecular weight phosphotyrosine protein phosphatase,P41498,4,4,7.422499999999999,0.8295530925343678
CHEMBL3309099,Free fatty acid receptor 4,Q2AC31,4,4,6.7475,0.9340012491069447
CHEMBL6176,Inorganic polyphosphate/ATP-NAD kinase,P9WHV7,4,4,4.505,0.3431714828867149
CHEMBL3308978,"Complement component 3a receptor 1, isoform CRA_a",A8K2H7,4,4,7.515,1.2977544708713844
CHEMBL1075087,S-adenosyl-L-methionine:delta24-sterol-C-methyltransferase,Q43445,4,4,4.645,0.709013399027127
CHEMBL1075090,Nicotinic acetylcholine receptor alpha1 subunit,O46128,4,4,6.755,1.2564898195634797
CHEMBL4295587,Isocitrate lyase 1,P9WKK6,4,4,4.6575,0.1615291511358453
CHEMBL2671,DNA topoisomerase II,P15348,4,4,4.8100000000000005,0.5751521537819364
CHEMBL3712857,Tumor necrosis factor receptor superfamily member 9,Q07011,4,4,7.0475,1.1615327517264997
CHEMBL3739250,Metalloendopeptidase,A8Q2D1,3,3,4.466666666666666,0.32145502536643195
CHEMBL4295914,DCN1-like protein 4,Q92564,3,2,5.609999999999999,0.8313843876330608
CHEMBL4295847,Diacylglycerol O-acyltransferase 2,Q5FVP8,3,3,6.503333333333333,0.37872593432894597
CHEMBL5042,Carbapenem-hydrolizing beta-lactamase SFC-1,Q6JP75,3,3,4.6466666666666665,0.5100326786916044
CHEMBL5169191,Lysine-specific demethylase 5D,Q9BY66,3,2,6.506666666666667,0.9610584442859516
CHEMBL3309032,"UDP-N-acetylmuramoyl-L-alanyl-D-glutamate--2,6-diaminopimelate ligase",P22188,3,3,4.146666666666667,0.18502252115170584
CHEMBL3309042,Activin receptor type-1,P37172,3,3,7.663333333333333,0.5541058863911597
CHEMBL2612,Valyl-tRNA synthetase 2,P26640,3,3,6.986666666666667,0.49571497186723423
CHEMBL3817721,"Glutaryl-CoA dehydrogenase, mitochondrial",Q92947,3,3,4.426666666666667,0.2914332399252589
CHEMBL3627591,"Hydroxyacylglutathione hydrolase, mitochondrial",Q3B7M2,3,3,6.573333333333333,0.7051477386571792
CHEMBL4288,Follicle stimulating hormone receptor,P20395,3,3,6.523333333333333,0.6294706771036548
CHEMBL2079853,Protein-glutamine gamma-glutamyltransferase 2,P21981,3,3,6.756666666666667,1.3663942817991197
CHEMBL2321636,SH2 domain-containing protein 1A,O60880,3,3,4.566666666666666,0.1761628034896508
CHEMBL2321644,Histone-lysine N-methyltransferase SUV420H2,Q86Y97,3,2,6.140000000000001,0.9957911427603683
CHEMBL2321611,Protein-arginine deiminase type-2,Q08642,3,3,4.296666666666667,0.19655363983740703
CHEMBL2321622,Ubiquitin-like modifier-activating enzyme 6,A0AVT1,3,3,5.846666666666667,0.16743157806499162
CHEMBL1914273,"1-phosphatidylinositol 4,5-bisphosphate phosphodiesterase delta-1",P10688,3,3,4.826666666666667,0.7351417096950312
CHEMBL1914274,Cytohesin-3,P97696,3,2,6.789999999999999,0.2455605831561736
CHEMBL1897,Squalene monooxygenase,Q92206,3,3,6.263333333333333,0.21501937897160225
CHEMBL3120043,Seed linoleate 9S-lipoxygenase,P24095,3,3,4.873333333333334,0.4518111699961975
CHEMBL2366583,Ecdysone receptor,Q4W6C8,3,3,5.906666666666666,0.400666112035113
CHEMBL4296282,Rhomboid protease GlpG,P09391,3,3,4.766666666666667,0.7086842268128545
CHEMBL2189122,DnaJ homolog subfamily A member 1,P31689,3,3,7.546666666666667,1.3784532394438818
CHEMBL4879456,"Alpha-1,6-mannosyl-glycoprotein 2-beta-N-acetylglucosaminyltransferase",Q09326,3,3,8.193333333333333,0.2764657905299188
CHEMBL3954,Cell division protein zipA,P77173,3,2,4.64,0.4849742261192854
CHEMBL3395,Glutamate receptor ionotropic kainate 2,B9V8S1,3,3,4.903333333333333,0.6034346139668599
CHEMBL4879491,Lysine-specific histone demethylase 1B,Q8CIG3,3,3,4.443333333333333,0.24583192089989736
CHEMBL4105707,Acyl-CoA dehydrogenase family member 11,Q709F0,3,3,5.533333333333334,0.17243356208503413
CHEMBL3588737,Histone-lysine N-methyltransferase PRDM9,Q9NQV7,3,1,6.753333333333333,0.5661566332149905
CHEMBL5733,DNA ligase,P00970,3,3,4.443333333333334,0.27682726262659396
CHEMBL4523429,Peptide-N(4)-(N-acetyl-beta-glucosaminyl)asparagine amidase,Q96IV0,3,3,4.1866666666666665,0.2542308662089115
CHEMBL4523434,Bifunctional polynucleotide phosphatase/kinase,Q96T60,3,2,6.68,0.4804164859785723
CHEMBL4523435,Transcriptional enhancer factor TEF-5,Q99594,3,3,5.263333333333333,0.7938723658960125
CHEMBL3712947,Solute carrier family 13 member 3,Q8WWT9,3,2,4.706666666666666,0.3855299383100272
CHEMBL1075073,Beta-lactamase SCO-1,A1E3K9,3,3,6.79,1.4313280546401654
CHEMBL3596076,"CMP-N-acetylneuraminate-beta-1,4-galactoside alpha-2,3-sialyltransferase",Q11203,3,3,4.956666666666667,0.6361079572944623
CHEMBL3596078,UDP-N-acetylglucosamine--N-acetylmuramyl-(pentapeptide) pyrophosphoryl-undecaprenol N-acetylglucosamine transferase,P17443,3,2,5.579999999999999,0.5026927491022719
CHEMBL4523389,Purine nucleoside phosphorylase,Q8I3X4,3,3,8.973333333333334,0.3709896674212551
CHEMBL4523398,Prolyl 3-hydroxylase OGFOD1,Q8N543,3,3,5.6066666666666665,0.28711205710198445
CHEMBL4523399,CDGSH iron-sulfur domain-containing protein 2,Q8N5K1,3,3,5.163333333333333,0.5713434460404114
CHEMBL5291546,"L,D-transpeptidase 2",I6Y9J2,3,3,5.19,1.142409733852089
CHEMBL5291553,Ceramide synthase 2,Q96G23,3,2,5.34,0.28618176042508353
CHEMBL5291562,Trypanothione reductase,P13110,3,3,5.183333333333334,0.39374272480051414
CHEMBL4879418,Stanniocalcin-1,O55183,3,3,8.0,1.1205355862265156
CHEMBL4879441,Stanniocalcin-1,P52823,3,3,8.19,0.8983874442577652
CHEMBL2183,Serotonin 4 (5-HT4) receptor,P97288,3,3,7.609999999999999,1.4627713423498558
CHEMBL1628482,Relaxin receptor 2,Q8WXD0,3,3,5.213333333333334,0.23629078131263045
CHEMBL1641337,Efflux transporter,Q3S5C3,3,3,7.713333333333334,1.0373684655576025
CHEMBL1641338,Class C beta-lactamase CMY-36,Q48435,3,3,7.713333333333334,1.0373684655576025
CHEMBL5757,Amiloride-sensitive cation channel 3,O35240,3,3,5.52,0.5
CHEMBL1641354,Aldehyde oxidase,O54754,3,3,6.109999999999999,0.8216446920658591
CHEMBL4885,cAMP-dependent protein kinase alpha-catalytic subunit,Q95J97,3,3,7.413333333333334,2.939750556311426
CHEMBL2176838,Aurora kinase B-A,Q6DE08,3,3,7.863333333333333,0.5980245256955047
CHEMBL3091262,Poly [ADP-ribose] polymerase 8,Q8N3A8,3,3,5.6433333333333335,0.48911484677254846
CHEMBL3095,Matrix metalloproteinase-2,P33434,3,3,8.283333333333333,0.42027768598074966
CHEMBL2396511,Dual specificity protein phosphatase 10,Q9Y6W6,3,3,5.3133333333333335,0.20033305601755644
CHEMBL5291512,Aquaporin-4,P47863,3,3,4.566666666666666,0.5131601439446888
CHEMBL3227916,"Thymidine kinase, cytosolic",P09768,3,3,4.416666666666667,0.4366157731156001
CHEMBL4105746,Myosin-10,P35580,3,3,6.033333333333334,0.6543189843901316
CHEMBL4105748,Peroxisomal acyl-coenzyme A oxidase 1,Q15067,3,3,6.933333333333334,0.799520689746884
CHEMBL4296295,Glutamate transporter homolog,O59010,3,3,8.0,1.0
CHEMBL4296304,Integrase,T1QYY3,3,3,8.126666666666667,0.37072002014098626
CHEMBL2822,Alpha-1a adrenergic receptor,P97718,3,3,5.23,0.2951270912674739
CHEMBL4296114,Lysine-specific histone demethylase 1A/REST corepressor,O60341,3,3,5.03,0.8545759182190901
CHEMBL2366583,Ecdysone receptor,Q4W6D0,3,3,5.906666666666666,0.400666112035113
CHEMBL2189154,Galectin-3,A4GTP0,3,3,4.37,0.41677331968349407
CHEMBL5291586,Fibroblast growth factor receptor substrate 2,Q8WU20,3,1,7.103333333333334,0.1101514109457221
CHEMBL2772,Cytochrome P450 2C23,P24470,3,3,5.246666666666666,0.046188021535170036
CHEMBL3562170,Acid-sensing ion channel 1,P55926,3,3,5.38,0.752861208988749
CHEMBL3562172,Major capsid protein L1,P03101,3,2,7.083333333333333,0.7726793211503293
CHEMBL1667701,ADC-11,D6NSM8,3,3,5.806666666666666,0.42910760111344254
CHEMBL1667670,Signal transducer and activator of transcription 1,P42225,3,3,4.966666666666667,0.21385353243127253
CHEMBL4834,Cytosolic phospholipase A2 gamma,Q9UP65,3,3,7.18,1.0583005244258363
CHEMBL4847,Bile acid transporter,P26435,3,3,7.503333333333334,1.992544436978341
CHEMBL4875,Adenylosuccinate synthetase 2,P30520,3,3,6.333333333333333,0.9654187347122146
CHEMBL2010628,DNA polymerase nu,Q7Z5Q5,3,3,4.176666666666667,0.12662279942148388
CHEMBL3217392,Lymphoid enhancer-binding factor 1,Q9UJU2,3,2,5.513333333333333,1.1844970803397254
CHEMBL4094,1-deoxyxylulose-5-phosphate reductoisomerase,Q55663,3,3,5.416666666666667,1.9741411634767487
CHEMBL3399913,Collagen type IV alpha-3-binding protein,Q9Y5P4,3,3,4.886666666666667,0.44557079497351887
CHEMBL3364,"Inositol 1,4,5-trisphosphate binding protein",Q62688,3,2,7.263333333333333,0.393234450847498
CHEMBL4523205,Brain-derived neurotrophic factor,P23560,3,3,6.433333333333333,0.3326158945891393
CHEMBL4523313,Chitinase,Q4AE59,3,2,7.176666666666667,0.8251868475280818
CHEMBL5788,Cation-dependent mannose-6-phosphate receptor,P20645,3,3,4.483333333333333,0.288848287745199
CHEMBL5302,Niemann-Pick C1-like 1 protein,A0MJA5,3,3,6.4433333333333325,2.0227291794338984
CHEMBL1961792,Nuclear receptor subfamily 4 group A member 3,Q92570,3,3,7.57,1.1887388274974453
CHEMBL4295807,Uracil nucleotide/cysteinyl leukotriene receptor,Q09QM4,3,3,5.69,0.4371498598878877
CHEMBL4296050,Gamma-aminobutyric acid receptor subunit alpha-4/beta-3/delta,P18506,3,2,6.373333333333334,0.411379792081883
CHEMBL6063,Dihydrodipicolinate synthase,P9WP25,3,2,4.556666666666667,0.10785793124908931
CHEMBL3559675,Sphingosine 1-phosphate receptor 1,H9EUW9,3,3,10.049999999999999,0.49325449820554074
CHEMBL1667700,Beta-lactamase ADC-33,B2ZTR6,3,3,7.1499999999999995,0.9340770846134702
CHEMBL4523478,C5a anaphylatoxin chemotactic receptor 2,Q9P296,3,2,4.890000000000001,0.4966890375275057
CHEMBL1293206,Neuropeptide Y-Y2 receptor,O70424,3,3,7.2,0.1000000000000002
CHEMBL3353,Glutamate racemase,Q03469,3,3,5.533333333333334,1.9687136240025704
CHEMBL3987581,Spermidine synthase,Q4CXJ6,3,2,5.746666666666667,1.567237484663168
CHEMBL2170,cyclic AMP phosphoprotein,Q712U5,3,3,5.576666666666667,0.13868429375143154
CHEMBL2175,Glyoxalase I,Q9CPU0,3,3,6.666666666666667,0.14189197769195228
CHEMBL2163178,Serine protease SplB,Q53781,3,3,5.033333333333333,0.30615900008546765
CHEMBL3638355,"5,6-dihydroxyindole-2-carboxylic acid oxidase",P07147,3,3,6.346666666666667,0.7184242015225644
CHEMBL3638359,NAD kinase 1,Q721J8,3,3,4.739999999999999,0.24248711305964302
CHEMBL5775,Elongation of very long chain fatty acids protein 3,O35949,3,3,6.8566666666666665,0.8001458200436551
CHEMBL3086,Acetyl-Coenzyme A carboxylase,Q5SWU9,3,3,8.173333333333334,1.69741961027123
CHEMBL3259466,Cytohesin-3,O43739,3,3,4.42,0.03000000000000025
CHEMBL3243905,Thymidylate synthase,Q2TA32,3,3,4.993333333333333,0.5774368652357876
CHEMBL4967,NF-kappa-B essential modulator,Q9Y6K9,3,3,6.373333333333332,0.9487535682849015
CHEMBL2150840,2-oxoglutarate receptor 1,Q96P68,3,3,5.386666666666667,0.2802379940931163
CHEMBL3414405,PH domain leucine-rich repeat-containing protein phosphatase 1,O60346,3,3,6.153333333333333,0.01154700538379291
CHEMBL5305,Beta-lactamase ACC-4,A4ZYU9,3,3,6.69,1.4727864746798836
CHEMBL5999,3-keto-steroid reductase,P56937,3,3,6.79,0.1300000000000003
CHEMBL3707463,NAD kinase,Q5HH78,3,3,4.806666666666667,0.5001333155602945
CHEMBL4296114,Lysine-specific histone demethylase 1A/REST corepressor,Q9P2K3,3,3,5.03,0.8545759182190901
CHEMBL5315,Peroxiredoxin-1,Q06830,3,3,5.78,0.22271057451320048
CHEMBL2233619,Beta-lactamase SHV-95,A3FFR5,3,3,4.6000000000000005,0.3011644069275115
CHEMBL2233620,Extended-spectrum beta-lactamase SHV-48,Q83YP9,3,3,4.4799999999999995,0.23065125189341604
CHEMBL2216740,Mitochondrial carnitine/acylcarnitine carrier protein,O43772,3,3,4.739999999999999,0.48497422611928565
CHEMBL5294,Forkhead box protein O1,Q12778,3,3,5.826666666666667,1.462919455518086
CHEMBL1287601,Beta-lactamase VIM-1,Q9XAY4,3,3,4.516666666666667,0.46047077359299754
CHEMBL1075175,72 kDa type IV collagenase,P33436,3,3,5.016666666666667,0.46057934531775674
CHEMBL1075179,Seminal ribonuclease,P00669,3,3,4.38,0.17521415467935214
CHEMBL3883291,Glutamate receptor AMPA 2/3,P42262,3,2,4.386666666666667,0.49652123150307836
CHEMBL3883291,Glutamate receptor AMPA 2/3,P42263,3,2,4.386666666666667,0.49652123150307836
CHEMBL3557,"Serine/threonine protein phosphatase 2A, 65 kDa regulatory subunit A, alpha isoform",Q76MZ3,3,3,4.553333333333334,0.48839874419712925
CHEMBL4802001,G-protein coupled receptor 183,D4A7K7,3,3,8.563333333333334,0.6280392769033908
CHEMBL4763,"Serine/threonine protein phosphatase 2A, 56 kDa regulatory subunit, alpha isoform",Q15172,3,3,10.013333333333334,0.13051181300301207
CHEMBL3217381,1-deoxy-D-xylulose-5-phosphate synthase,P77488,3,3,5.4799999999999995,0.4693612681080531
CHEMBL3206,Adenosine deaminase,P03958,3,3,6.4799999999999995,1.769519708847573
CHEMBL3408,Polyamine oxidase,Q8C0L6,3,3,5.63,0.12767145334803692
CHEMBL4523232,"Serine--tRNA ligase, cytoplasmic",P49591,3,3,4.816666666666666,0.7642207360006228
CHEMBL4523236,DNA replication ATP-dependent helicase/nuclease DNA2,P51530,3,1,4.64,0.10392304845413293
CHEMBL1287631,Renin,Q6DLW5,3,3,8.566666666666668,0.527762572880394
CHEMBL1293190,Histone deacetylase,Q7K6A1,3,3,7.0566666666666675,0.05507570547286116
CHEMBL1293195,Endochitinase,P29029,3,3,5.463333333333334,0.7656587577591816
CHEMBL5860,Dual specificity mitogen-activated protein kinase kinase 1,P31938,3,3,8.426666666666668,0.933880791821597
CHEMBL4523195,Diacylglycerol kinase alpha,P20192,3,3,5.19,0.8951536181013846
CHEMBL2401602,N-acylneuraminate-9-phosphatase,Q8TBE9,3,3,4.43,0.4784349485562273
CHEMBL3064,Lipoprotein lipase,P11151,3,3,5.233333333333333,0.06110100926607836
CHEMBL4982,Cytochrome P450 2D18,Q64680,3,3,4.9366666666666665,0.7462796616103998
CHEMBL2146343,Dual specificity protein phosphatase 4,Q13115,3,3,4.859999999999999,0.7073895673530961
CHEMBL2248,"IgE Fc receptor, alpha-subunit",P12319,3,3,4.28,0.27874719729532693
CHEMBL2242735,3-ketoacyl-CoA synthase 18,Q38860,3,3,6.933333333333334,0.20816659994661316
CHEMBL1697656,Glutathione S-transferase,Q8ILQ7,3,3,4.6066666666666665,0.5192622972384322
CHEMBL1697673,"Mannosyl-oligosaccharide alpha-1,2-mannosidase isoform B",P53624,3,2,7.88,0.9245539465060975
CHEMBL3559641,1-deoxy-D-xylulose-5-phosphate synthase,B7UJP3,3,3,5.133333333333334,0.13868429375143135
CHEMBL3559646,1-deoxy-D-xylulose-5-phosphate synthase,Q4QKG6,3,3,5.38,0.6941901756723444
CHEMBL2152,Pepsinogen C,P04073,3,3,8.0,0.9006664199358161
CHEMBL2406900,Ubiquitin carboxyl-terminal hydrolase 4,Q13107,3,3,6.176666666666667,0.9941998457721328
CHEMBL4523146,UDP-glucose 6-dehydrogenase,O70199,3,3,4.76,0.45177427992306096
CHEMBL1275210,Stearoyl-CoA desaturase 5,Q86SK9,3,3,7.506666666666668,0.8900187263947505
CHEMBL4295664,Tolloid-like protein 1,O43897,3,3,9.043333333333333,1.8246734867732732
CHEMBL4296112,HDAC1/REST corepressor 3,Q13547,3,3,7.82,0.6144102863722248
CHEMBL4296112,HDAC1/REST corepressor 3,Q9P2K3,3,3,7.82,0.6144102863722248
CHEMBL1075194,C-X-C chemokine receptor type 3,Q5KSK8,3,2,8.416666666666666,0.12583057392117922
CHEMBL1075201,Creatine kinase M-type,P00563,3,1,4.353333333333333,0.22479620400116465
CHEMBL4296050,Gamma-aminobutyric acid receptor subunit alpha-4/beta-3/delta,P63079,3,2,6.373333333333334,0.411379792081883
CHEMBL6042,Hepatocyte growth factor-like protein,P26927,3,3,5.8066666666666675,0.8685812186165051
CHEMBL4523933,tRNA (guanine-N(1)-)-methyltransferase,P9WFY7,3,3,5.566666666666666,0.9988660237155597
CHEMBL4523934,tRNA (guanine-N(1)-)-methyltransferase,Q2FZ43,3,3,5.183333333333334,0.5400308633155454
CHEMBL3551,TRAIL receptor-1,O00220,3,3,6.226666666666667,0.8251868475280811
CHEMBL4106164,L-type calcium channel alpha-1c/beta-2/alpha2delta-1,P54289,3,3,5.359999999999999,1.8822061523648252
CHEMBL4106164,L-type calcium channel alpha-1c/beta-2/alpha2delta-1,Q08289,3,3,5.359999999999999,1.8822061523648252
CHEMBL4106164,L-type calcium channel alpha-1c/beta-2/alpha2delta-1,Q13936,3,3,5.359999999999999,1.8822061523648252
CHEMBL5225,Penicillin-binding protein 3,Q51504,3,2,5.5,0.17320508075688762
CHEMBL3832955,Protein translocase subunit SecA 2,Q2FUW6,3,3,5.013333333333333,0.6132971003790358
CHEMBL1287604,OXA-48,Q6XEC0,3,2,5.04,0.9199456505685545
CHEMBL4215,Alpha-amylase,P06278,3,3,4.423333333333333,0.3600462933198086
CHEMBL2419,Peripheral-type benzodiazepine receptor,P30535,3,3,8.35,1.2297967311714573
CHEMBL3612,Calpain 2,Q27971,3,3,7.186666666666667,0.28728615235220284
CHEMBL5001,Gastric inhibitory polypeptide receptor,P43219,3,3,6.783333333333334,0.54884727687521
CHEMBL2130,Alpha-1d adrenergic receptor,P97714,3,3,5.403333333333333,0.22590558499809865
CHEMBL2132,Mast cell protease 9,O35164,3,3,6.826666666666667,0.8087232736439166
CHEMBL5020,"Amine oxidase, copper containing",P12807,3,3,4.113333333333333,0.14742229591664008
CHEMBL1932897,Hemagglutinin,P03437,3,3,5.476666666666667,0.4041451884327381
CHEMBL4105817,Peroxisomal acyl-coenzyme A oxidase 3,O15254,3,3,5.983333333333333,1.4380658306674743
CHEMBL4105818,Long-chain-fatty-acid--CoA ligase 5,Q9ULC5,3,3,6.849999999999999,1.1742657280190034
CHEMBL6028,Segment polarity protein dishevelled homolog DVL-3,Q92997,3,3,4.306666666666667,0.30550504633038905
CHEMBL1075215,RAC-alpha serine/threonine-protein kinase,P47196,3,3,5.03,0.6252199612936237
CHEMBL1075223,G-protein coupled bile acid receptor 1,Q80T02,3,3,5.7700000000000005,0.3996248240537618
CHEMBL3038453,AMPK alpha1/beta2/gamma1,O43741,3,3,6.88,1.8360827868045606
CHEMBL3038453,AMPK alpha1/beta2/gamma1,P54619,3,3,6.88,1.8360827868045606
CHEMBL3038453,AMPK alpha1/beta2/gamma1,Q13131,3,3,6.88,1.8360827868045606
CHEMBL4206,Proteasome Macropain subunit,P22141,3,3,4.126666666666666,0.03785938897200189
CHEMBL3038512,Toll-like receptor 4/MD-2,O00206,3,3,6.07,0.7790378681424933
CHEMBL3038512,Toll-like receptor 4/MD-2,Q9Y6Y9,3,3,6.07,0.7790378681424933
CHEMBL3038516,TPR/MET fusion protein,F6ZDS4,3,3,8.020000000000001,0.8960468737739117
CHEMBL3038516,TPR/MET fusion protein,P16056,3,3,8.020000000000001,0.8960468737739117
CHEMBL4491,Glutathione S-transferase kappa 1,Q9Y2Q3,3,3,5.993333333333333,1.4846323899650486
CHEMBL4230,DOPA decarboxylase,O88533,3,3,4.59,0.42035699113967406
CHEMBL1741262,Plasmepsin IV,Q8IM16,3,3,6.359999999999999,1.0805554127392076
CHEMBL3885572,Gamma-aminobutyric acid receptor subunit alpha-3/ beta-2,P47870,3,3,4.803333333333334,0.4534681172181051
CHEMBL4749,Tryptase alpha/beta-1,Q02844,3,3,6.746666666666667,0.5311622476544556
CHEMBL4105830,C-X-C chemokine receptor type 2,P35343,3,3,8.773333333333333,1.0646282606305983
CHEMBL3430894,Integrin alpha-IIb/beta-3,O54890,3,3,6.883333333333333,1.5922416064571774
CHEMBL3430894,Integrin alpha-IIb/beta-3,Q9QUM0,3,3,6.883333333333333,1.5922416064571774
CHEMBL3903,Beta-mannosidase,O00462,3,3,5.789999999999999,1.5717188043667352
CHEMBL3325308,SPRY domain-containing SOCS box protein 2,Q99619,3,3,7.44,0.9301612763386783
CHEMBL3309106,Taste receptor type 2 member 16,Q9NYV7,3,2,7.196666666666666,0.9650043177796328
CHEMBL5190,Voltage-gated potassium channel subunit Kv1.1,P10499,3,2,4.846666666666667,0.04509249752822843
CHEMBL3324,Cytochrome P450 3A2,P05183,3,2,4.586666666666667,0.2874601421646714
CHEMBL2117,"AMP-activated protein kinase, beta-2 subunit",O43741,3,3,5.873333333333332,0.1457166199626295
CHEMBL2111410,Pho80/Pho85/Pho81 complex,P17157,3,1,4.67,0.06244997998398415
CHEMBL2111410,Pho80/Pho85/Pho81 complex,P17442,3,1,4.67,0.06244997998398415
CHEMBL2285354,"1-deoxy-D-xylulose 5-phosphate reductoisomerase, chloroplastic",Q9XFS9,3,3,5.233333333333333,1.5346769475473763
CHEMBL4739859,Relaxin receptor 1,Q6R6I6,3,3,8.876666666666667,0.5316327052894081
CHEMBL1744524,Sodium/myo-inositol cotransporter 2,Q8WWX8,3,3,5.433333333333334,0.8603100216394867
CHEMBL5548,Prokineticin receptor 2,Q8NFJ6,3,3,4.8566666666666665,0.843168626867327
CHEMBL1743316,UDP-glucuronosyltransferase 1-6,P19224,3,3,5.216666666666666,0.94732958010047
CHEMBL1743318,UDP-glucuronosyltransferase 1-8,Q9HAW9,3,2,4.906666666666667,0.461988455844227
CHEMBL1772927,"Serine hydroxymethyltransferase, cytosolic",P34896,3,1,4.656666666666666,0.15502687938977935
CHEMBL4106148,Na+/K+ ATPase alpha-2/beta-1,P06686,3,3,5.5,1.1440716760762846
CHEMBL4978,UDP-glucuronosyltransferase 2B17,O75795,3,3,4.303333333333334,0.32959571194621656
CHEMBL3826869,Sphingosine-1-phosphate lyase 1,Q8CHN6,3,2,5.406666666666666,0.18475208614068053
CHEMBL3627585,Pseudopodium-enriched atypical kinase 1,Q9H792,3,2,7.806666666666666,1.3853639714289288
CHEMBL2363135,Bacterial 70S ribosome,P60723,3,3,8.916666666666666,0.2761038451983842
CHEMBL4106148,Na+/K+ ATPase alpha-2/beta-1,P07340,3,3,5.5,1.1440716760762846
CHEMBL3885552,Cyclin-dependent kinase 2/G1/S-specific cyclin-D1,P24385,3,3,5.989999999999999,0.9706183596038146
CHEMBL3885552,Cyclin-dependent kinase 2/G1/S-specific cyclin-D1,P24941,3,3,5.989999999999999,0.9706183596038146
CHEMBL3885571,Gamma-aminobutyric acid receptor subunit alpha-2/beta-2,P47869,3,3,4.976666666666667,0.5946707772653145
CHEMBL3885571,Gamma-aminobutyric acid receptor subunit alpha-2/beta-2,P47870,3,3,4.976666666666667,0.5946707772653145
CHEMBL3885572,Gamma-aminobutyric acid receptor subunit alpha-3/ beta-2,P34903,3,3,4.803333333333334,0.4534681172181051
CHEMBL2366429,Uncharacterized protein,E1BKU0,3,3,5.956666666666667,1.7319449567850975
CHEMBL5385,Bcl2 antagonist of cell death,Q61337,3,3,4.053333333333334,0.09237604307034028
CHEMBL5391,DNA polymerase iota,Q9UNA4,3,3,6.513333333333333,1.12961645408224
CHEMBL3165,Protein-tyrosine phosphatase MEG1,P29074,3,3,5.513333333333333,1.1347393239565349
CHEMBL3038494,Casein kinase I delta/epsilon,P48730,3,3,5.973333333333334,0.14189197769195136
CHEMBL3038494,Casein kinase I delta/epsilon,P49674,3,3,5.973333333333334,0.14189197769195136
CHEMBL4240,Protein-beta-aspartate methyltransferase,P22061,3,3,4.306666666666667,0.032145502536643514
CHEMBL1255145,Class D beta-lactamase,Q50H31,3,3,5.8066666666666675,0.9445281008701293
CHEMBL1255161,Proline-rich AKT1 substrate 1,Q96B36,3,3,6.0,0.7269112738154497
CHEMBL5039,Phenylalanyl-tRNA synthetase alpha chain,Q97S36,3,3,6.623333333333332,0.08736894948054122
CHEMBL3286083,Delta-aminolevulinic acid dehydratase,P0ACB2,3,3,4.45,0.25238858928247926
CHEMBL4295593,Histone acetyltransferase GCN5,Q245K9,3,3,6.373333333333332,0.12701705922171752
CHEMBL4295602,Superoxide dismutase,Q4DCQ3,3,3,5.2,0.0953939201416943
CHEMBL4295617,Peptidoglycan-N-acetylglucosamine deacetylase,Q8DP63,3,2,4.866666666666666,0.7245228314783001
CHEMBL2737,Dopamine D5 receptor,Q8BLD9,3,2,5.713333333333334,0.6258061467685767
CHEMBL4488,Nucleoside diphosphate kinase 4,O00746,3,3,4.763333333333333,0.3906831623366097
CHEMBL3286085,Delta-aminolevulinic acid dehydratase,F4MUJ9,3,3,4.366666666666666,0.24193663082165387
CHEMBL3137277,P2X2/P2X3 receptor,P49653,3,3,6.06,1.032327467424944
CHEMBL3137277,P2X2/P2X3 receptor,P49654,3,3,6.06,1.032327467424944
CHEMBL1770042,Arabinose phosphate isomerase,Q5NGP7,3,3,4.873333333333334,0.3667878587594376
CHEMBL4603,Beta-galactosidase,P00722,3,3,6.2,0.7202083032012336
CHEMBL2363135,Bacterial 70S ribosome,P0C018,3,3,8.916666666666666,0.2761038451983842
CHEMBL2363135,Bacterial 70S ribosome,P60422,3,3,8.916666666666666,0.2761038451983842
CHEMBL2363135,Bacterial 70S ribosome,P60438,3,3,8.916666666666666,0.2761038451983842
CHEMBL2363135,Bacterial 70S ribosome,P60624,3,3,8.916666666666666,0.2761038451983842
CHEMBL2363135,Bacterial 70S ribosome,P0AG48,3,3,8.916666666666666,0.2761038451983842
CHEMBL2363135,Bacterial 70S ribosome,P0AG51,3,3,8.916666666666666,0.2761038451983842
CHEMBL2363135,Bacterial 70S ribosome,P62399,3,3,8.916666666666666,0.2761038451983842
CHEMBL2363135,Bacterial 70S ribosome,P61175,3,3,8.916666666666666,0.2761038451983842
CHEMBL2363135,Bacterial 70S ribosome,P68679,3,3,8.916666666666666,0.2761038451983842
CHEMBL2363135,Bacterial 70S ribosome,P68919,3,3,8.916666666666666,0.2761038451983842
CHEMBL2363135,Bacterial 70S ribosome,Q2EEQ2,3,3,8.916666666666666,0.2761038451983842
CHEMBL2364,Hepatitis C virus NS4A protein,D2K2A8,3,3,6.54,0.2771281292110206
CHEMBL3885576,Gamma-aminobutyric acid receptor subunit alpha-5/beta-2,P31644,3,3,5.183333333333334,0.511891915674914
CHEMBL3885576,Gamma-aminobutyric acid receptor subunit alpha-5/beta-2,P47870,3,3,5.183333333333334,0.511891915674914
CHEMBL3885578,Gamma-aminobutyric acid receptor subunit alpha-6/beta-3,P28472,3,3,8.6,0.257099202643649
CHEMBL3885578,Gamma-aminobutyric acid receptor subunit alpha-6/beta-3,Q16445,3,3,8.6,0.257099202643649
CHEMBL6043,Prolyl endopeptidase,P27028,3,2,7.656666666666666,2.507914139944455
CHEMBL3709670,ADP/ATP translocase 2,P05141,3,3,5.283333333333333,0.935859676091097
CHEMBL4295693,Complement component C9,P02748,3,3,6.3,0.0
CHEMBL2111410,Pho80/Pho85/Pho81 complex,P20052,3,1,4.67,0.06244997998398415
CHEMBL5169230,Trehalose-binding lipoprotein LpqY,P9WGU9,3,3,4.453333333333333,0.39017090272511745
CHEMBL4451,Saccharopepesin,P07267,3,3,5.56,0.7831347265956228
CHEMBL2587,Neuropeptide Y receptor type 1,P21555,3,3,7.296666666666667,2.2886750169767076
CHEMBL1926496,Bone morphogenetic protein 2,P12643,3,3,4.476666666666667,0.14011899704655836
CHEMBL4630756,Programmed cell death protein 1/Programmed cell death 1 ligand 1,Q02242,3,3,5.986666666666667,0.5351946686331368
CHEMBL4630756,Programmed cell death protein 1/Programmed cell death 1 ligand 1,Q9EP73,3,3,5.986666666666667,0.5351946686331368
CHEMBL2363135,Bacterial 70S ribosome,P0A7V8,3,3,8.916666666666666,0.2761038451983842
CHEMBL2363135,Bacterial 70S ribosome,P0A7W1,3,3,8.916666666666666,0.2761038451983842
CHEMBL2363135,Bacterial 70S ribosome,P0A7W7,3,3,8.916666666666666,0.2761038451983842
CHEMBL2363135,Bacterial 70S ribosome,P0A7X3,3,3,8.916666666666666,0.2761038451983842
CHEMBL2363135,Bacterial 70S ribosome,P0AA10,3,3,8.916666666666666,0.2761038451983842
CHEMBL2363135,Bacterial 70S ribosome,P0ADY3,3,3,8.916666666666666,0.2761038451983842
CHEMBL2363135,Bacterial 70S ribosome,P0ADY7,3,3,8.916666666666666,0.2761038451983842
CHEMBL2363135,Bacterial 70S ribosome,P0ADZ0,3,3,8.916666666666666,0.2761038451983842
CHEMBL2363135,Bacterial 70S ribosome,P0ADZ4,3,3,8.916666666666666,0.2761038451983842
CHEMBL2363135,Bacterial 70S ribosome,P0AG44,3,3,8.916666666666666,0.2761038451983842
CHEMBL2363135,Bacterial 70S ribosome,P0AG67,3,3,8.916666666666666,0.2761038451983842
CHEMBL4630834,Alpha N-terminal protein methyltransferase 1B,Q5VVY1,3,3,5.633333333333333,0.3181718613160718
CHEMBL3885615,"Phosphatidylinositol 3-kinase regulatory subunit beta/Phosphatidylinositol 4,5-bisphosphate 3-kinase catalytic subunit beta isoform",O00459,3,3,6.1933333333333325,0.5913825608972023
CHEMBL3885615,"Phosphatidylinositol 3-kinase regulatory subunit beta/Phosphatidylinositol 4,5-bisphosphate 3-kinase catalytic subunit beta isoform",P42338,3,3,6.1933333333333325,0.5913825608972023
CHEMBL3885622,Potassium voltage-gated channel subfamily KQT member 2/member 3,O88943,3,3,6.463333333333334,1.0515861036231573
CHEMBL3885622,Potassium voltage-gated channel subfamily KQT member 2/member 3,O88944,3,3,6.463333333333334,1.0515861036231573
CHEMBL3885668,Beta-lactamase,D2SSQ3,3,3,6.073333333333333,0.8075477282076481
CHEMBL3454,Dipeptidyl peptidase I,P97821,3,3,5.47,1.8446408864600174
CHEMBL3885670,Beta-lactamase bla(BEL1),Q3SAW3,3,3,6.073333333333333,0.8075477282076481
CHEMBL3886063,Transporter,F1LNR9,3,3,8.58,0.10816653826391948
CHEMBL1914261,Laccase,O94222,3,1,5.293333333333333,0.047258156262526343
CHEMBL4739673,Alpha-cobratoxin,P01391,3,2,4.94,0.6584831053261735
CHEMBL3297642,Beta-secretase 1,G3IAK4,3,3,6.919999999999999,2.4166919538906897
CHEMBL3301421,Geranylgeranyl transferase type 1,Q61239,3,3,5.166666666666667,0.42665364563464553
CHEMBL3301421,Geranylgeranyl transferase type 1,Q8BUY9,3,3,5.166666666666667,0.42665364563464553
CHEMBL5169207,E3 ubiquitin-protein ligase RNF114,Q9Y508,3,3,6.523333333333333,0.16743157806499148
CHEMBL4295995,Tolloid-like protein 2,Q9Y6L7,3,3,8.933333333333334,1.8924675250406102
CHEMBL4296001,Protein disulfide-isomerase A3,P30101,3,3,4.926666666666667,0.34428670223134306
CHEMBL2538,Potassium-transporting ATPase beta chain,P18434,3,3,6.463333333333334,1.0054020754570452
CHEMBL1255125,Segment polarity protein dishevelled homolog DVL-2,O14641,3,3,5.8066666666666675,0.42158431343366354
CHEMBL1250358,Tumor necrosis factor receptor superfamily member 5,P25942,3,3,6.47,1.276597039006436
CHEMBL1250363,Protein max,P61244,3,3,4.14,0.08000000000000007
CHEMBL4105857,Actin-related protein 3,P61158,3,2,6.66,1.215072014326723
CHEMBL4105865,"4,4'-diapophytoene desaturase (4,4'-diaponeurosporene-forming)",Q2FDU6,3,3,8.46,0.2357965224510325
CHEMBL2865,Sodium/hydrogen exchanger 1,P23791,3,1,7.7,0.0
CHEMBL4296103,Cereblon/Ikaros,Q13422,3,3,7.93,0.9535722311393096
CHEMBL4296103,Cereblon/Ikaros,Q96SW2,3,3,7.93,0.9535722311393096
CHEMBL3675,P-hydroxybenzoate hydroxylase,P00438,3,2,6.13,1.844966124350255
CHEMBL3671,Phenylalanyl-tRNA synthetase alpha chain,P43819,3,3,6.63,0.7336893075410054
CHEMBL1795152,Phospho-2-dehydro-3-deoxyheptonate aldolase,C3TIE2,3,3,5.3500000000000005,0.0818535277187249
CHEMBL2363135,Bacterial 70S ribosome,P0AG59,3,3,8.916666666666666,0.2761038451983842
CHEMBL2363135,Bacterial 70S ribosome,P0AG63,3,3,8.916666666666666,0.2761038451983842
CHEMBL2363135,Bacterial 70S ribosome,P0A7N9,3,3,8.916666666666666,0.2761038451983842
CHEMBL2363135,Bacterial 70S ribosome,P0A7P5,3,3,8.916666666666666,0.2761038451983842
CHEMBL2363135,Bacterial 70S ribosome,P0A7Q1,3,3,8.916666666666666,0.2761038451983842
CHEMBL2363135,Bacterial 70S ribosome,P0A7Q6,3,3,8.916666666666666,0.2761038451983842
CHEMBL2363135,Bacterial 70S ribosome,P0A7R5,3,3,8.916666666666666,0.2761038451983842
CHEMBL2363135,Bacterial 70S ribosome,P0A7R9,3,3,8.916666666666666,0.2761038451983842
CHEMBL2363135,Bacterial 70S ribosome,P0A7S3,3,3,8.916666666666666,0.2761038451983842
CHEMBL2363135,Bacterial 70S ribosome,P0A7S9,3,3,8.916666666666666,0.2761038451983842
CHEMBL2363135,Bacterial 70S ribosome,P0A7T3,3,3,8.916666666666666,0.2761038451983842
CHEMBL2363135,Bacterial 70S ribosome,P0A7T7,3,3,8.916666666666666,0.2761038451983842
CHEMBL2363135,Bacterial 70S ribosome,P0A7U3,3,3,8.916666666666666,0.2761038451983842
CHEMBL2363135,Bacterial 70S ribosome,P0A7U7,3,3,8.916666666666666,0.2761038451983842
CHEMBL2311229,Vacuolar protein sorting-associated protein 4B,O75351,3,1,6.150000000000001,0.0
CHEMBL4724,Bradykinin B1 receptor,Q9BDQ5,3,3,7.926666666666667,1.3103561856737023
CHEMBL3713,Tyrosine 3-hydroxylase,P17289,3,3,4.533333333333333,0.20428737928059437
CHEMBL4295968,Sensor protein kinase WalK,Q9RDT3,3,3,4.3966666666666665,0.6437649674635402
CHEMBL3638352,Gag-Pol polyprotein,P24740,3,3,4.566666666666666,0.3134219732777726
CHEMBL4295580,"Ditrans,polycis-undecaprenyl-diphosphate synthase ((2E,6E)-farnesyl-diphosphate specific)",P60472,3,3,4.943333333333333,1.120728929462131
CHEMBL2559,Dipeptidyl peptidase IV,P81425,3,3,6.013333333333333,1.024027994409007
CHEMBL2363135,Bacterial 70S ribosome,P02359,3,3,8.916666666666666,0.2761038451983842
CHEMBL2363135,Bacterial 70S ribosome,P02413,3,3,8.916666666666666,0.2761038451983842
CHEMBL2363135,Bacterial 70S ribosome,P0A7J3,3,3,8.916666666666666,0.2761038451983842
CHEMBL2363135,Bacterial 70S ribosome,P0A7J7,3,3,8.916666666666666,0.2761038451983842
CHEMBL2363135,Bacterial 70S ribosome,P0A7K2,3,3,8.916666666666666,0.2761038451983842
CHEMBL2363135,Bacterial 70S ribosome,P0A7K6,3,3,8.916666666666666,0.2761038451983842
CHEMBL2363135,Bacterial 70S ribosome,P0A7L0,3,3,8.916666666666666,0.2761038451983842
CHEMBL2363135,Bacterial 70S ribosome,P0A7L3,3,3,8.916666666666666,0.2761038451983842
CHEMBL2363135,Bacterial 70S ribosome,P0A7L8,3,3,8.916666666666666,0.2761038451983842
CHEMBL2363135,Bacterial 70S ribosome,P0A7M2,3,3,8.916666666666666,0.2761038451983842
CHEMBL1795120,Elongation factor 1-alpha 1,P68104,3,3,7.919999999999999,0.6129437168288779
CHEMBL1795122,Elongation factor 1-alpha 2,Q05639,3,3,8.42,0.16522711641858231
CHEMBL2363135,Bacterial 70S ribosome,P0A7N4,3,3,8.916666666666666,0.2761038451983842
CHEMBL3139,GABA receptor alpha-1 subunit,P62812,3,3,6.593333333333334,0.48055523442506953
CHEMBL4296050,Gamma-aminobutyric acid receptor subunit alpha-4/beta-3/delta,P28471,3,2,6.373333333333334,0.411379792081883
CHEMBL3147,Calpain 1/2,P00789,3,3,5.983333333333333,1.854948337106275
CHEMBL2346,Estrogen sulfotransferase,P49888,3,3,5.6066666666666665,0.9529602999775661
CHEMBL2363135,Bacterial 70S ribosome,P0A7M6,3,3,8.916666666666666,0.2761038451983842
CHEMBL2363135,Bacterial 70S ribosome,P0A7N1,3,3,8.916666666666666,0.2761038451983842
CHEMBL4105944,5' exonuclease Apollo,Q9H816,3,3,3.7099999999999995,0.13114877048604023
CHEMBL2363135,Bacterial 70S ribosome,P0A7M9,3,3,8.916666666666666,0.2761038451983842
CHEMBL4630861,Ubiquitin carboxyl-terminal hydrolase 36,Q9P275,3,3,5.21,0.17578395831246982
CHEMBL2363135,Bacterial 70S ribosome,P0A7V0,3,3,8.916666666666666,0.2761038451983842
CHEMBL2363135,Bacterial 70S ribosome,P0A7V3,3,3,8.916666666666666,0.2761038451983842
CHEMBL2363135,Bacterial 70S ribosome,P0AG55,3,3,8.916666666666666,0.2761038451983842
CHEMBL2363135,Bacterial 70S ribosome,P02358,3,3,8.916666666666666,0.2761038451983842
CHEMBL1163102,Probable alpha-glucosidase Os06g0675700,Q653V7,3,3,4.756666666666667,0.35444792753426196
CHEMBL3784908,Trace amine-associated receptor 5,Q5QD14,3,3,5.18,0.5827520913733384
CHEMBL3638343,Gamma-secretase-activating protein,A4D1B5,3,3,8.71,0.43485629810317794
CHEMBL4325,Aminopeptidase N,P04825,3,3,5.653333333333333,0.5661566332149905
CHEMBL6181,Envelope glycoprotein gp160,Q72502,3,3,8.03,1.172987638468539
CHEMBL3714706,Transient receptor potential cation channel subfamily M member 7,Q923J1,3,3,5.813333333333333,0.4473626418615361
CHEMBL4680042,Long-chain-fatty-acid--CoA ligase 6,Q9UKU0,3,3,4.466666666666667,0.6470188044665572
CHEMBL3509584,Arylacetamide deacetylase,P22760,3,2,5.446666666666666,0.7018784320189172
CHEMBL3509589,Cytochrome P450 4F12,Q9HCS2,3,3,5.616666666666667,1.2947715371189366
CHEMBL5439,Beta-lactamase,A8RR46,3,3,7.53,0.7538567503179899
CHEMBL4105891,Septin-9,Q9UHD8,3,3,7.093333333333334,0.9000740710260091
CHEMBL2331042,Potassium channel subfamily K member 18,Q7Z418,3,3,4.766666666666667,0.43615746392023735
CHEMBL2350,Alpha-2a adrenergic receptor,P18871,3,3,7.1433333333333335,1.5560312764637263
CHEMBL3308941,Cathepsin Z,Q9R1T3,3,3,5.1866666666666665,0.7158444896297892
CHEMBL3308949,Neuropeptide S receptor,P0C0L6,3,1,6.859999999999999,1.7580386798930228
CHEMBL3813589,Tyrosyl-DNA phosphodiesterase 2,Q5XJA0,3,3,4.933333333333334,0.30615900008546776
CHEMBL3817719,Synapsin-1,P17599,3,3,6.373333333333334,0.41488954353337604
CHEMBL2630,Retinoic acid receptor gamma,D3ZWV0,3,3,5.626666666666666,0.3455912807542077
CHEMBL2073690,Solute carrier organic anion transporter family member 4C1,Q6ZQN7,3,3,6.109999999999999,0.9263368717696608
CHEMBL1075066,Sterol O-acyltransferase 1,Q60457,3,3,5.78,1.8651541491254817
CHEMBL1075027,B-N-acetylhexosaminidase,O85361,3,3,4.46,0.39849717690342534
CHEMBL1075188,Integrin alpha-L,P24063,3,3,6.066666666666666,1.3048116083685546
CHEMBL4295866,DCN1-like protein 2,Q6PH85,3,3,6.136666666666667,1.2647661180365848
CHEMBL6188,Penicillin-binding protein 2x,P14677,3,3,4.463333333333334,0.551392177432119
CHEMBL2073662,Solute carrier family 22 member 2,O70577,3,3,5.37,0.2381176179958134
CHEMBL2073671,Solute carrier family 22 member 7,Q5RLM2,3,3,5.53,0.5461684721768548
CHEMBL3309101,Free fatty acid receptor 3,Q3UFD7,3,3,5.753333333333333,0.29143323992525816
CHEMBL1075042,Endo-beta-N-acetylglucosaminidase,Q9ZB22,3,3,5.323333333333333,1.1811999548481762
CHEMBL3308979,CDGSH iron-sulfur domain-containing protein 1,B0K020,3,3,6.003333333333333,0.04509249752822843
CHEMBL3988581,Thyrotropin subunit beta,P01223,3,3,6.823333333333333,0.45390894828515294
CHEMBL2073703,Solute carrier organic anion transporter family member 2A1,Q92959,3,3,7.296666666666667,0.4188476254359487
CHEMBL5169097,Stimulator of interferon genes protein,F1M391,3,2,5.193333333333333,0.9938477415244918
CHEMBL6118,Quinone oxidoreductase,Q08257,3,3,4.57,0.4330127018922193
CHEMBL1075130,Thymidine kinase,Q9PPP5,3,3,4.396666666666667,0.43592812863284436
CHEMBL1075023,5'-methylthioadenosine/S-adenosylhomocysteine nucleosidase,A0A0H2UPP7,3,3,7.173333333333333,0.4080849584747435
CHEMBL3712894,Interleukin-4,P05112,2,1,5.63,0.16970562748477155
CHEMBL1075112,G protein-coupled receptor 44,Q6XKD3,2,2,8.504999999999999,0.5444722215136432
CHEMBL1075030,Urokinase-type plasminogen activator,P04185,2,2,5.745,0.9404520189781083
CHEMBL1075039,Cytochrome P450 165B3,Q8RN04,2,2,4.615,0.21920310216782915
CHEMBL1075059,Sensor histidine kinase yycG,Q45614,2,2,4.28,0.1131370849898477
CHEMBL1075063,Gil1,A4KCT8,2,2,7.7250000000000005,0.45961940777125615
CHEMBL4295859,Epithelial discoidin domain-containing receptor 1,Q63474,2,1,7.5,0.141421356237309
CHEMBL4295864,Uracil nucleotide/cysteinyl leukotriene receptor,Q6NS65,2,2,5.74,0.31112698372208153
CHEMBL2073669,Multidrug resistance associated protein,Q96QA9,2,2,4.825,0.6010407640085651
CHEMBL2073698,Solute carrier organic anion transporter family member 2B1,Q9JHI3,2,2,6.995,0.6434671708797584
CHEMBL5169141,"6-phosphogluconate dehydrogenase, decarboxylating",P85968,2,1,6.85,0.2121320343559638
CHEMBL1075038,Beta-glucosidase,P12614,2,2,5.63,0.5939696961966998
CHEMBL2346492,A disintegrin and metalloproteinase with thrombospondin motifs 13,Q76LX8,2,2,4.8100000000000005,0.15556349186103996
CHEMBL6104,Serum albumin,P49065,2,2,6.5,0.0
CHEMBL1075053,Beta-lactoglobulin,P02754,2,2,7.130000000000001,0.43840620433565924
CHEMBL1075081,SHV-5 extended spectrum beta-lactamase,Q6REX6,2,2,5.324999999999999,0.03535533905932756
CHEMBL5169095,Piezo-type mechanosensitive ion channel component 1,E2JF22,2,1,4.555,0.30405591591021525
CHEMBL5168,UDP-N-acetylmuramate--L-alanine ligase,P17952,2,2,4.375,0.021213203435595972
CHEMBL2077,Alcohol sulfotransferase,Q06520,2,2,6.65,0.9192388155425113
CHEMBL2073699,Solute carrier organic anion transporter family member 2A1,Q9EPT5,2,2,6.995,0.021213203435595972
CHEMBL5169131,Alpha-L-iduronidase,P35475,2,2,4.65,0.36769552621700535
CHEMBL3308902,Eukaryotic peptide chain release factor GTP-binding subunit,P05453,2,1,4.8,1.1313708498984758
CHEMBL3308967,Cdc42 protein,Q9DDV6,2,2,5.76,0.3394112549695431
CHEMBL2073691,Solute carrier family 15 member 1,P51574,2,2,4.404999999999999,0.275771644662753
CHEMBL2636,"Inositol 1,4,5-trisphosphate 5-phosphatase",P32019,2,2,4.835,0.51618795026618
CHEMBL4371,Beta-amylase,P16098,2,2,4.4,0.2969848480983499
CHEMBL5950,Non-specific lipid-transfer protein,P22307,2,1,6.244999999999999,0.3181980515339462
CHEMBL3638171,L-type calcium channel alpha 1C/beta 2A,P54288,2,2,4.8100000000000005,0.1555634918610406
CHEMBL3638171,L-type calcium channel alpha 1C/beta 2A,P15381,2,2,4.8100000000000005,0.1555634918610406
CHEMBL4296084,Stromal interaction molecule 1 & 2/Calcium release-activated calcium channel protein 1,Q13586,2,2,5.425,0.16263455967290624
CHEMBL4296076,Coagulation factor IX/VIII,P00740,2,2,7.805,0.06363961030678918
CHEMBL4296076,Coagulation factor IX/VIII,P00451,2,2,7.805,0.06363961030678918
CHEMBL4296061,Gamma-aminobutyric acid receptor subunit alpha-1/beta-3/delta,P63079,2,2,6.535,0.657609306503489
CHEMBL4295717,Protein disulfide-isomerase A4,P13667,2,2,4.345000000000001,0.1909188309203685
CHEMBL3143,Coagulation factor VIII,P00451,2,2,5.08,0.0424264068711932
CHEMBL4662922,Tryptophan--tRNA ligase,P9WFT3,2,2,4.295,0.28991378028648457
CHEMBL2363000,Potassium voltage-gated channel subfamily B member 1,Q14721,2,2,6.115,0.16263455967290624
CHEMBL1838,Vesicular amine transporter 1,P54219,2,2,6.5,1.1313708498984758
CHEMBL5484,Glycylpeptide N-tetradecanoyltransferase,P14743,2,2,7.46,0.2262741699796954
CHEMBL1851,Cytochrome P450 7A1,P22680,2,2,5.96,0.141421356237309
CHEMBL1907981,Cytochrome P450 2B11,P24460,2,1,6.4,0.0848528137423861
CHEMBL5418,Sodium/hydrogen exchanger,Q9W6Q1,2,2,4.535,0.7424621202458744
CHEMBL1909043,Leukotriene C4 synthase,A6XA80,2,2,4.9350000000000005,0.8980256121069153
CHEMBL2321617,Potassium voltage-gated channel subfamily C member 1,P25122,2,2,5.49,0.8626702730475881
CHEMBL4682,S-ribosylhomocysteine lyase,Q9Z5X1,2,2,4.949999999999999,0.08485281374238547
CHEMBL4296089,CaM kinase II alpha/beta,P08413,2,2,6.74,0.25455844122715765
CHEMBL4105886,Uncharacterized aarF domain-containing protein kinase 5,Q3MIX3,2,2,6.4,0.4242640687119292
CHEMBL4105868,Extracellular calcium-sensing receptor,Q9QY96,2,2,6.945,0.48790367901871773
CHEMBL2331051,Palmitoyl-protein thioesterase 1,P50897,2,2,5.35,0.49497474683058373
CHEMBL4105854,ADP/ATP translocase 3,P12236,2,2,7.26,1.3576450198781715
CHEMBL4739665,Dedicator of cytokinesis protein 5,B2RY04,2,2,4.57,0.28284271247461834
CHEMBL2311239,D-beta-D-heptose 7-phosphate kinase,B4EB35,2,2,6.365,0.3889087296526013
CHEMBL2310,Insulin-like growth factor binding protein 4,P22692,2,2,8.595,0.5444722215136413
CHEMBL4630890,Interleukin-33,O95760,2,2,4.375,0.007071067811865324
CHEMBL5481,"Phospholipase A2, membrane associated",P14422,2,2,7.535,0.657609306503489
CHEMBL1795191,Cyclin-dependent kinase 10,Q15131,2,2,6.575,2.085965004500316
CHEMBL4656,Human papillomavirus regulatory protein E2,P03120,2,2,4.1850000000000005,0.049497474683058214
CHEMBL4105964,Metallo-beta-lactamase type 2,P52699,2,2,6.07,0.777817459305203
CHEMBL4105949,Peptidyl-prolyl cis-trans isomerase FKBP2,P26885,2,2,6.6,0.8768124086713182
CHEMBL4105937,"Cysteine--tRNA ligase, cytoplasmic",P49589,2,2,7.055,1.2232947314527272
CHEMBL4105912,Signal peptide peptidase-like 2B,Q8TCT7,2,2,6.470000000000001,0.1414213562373093
CHEMBL4739697,Anoctamin-2,Q8CFW1,2,2,4.97,0.2262741699796954
CHEMBL4739693,Potassium channel subfamily T member 2,Q6UVM3,2,2,5.09,0.4242640687119283
CHEMBL1914260,DNA-directed DNA/RNA polymerase mu,Q9NP87,2,2,5.035,0.09192388155425142
CHEMBL3885669,Beta-lactamase OXA-23,Q9L4P2,2,2,7.45,2.3758787847868006
CHEMBL4295686,Mitochondrial pyruvate carrier 2,O95563,2,2,5.92,0.0
CHEMBL4296084,Stromal interaction molecule 1 & 2/Calcium release-activated calcium channel protein 1,Q9P246,2,2,5.425,0.16263455967290624
CHEMBL4296084,Stromal interaction molecule 1 & 2/Calcium release-activated calcium channel protein 1,Q96D31,2,2,5.425,0.16263455967290624
CHEMBL4630755,Protein fosB/Transcription factor jun-D,P17535,2,2,4.5649999999999995,0.44547727214752453
CHEMBL4630836,Arginase-1,Q61176,2,2,5.365,0.5868986283848344
CHEMBL4630821,Protein fosB,P53539,2,2,4.390000000000001,0.21213203435596445
CHEMBL4630807,Mitofusin-2,O95140,2,2,8.51,0.12727922061357835
CHEMBL3774296,Neural Wiskott-Aldrich syndrome protein,O08816,2,2,5.41,0.0707106781186545
CHEMBL3769295,Solute carrier family 13 member 5,Q8CJ44,2,1,6.91,0.014142135623730649
CHEMBL4296090,CaM kinase II delta/gamma,P15791,2,2,8.170000000000002,0.05656854249492323
CHEMBL4296090,CaM kinase II delta/gamma,P11730,2,2,8.170000000000002,0.05656854249492323
CHEMBL4296089,CaM kinase II alpha/beta,P11275,2,2,6.74,0.25455844122715765
CHEMBL4105995,Interleukin-1 receptor-associated kinase 4,D4A7K4,2,2,5.705,0.09192388155425142
CHEMBL2366405,Esterase,A3QR02,2,2,5.835,1.0111626970967629
CHEMBL1926498,Prostaglandin E2 receptor EP4 subtype,Q28691,2,2,8.415,0.24748737341529076
CHEMBL3769294,Solute carrier family 13 member 5,Q67BT3,2,1,6.675,0.007071067811865324
CHEMBL3694,Dynein heavy chain,P38650,2,2,4.42,0.05656854249492385
CHEMBL3708691,5-hydroxytryptamine receptor 1B,P28334,2,2,5.215,0.14849242404917526
CHEMBL3708197,Cytosolic purine 5'-nucleotidase,P49902,2,2,2.79,0.3252691193458118
CHEMBL6045,Ryanodine receptor 44F,Q24498,2,1,8.850000000000001,2.0506096654409873
CHEMBL1795149,Arginase,Q8I384,2,1,4.98,0.028284271247461613
CHEMBL3885582,Glutamate receptor AMPA 3/4,P19493,2,2,4.1899999999999995,0.240416305603427
CHEMBL3885582,Glutamate receptor AMPA 3/4,P19492,2,2,4.1899999999999995,0.240416305603427
CHEMBL3885581,Glutamate receptor AMPA 3/4,P48058,2,2,5.324999999999999,0.6717514421272206
CHEMBL3885581,Glutamate receptor AMPA 3/4,P42263,2,2,5.324999999999999,0.6717514421272206
CHEMBL4626,Metabotropic glutamate receptor 8,P47743,2,2,7.03,0.8909545442950497
CHEMBL4105969,Phenylalanine--tRNA ligase beta subunit,Q9NSD9,2,2,8.370000000000001,0.21213203435596287
CHEMBL4630755,Protein fosB/Transcription factor jun-D,P53539,2,2,4.5649999999999995,0.44547727214752453
CHEMBL1743320,UDP-glucuronosyltransferase 1-10,Q9HAW8,2,2,4.279999999999999,0.38183766184073537
CHEMBL1743317,UDP-glucuronosyltransferase 1-7,Q9HAW7,2,2,4.369999999999999,0.49497474683058307
CHEMBL4745,Ryanodine receptor 2,E9Q401,2,2,5.5649999999999995,0.21920310216782976
CHEMBL4739858,2-hydroxyacylsphingosine 1-beta-galactosyltransferase,Q64676,2,1,9.61,0.12727922061357835
CHEMBL2285356,Lycopene cyclase,P21687,2,2,5.12,0.2828427124746193
CHEMBL2285349,TyR1,H9TVJ1,2,2,6.22,0.2969848480983499
CHEMBL4739848,Immunoglobulin A1 protease autotransporter,P44969,2,2,5.33,0.141421356237309
CHEMBL4105840,Kynurenine 3-monooxygenase,Q84HF5,2,2,7.4,1.5556349186104044
CHEMBL1938215,Kinase suppressor of Ras 1,Q8IVT5,2,1,5.22,0.16970562748477155
CHEMBL2366402,Glutamine synthetase,A1YYP7,2,2,4.26,0.3676955262170044
CHEMBL2366438,ACCase,H9BT73,2,1,8.07,0.7353910524340092
CHEMBL2366435,Threonyl-tRNA synthase,G3FIN0,2,1,5.05,0.0707106781186545
CHEMBL1778,Interleukin-2 receptor alpha chain,P01589,2,1,5.369999999999999,0.21213203435596445
CHEMBL1770041,5-hydroxytryptamine receptor 2C,Q60F97,2,2,7.88,0.12727922061357835
CHEMBL5509,Rho-associated protein kinase 1,Q63644,2,2,7.82,0.5656854249492386
CHEMBL5506,Macrophage metalloelastase,Q63341,2,2,6.82,0.45254833995938987
CHEMBL5584,"Phospholipase A2, acidic",P15445,2,2,5.115,0.4879036790187184
CHEMBL3178,Protein-tyrosine sulfotransferase 2,O60704,2,2,4.46,0.08485281374238515
CHEMBL4764,Serotonin 7 (5-HT7) receptor,P32304,2,2,6.765000000000001,0.6151828996322967
CHEMBL5349,High affinity immunoglobulin gamma Fc receptor I,P12314,2,2,6.27,1.0323759005323596
CHEMBL2271,Alpha-L-fucosidase 2,Q9BTY2,2,2,7.98,0.042426406871192264
CHEMBL2366410,Carboxylesterase,B3TNN2,2,1,6.1850000000000005,0.007071067811866266
CHEMBL4534,Putative beta-hexosaminidase,Q9RK76,2,2,4.925,1.1667261889578036
CHEMBL3126,Porphobilinogen synthase,P13716,2,2,4.035,0.049497474683058526
CHEMBL1743123,Solute carrier organic anion transporter family member 1A2,P46721,2,2,4.625,0.4737615433949868
CHEMBL3885549,Cyclin-T1/Cyclin-dependent-like kinase 5,Q00535,2,2,7.16,0.5091168824543144
CHEMBL3885549,Cyclin-T1/Cyclin-dependent-like kinase 5,O60563,2,2,7.16,0.5091168824543144
CHEMBL4106146,NIcotinic acetylcholine receptor alpha-3/beta-4/alpha-5,P20420,2,2,5.904999999999999,0.1626345596729053
CHEMBL4106146,NIcotinic acetylcholine receptor alpha-3/beta-4/alpha-5,P12392,2,2,5.904999999999999,0.1626345596729053
CHEMBL4106146,NIcotinic acetylcholine receptor alpha-3/beta-4/alpha-5,P04757,2,2,5.904999999999999,0.1626345596729053
CHEMBL4106141,Aurora-C/INCENP,Q9UQB9,2,2,8.24,0.8202438661763952
CHEMBL4106141,Aurora-C/INCENP,Q9NQS7,2,2,8.24,0.8202438661763952
CHEMBL4106161,CDK18/Cyclin Y,Q8ND76,2,1,7.234999999999999,0.07778174593052013
CHEMBL4106161,CDK18/Cyclin Y,Q07002,2,1,7.234999999999999,0.07778174593052013
CHEMBL2366496,Glutamine synthetase,Q42950,2,2,4.26,0.3676955262170044
CHEMBL3430877,Proto-oncogene tyrosine-protein kinase receptor Ret /Nuclear receptor coactivator 4 fusion protein,Q13772,2,2,8.695,0.9828784258493014
CHEMBL4296061,Gamma-aminobutyric acid receptor subunit alpha-1/beta-3/delta,P62813,2,2,6.535,0.657609306503489
CHEMBL4296061,Gamma-aminobutyric acid receptor subunit alpha-1/beta-3/delta,P18506,2,2,6.535,0.657609306503489
CHEMBL4296055,Gamma-aminobutyric acid receptor subunit alpha-6/beta-2,P63138,2,2,6.165,0.049497474683058526
CHEMBL4296055,Gamma-aminobutyric acid receptor subunit alpha-6/beta-2,P30191,2,2,6.165,0.049497474683058526
CHEMBL2930,Estrogen receptor alpha,P49884,2,2,6.8100000000000005,0.5798275605729682
CHEMBL2285352,"4-diphosphocytidyl-2-C-methyl-D-erythritol kinase, chloroplastic/chromoplastic",P93841,2,2,4.705,0.6151828996322961
CHEMBL2268008,Trehalase,P32358,2,2,7.3149999999999995,0.007071067811866266
CHEMBL4295672,Lysine-specific demethylase PHF2,O75151,2,2,4.825,1.053589103967956
CHEMBL4295665,Long-chain-fatty-acid--AMP ligase FadD32,O53580,2,2,6.035,1.3081475451951126
CHEMBL4295662,mRNA cap guanine-N7 methyltransferase,O43148,2,2,7.109999999999999,3.040559159102154
CHEMBL4295660,P2Y purinoceptor 14,O35881,2,2,7.93,2.07889393668845
CHEMBL1075238,Solute carrier family 22 member 5,O70594,2,2,4.2,0.1131370849898477
CHEMBL4523668,SCN1A/SCN1B,Q07699,2,2,5.165,0.6717514421272196
CHEMBL4523668,SCN1A/SCN1B,P35498,2,2,5.165,0.6717514421272196
CHEMBL4523661,TRPC4/TRPC1,Q9UBN4,2,2,8.845,2.3122391744800104
CHEMBL2242734,3-ketoacyl-CoA synthase 19,Q9FG87,2,2,6.050000000000001,0.49497474683058373
CHEMBL2242733,AMP deaminase 1,P81072,2,2,6.175000000000001,1.3930003589374989
CHEMBL4790,Vacuolar ATP synthase subunit S1,Q15904,2,2,6.359999999999999,0.9050966799187806
CHEMBL3929,Coagulation factor X,O77669,2,2,9.745000000000001,0.03535533905932725
CHEMBL3430877,Proto-oncogene tyrosine-protein kinase receptor Ret /Nuclear receptor coactivator 4 fusion protein,P07949,2,2,8.695,0.9828784258493014
CHEMBL3428,Ghrelin receptor,Q99P50,2,2,8.15,0.0
CHEMBL3425397,Endoplasmin,Q29092,2,1,6.7,0.0
CHEMBL3424,Protein kinase C epsilon,P09216,2,2,7.15,0.24041630560342606
CHEMBL2366555,Acetolactate synthase,Q8S3J0,2,1,8.61,0.15556349186104027
CHEMBL4106189,BRAF/CRAF,P04049,2,2,6.16,0.0848528137423861
CHEMBL1687684,Cytochrome P450c11B3,Q64546,2,1,7.275,0.8697413408594534
CHEMBL3542435,UDP-glucuronosyltransferase 1-3,P35503,2,1,5.23,0.5091168824543137
CHEMBL5588,Prolactin receptor,P16471,2,2,5.609999999999999,0.1272792206135793
CHEMBL5305042,17-beta-hydroxysteroid dehydrogenase 13,Q7Z5P4,2,1,8.555,0.8414570696119915
CHEMBL3414408,Arachidonate 5-lipoxygenase-activating protein,P30355,2,2,5.57,0.3535533905932738
CHEMBL3420,Voltage-gated calcium channel alpha2/delta subunit 1,P54290,2,2,5.145,0.134350288425444
CHEMBL3414413,Interleukin-1 receptor antagonist protein,P25085,2,1,7.734999999999999,0.643467170879758
CHEMBL3930,Triosephosphate isomerase,P00939,2,2,5.435,0.12020815280171303
CHEMBL4802015,Synaptic vesicle membrane protein VAT-1 homolog,Q99536,2,1,5.345,0.007071067811865324
CHEMBL4523661,TRPC4/TRPC1,P48995,2,2,8.845,2.3122391744800104
CHEMBL3556,Human immunodeficiency virus type 1 Gag protein,Q77YG1,2,2,8.379999999999999,0.15556349186104027
CHEMBL4523637,CDK17/Cyclin-Y,Q8ND76,2,1,7.88,0.12727922061357835
CHEMBL4523637,CDK17/Cyclin-Y,Q00537,2,1,7.88,0.12727922061357835
CHEMBL4523631,CDK9/Cyclin-T2,P50750,2,2,8.809999999999999,0.5515432893255072
CHEMBL4523930,"2-C-methyl-D-erythritol 2,4-cyclodiphosphate synthase",Q8ZMF7,2,2,4.529999999999999,0.1414213562373093
CHEMBL4523866,G-protein coupled receptor 15,P49685,2,1,5.88,0.1838477631085022
CHEMBL3885504,5'-AMP-activated protein kinase catalytic subunit alpha-2/beta-1/gamma-2,Q9UGJ0,2,2,8.405000000000001,1.0535891039679566
CHEMBL3885504,5'-AMP-activated protein kinase catalytic subunit alpha-2/beta-1/gamma-2,P54646,2,2,8.405000000000001,1.0535891039679566
CHEMBL3559648,Putative agmatine deiminase,Q8DW17,2,2,5.775,1.1384419177103413
CHEMBL1959,Interleukin-1 receptor,P14778,2,2,7.82,2.3758787847867997
CHEMBL2007627,Botulinum neurotoxin type F,P30996,2,2,4.675,0.2192031021678301
CHEMBL1996,Granulocyte colony stimulating factor receptor,Q99062,2,2,4.515000000000001,0.2616295090390223
CHEMBL5301,Niemann-Pick C1-like 1 protein,A0MJA4,2,2,7.66,0.6222539674441614
CHEMBL5300,DNA topoisomerase,A0JN73,2,2,4.77,0.0
CHEMBL4802009,Sialyltransferase ST3Gal-I,Q6H8N0,2,2,4.645,0.3323401871576775
CHEMBL4523631,CDK9/Cyclin-T2,O60583,2,2,8.809999999999999,0.5515432893255072
CHEMBL4523626,PDE5A/PDE6C,P51160,2,2,6.335,1.7889801564019647
CHEMBL4523626,PDE5A/PDE6C,O76074,2,2,6.335,1.7889801564019647
CHEMBL2856,Acyl coenzyme A:cholesterol acyltransferase 2,Q7TQM4,2,2,6.8100000000000005,1.6829141392239826
CHEMBL1075296,Niemann-Pick C1-like protein 1,Q6T3U4,2,2,6.640000000000001,1.018233764908629
CHEMBL6023,Topoisomerase I,Q2HPH0,2,2,7.85,0.0
CHEMBL1075266,Juvenile hormone esterase,Q9GPG0,2,2,6.970000000000001,0.9758073580374358
CHEMBL1075245,Urokinase-type plasminogen activator,P29598,2,2,7.66,0.0707106781186545
CHEMBL6004,Queuine tRNA-ribosyltransferase,Q9BXR0,2,2,5.555,0.1767766952966369
CHEMBL1075286,CAAX prenyl protease 1 homolog,Q80W54,2,2,5.33,0.8343860018001259
CHEMBL4523617,Prkaa1/Prkab2/Prkag1,P80385,2,2,7.76,0.5091168824543134
CHEMBL4523617,Prkaa1/Prkab2/Prkag1,P54645,2,2,7.76,0.5091168824543134
CHEMBL3885504,5'-AMP-activated protein kinase catalytic subunit alpha-2/beta-1/gamma-2,Q9Y478,2,2,8.405000000000001,1.0535891039679566
CHEMBL3559701,Proto-oncogene Mas,P04201,2,2,8.6,1.3010764773832473
CHEMBL1667678,Extended-spectrum beta-lactamase CTX-M-53,Q2XPY6,2,2,8.33,0.4666904755831215
CHEMBL2223,Gamma-glutamyl hydrolase,Q92820,2,2,9.024999999999999,0.0070710678118646965
CHEMBL6074,Deoxyhypusine synthase,Q9GSW0,2,2,5.65,1.9091883092036788
CHEMBL6060,Arylamine N-acetyltransferase,O86309,2,1,4.890000000000001,0.1979898987322338
CHEMBL4296049,Gamma-aminobutyric acid receptor subunit alpha-4/beta-3,P63079,2,1,6.475,1.0535891039679557
CHEMBL4296049,Gamma-aminobutyric acid receptor subunit alpha-4/beta-3,P28471,2,1,6.475,1.0535891039679557
CHEMBL2943,Gamma-glutamyltranspeptidase 1,P07314,2,2,4.29,0.014142135623730649
CHEMBL2193,Cerebroside-sulfatase,P15289,2,1,4.779999999999999,0.1414213562373093
CHEMBL4105780,Nucleolar GTP-binding protein 1,Q9BZE4,2,2,6.57,2.0930360723121813
CHEMBL4105762,Peptidyl-prolyl cis-trans isomerase Mip,Q9Z7P3,2,2,6.45,0.0707106781186545
CHEMBL4105757,Zinc finger protein 664,Q60493,2,2,8.225,0.06363961030678918
CHEMBL5291949,Gamma-aminobutyric acid receptor subunit alpha-2/beta-1/gamma-2,P18505,2,2,6.85,0.21213203435596445
CHEMBL2010633,Protein E6,P03126,2,2,5.735,0.4737615433949868
CHEMBL5291952,Putative citrate synthase 2,P9WPD3,2,2,5.07,0.1555634918610406
CHEMBL5291949,Gamma-aminobutyric acid receptor subunit alpha-2/beta-1/gamma-2,P47869,2,2,6.85,0.21213203435596445
CHEMBL5291949,Gamma-aminobutyric acid receptor subunit alpha-2/beta-1/gamma-2,P18507,2,2,6.85,0.21213203435596445
CHEMBL4105722,Toll-like receptor 7,B3Y652,2,1,5.949999999999999,1.626345596729059
CHEMBL4845,Urotensin II receptor,Q8HYC3,2,2,7.5,1.272792206135786
CHEMBL2202,Phosphatidylcholine-retinol O-acyltransferase,O95237,2,2,4.62,0.2969848480983499
CHEMBL4523499,Programmed cell death 1 ligand 2,Q9WUL5,2,2,7.33,0.09899494936611705
CHEMBL1667667,Beta-galactosidase,P23780,2,2,4.23,0.32526911934581215
CHEMBL1649060,Uncharacterized protein,E2R517,2,2,6.69,0.4101219330881976
CHEMBL5681,UMP-CMP kinase,P30085,2,2,8.370000000000001,0.21213203435596414
CHEMBL5711,Phospholipase A2 alpha,P00623,2,2,5.625,1.0960155108391492
CHEMBL3580494,Mucin-1,P15941,2,2,5.82,2.4041630560342613
CHEMBL4523618,JAK1/TYK2,Q9R117,2,2,6.734999999999999,0.3040559159102162
CHEMBL4523618,JAK1/TYK2,P52332,2,2,6.734999999999999,0.3040559159102162
CHEMBL4523617,Prkaa1/Prkab2/Prkag1,Q9QZH4,2,2,7.76,0.5091168824543134
CHEMBL1628474,Transient receptor potential cation channel subfamily V member 5,Q9NQA5,2,2,5.785,0.657609306503489
CHEMBL5739,Rhodopsin,P02699,2,1,4.585,0.33234018715767777
CHEMBL5737,VIP peptides,P01282,2,2,4.71,0.014142135623730649
CHEMBL2189,HMG-CoA synthase,P17425,2,2,7.545,0.24748737341529137
CHEMBL4879432,Proteasome subunit alpha type-1,P25786,2,2,6.890000000000001,2.163746750430835
CHEMBL5291611,23S rRNA methylase leader peptide,P10739,2,2,5.275,1.520279579551077
CHEMBL5291604,E3 ubiquitin-protein ligase RNF4,P78317,2,2,6.01,0.3676955262170044
CHEMBL4523446,Gasdermin-D,Q9D8T2,2,2,6.4,0.0
CHEMBL2824,Arginyl-tRNA synthetase,P54136,2,2,8.235,0.16263455967290624
CHEMBL4295641,Proto-oncogene tyrosine-protein kinase receptor Ret,G3V9H8,2,1,7.800000000000001,0.14142135623730995
CHEMBL4295626,Anthranilate--CoA ligase,Q9I4X3,2,2,7.01,0.0707106781186545
CHEMBL4295622,Polyprotein P1234,Q8JUX6,2,2,5.4,0.14142135623730995
CHEMBL4295621,"Pantothenate kinase, putative",Q8ILP4,2,2,5.85,1.4142135623730951
CHEMBL4296306,Heat-shock protein,Q25869,2,2,4.605,0.134350288425444
CHEMBL4296287,Glycylpeptide N-tetradecanoyltransferase,A5K1A2,2,2,5.175000000000001,0.5586143571373728
CHEMBL4296283,Alpha-crystallin A chain,P02489,2,2,5.75,2.4041630560342617
CHEMBL4523406,Protein odd-skipped-related 1,Q8TAX0,2,1,7.465,0.36062445840513907
CHEMBL3588731,Bromodomain-containing protein 8,Q9H0E9,2,2,5.165,0.09192388155425173
CHEMBL3585237,Sarcoplasmic/endoplasmic reticulum calcium ATPase 2,P11507,2,2,5.4350000000000005,0.3747665940288701
CHEMBL3580523,Prosaposin,P07602,2,1,5.16,0.0
CHEMBL3588738,"Histone-lysine N-methyltransferase, H3 lysine-36 and H4 lysine-20 specific",Q96L73,2,2,2.425,0.6010407640085655
CHEMBL5291530,Homeobox-leucine zipper protein PROTODERMAL FACTOR 2,Q93V99,2,2,5.915,0.19091883092036754
CHEMBL4105705,"Dynamin-like 120 kDa protein, mitochondrial",O60313,2,2,6.96,1.1455129855222064
CHEMBL4105704,Obg-like ATPase 1,Q9NTK5,2,2,8.335,0.26162950903902144
CHEMBL4105703,Ras-related protein Rab-6A,P20340,2,2,6.09,1.965756851698602
CHEMBL5291580,AMP deaminase 2,Q9DBT5,2,2,7.18,0.31112698372208086
CHEMBL3399912,"StAR-related lipid transfer protein 7, mitochondrial",Q9NQZ5,2,2,4.1899999999999995,0.014142135623730963
CHEMBL3407317,Ubl carboxyl-terminal hydrolase 18,Q9UMW8,2,2,4.575,0.1343502884254437
CHEMBL4105731,Serine/threonine-protein phosphatase 6 catalytic subunit,O00743,2,2,8.5,0.7071067811865476
CHEMBL4106189,BRAF/CRAF,P15056,2,2,6.16,0.0848528137423861
CHEMBL5746,C5a anaphylatoxin chemotactic receptor,P30993,2,2,5.14,0.7071067811865476
CHEMBL1628475,Fatty-acid amide hydrolase 2,Q6GMR7,2,2,8.085,0.3040559159102162
CHEMBL3088,Insulin-like growth factor binding protein 2,P18065,2,2,8.225,0.6434671708797584
CHEMBL3087,Trehalase,O43280,2,2,5.575,1.6617009357883865
CHEMBL2176779,DNA-dependent protein kinase catalytic subunit,P97313,2,2,7.195,0.3889087296526013
CHEMBL4879549,ATP-diphosphohydrolase 1,Q7YTA4,2,2,4.57,0.08485281374238547
CHEMBL4879512,Carboxypeptidase B2,Q9EQV9,2,2,6.415,0.007071067811865324
CHEMBL4879509,Alkaline ceramidase 3,Q9D099,2,2,4.525,0.09192388155425142
CHEMBL5291548,Enoyl-[acyl-carrier-protein] reductase [NADH] FabI,P44432,2,2,5.895,0.7283199846221438
CHEMBL5291543,Ribonuclease SLFN12,Q8IYM2,2,1,6.625,0.7990306627407993
CHEMBL3588733,Sterol carrier protein 2,Q86PR3,2,2,5.76,0.6505382386916236
CHEMBL4523391,Casein kinase I,Q8IHZ9,2,2,6.32,0.7071067811865476
CHEMBL5758,"Succinate dehydrogenase [ubiquinone] flavoprotein subunit, mitochondrial",P31040,2,2,4.805,0.40305086527633227
CHEMBL3596087,"Alpha-(1,6)-fucosyltransferase",Q9BYC5,2,2,5.33,0.5232590180780453
CHEMBL1628462,Cation channel sperm-associated protein 1,Q8NEC5,2,2,4.46,0.08485281374238515
CHEMBL4523440,Spindlin-2B,Q9BPZ2,2,2,7.055,0.40305086527633227
CHEMBL4523420,TRAF family member-associated NF-kappa-B activator,Q92844,2,2,5.635,0.23334523779156074
CHEMBL4523414,Farnesyl pyrophosphate synthase,Q920E5,2,1,4.82,0.0
CHEMBL2021755,"Fatty acid-binding protein, adipocyte",P70623,2,2,7.51,0.04242640687119289
CHEMBL3966,Metabotropic glutamate receptor 7,Q68ED2,2,2,8.719999999999999,0.028284271247461926
CHEMBL5278,Serine/threonine protein phosphatase PP2B-alpha catalytic subunit,P16298,2,2,4.675,0.5303300858899106
CHEMBL5265,DNA topoisomerase 1,Q7YR26,2,2,4.67,0.141421356237309
CHEMBL4879501,5'-3' exonuclease PLD4,Q96BZ4,2,1,4.775,0.07778174593052077
CHEMBL3227914,Acetylcholinesterase,P36196,2,2,6.0649999999999995,2.312239174480011
CHEMBL5291516,Lymphocyte antigen 6K,Q17RY6,2,2,5.925,0.8414570696119912
CHEMBL5291514,Proprotein convertase subtilisin/kexin type 9,Q80W65,2,2,8.34,0.933380951166243
CHEMBL5289,DNA nucleotidylexotransferase,P06526,2,2,5.0,0.1131370849898477
CHEMBL3108655,Serine/threonine-protein kinase Nek10,Q6ZWH5,2,2,8.035,2.354665581351203
CHEMBL4110,Alpha-galactosidase A,D3ZJF9,2,2,4.76,0.8343860018001259
CHEMBL4523327,Aminodeoxyfutalosine synthase,Q5SK48,2,1,4.96,0.7778174593052021
CHEMBL4523325,Spindlin-3,Q5JUX0,2,2,6.824999999999999,0.07778174593052013
CHEMBL4523321,Spindlin-4,Q56A73,2,2,7.255,0.6858935777509516
CHEMBL2396507,Dual specificity protein phosphatase 15,Q9H1R2,2,2,5.4399999999999995,0.14142135623730995
CHEMBL2390814,Urea transporter 1,Q13336,2,2,6.859999999999999,1.5556349186104044
CHEMBL1615383,Solute carrier family 12 member 2,P55011,2,2,6.215,0.5727564927611039
CHEMBL5797,High affinity choline transporter 1,Q9JMD7,2,2,6.51,2.107178207935912
CHEMBL5795,Arylamine N-acetyltransferase,Q9HUY3,2,1,4.609999999999999,0.25455844122715765
CHEMBL5782,Type-2 restriction enzyme ScaI,O52691,2,2,4.88,0.39597979746446693
CHEMBL4523309,Guanine nucleotide binding protein q polypeptide,Q3HR10,2,2,7.25,0.3252691193458125
CHEMBL4523303,Transcription factor NF-E2 45 kDa subunit,Q16621,2,2,7.050000000000001,0.14142135623730995
CHEMBL4523296,Signal transducer and activator of transcription 4,Q14765,2,1,6.0,0.0
CHEMBL4523270,Cytochrome P450 4F8,P98187,2,1,4.1899999999999995,0.21213203435596445
CHEMBL4083,Dihydrodipicolinate synthase,P0A6L2,2,2,4.425,0.5303300858899106
CHEMBL3243915,Oxytocin-like receptor,Q5D7U5,2,2,7.385,0.16263455967290624
CHEMBL4913,3-oxoacyl-[acyl-carrier-protein] synthase 1,P0A953,2,2,4.8100000000000005,0.1555634918610406
CHEMBL4912,Fructose-bisphosphate aldolase class 2,P0AB71,2,2,6.0,2.8284271247461903
CHEMBL4906,Sodium channel protein type I alpha subunit,P04774,2,2,7.27,1.0323759005323596
CHEMBL4902,Topoiomerase 1B,Q98254,2,2,4.21,0.12727922061357835
CHEMBL3351212,LanC-like protein 2,Q9NS86,2,2,6.645,2.1708178182427003
CHEMBL2021757,Acylamino-acid-releasing enzyme,P19205,2,1,4.3149999999999995,0.4313351365237945
CHEMBL4178,Insulin-like growth factor binding protein 1,P08833,2,2,7.879999999999999,0.5798275605729682
CHEMBL5954,"Ornithine aminotransferase, mitochondrial",P04181,2,2,8.530000000000001,0.21213203435596287
CHEMBL3638354,Endothelial lipase,Q8VBX1,2,2,4.84,0.0
CHEMBL5988,Bcl-2-like protein 10,Q9HD36,2,2,6.09,0.12727922061357835
CHEMBL5977,Galectin-2,P05162,2,2,4.58,0.8202438661763952
CHEMBL1075308,Thrombin,P19221,2,2,4.865,0.6858935777509506
CHEMBL4169,Voltage-gated L-type calcium channel alpha-1S subunit,P07293,2,2,4.545,0.38890872965260165
CHEMBL4034,Phospholipase C-beta-1,Q9NQ66,2,2,4.245,0.07778174593051983
CHEMBL4932,Testis-specific androgen-binding protein,P08689,2,2,8.035,0.5586143571373723
CHEMBL4923,Peptidyl-prolyl cis-trans isomerase NIMA-interacting 2,Q9Y237,2,2,5.145,0.9545941546018393
CHEMBL4918,Influenza A virus Hemagglutinin,P03438,2,2,5.505,0.10606601717798238
CHEMBL3351199,Protein phosphatase 1G,O15355,2,2,4.07,0.0848528137423861
CHEMBL3351197,Tyrosine-protein phosphatase non-receptor type 18,Q99952,2,2,4.555,0.03535533905932694
CHEMBL3347256,Proteasome subunit beta type-7,Q99436,2,2,6.13,1.753624817342638
CHEMBL2176839,Toll-like receptor 5,O60602,2,2,5.845000000000001,0.3181980515339468
CHEMBL3108631,Acetyl-CoA carboxylase 2,E9Q4Z2,2,2,7.245,0.27577164466275395
CHEMBL3044,Glutamate receptor ionotropic kainate 4,Q01812,2,2,7.865,0.657609306503489
CHEMBL3751654,"5'(3')-deoxyribonucleotidase, mitochondrial",Q9NPB1,2,2,5.915,1.3788582233137672
CHEMBL3337329,Casein kinase I isoform alpha,P67827,2,2,6.335,0.657609306503489
CHEMBL5214,"Solute carrier family 2, facilitated glucose transporter member 1",P11167,2,2,5.315,1.1808683245815343
CHEMBL2149,Peripheral-type benzodiazepine receptor,P50637,2,2,8.0,0.0
CHEMBL2163167,S-methylmethionine--homocysteine S-methyltransferase BHMT2,Q9H2M3,2,1,6.275,1.1808683245815343
CHEMBL2155,Plasminogen activator inhibitor-1,P20961,2,1,5.8100000000000005,0.7212489168102791
CHEMBL4934,Spermine synthase,P52788,2,2,7.5,0.2828427124746193
CHEMBL3259465,Epsin-1,Q9Y6I3,2,1,4.34,0.0
CHEMBL3603729,2-acylglycerol O-acyltransferase 2,Q80W94,2,2,5.904999999999999,0.03535533905932694
CHEMBL3600279,E3 ubiquitin-protein ligase Mdm2,P23804,2,2,7.4399999999999995,0.36769552621700535
CHEMBL3600278,E3 ubiquitin-protein ligase Mdm2,P56950,2,2,7.835000000000001,0.2050609665440985
CHEMBL5820,Concanavalin-A,P02866,2,2,4.63,0.12727922061357835
CHEMBL5816,Arylsulfatase,P51691,2,2,5.715,1.6617009357883865
CHEMBL4523247,Gasdermin-D,P57764,2,2,6.4,0.0
CHEMBL4183,P-selectin glycoprotein ligand 1,Q14242,2,2,4.140000000000001,0.028284271247461613
CHEMBL1287607,Neuraminidase,Q75VQ4,2,2,8.690000000000001,0.1697056274847722
CHEMBL5227,Hydroxysteroid 11-beta dehydrogenase 1,Q56D22,2,2,7.805,1.138441917710341
CHEMBL4295788,Neuronal calcium sensor 1,P62166,2,2,5.42,0.6788225099390853
CHEMBL4295787,NEDD8-conjugating enzyme Ubc12,P61081,2,2,5.495,0.7141778489984129
CHEMBL4295773,DNA ligase 3,P49916,2,2,5.025,0.03535533905932756
CHEMBL4295770,Eosinophil peroxidase,P49290,2,2,6.865,0.3181980515339468
CHEMBL4295743,Complement factor D,P32038,2,2,7.0,0.0
CHEMBL4295737,Retinal dehydrogenase 1,P27463,2,1,6.535,0.24748737341529137
CHEMBL6051,Mitogen-activated protein kinase 1,Q5SC61,2,2,6.85,0.2121320343559638
CHEMBL1075185,Caspase-3,P55213,2,2,4.22,0.16970562748477155
CHEMBL3763005,Pleckstrin homology domain-containing family A member 1,Q9HB21,2,2,4.925,0.5303300858899106
CHEMBL4523225,Signal transducer and activator of transcription 5B,P42232,2,2,4.359999999999999,0.33941125496954283
CHEMBL5811,Macrophage scavenger receptor types I and II,P21757,2,2,4.7,0.7778174593052021
CHEMBL1287600,Class B carbapenemase VIM-13,Q2HY42,2,2,4.24,0.1131370849898477
CHEMBL1287621,Fructose-bisphosphate aldolase class II,A0A380PJR2,2,2,5.85,2.248599564173221
CHEMBL5835,Tyrosine-protein phosphatase yopH,P08538,2,2,4.484999999999999,0.3747665940288707
CHEMBL2417353,Serine/threonine-protein kinase Nek8,Q86SG6,2,1,7.609999999999999,0.2121320343559638
CHEMBL4519,Serine/threonine-protein kinase PLK1,P70032,2,1,4.74,0.3535533905932738
CHEMBL4998,Integrin alpha-2,P17301,2,2,4.96,0.933380951166243
CHEMBL4996,Fucosyltransferase 4,P22083,2,2,5.3,0.636396103067893
CHEMBL2040,T-cell surface antigen CD2,P06729,2,2,7.81,0.31112698372208053
CHEMBL3317332,Tyrosine-protein phosphatase non-receptor type 14,Q15678,2,2,5.18,0.1414213562373093
CHEMBL3243912,Ornithine decarboxylase,P27117,2,2,4.43,0.38183766184073537
CHEMBL3259476,Arachidonate 15-lipoxygenase,P39654,2,2,4.585,0.16263455967290624
CHEMBL3259475,Nicotinamide phosphoribosyltransferase,Q80Z29,2,2,7.55,0.12727922061357835
CHEMBL3042,Protein kinase C beta,P68404,2,2,6.58,0.0707106781186545
CHEMBL3040,CDC45-related protein,O75419,2,2,4.9350000000000005,0.1909188309203685
CHEMBL3076,Phenylalanine-4-hydroxylase,P00439,2,1,5.58,0.5939696961966998
CHEMBL4190,Excitatory amino acid transporter 1,P24942,2,1,6.015,0.007071067811865324
CHEMBL4523199,Pleiotrophin,P21246,2,2,6.775,0.4737615433949868
CHEMBL4523177,UDP-glucose 6-dehydrogenase,P0C0F4,2,1,5.23,0.09899494936611612
CHEMBL5822,Regulatory protein E2,P03118,2,1,5.300000000000001,0.9616652224137046
CHEMBL3627583,Kinase suppressor of Ras 2,Q6VAB6,2,1,5.285,0.16263455967290624
CHEMBL3627582,Testis-specific serine/threonine-protein kinase 6,Q9BXA6,2,1,6.83,0.16970562748477155
CHEMBL3621023,E3 ubiquitin-protein ligase NEDD4,P46934,2,2,6.3,0.0
CHEMBL5188,"1-phosphatidylinositol-4,5-bisphosphate phosphodiesterase gamma-1",P10686,2,2,5.035,0.3323401871576775
CHEMBL5178,Nucleophosmin,P06748,2,2,5.305,0.41719300090006295
CHEMBL5173,Orotidine phosphate decarboxylase,Q8T6J6,2,2,5.33,0.9475230867899735
CHEMBL2139,Insulin-like growth factor binding protein 6,P24592,2,2,7.35,0.395979797464466
CHEMBL5009,Sphingosine-1-phosphate lyase 1,Q8R0X7,2,2,4.98,0.9899494936611665
CHEMBL5004,Type-2 restriction enzyme HindIII,P43870,2,2,4.395,0.5303300858899106
CHEMBL3616362,Poly(A)-specific ribonuclease PARN,O95453,2,2,4.35,0.38183766184073537
CHEMBL3616357,D-aspartate oxidase,Q922Z0,2,2,4.775,0.4030508652763313
CHEMBL3616356,D-aspartate oxidase,D3ZDM7,2,2,4.705,0.7424621202458754
CHEMBL3831212,26S proteasome non-ATPase regulatory subunit 11,O00231,2,2,5.465,0.5586143571373728
CHEMBL4523136,Synaptojanin-1,O43426,2,1,6.0,0.0
CHEMBL4523130,Sphingomyelin phosphodiesterase 3,O35049,2,2,5.609999999999999,0.5515432893255069
CHEMBL4523111,Dickkopf WNT-signaling pathway inhibitor 1,A6I0Z0,2,2,7.4,0.0
CHEMBL2440,Myeloperoxidase,P11247,2,2,4.755,0.37476659402886975
CHEMBL4458,Alkaline phosphatase placental type,P05187,2,2,6.55,1.3435028842544405
CHEMBL2475,Cytochrome P450 2D1,P10633,2,2,4.515000000000001,0.2616295090390223
CHEMBL3286084,Delta-aminolevulinic acid dehydratase,C3LPU7,2,2,4.35,0.09899494936611612
CHEMBL3286075,Platelet factor 4,P02776,2,2,5.16,0.5091168824543144
CHEMBL3286073,Interferon gamma,P01579,2,2,5.08,0.1131370849898477
CHEMBL5041,Beta-lactamase TEM-125,Q6GWS8,2,2,5.845000000000001,1.0960155108391483
CHEMBL1255151,AmpC,Q83TT7,2,2,6.76,0.6505382386916236
CHEMBL3038456,AMPK alpha2/beta2/gamma1,P54646,2,2,8.055,0.9121677477306457
CHEMBL2434819,Orexin receptor type 1,P58307,2,2,7.555,1.7182694782833103
CHEMBL2434818,Orexin receptor type 2,P58308,2,2,7.6450000000000005,0.5868986283848344
CHEMBL2429706,Proteinase-activated receptor 2,Q63645,2,2,4.3,0.0
CHEMBL3039,NADH-ubiquinone oxidoreductase 49 kDa subunit,O75306,2,1,7.29,0.2687005768508886
CHEMBL2424511,3-oxoacyl-(Acyl-carrier protein) reductase,Q8I2S7,2,2,5.25,1.7677669529663689
CHEMBL3831205,26S protease regulatory subunit 6B,P43686,2,2,6.210000000000001,2.9557063453597694
CHEMBL3627584,Mitogen-activated protein kinase kinase kinase MLK4,Q5TCX8,2,1,5.975,0.2050609665440991
CHEMBL3038457,AMPK alpha2/beta2/gamma3,P54646,2,2,7.93,0.6646803743153546
CHEMBL3038457,AMPK alpha2/beta2/gamma3,O43741,2,2,7.93,0.6646803743153546
CHEMBL3038456,AMPK alpha2/beta2/gamma1,P54619,2,2,8.055,0.9121677477306457
CHEMBL3038456,AMPK alpha2/beta2/gamma1,O43741,2,2,8.055,0.9121677477306457
CHEMBL4449,Glucoamylase,P07683,2,1,4.53,0.24041630560342606
CHEMBL2520,Neutral alpha-glucosidase C,Q8TET4,2,2,5.88,2.5173001410241094
CHEMBL1250364,Histidine triad nucleotide-binding protein 1,P70349,2,1,4.195,0.03535533905932694
CHEMBL2069157,Intracellular chorismate mutase,P9WIC1,2,2,4.66,0.05656854249492385
CHEMBL5169235,Collagenase ColA,Q81BJ6,2,2,5.4,0.09899494936611673
CHEMBL5169231,Pup--protein ligase,P9WNU7,2,2,4.775,0.03535533905932694
CHEMBL5169225,Proline--tRNA ligase,P16659,2,2,7.34,1.4566399692442873
CHEMBL5069,Hypoxanthine-guanine phosphoribosyltransferase,Q07010,2,2,4.465,0.23334523779156074
CHEMBL4295614,Peptidoglycan-N-acetylglucosamine deacetylase BC_1974,Q81EJ6,2,1,4.71,0.49497474683058273
CHEMBL4295608,Mediator of RNA polymerase II transcription subunit 15,Q6FRS9,2,1,5.625,1.2374368670764582
CHEMBL4295598,Amyloid beta-binding alcohol dehydrogenase,Q2L8D9,2,1,7.1,0.0848528137423861
CHEMBL4295597,Histidine protein kinase SaeS,Q2G2U1,2,2,4.785,0.5444722215136413
CHEMBL3038460,Nicotinic acetylcholine receptor alpha1/beta1/gamma/delta,P09690,2,2,4.449999999999999,0.2121320343559638
CHEMBL3038460,Nicotinic acetylcholine receptor alpha1/beta1/gamma/delta,P04760,2,2,4.449999999999999,0.2121320343559638
CHEMBL3038460,Nicotinic acetylcholine receptor alpha1/beta1/gamma/delta,P04756,2,2,4.449999999999999,0.2121320343559638
CHEMBL3038460,Nicotinic acetylcholine receptor alpha1/beta1/gamma/delta,P02716,2,2,4.449999999999999,0.2121320343559638
CHEMBL3038457,AMPK alpha2/beta2/gamma3,Q9UGI9,2,2,7.93,0.6646803743153546
CHEMBL2565,Penicillin-binding protein 2b,Q9XDB3,2,2,4.535,0.021213203435596916
CHEMBL4295899,C-C chemokine receptor type 4,Q8MJW8,2,2,8.05,0.6363961030678924
CHEMBL4296021,Receptor-interacting serine/threonine-protein kinase 2,P58801,2,2,8.07,0.21213203435596475
CHEMBL4295984,FI18190p1,Q9VWX8,2,2,5.050000000000001,1.272792206135785
CHEMBL4295964,"Solute carrier family 2, facilitated glucose transporter member 8",Q9NY64,2,1,5.22,0.0
CHEMBL4295953,Snake venom metalloproteinase neuwiedase,Q9I9R4,2,2,4.925,1.1667261889578036
CHEMBL4295949,Cytochrome P450 4F11,Q9HBI6,2,2,7.23,0.9758073580374352
CHEMBL4295937,DCN1-like protein 5,Q9BTE7,2,2,6.605,2.9203510063004416
CHEMBL3745,Glucoamylase,P69328,2,1,4.35,0.22627416997969446
CHEMBL3713006,Programmed cell death 1 ligand 2,Q9BQ51,2,2,7.115,0.40305086527633227
CHEMBL2503,NADH-ubiquinone oxidoreductase subunit B14.7,Q8HXG6,2,2,8.780000000000001,0.3818376618407357
CHEMBL2618,"Thymidine kinase, cytosolic",P04184,2,1,4.62,0.0
CHEMBL2616,"Acetyl-CoA acetyltransferase, mitochondrial",P24752,2,2,6.475,1.2374368670764582
CHEMBL2079845,GTPase NRas,P01111,2,2,7.91,2.2768838354206826
CHEMBL5120,Non-secretory ribonuclease,P10153,2,2,6.75,0.0
CHEMBL3309049,Hematopoietic prostaglandin D synthase,Q9JHF7,2,2,6.67,0.1838477631085022
CHEMBL5169203,Spastin,Q9UBP0,2,2,6.18,1.159655121145938
CHEMBL3988612,Gonadotropin-releasing hormone receptor,G7P5Q7,2,2,8.285,0.33234018715767655
CHEMBL3988604,Melanocortin receptor 5,G7PWB2,2,2,5.18,0.05656854249492385
CHEMBL5169238,Pup--protein ligase,Q8NQE1,2,1,5.734999999999999,0.04949747468305758
CHEMBL2062349,RuvB-like 2,Q9Y230,2,2,4.6,0.0848528137423861
CHEMBL2069160,Cathepsin K,Q3ZKN1,2,2,8.425,0.9545941546018383
CHEMBL2069159,Extracellular superoxide dismutase [Cu-Zn],P08294,2,2,4.029999999999999,0.02828427124746224
CHEMBL4295574,Aspartate--tRNA ligase,P21889,2,2,8.94,1.895046173579947
CHEMBL4295542,L-ornithine N(5)-monooxygenase,E9QYP0,2,1,5.404999999999999,0.6293250352560268
CHEMBL1255121,Beta-lactamase SHV-72,A0ZX81,2,2,6.43,0.9475230867899735
CHEMBL1250410,"Solute carrier family 2, facilitated glucose transporter member 4",P14142,2,2,4.46,0.3394112549695431
CHEMBL4295555,Diacylglycerol O-acyltransferase 2,A0A8I3NDW2,2,2,7.335,0.07778174593051983
CHEMBL3988588,Xanthine phosphoribosyltransferase,P0A9M5,2,2,5.485,1.294005409571382
CHEMBL3308954,Mannose-6-phosphate isomerase,P29952,2,1,4.86,0.16970562748477155
CHEMBL3308951,Potassium channel subfamily K member 10,Q9JIS4,2,2,4.105,0.14849242404917465
CHEMBL3308938,Beta-lactamase,Q670S6,2,2,7.42,0.028284271247461613
CHEMBL3308929,Double-strand break repair protein MRE11A,P49959,2,1,4.55,0.5232590180780453
CHEMBL5134,Voltage-gated T-type calcium channel alpha-1H subunit,Q9EQ60,2,2,6.505,1.9586857838867364
CHEMBL2082,Calcineurin B alpha,P63098,2,2,4.545,0.10606601717798238
CHEMBL2079850,Protein prune homolog,Q86TP1,2,2,6.395,0.40305086527633194
CHEMBL4295533,Prolyl oligopeptidase family protein,A6H249,2,2,6.015000000000001,0.13435028842544464
CHEMBL4294,Potassium channel subfamily K member 3,O54912,2,2,5.39,1.4142135623730951
CHEMBL3827,Chitin synthase 1,P08004,2,1,9.7,0.0
CHEMBL3823,L-lactate dehydrogenase B chain,P00336,2,2,4.355,0.3464823227814081
CHEMBL3822349,Glucagon-like peptide 2 receptor,Q9Z0W0,2,2,10.25,0.21213203435596475
CHEMBL3822,Beta-ketoacyl-ACP synthase III,P43711,2,2,5.16,0.6505382386916236
CHEMBL5910,Aurora kinase A-interacting protein,Q9NWT8,2,2,7.16,2.913279938488577
CHEMBL2346494,Urotensin-2 receptor,Q8VIH9,2,2,5.26,0.09899494936611612
CHEMBL3712851,Solute carrier family 13 member 2,Q13183,2,1,4.9399999999999995,0.0848528137423861
CHEMBL4295854,Mitogen-activated protein kinase kinase kinase 12,Q60700,2,2,6.29,0.0707106781186545
CHEMBL4295848,Sensor protein kinase WalK,Q5HK19,2,2,4.62,0.0
CHEMBL4295837,Myosin-4,Q28641,2,2,6.53,0.1838477631085022
CHEMBL4295909,Sodium-dependent phosphate transporter 1,Q8WUM9,2,2,5.545,0.38890872965260165
CHEMBL4295900,Sodium-dependent phosphate transport protein 2C,Q8N130,2,2,5.199999999999999,0.7353910524340092
CHEMBL1075164,DNA topoisomerase 1,Q9WUL0,2,1,5.74,0.6222539674441621
CHEMBL4295885,Tyrosinase,Q8AYA1,2,1,4.21,0.24041630560342606
CHEMBL4295872,Heparanase,Q6YGZ1,2,2,4.380000000000001,0.08485281374238547
CHEMBL5169098,5-hydroxytryptamine receptor 1B,O08892,2,1,10.2,1.1313708498984751
CHEMBL4326,Fatty acid transport protein 2,O14975,2,2,5.1850000000000005,0.021213203435596916
CHEMBL4295586,Inosine-5'-monophosphate dehydrogenase,P9WKI7,2,2,5.425,0.7566042558696061
CHEMBL4295581,Undecaprenyl-diphosphatase,P60932,2,2,5.17,0.1131370849898477
CHEMBL6131,Beta-lactamase CTX-M,Q9EXV5,2,2,8.375,0.4596194077712549
CHEMBL1075137,Proteasome assembly chaperone 3,Q9BT73,2,2,7.2,0.7071067811865476
CHEMBL2321645,Histone-lysine N-methyltransferase SUV420H1,Q4FZB7,2,1,7.09,0.7212489168102781
CHEMBL2331054,26S proteasome non-ATPase regulatory subunit 10,O75832,2,1,6.255,0.021213203435595972
CHEMBL2331044,Myelin transcription factor 1,Q01538,2,2,7.67,0.6646803743153546
CHEMBL4680046,CD74-ROS1,P08922,2,2,9.025,0.8697413408594538
CHEMBL4680046,CD74-ROS1,P04233,2,2,9.025,0.8697413408594538
CHEMBL4105910,Prostaglandin E receptor 4,Q9TU16,2,2,7.52,0.14142135623730995
CHEMBL4105906,Potassium voltage-gated channel subfamily A member 6,P17659,2,2,5.89,1.2445079348883235
CHEMBL4105902,Trans-sialidase,Q26964,2,2,6.135,0.12020815280171303
CHEMBL4105890,Structural maintenance of chromosomes protein 2,O95347,2,2,6.32,0.5091168824543144
CHEMBL5436,Squalene epoxidase,A7L861,2,2,5.550000000000001,0.2121320343559638
CHEMBL3496,S-ribosylhomocysteine lyase,P45578,2,2,5.2,0.4242640687119283
CHEMBL3484,Beta-galactosidase,Q59750,2,2,5.46,0.7919595949289326
CHEMBL3509601,"POU domain, class 2, transcription factor 1",P14859,2,1,4.369999999999999,0.028284271247461613
CHEMBL4680045,SLC34A2-ROS1,P08922,2,2,8.505,1.7182694782833106
CHEMBL4680045,SLC34A2-ROS1,O95436,2,2,8.505,1.7182694782833106
CHEMBL4680028,Prostaglandin F2-alpha receptor,P43118,2,1,7.62,0.4808326112068521
CHEMBL1075033,Calcium dependent protein kinase,A0T123,1,1,4.72,
CHEMBL3734643,Transcription factor HES-1,Q14469,1,1,4.59,
CHEMBL3714046,Trace amine-associated receptor 5,O14804,1,1,5.36,
CHEMBL3713916,Ovarian cancer G-protein coupled receptor 1,Q15743,1,1,6.83,
CHEMBL3727,Phospholipase C-delta-1,P51178,1,1,6.6,
CHEMBL3739249,Alpha-amylase,P00691,1,1,4.38,
CHEMBL1075080,Oxygen-insensitive NAD(P)H nitroreductase,P38489,1,1,4.32,
CHEMBL3722,Glutathione S-transferase Mu 1,P10649,1,1,7.3,
CHEMBL3721301,N-terminal kinase-like protein,Q9EQC5,1,1,6.3,
CHEMBL6190,Voltage-dependent anion-selective channel protein 2,P45880,1,1,7.0,
CHEMBL5169109,Inhibin alpha chain,P05111,1,1,5.28,
CHEMBL5169175,E3 ubiquitin-protein ligase RNF168,Q8IYW5,1,1,5.17,
CHEMBL5169173,Spastin,Q8I0P1,1,1,5.32,
CHEMBL4295831,NEDD8,Q15843,1,1,8.33,
CHEMBL4295855,Sodium-dependent phosphate transport protein 2A,Q60825,1,1,6.27,
CHEMBL4295912,Glycine receptor subunit alpha-3,Q91XP5,1,1,6.31,
CHEMBL4295920,Apical membrane antigen 1,Q94661,1,1,4.62,
CHEMBL4295921,7-methylguanosine phosphate-specific 5'-nucleotidase,Q969T7,1,1,4.06,
CHEMBL1075148,Nuclear factor erythroid 2-related factor 2,Q60795,1,1,6.19,
CHEMBL1075150,Peroxisome proliferator activated receptor alpha,Q7TNH1,1,1,6.31,
CHEMBL3712821,B-cell CLL/lymphoma 9 protein,O00512,1,1,5.8,
CHEMBL3712895,Reticulon-4,Q9NQC3,1,1,4.83,
CHEMBL3712964,C-X-C motif chemokine 10,P02778,1,1,4.71,
CHEMBL3743,Small conductance calcium-activated potassium channel protein 1,P70606,1,1,10.62,
CHEMBL3745589,Dickkopf-related protein 1,O54908,1,1,5.52,
CHEMBL3745591,Glucose-1-phosphate cytidylyltransferase,Q8Z5I4,1,1,4.46,
CHEMBL3751653,"5'(3')-deoxyribonucleotidase, cytosolic type",Q8TCD5,1,1,4.66,
CHEMBL2972,Phosphofructokinase platelet type,Q01813,1,1,6.01,
CHEMBL4295980,Myosin-2,Q9UKX2,1,1,4.55,
CHEMBL2107836,"Amiloride-sensitive sodium channel, ENaC",P37088,1,1,7.77,
CHEMBL3308989,ATP synthase subunit c,P00845,1,1,6.3,
CHEMBL3308992,Pyruvate-flavodoxin oxidoreductase,Q0P8E1,1,1,4.98,
CHEMBL3308995,Acetylcholinesterase,Q9DDE3,1,1,6.3,
CHEMBL3309008,Bifunctional protein FolC,P08192,1,1,5.51,
CHEMBL5169180,Hexosaminidase D,Q8WVB3,1,1,4.9,
CHEMBL5169181,Cysteine protease ATG4A,Q8WYN0,1,1,5.89,
CHEMBL5169182,Aurora kinase A-A,Q91820,1,1,7.6,
CHEMBL5169183,Sphingosine-1-phosphate transporter SPNS2,Q91VM4,1,1,5.71,
CHEMBL5169186,Piezo-type mechanosensitive ion channel component 1,Q92508,1,1,4.58,
CHEMBL2073704,Monocarboxylate transporter 2,O60669,1,1,7.7,
CHEMBL2073722,Solute carrier family 22 member 16,Q86VW1,1,1,4.52,
CHEMBL5152,Microsomal prostaglandin E synthase-1,Q2TJZ7,1,1,9.05,
CHEMBL5169108,Collagen alpha-1(II) chain,P02458,1,1,8.08,
CHEMBL5169110,Glucose-6-phosphate 1-dehydrogenase,P05370,1,1,4.16,
CHEMBL5169113,V-set and immunoglobulin domain-containing protein 8,P0DPA2,1,1,5.17,
CHEMBL3988628,Casein kinase 2,P68399,1,1,4.89,
CHEMBL5169192,YTH domain-containing family protein 1,Q9BYJ9,1,1,3.42,
CHEMBL3309109,Taste receptor type 2 member 60,P59551,1,1,8.31,
CHEMBL3309110,Taste receptor type 2 member 9,Q9NYW1,1,1,8.31,
CHEMBL3309024,Outer-membrane lipoprotein carrier protein,P61316,1,1,5.12,
CHEMBL3309041,5-hydroxytryptamine receptor 2A,P50128,1,1,8.77,
CHEMBL3309061,"Alpha 1,4 galactosyltransferase",Q8KHJ3,1,1,6.05,
CHEMBL3309062,"Histone-lysine N-methyltransferase, H3 lysine-9 specific dim-5 (EC 2.1.1.43) (Histone H3-K9 methyltransferase dim-5) (H3-K9-HMTase dim-5) (HKMT)",Q8X225,1,1,5.52,
CHEMBL3309063,Casein kinase I isoform delta,P81123,1,1,5.0,
CHEMBL3309064,Adenosine receptor A3,P35342,1,1,7.38,
CHEMBL3308964,3-isopropylmalate dehydrogenase,Q5SIY4,1,1,7.21,
CHEMBL2107836,"Amiloride-sensitive sodium channel, ENaC",P51168,1,1,7.77,
CHEMBL2107836,"Amiloride-sensitive sodium channel, ENaC",P51170,1,1,7.77,
CHEMBL5127,Poliovirus type 1 polyprotein,P03300,1,1,5.97,
CHEMBL5132,Vanilloid receptor 1,Q6R5A3,1,1,7.2,
CHEMBL3308937,Pyochelin biosynthesis protein,Q9HWG3,1,1,7.9,
CHEMBL5050,Matrix metalloproteinase-24,Q9Y5R2,1,1,5.0,
CHEMBL5054,5'-AMP-activated protein kinase subunit beta-1,P80386,1,1,6.1,
CHEMBL3301560,Proline--tRNA ligase,Q8I5R7,1,1,8.4,
CHEMBL5069361,Interleukin-1 beta,P10749,1,1,5.68,
CHEMBL2111189,"Amylin receptor AMY1, CALCR/RAMP1",O60894,1,1,9.19,
CHEMBL2111189,"Amylin receptor AMY1, CALCR/RAMP1",P30988,1,1,9.19,
CHEMBL5078,Large conductance calcium-activated potassium channel subfamily M beta member 1,Q16558,1,1,4.88,
CHEMBL3286077,Eotaxin,P51671,1,1,4.96,
CHEMBL5169219,Mitogen-activated protein kinase 2,O42781,1,1,6.98,
CHEMBL5169220,Pyruvate decarboxylase,P06672,1,1,10.52,
CHEMBL2059,TNF-beta,P01374,1,1,5.0,
CHEMBL5088,Fatty acid desaturase 2,Q9Z122,1,1,5.21,
CHEMBL5089,Glutamine synthetase,P0A1P6,1,1,4.4,
CHEMBL3988597,Histamine oxidase,Q59118,1,1,5.16,
CHEMBL3988625,Kinesin family member 20B,A0A0D9R315,1,1,4.3,
CHEMBL3988628,Casein kinase 2,P67868,1,1,4.89,
CHEMBL2146,NADH-cytochrome b5 reductase,P00387,1,1,4.82,
CHEMBL5176,C-C chemokine receptor type 3,P56483,1,1,8.14,
CHEMBL2052030,Phosphoethanolamine N-methyltransferase,Q8IDQ9,1,1,4.35,
CHEMBL2052032,"Phosphatidylinositol 3,4,5-trisphosphate 3-phosphatase and dual-specificity protein phosphatase PTEN",P60484,1,1,4.88,
CHEMBL5199,Tyrosine-protein kinase TIE-2,Q02858,1,1,6.35,
CHEMBL5209631,Sodium/hydrogen exchanger 9B2,Q86UD5,1,1,4.05,
CHEMBL5169206,Mitogen-activated protein kinase 7,Q9WVS8,1,1,6.92,
CHEMBL4002,Histidyl-tRNA synthetase,P12081,1,1,6.89,
CHEMBL2146347,Inward rectifier potassium channel 4,P48050,1,1,4.62,
CHEMBL3286078,Bone morphogenetic protein 6,P22004,1,1,5.05,
CHEMBL3286079,Guanine nucleotide-binding protein G(q) subunit alpha,P50148,1,1,5.56,
CHEMBL3286088,Glutathione reductase,P70619,1,1,4.34,
CHEMBL4020,Ryanodine receptor 2,Q8WN72,1,1,8.74,
CHEMBL3301385,Cyclin-dependent kinase 4/cyclin D2,P30279,1,1,7.0,
CHEMBL3292,ADP-ribosyltransferase,Q3ULW8,1,1,6.75,
CHEMBL3301385,Cyclin-dependent kinase 4/cyclin D2,P11802,1,1,7.0,
CHEMBL3259472,Proto-oncogene vav,P15498,1,1,8.98,
CHEMBL3259492,Tissue-type plasminogen activator,P11214,1,1,6.04,
CHEMBL4990,MAP kinase-activated protein kinase 2,P49138,1,1,5.3,
CHEMBL2146297,DNA repair and recombination protein RAD54-like,Q92698,1,1,4.78,
CHEMBL3325307,Eukaryotic elongation factor 2 kinase,P70531,1,1,6.44,
CHEMBL3328,Deoxyuridine triphosphatase,Q4DI50,1,1,4.74,
CHEMBL3313837,Xanthine dehydrogenase,O54050,1,1,6.99,
CHEMBL3319,Branched-chain-amino-acid transferase,O35854,1,1,5.52,
CHEMBL3320,Tryptase alpha/beta-1,P27435,1,1,8.26,
CHEMBL3309107,Taste receptor type 2 member 4,Q9NYW5,1,1,8.31,
CHEMBL3309108,Taste receptor type 2 member 41,P59536,1,1,8.31,
CHEMBL5209634,Sodium- and chloride-dependent creatine transporter 1,P48029,1,1,5.3,
CHEMBL2040702,"High affinity cAMP-specific 3',5'-cyclic phosphodiesterase 7A",P70453,1,1,7.2,
CHEMBL2146351,G-protein coupled receptor 81,B9UM29,1,1,4.77,
CHEMBL2146352,G-protein coupled receptor 81,B9UM26,1,1,4.17,
CHEMBL2133,Ryanodine receptor 1,E9PZQ0,1,1,4.85,
CHEMBL2157858,Dual specificity protein phosphatase 2,Q05923,1,1,5.04,
CHEMBL2157859,Uncharacterized protein,A0A1D5QZY8,1,1,7.26,
CHEMBL2146354,Hydroxycarboxylic acid receptor 1,Q8C131,1,1,4.66,
CHEMBL2150833,Neuronal acetylcholine receptor subunit alpha-7,Q866A2,1,1,6.4,
CHEMBL2169733,Class I phosphodiesterase PDEB1,Q6S996,1,1,6.89,
CHEMBL5214853,Promotilin,P12872,1,1,5.14,
CHEMBL5218,Glutamine synthetase,Q43760,1,1,4.68,
CHEMBL3341579,Transcription factor AP-1,P17325,1,1,4.22,
CHEMBL3334417,Chemokine (C-C motif) receptor 1,Q2V0Q7,1,1,6.2,
CHEMBL3337328,6-phosphogluconolactonase,Q9GRG6,1,1,5.0,
CHEMBL3321650,Lysophosphatidic acid receptor 4,Q8BLG2,1,1,6.58,
CHEMBL5220,"Farnesyltransferase, putative",Q4CXF7,1,1,7.21,
CHEMBL4030,Beta-3 adrenergic receptor,P25962,1,1,5.4,
CHEMBL3271930,Squalene synthase,P29704,1,1,6.3,
CHEMBL3271932,Pyridoxine-5'-phosphate oxidase,Q9NVS9,1,1,6.26,
CHEMBL3286063,Tryptophan 5-hydroxylase 2,Q8CGU9,1,1,4.34,
CHEMBL3232703,Tankyrase-2,Q3UES3,1,1,7.25,
CHEMBL4075,Alpha-2a adrenergic receptor,Q01338,1,1,5.24,
CHEMBL2169732,Hydroxyacid oxidase 2,Q9NYQ3,1,1,6.02,
CHEMBL3351187,Coagulation factor VII,P98139,1,1,5.0,
CHEMBL3351191,Jak1 protein,Q5FVF5,1,1,7.54,
CHEMBL3340,Somatostatin receptor 3,P30936,1,1,9.22,
CHEMBL3341,Alcohol dehydrogenase class III,P28474,1,1,8.15,
CHEMBL2034811,Calcitonin gene-related peptide type 1 receptor,Q9R1W5,1,1,7.72,
CHEMBL2029193,Melanin-concentrating hormone receptor 1,Q8MJ89,1,1,9.1,
CHEMBL2029194,Kinesin heavy chain isoform 5C,O60282,1,1,4.3,
CHEMBL2163179,HTH-type transcriptional regulator EthR,A0R666,1,1,5.54,
CHEMBL3259464,Arylamine N-acetyltransferase 2,P50293,1,1,4.05,
CHEMBL3243911,Histidine decarboxylase,P16453,1,1,5.75,
CHEMBL4888461,Stromal interaction molecule 1/Protein orai-3,Q9BRQ5,1,1,5.4,
CHEMBL4938,Adenylate kinase 2,P54819,1,1,5.99,
CHEMBL2157856,Fanconi anemia group F protein,Q9NPI8,1,1,6.28,
CHEMBL2176841,Protein VAC14 homolog,Q80WQ2,1,1,4.82,
CHEMBL2176842,1-phosphatidylinositol 3-phosphate 5-kinase,Q9Z1T6,1,1,5.22,
CHEMBL3232679,Gonadotropin-releasing hormone receptor,Q01776,1,1,8.66,
CHEMBL3217382,Microtubule-associated protein 1B,P46821,1,1,6.68,
CHEMBL3217402,Rhombotin-2,P25791,1,1,7.54,
CHEMBL3217403,Nuclear receptor ROR-alpha,P51448,1,1,4.95,
CHEMBL4888450,Protein orai-2/Stromal interaction molecule 1,Q13586,1,1,6.05,
CHEMBL4888450,Protein orai-2/Stromal interaction molecule 1,Q96SN7,1,1,6.05,
CHEMBL4888461,Stromal interaction molecule 1/Protein orai-3,Q13586,1,1,5.4,
CHEMBL2033,Cytochrome P450 11A1,P05108,1,1,4.1,
CHEMBL3392946,Adiponectin receptor protein 1,Q96A54,1,1,5.75,
CHEMBL3392947,Adiponectin receptor protein 2,Q86V24,1,1,5.51,
CHEMBL2016430,NEDD8-activating enzyme E1 catalytic subunit,Q8TBC4,1,1,8.3,
CHEMBL2021746,Hydroxyacid oxidase 1,B0BNF9,1,1,4.34,
CHEMBL3232694,Acid-sensing ion channel 1,Q6NXK8,1,1,4.25,
CHEMBL3232702,Tankyrase-1,Q6PFX9,1,1,6.88,
CHEMBL2176843,Glycogen synthase kinase-3 alpha,Q2NL51,1,1,5.49,
CHEMBL2176844,STE20-like serine/threonine-protein kinase,O54988,1,1,7.68,
CHEMBL2176847,Advanced glycosylation end product-specific receptor,Q63495,1,1,7.37,
CHEMBL2176848,O-acyltransferase,A0A8I3N393,1,1,7.22,
CHEMBL2176850,Chemokine receptor,Q9MYJ9,1,1,6.26,
CHEMBL2176860,"Glutaminase liver isoform, mitochondrial",Q571F8,1,1,5.26,
CHEMBL2176770,Sulfate anion transporter 1,P58735,1,1,4.28,
CHEMBL4879468,Tyrosine-protein kinase,Q5S255,1,1,7.96,
CHEMBL5291504,Bifunctional dihydrofolate reductase-thymidylate synthase,O02604,1,1,7.03,
CHEMBL5291515,Ubiquitin carboxyl-terminal hydrolase 3,Q9Y6I4,1,1,4.0,
CHEMBL5291517,Ceramide synthase 6,Q6ZMG9,1,1,5.16,
CHEMBL5291518,Ceramide synthase 2,Q924Z4,1,1,5.16,
CHEMBL5291519,Folliculin-interacting protein 1,Q8TF40,1,1,6.17,
CHEMBL5291526,Ceramide synthase 1,P27544,1,1,6.27,
CHEMBL5291528,B-cell CLL/lymphoma 6 member B protein,Q8N143,1,1,5.43,
CHEMBL2032,Growth hormone-releasing hormone receptor,Q02643,1,1,9.85,
CHEMBL4095,Casein kinase II beta,P67871,1,1,6.42,
CHEMBL4103,Delta opioid receptor,P79291,1,1,7.44,
CHEMBL4105702,Ras-related protein Rab-27A,P51159,1,1,5.35,
CHEMBL4105706,Membrane-associated progesterone receptor component 1,O00264,1,1,6.69,
CHEMBL4105712,Poly(ADP-ribose) glycohydrolase,I6L8L7,1,1,5.24,
CHEMBL4105715,Leucyl-cystinyl aminopeptidase,Q8C129,1,1,4.11,
CHEMBL4105717,Matrix M2-1,P04545,1,1,8.7,
CHEMBL4105718,Phosphoprotein,P03421,1,1,8.7,
CHEMBL4105720,Heme ligase,Q8IL04,1,1,5.53,
CHEMBL4879492,Extracellular serine/threonine protein kinase FAM20C,Q8IXL6,1,1,5.21,
CHEMBL5291534,Immunoglobulin superfamily member 11,Q5DX21,1,1,4.93,
CHEMBL5291538,Ceramide synthase 1,P27545,1,1,6.34,
CHEMBL5291547,C-type lectin domain family 4 member K,Q8VBX4,1,1,4.3,
CHEMBL5291554,Corticoliberin,P06850,1,1,9.15,
CHEMBL5291555,Ceramide synthase 5,Q9D6K9,1,1,5.16,
CHEMBL5291561,Interleukin-36 gamma,Q9NZH8,1,1,7.17,
CHEMBL4879435,Proteasome subunit beta type-4,P28070,1,1,5.79,
CHEMBL2184,Neuronal acetylcholine receptor protein alpha-9 subunit,Q9UGM1,1,1,6.7,
CHEMBL2189130,S-formylglutathione hydrolase,P10768,1,1,9.1,
CHEMBL4879457,Gastric inhibitory polypeptide receptor,Q0P543,1,1,6.9,
CHEMBL4879460,Transient receptor potential cation channel subfamily M member 1,Q2TV84,1,1,8.22,
CHEMBL4879467,Serine/threonine-protein kinase TNNI3K,Q5GIG6,1,1,7.89,
CHEMBL5291567,Delta and Notch-like epidermal growth factor-related receptor,Q8NFT8,1,1,6.3,
CHEMBL3407320,Neurogenic locus notch homolog protein 2,Q04721,1,1,9.0,
CHEMBL3407321,Neurogenic locus notch homolog protein 4,Q99466,1,1,8.52,
CHEMBL3407322,Protein-arginine deiminase type-4,Q9Z183,1,1,4.7,
CHEMBL3407323,Ubiquitin carboxyl-terminal hydrolase 10,Q14694,1,1,6.22,
CHEMBL3393,"Acetyl-CoA acetyltransferase, mitochondrial",P17764,1,1,4.11,
CHEMBL5291569,"UDP-N-acetylmuramoyl-L-alanyl-D-glutamate--2,6-diaminopimelate ligase",P9WJL3,1,1,4.12,
CHEMBL5291570,Ceramide synthase 4,Q9HA82,1,1,5.16,
CHEMBL5291576,Kinesin-like protein KIF18A,Q91WD7,1,1,7.11,
CHEMBL5291529,Peptidyl-prolyl cis-trans isomerase-like 1,Q9Y3C6,1,1,4.54,
CHEMBL4105745,DNA replication licensing factor MCM4,P33991,1,1,6.2,
CHEMBL4105747,Structural maintenance of chromosomes protein 1A,Q14683,1,1,6.44,
CHEMBL4105750,SRSF protein kinase 1,O70551,1,1,6.05,
CHEMBL2189149,Probable linoleate 9S-lipoxygenase 5,Q43191,1,1,4.37,
CHEMBL2189151,Myosin-9,P35579,1,1,5.4,
CHEMBL2189153,"Thioredoxin, mitochondrial",Q99757,1,1,5.88,
CHEMBL2189157,V-type proton ATPase subunit C,Q9U5N1,1,1,6.22,
CHEMBL2196,Uridine-cytidine kinase 1,P52623,1,1,4.22,
CHEMBL5291587,Protein fem-1 homolog B,Q9UK73,1,1,5.82,
CHEMBL5291592,Glutamine--tRNA ligase,P00962,1,1,6.55,
CHEMBL5291595,O-phosphoserine sulfhydrylase,P9WP53,1,1,6.32,
CHEMBL5291596,NADPH oxidase organizer 1,Q8NFA2,1,1,8.7,
CHEMBL5291598,Trypanothione synthetase,O60993,1,1,7.52,
CHEMBL5291599,Ubiquitin carboxyl-terminal hydrolase 24,Q9UPU5,1,1,5.6,
CHEMBL5291563,Somatostatin receptor type 2,Q49LX6,1,1,8.18,
CHEMBL4879408,Hydroxyacid oxidase 1,I3LVF1,1,1,7.06,
CHEMBL2198,"Alpha-N-acetylgalactosaminide alpha-2,6-sialyltransferase III",Q64686,1,1,4.17,
CHEMBL4846,Nck adaptor protein 1,P16333,1,1,4.05,
CHEMBL4863,Kallikrein 13,Q9UKR3,1,1,6.09,
CHEMBL2189144,Phosphoinositide 3-kinase regulatory subunit 4,Q99570,1,1,4.8,
CHEMBL2189147,Signal transducer and transcription activator 6,P52633,1,1,5.56,
CHEMBL2218,Galactocerebrosidase,P54818,1,1,5.16,
CHEMBL5291962,14-3-3 eta/c-RAF,P04049,1,1,4.22,
CHEMBL5291962,14-3-3 eta/c-RAF,Q04917,1,1,4.22,
CHEMBL5291972,JAK1/STAT1,P23458,1,1,6.72,
CHEMBL5291972,JAK1/STAT1,P42224,1,1,6.72,
CHEMBL2010625,EWS-Fli1 protein,Q16198,1,1,5.02,
CHEMBL2010626,ETS translocation variant 1,P50549,1,1,4.76,
CHEMBL2010634,ATP-dependent RNA helicase DDX1,Q92499,1,1,7.07,
CHEMBL4105734,Coagulation factor IX,P16296,1,1,8.43,
CHEMBL4105742,Chromodomain-helicase-DNA-binding protein 4,Q14839,1,1,8.52,
CHEMBL4105744,Electron transfer flavoprotein subunit beta,P38117,1,1,7.92,
CHEMBL4802065,Monocarboxylate transporter 4,P57787,1,1,6.52,
CHEMBL2216,Carbonic anhydrase VII,Q9ERQ8,1,1,7.8,
CHEMBL2216744,Vacuolar protein sorting-associated protein 35,Q96QK1,1,1,4.8,
CHEMBL5291978,Catenin beta-1/BCL9L,Q86UU0,1,1,5.28,
CHEMBL5295,Kinesin heavy chain isoform 5A,Q12840,1,1,4.3,
CHEMBL1961,Chitin synthase 2,P30572,1,1,4.66,
CHEMBL5304,Vitamin D3 receptor,A3RGC1,1,1,10.15,
CHEMBL2221341,FKBP12A/mTOR,P42345,1,1,6.9,
CHEMBL2221341,FKBP12A/mTOR,P62942,1,1,6.9,
CHEMBL4105759,Interleukin-1 receptor-associated kinase-like 2,O43187,1,1,6.77,
CHEMBL4105778,Dipeptidyl peptidase 3,L8I2E6,1,1,4.16,
CHEMBL4105779,Midasin,Q9NU22,1,1,5.88,
CHEMBL4105781,NADH dehydrogenase [ubiquinone] 1 alpha subcomplex subunit 13,Q9P0J0,1,1,5.41,
CHEMBL4105782,ATP-dependent RNA helicase DDX42,Q86XP3,1,1,8.7,
CHEMBL4105783,Probable ATP-dependent RNA helicase DDX6,P26196,1,1,5.39,
CHEMBL4826,Alpha-2c adrenergic receptor,Q01337,1,1,6.19,
CHEMBL4105793,Nucleoprotein,P03418,1,1,8.7,
CHEMBL4105794,Metabotropic glutamate receptor 4,Q68EF4,1,1,6.7,
CHEMBL4802011,Sigma intracellular receptor 2,Q8VD00,1,1,6.3,
CHEMBL4802017,NmrA-like family domain-containing protein 1,Q9HBL8,1,1,4.72,
CHEMBL3407324,Ubiquitin carboxyl-terminal hydrolase 13,Q92995,1,1,6.22,
CHEMBL3407327,"Pantothenate kinase 2, mitochondrial",Q9BZ23,1,1,7.04,
CHEMBL3936,Alpha-galactosidase C,Q9UUZ4,1,1,5.75,
CHEMBL5305044,17-beta-hydroxysteroid dehydrogenase 13,Q8VCR2,1,1,9.3,
CHEMBL5307,Growth hormone secretagogue receptor type 1,A5A4K9,1,1,6.9,
CHEMBL5291978,Catenin beta-1/BCL9L,P35222,1,1,5.28,
CHEMBL2224,Ghrelin receptor,Q95254,1,1,7.2,
CHEMBL2227,Proenkephalin B,P01213,1,1,8.15,
CHEMBL2233621,Uracil phosphoribosyltransferase,P0A8F0,1,1,4.89,
CHEMBL4802020,AFG3-like protein 2,Q9Y4W6,1,1,4.72,
CHEMBL4802021,glucose-dependent insulinotropic receptor,A0A1U8CD06,1,1,7.6,
CHEMBL4802062,Vanin 1,Q4KLZ0,1,1,7.92,
CHEMBL2268004,"Zeta-carotene desaturase, chloroplastic/chromoplastic",Q9SMJ3,1,1,4.3,
CHEMBL2268006,Trans-cinnamate 4-monooxygenase,Q04468,1,1,6.05,
CHEMBL1956,D-alanylalanine synthetase,P07862,1,1,4.7,
CHEMBL3425390,Receptor-type tyrosine-protein phosphatase R,Q15256,1,1,4.89,
CHEMBL3425392,Pyridoxal phosphate phosphatase,P60487,1,1,4.1,
CHEMBL5326,Casein kinase II alpha (prime),O54833,1,1,6.24,
CHEMBL5338,Ectonucleoside triphosphate diphosphohydrolase 8,Q5MY95,1,1,4.44,
CHEMBL2268012,C-terminal processing protease of the D1 protein,Q36792,1,1,5.89,
CHEMBL2268013,Cytochrome P450 71B1,P49264,1,1,4.92,
CHEMBL2259,Vitamin D-binding protein,P02774,1,1,7.62,
CHEMBL4802003,Carbamate kinase,O97438,1,1,6.22,
CHEMBL3217375,"2-C-methyl-D-erythritol 2,4-cyclodiphosphate synthase",P62617,1,1,4.66,
CHEMBL3217376,Putative N-acetylglucosamine-6-phosphate deacetylase,Q9Y303,1,1,7.47,
CHEMBL3217377,"2-C-methyl-D-erythritol 2,4-cyclodiphosphate synthase",P9WKG5,1,1,5.21,
CHEMBL3217378,Dihydroneopterin aldolase,P56740,1,1,7.17,
CHEMBL4105791,G-protein coupled receptor 52,P0C5J4,1,1,7.15,
CHEMBL4746,FK506 binding protein 3,Q00688,1,1,5.95,
CHEMBL4758,Vascular endothelial growth factor receptor 3,P35917,1,1,8.82,
CHEMBL1938218,2-dehydro-3-deoxyphosphooctonate aldolase,Q9JZ55,1,1,5.1,
CHEMBL1938226,Matrix metalloproteinase-20,O60882,1,1,5.0,
CHEMBL5357,Putative cytochrome P450 130,P9WPN5,1,1,4.88,
CHEMBL1932899,Macrophage metalloelastase,P79227,1,1,7.24,
CHEMBL1932900,Matrix metalloproteinase-12,A9X4R8,1,1,7.16,
CHEMBL1932903,Peroxisome proliferator-activated receptor gamma,Q4U3Q4,1,1,4.96,
CHEMBL1955709,Heterogeneous nuclear ribonucleoprotein A1,P09651,1,1,7.08,
CHEMBL4105811,Meso-diaminopimelate D-dehydrogenase,Q7MW40,1,1,4.83,
CHEMBL4105814,ATP-dependent RNA helicase DHX30,Q7L2E3,1,1,8.22,
CHEMBL4105815,Glycine--tRNA ligase,P41250,1,1,7.4,
CHEMBL3184,Carnitine acetylase,P43155,1,1,4.62,
CHEMBL4105819,Adenine phosphoribosyltransferase,P07741,1,1,7.54,
CHEMBL4105820,Thyroid hormone receptor-associated protein 3,Q9Y2W1,1,1,5.56,
CHEMBL4105821,"Isoleucine--tRNA ligase, mitochondrial",Q9NSE4,1,1,7.96,
CHEMBL4739708,Potassium channel subfamily T member 1,Q9Z258,1,1,6.26,
CHEMBL4105856,Phosphatidylethanolamine-binding protein 1,P30086,1,1,8.52,
CHEMBL1932905,Testosterone 17-beta-dehydrogenase 3,P70385,1,1,7.4,
CHEMBL1926489,"Protoporphyrinogen oxidase, mitochondrial",O24164,1,1,7.16,
CHEMBL1932892,Lysozyme C,P00698,1,1,4.91,
CHEMBL1914278,G protein-activated inward rectifier potassium channel 4,P48544,1,1,5.39,
CHEMBL1921663,Melanin-concentrating hormone receptor 1,B6F061,1,1,8.4,
CHEMBL1921665,Phospho-N-acetylmuramoyl-pentapeptide-transferase,P9WMW7,1,1,7.96,
CHEMBL4105837,Histone-lysine N-methyltransferase SETD1B,Q9UPS6,1,1,4.85,
CHEMBL4105846,Catenin beta-1,Q02248,1,1,7.75,
CHEMBL4105849,ERO1-like protein alpha,Q8R180,1,1,5.72,
CHEMBL4105852,Eukaryotic translation initiation factor 5B,O60841,1,1,6.63,
CHEMBL4105853,Rab-like protein 3,Q5HYI8,1,1,5.32,
CHEMBL4739840,Histone-lysine N-methyltransferase EZH2,B5DFE2,1,1,8.4,
CHEMBL2285351,"2-C-methyl-D-erythritol 2,4-cyclodiphosphate synthase, chloroplastic",Q9CAK8,1,1,5.5,
CHEMBL4739671,Atypical chemokine receptor 3,O89039,1,1,8.51,
CHEMBL4105887,Guanine nucleotide-binding protein G(i) subunit alpha-2,P04899,1,1,6.74,
CHEMBL2300,Glycerol kinase,P32189,1,1,4.1,
CHEMBL4739670,Ephrin type-A receptor 8,O09127,1,1,5.11,
CHEMBL2321623,Ubiquitin-like modifier-activating enzyme 7,P41226,1,1,5.4,
CHEMBL3885646,Tryptophan synthase alpha /beta chains,P0A877,1,1,4.82,
CHEMBL3885646,Tryptophan synthase alpha /beta chains,P0A879,1,1,4.82,
CHEMBL3886123,Thyrotropin-releasing hormone-degrading ectoenzyme,Q9UKU6,1,1,5.1,
CHEMBL1932904,Peroxisome proliferator-activated receptor delta,Q0ZAQ8,1,1,5.57,
CHEMBL4739674,"Myosin light chain kinase 2, skeletal/cardiac muscle",P07313,1,1,5.29,
CHEMBL4739676,Atypical chemokine receptor 3,P11613,1,1,8.64,
CHEMBL4739678,Ephrin type-B receptor 3,P54754,1,1,4.96,
CHEMBL4739679,Ephrin type-A receptor 5,P54757,1,1,5.36,
CHEMBL4739690,Ephrin type-A receptor 6,Q62413,1,1,4.75,
CHEMBL4739696,"Phosphatidylinositol 4,5-bisphosphate 3-kinase catalytic subunit beta isoform",Q8BTI9,1,1,8.68,
CHEMBL4739698,Thioredoxin domain-containing protein 5,Q8NBS9,1,1,4.92,
CHEMBL4739706,Short transient receptor potential channel 3,Q9QZC1,1,1,6.16,
CHEMBL4680049,GABA-A receptor alpha-1/beta-1,P08220,1,1,7.89,
CHEMBL2321618,Potassium voltage-gated channel subfamily B member 2,Q92953,1,1,7.0,
CHEMBL4105889,Exosome RNA helicase MTR4,P42285,1,1,5.58,
CHEMBL1914277,G protein-activated inward rectifier potassium channel 1,P48549,1,1,5.39,
CHEMBL1909491,Prostaglandin F2-alpha receptor,Q28905,1,1,7.89,
CHEMBL5420,Mobilization protein A,P07112,1,1,4.16,
CHEMBL1887,Interferon-alpha/beta receptor alpha chain,P17181,1,1,5.4,
CHEMBL1883,Neuronal acetylcholine receptor protein beta-2 subunit,P17787,1,1,4.41,
CHEMBL4700,Tryptase,P15944,1,1,6.42,
CHEMBL4706,Carbonic anhydrase II,P27139,1,1,5.85,
CHEMBL4709,Type 1 dehydroquinase,P05194,1,1,4.1,
CHEMBL2311226,Glycogen synthase kinase-3,P51136,1,1,4.1,
CHEMBL4105855,Choline-phosphate cytidylyltransferase A,P49585,1,1,7.39,
CHEMBL4105858,Putative heat shock protein HSP 90-beta 2,Q58FF8,1,1,5.59,
CHEMBL4105867,Bifunctional coenzyme A synthase,Q13057,1,1,4.96,
CHEMBL4105881,4-hydroxyphenylpyruvate dioxygenase,O23920,1,1,8.22,
CHEMBL4680023,Fatty acid CoA ligase Acsl3,O95573,1,1,4.16,
CHEMBL4680037,Cystathionine gamma-lyase,Q8VCN5,1,1,4.37,
CHEMBL4680040,Mitochondrial 2-oxodicarboxylate carrier,Q9BQT8,1,1,7.96,
CHEMBL4680041,Myosin-2,Q9TV63,1,1,6.4,
CHEMBL4105888,Myosin-14,Q7Z406,1,1,6.73,
CHEMBL3509582,"POU domain, class 2, transcription factor 2",P09086,1,1,4.1,
CHEMBL3509595,Solute carrier family 15 member 1,P36836,1,1,4.1,
CHEMBL3479,Phosphodiesterase 6C,P16586,1,1,7.48,
CHEMBL4105892,"Very long-chain specific acyl-CoA dehydrogenase, mitochondrial",P49748,1,1,5.77,
CHEMBL4105893,Ras-related protein Rab-2A,P61019,1,1,7.7,
CHEMBL4105895,Cyclin-O,P22674,1,1,5.22,
CHEMBL4105903,DNA cross-link repair 1A protein,Q6PJP8,1,1,3.61,
CHEMBL4105909,ATP-dependent RNA helicase DHX29,Q7Z478,1,1,4.24,
CHEMBL2331055,PERQ amino acid-rich with GYF domain-containing protein 2,Q6Y7W6,1,1,6.73,
CHEMBL2328,Glycine receptor subunit alpha-2,P22771,1,1,5.62,
CHEMBL4680049,GABA-A receptor alpha-1/beta-1,P08219,1,1,7.89,
CHEMBL4658,Beta-xylosidase,P36906,1,1,5.12,
CHEMBL5446,Sodium channel beta-2 subunit,O60939,1,1,6.0,
CHEMBL5459,Voltage-gated T-type calcium channel alpha-1I subunit,Q9Z0Y8,1,1,8.74,
CHEMBL1795172,Potassium/sodium hyperpolarization-activated cyclic nucleotide-gated channel 2,Q9UL51,1,1,5.3,
CHEMBL1795173,Potassium/sodium hyperpolarization-activated cyclic nucleotide-gated channel 3,Q9P1Z3,1,1,5.5,
CHEMBL1795146,C-C chemokine receptor type 5,O08556,1,1,4.52,
CHEMBL1795147,C-C chemokine receptor type 5,Q1ZY22,1,1,4.52,
CHEMBL3137294,Platelet-derived growth factor subunit A,P04085,1,1,6.21,
CHEMBL4105913,Signal peptide peptidase-like 2A,D3ZNG3,1,1,7.25,
CHEMBL4105925,P2X purinoceptor,G7N604,1,1,8.1,
CHEMBL4105935,RNA cytidine acetyltransferase,Q9H0A0,1,1,5.91,
CHEMBL2331063,"Phosphatidylinositol 3,4,5-trisphosphate 5-phosphatase 2",Q6P549,1,1,6.41,
CHEMBL2331067,Alkaline ceramidase 2,Q5QJU3,1,1,6.0,
CHEMBL2342,FK506 binding protein 14,Q9NWM8,1,1,4.12,
CHEMBL4668,Purine nucleoside phosphorylase,Q2HXR2,1,1,5.1,
CHEMBL4678,Branched-chain-amino-acid transferase,P54690,1,1,6.7,
CHEMBL4630809,Protein disulfide-isomerase,P05307,1,1,5.82,
CHEMBL4630824,AP-1 complex subunit beta-1,Q10567,1,1,5.68,
CHEMBL4630830,Protein phosphatase 1 regulatory subunit 15B,Q5SWA1,1,1,7.48,
CHEMBL4630837,BTB/POZ domain-containing protein KCTD11,Q693B1,1,1,6.3,
CHEMBL4630844,Interleukin-1 receptor-associated kinase 4,Q8R4K2,1,1,6.62,
CHEMBL4630853,C-X-C chemokine receptor type 6,Q9EQ16,1,1,4.75,
CHEMBL3885624,PAC1-PAC2 complex,O95456,1,1,5.22,
CHEMBL3885624,PAC1-PAC2 complex,Q969U7,1,1,5.22,
CHEMBL1795156,"Hydrolase, alpha/beta hydrolase fold family",O69638,1,1,7.66,
CHEMBL1795162,Thymidylate synthase,P9WFR9,1,1,6.24,
CHEMBL4105934,Signal recognition particle receptor subunit alpha,P08240,1,1,8.1,
CHEMBL4105936,Putative nucleoside diphosphate kinase,O60361,1,1,6.06,
CHEMBL4105946,Eukaryotic translation initiation factor 2-alpha kinase 3,Q9Z1Z1,1,1,7.43,
CHEMBL4105952,Eukaryotic initiation factor 4A-II,Q14240,1,1,4.75,
CHEMBL4646,Serotonin 1f (5-HT1f) receptor,P30940,1,1,5.47,
CHEMBL4651,Prostaglandin D2 synthase,O02853,1,1,5.21,
CHEMBL4105970,"Elongation factor Tu, mitochondrial",P49411,1,1,6.33,
CHEMBL4105971,Ras-related protein Rab-10,P61026,1,1,5.87,
CHEMBL4105973,"Succinate--CoA ligase [ADP-forming] subunit beta, mitochondrial",Q9P2R7,1,1,8.15,
CHEMBL4105974,Eukaryotic peptide chain release factor GTP-binding subunit ERF3B,Q8IYD1,1,1,8.52,
CHEMBL4105975,"Cytochrome c1, heme protein, mitochondrial",P08574,1,1,6.7,
CHEMBL2364164,Cytotoxic T-lymphocyte protein 4,P16410,1,1,4.51,
CHEMBL4629,Complement factor H,P08603,1,1,4.36,
CHEMBL3137278,Integrin alpha1/beta1 complex,P56199,1,1,7.48,
CHEMBL5486,Insulin receptor,P15127,1,1,5.92,
CHEMBL3885574,Gamma-aminobutyric acid receptor subunit alpha-3/beta-3,P28472,1,1,5.35,
CHEMBL3885574,Gamma-aminobutyric acid receptor subunit alpha-3/beta-3,P34903,1,1,5.35,
CHEMBL3885575,Gamma-aminobutyric acid receptor subunit alpha-3/beta-3/theta,P28472,1,1,5.47,
CHEMBL3885575,Gamma-aminobutyric acid receptor subunit alpha-3/beta-3/theta,P34903,1,1,5.47,
CHEMBL3885575,Gamma-aminobutyric acid receptor subunit alpha-3/beta-3/theta,Q9UN88,1,1,5.47,
CHEMBL3885583,"Glutamate receptor ionotropic, NMDA 1/NMDA 2B",P35438,1,1,7.44,
CHEMBL4630805,Protein phosphatase 1 regulatory subunit 15A,O75807,1,1,6.01,
CHEMBL3137273,Nicotinic acetylcholine receptor alpha3/beta4/alpha5,P30926,1,1,5.04,
CHEMBL3137273,Nicotinic acetylcholine receptor alpha3/beta4/alpha5,P32297,1,1,5.04,
CHEMBL3137278,Integrin alpha1/beta1 complex,P05556,1,1,7.48,
CHEMBL1781861,Solute carrier organic anion transporter family member 1B2,Q9QZX8,1,1,5.21,
CHEMBL1781864,Transient receptor potential cation channel subfamily V member 1,Q704Y3,1,1,7.87,
CHEMBL1781866,Myosin-Va,Q02440,1,1,5.92,
CHEMBL1781867,Myosin-J heavy chain,P54697,1,1,4.0,
CHEMBL1781870,"Phosphatidylinositol-3,4,5-trisphosphate 5-phosphatase 1",Q92835,1,1,5.6,
CHEMBL5515,Protein kinase C-like 1,P43057,1,1,7.36,
CHEMBL1770044,Ribose-5-phosphate isomerase B,P9WKD7,1,1,4.24,
CHEMBL1770045,Glucose-6-phosphate isomerase,Q9N1E2,1,1,7.0,
CHEMBL4572,Muscarinic acetylcholine receptor M4,P32211,1,1,7.95,
CHEMBL2364672,Bacterial DNA-directed RNA polymerase,P0A7Z4,1,1,4.7,
CHEMBL2364672,Bacterial DNA-directed RNA polymerase,P0A800,1,1,4.7,
CHEMBL2364672,Bacterial DNA-directed RNA polymerase,P0A8T7,1,1,4.7,
CHEMBL2364672,Bacterial DNA-directed RNA polymerase,P0A8V2,1,1,4.7,
CHEMBL4106145,Nicotinic acetylcholine receptor alpha-1/beta-1/delta/epsilon,P02708,1,1,6.88,
CHEMBL4106145,Nicotinic acetylcholine receptor alpha-1/beta-1/delta/epsilon,P11230,1,1,6.88,
CHEMBL4106145,Nicotinic acetylcholine receptor alpha-1/beta-1/delta/epsilon,Q04844,1,1,6.88,
CHEMBL4106145,Nicotinic acetylcholine receptor alpha-1/beta-1/delta/epsilon,Q07001,1,1,6.88,
CHEMBL4106147,Na+/K+ ATPase alpha-1/beta-1,P06685,1,1,5.37,
CHEMBL4106147,Na+/K+ ATPase alpha-1/beta-1,P07340,1,1,5.37,
CHEMBL4106149,Na+/K+ ATPase alpha-3/beta-1,P06687,1,1,7.51,
CHEMBL5528,Ribosomal protein S6 kinase alpha 1,Q63531,1,1,7.51,
CHEMBL5529,Voltage-gated potassium channel subunit Kv3.1,P48547,1,1,4.54,
CHEMBL3885560,DNMT3B-DNMT3L complex,Q9UBC3,1,1,4.35,
CHEMBL3885560,DNMT3B-DNMT3L complex,Q9UJW3,1,1,4.35,
CHEMBL3885583,"Glutamate receptor ionotropic, NMDA 1/NMDA 2B",Q01097,1,1,7.44,
CHEMBL2366423,Glutamine synthetase,C5IW59,1,1,4.51,
CHEMBL2366440,Ryanodine receptor,I3VR33,1,1,8.7,
CHEMBL2365,Ryanodine receptor 3,A2AGL3,1,1,8.48,
CHEMBL4105986,Transcription factor Dp-2,Q14188,1,1,5.75,
CHEMBL2366484,Glutamate receptor-interacting protein 1,P97879,1,1,6.85,
CHEMBL4523995,Geranylgeranyl transferase type-2,Q08603,1,1,5.85,
CHEMBL4524025,Translin-associated protein X,Q99598,1,1,5.46,
CHEMBL4533,"AMP-activated protein kinase, alpha-1 subunit",P54645,1,1,6.94,
CHEMBL2366442,"cAMP-specific 3',5'-cyclic phosphodiesterase 4B",J3SE37,1,1,4.13,
CHEMBL2366458,AMP deaminase,O80452,1,1,7.0,
CHEMBL2366459,"cAMP-specific 3',5'-cyclic phosphodiesterase 4A",O89085,1,1,5.33,
CHEMBL4543,3-oxoacyl-[acyl-carrier-protein] synthase 2,P9WQD7,1,1,5.22,
CHEMBL4544,3-oxoacyl-[acyl-carrier-protein] synthase 1,P9WQD9,1,1,5.42,
CHEMBL3885573,Gamma-aminobutyric acid receptor subunit alpha-3/ beta-3/gamma-3,P28472,1,1,7.7,
CHEMBL3885573,Gamma-aminobutyric acid receptor subunit alpha-3/ beta-3/gamma-3,P34903,1,1,7.7,
CHEMBL3885573,Gamma-aminobutyric acid receptor subunit alpha-3/ beta-3/gamma-3,Q99928,1,1,7.7,
CHEMBL1764945,PHD finger protein 13,Q86YI8,1,1,4.32,
CHEMBL1743129,Multidrug resistance protein 3,P21439,1,1,5.12,
CHEMBL1743319,UDP-glucuronosyltransferase 1-9,O60656,1,1,4.96,
CHEMBL1743541,Cytochrome P450 3A6,P11707,1,1,4.1,
CHEMBL4106166,N+/K+ ATPase alpha-4/beta-3,Q63377,1,1,8.74,
CHEMBL4106166,N+/K+ ATPase alpha-4/beta-3,Q64541,1,1,8.74,
CHEMBL2366519,G-protein coupled receptor,Q9NG02,1,1,4.14,
CHEMBL4523955,DNA topoisomerase I,F1MN93,1,1,4.64,
CHEMBL1744490,Beta-lactamase pse-1,Q2V0Y6,1,1,7.05,
CHEMBL3531,Steryl-sulfatase,P15589,1,1,4.45,
CHEMBL1741305,Interleukin-18,Q14116,1,1,6.6,
CHEMBL4523995,Geranylgeranyl transferase type-2,Q08602,1,1,5.85,
CHEMBL4106149,Na+/K+ ATPase alpha-3/beta-1,P07340,1,1,7.51,
CHEMBL3137273,Nicotinic acetylcholine receptor alpha3/beta4/alpha5,P30532,1,1,5.04,
CHEMBL4106158,AMP-activated protein kinase alpha-2/beta-2/gamma-2,O43741,1,1,7.64,
CHEMBL4106158,AMP-activated protein kinase alpha-2/beta-2/gamma-2,P54646,1,1,7.64,
CHEMBL4106158,AMP-activated protein kinase alpha-2/beta-2/gamma-2,Q9UGJ0,1,1,7.64,
CHEMBL4106159,AMP-activated protein kinase alpha-2/beta-1/gamma-3,P54646,1,1,7.58,
CHEMBL2366477,Vacuolar acid trehalase,P48016,1,1,8.52,
CHEMBL4106162,AMP-activated protein kinase alpha-1/beta-2/gamma-3,Q13131,1,1,5.54,
CHEMBL4106162,AMP-activated protein kinase alpha-1/beta-2/gamma-3,O43741,1,1,5.54,
CHEMBL1741174,Acylamino-acid-releasing enzyme,P13798,1,1,4.7,
CHEMBL1741175,Vacuolar aminopeptidase 1,P14904,1,1,5.27,
CHEMBL3885509,Nicotinic acetylcholine receptor alpha-1/beta-1/delta/epsilon,P09660,1,1,9.73,
CHEMBL3885509,Nicotinic acetylcholine receptor alpha-1/beta-1/delta/epsilon,P25108,1,1,9.73,
CHEMBL3885509,Nicotinic acetylcholine receptor alpha-1/beta-1/delta/epsilon,P25109,1,1,9.73,
CHEMBL3885509,Nicotinic acetylcholine receptor alpha-1/beta-1/delta/epsilon,P25110,1,1,9.73,
CHEMBL3537,Casein kinase II alpha,Q60737,1,1,6.49,
CHEMBL5589,Cyclin-dependent protein kinase PHO85,P17157,1,1,5.7,
CHEMBL5597,Chitin synthase 3,P29465,1,1,4.03,
CHEMBL5614,Non-lysosomal glucosylceramidase,Q69ZF3,1,1,6.85,
CHEMBL1744485,Beta-lactamase OXA-2,P0A1V9,1,1,6.68,
CHEMBL4106162,AMP-activated protein kinase alpha-1/beta-2/gamma-3,Q9UGI9,1,1,5.54,
CHEMBL4106163,AMP-activated protein kinase alpha-1/beta-2/gamma-2,O43741,1,1,6.93,
CHEMBL4106163,AMP-activated protein kinase alpha-1/beta-2/gamma-2,Q13131,1,1,6.93,
CHEMBL4106163,AMP-activated protein kinase alpha-1/beta-2/gamma-2,Q9UGJ0,1,1,6.93,
CHEMBL4523660,TRPC1/TRPC5,Q9UL62,1,1,9.72,
CHEMBL4523669,SCN5A/SCN1B,Q07699,1,1,4.85,
CHEMBL4523669,SCN5A/SCN1B,Q14524,1,1,4.85,
CHEMBL4523628,Integrin alpha-V/Integrin beta-5,O70309,1,1,6.64,
CHEMBL1697666,Extended-spectrum beta-lactamase PER-6,D5HSX5,1,1,5.4,
CHEMBL1697669,Cadherin-2,P19022,1,1,5.3,
CHEMBL3559638,Plasmepsin V,A0A0H4FQ60,1,1,7.62,
CHEMBL3559650,1-deoxy-D-xylulose-5-phosphate synthase,Q9RUB5,1,1,6.94,
CHEMBL3885503,5'-AMP-activated protein kinase catalytic subunit alpha-1/beta-1/gamma-1,P54645,1,1,8.15,
CHEMBL3885503,5'-AMP-activated protein kinase catalytic subunit alpha-1/beta-1/gamma-1,P80385,1,1,8.15,
CHEMBL3885503,5'-AMP-activated protein kinase catalytic subunit alpha-1/beta-1/gamma-1,P80386,1,1,8.15,
CHEMBL1741190,GTP-binding nuclear protein Ran,P62826,1,1,6.12,
CHEMBL2366495,"Coproporphyrinogen-III oxidase, chloroplastic",Q42840,1,1,8.52,
CHEMBL2366499,"Ketol-acid reductoisomerase, chloroplastic",Q65XK0,1,1,4.21,
CHEMBL4106159,AMP-activated protein kinase alpha-2/beta-1/gamma-3,Q9UGI9,1,1,7.58,
CHEMBL4106159,AMP-activated protein kinase alpha-2/beta-1/gamma-3,Q9Y478,1,1,7.58,
CHEMBL4523632,CDK9/Cyclin-H,P50750,1,1,6.55,
CHEMBL4523632,CDK9/Cyclin-H,P51946,1,1,6.55,
CHEMBL4523633,CDK2/Cyclin-E2,O96020,1,1,6.33,
CHEMBL4523633,CDK2/Cyclin-E2,P24941,1,1,6.33,
CHEMBL4523634,CDK2/Cyclin-Y,P24941,1,1,6.59,
CHEMBL4523634,CDK2/Cyclin-Y,Q8ND76,1,1,6.59,
CHEMBL2366580,Ecdysone receptor,O77240,1,1,9.3,
CHEMBL5634,Corticotropin releasing hormone receptor 2,B8Q4Z9,1,1,9.24,
CHEMBL5641,"V-type proton ATPase subunit B, brain isoform",P21281,1,1,5.0,
CHEMBL1681610,Amine oxidase [flavin-containing],Q6NSN2,1,1,4.51,
CHEMBL1681614,Acriflavine resistance protein B,P31224,1,1,4.99,
CHEMBL3883321,Mu opioid receptor/Alpha-2A adrenergic receptor,P08913,1,1,8.52,
CHEMBL3883321,Mu opioid receptor/Alpha-2A adrenergic receptor,P35372,1,1,8.52,
CHEMBL1681627,Cathepsin E,P70269,1,1,4.52,
CHEMBL1687685,NADP-dependent malic enzyme,P76558,1,1,4.24,
CHEMBL4523660,TRPC1/TRPC5,P48995,1,1,9.72,
CHEMBL2366585,Ecdysone receptor,Q962I5,1,1,6.8,
CHEMBL5677,Aspartase,Q59388,1,1,4.26,
CHEMBL3879838,Transient receptor potential cation channel subfamily V member 3,Q8K424,1,1,4.8,
CHEMBL3559690,Cyclin-dependent kinase 20,Q8IZL9,1,1,5.1,
CHEMBL3559705,Taste receptor type 2 member 20,P59543,1,1,8.31,
CHEMBL3559706,Taste receptor type 2 member 50,P59544,1,1,8.31,
CHEMBL3879868,Sodium/hydrogen exchanger isoform 3,Q9XSD0,1,1,8.11,
CHEMBL4523502,Short transient receptor potential channel 7,Q9WVC5,1,1,4.58,
CHEMBL4523504,Bifunctional UDP-N-acetylglucosamine 2-epimerase/N-acetylmannosamine kinase,Q9Y223,1,1,4.1,
CHEMBL4523514,Retinoid isomerohydrolase,Q9YGX2,1,1,4.28,
CHEMBL4523515,Tumor necrosis factor receptor superfamily member 16,Q9Z0W1,1,1,7.7,
CHEMBL4523595,DNA ligase 4,P49917,1,1,5.3,
CHEMBL4523613,KCNMA1/KCNMB4,Q12791,1,1,6.22,
CHEMBL4523613,KCNMA1/KCNMB4,Q86W47,1,1,6.22,
CHEMBL4523498,Transient receptor potential cation channel subfamily V member 2,Q9WTR1,1,1,6.34,
CHEMBL4523628,Integrin alpha-V/Integrin beta-5,P43406,1,1,6.64,
CHEMBL3879836,Ras-related protein Rab-7L1,O14966,1,1,8.4,
CHEMBL5708,Tyrosine-protein kinase transforming protein FPS,P00530,1,1,5.75,
CHEMBL5713,Type-2 restriction enzyme PstI,P00640,1,1,4.72,
CHEMBL5687,Aspartate-semialdehyde dehydrogenase,O25801,1,1,6.75,
CHEMBL1649058,Beta-nerve growth factor,P01138,1,1,6.0,
CHEMBL1667675,ADC-14 protein,Q0VTR6,1,1,5.95,
CHEMBL1667676,ADC-16 protein,Q0VTR8,1,1,5.11,
CHEMBL1667677,ADC-18 protein,Q0VTS0,1,1,4.93,
CHEMBL1681630,Reverse transcriptase,Q06347,1,1,6.6,
CHEMBL2366576,Ecdysone receptor,B8RG26,1,1,4.9,
CHEMBL2366576,Ecdysone receptor,Q4W6C8,1,1,4.9,
CHEMBL2366578,Ecdysone receptor,Q8I1M8,1,1,8.9,
CHEMBL2366578,Ecdysone receptor,Q8MYA6,1,1,8.9,
CHEMBL2366579,Ecdysone receptor,O45117,1,1,8.0,
CHEMBL2366579,Ecdysone receptor,P49882,1,1,8.0,
CHEMBL2366580,Ecdysone receptor,O76202,1,1,9.3,
CHEMBL2366587,Ecdysone receptor,Q6IVK1,1,1,8.5,
CHEMBL2366587,Ecdysone receptor,Q6RVD3,1,1,8.5,
CHEMBL4523447,Phosphoglycerate mutase 1,Q9DBJ1,1,1,4.88,
CHEMBL4523451,"Indoleamine 2,3-dioxygenase 1",Q9ERD9,1,1,7.23,
CHEMBL4523456,5-azacytidine-induced protein 2,Q9H6S1,1,1,5.53,
CHEMBL4523469,SAFB-like transcription modulator,Q9NWH9,1,1,8.89,
CHEMBL4523471,Taste receptor type 2 member 13,Q9NYV9,1,1,8.31,
CHEMBL4523472,Taste receptor type 2 member 7,Q9NYW3,1,1,8.31,
CHEMBL4523473,Taste receptor type 2 member 5,Q9NYW4,1,1,8.31,
CHEMBL4523474,Taste receptor type 2 member 3,Q9NYW6,1,1,8.31,
CHEMBL4523475,Taste receptor type 2 member 1,Q9NYW7,1,1,8.31,
CHEMBL4523476,Myoferlin,Q9NZM1,1,1,7.03,
CHEMBL3879824,Redox-regulatory protein FAM213A,Q9BRX8,1,1,6.05,
CHEMBL3879825,tRNA-dihydrouridine(20) synthase [NAD(P)+]-like,Q9NX74,1,1,5.8,
CHEMBL3562164,Kelch-like ECH-associated protein 1,Q9Z2X8,1,1,5.22,
CHEMBL3879833,Dipeptidyl peptidase 1,O97578,1,1,7.8,
CHEMBL4523427,Polypeptide N-acetylgalactosaminyltransferase 14,Q96FL9,1,1,6.34,
CHEMBL4523433,Potassium channel subfamily K member 17,Q96T54,1,1,5.09,
CHEMBL4523338,Sarcoplasmic/endoplasmic reticulum calcium ATPase 3,Q64518,1,1,6.46,
CHEMBL1628470,Transient receptor potential cation channel subfamily M member 6,Q9BX84,1,1,8.1,
CHEMBL1641339,PenB class A beta-lactamase,B8R6A5,1,1,6.3,
CHEMBL1641340,Methionyl-tRNA synthetase,P43828,1,1,6.65,
CHEMBL1641345,Aureobasidin-resistance protein,Q9Y745,1,1,9.7,
CHEMBL2366582,Ecdysone receptor,O18473,1,1,8.5,
CHEMBL3108657,"3-hydroxyanthranilate 3,4-dioxygenase",P46952,1,1,5.96,
CHEMBL3108658,"3-hydroxyanthranilate 3,4-dioxygenase",P46953,1,1,5.55,
CHEMBL3112374,"Alkaline phosphatase, placental-like",P24823,1,1,4.68,
CHEMBL2366582,Ecdysone receptor,Q7SIF6,1,1,8.5,
CHEMBL2366584,Ecdysone receptor,O97095,1,1,4.0,
CHEMBL2366584,Ecdysone receptor,Q6V7U7,1,1,4.0,
CHEMBL2366585,Ecdysone receptor,O18531,1,1,6.8,
CHEMBL4523400,Polypeptide N-acetylgalactosaminyltransferase 6,Q8NCL4,1,1,5.74,
CHEMBL4523360,Taste receptor type 2 member 42,Q7RTR8,1,1,8.31,
CHEMBL4523371,Polypeptide N-acetylgalactosaminyltransferase 10,Q86SR1,1,1,6.48,
CHEMBL4523378,Coiled-coil domain-containing protein 43,Q86WV7,1,1,6.89,
CHEMBL4523382,Histone acetyltransferase KAT6A,Q8BZ21,1,1,5.62,
CHEMBL4523392,Polypeptide N-acetylgalactosaminyltransferase 13,Q8IUC8,1,1,4.86,
CHEMBL3588736,Growth/differentiation factor 8,O08689,1,1,4.32,
CHEMBL3588740,Pre-miRNA 5'-monophosphate methyltransferase,Q7Z5W3,1,1,4.4,
CHEMBL3580521,Alpha-amylase,P56634,1,1,5.58,
CHEMBL3580524,Somatostatin receptor subtype 3,Q4L144,1,1,8.6,
CHEMBL3588728,TNF receptor-associated factor 6,Q9Y4K3,1,1,4.46,
CHEMBL5762,Sodium- and chloride-dependent taurine transporter,P31641,1,1,5.0,
CHEMBL5764,Beta-lactamase,P94958,1,1,6.72,
CHEMBL4523408,Phosphatidylcholine:ceramide cholinephosphotransferase 1,Q8VCQ6,1,1,4.89,
CHEMBL4523409,Transient receptor potential cation channel subfamily C member 5,Q8VD38,1,1,6.75,
CHEMBL4523413,Mas-related G-protein coupled receptor member A1,Q91WW5,1,1,5.54,
CHEMBL4523417,Tribbles homolog 2,Q92519,1,1,5.46,
CHEMBL3108654,Telomerase reverse transcriptase,Q673L6,1,1,6.0,
CHEMBL3097983,Proline racemase,Q9L4Q3,1,1,5.24,
CHEMBL3101,Histone deacetylase 6,Q99P97,1,1,6.04,
CHEMBL3102689,G-protein coupled receptor 119,G7Q3P2,1,1,7.14,
CHEMBL4523332,Frizzled-8,Q61091,1,1,4.78,
CHEMBL4523314,La-related protein 7,Q4G0J3,1,1,8.52,
CHEMBL1293315,Acetyl-CoA acetyltransferase/HMG-CoA reductase,Q9FD70,1,1,4.04,
CHEMBL5770,C5a anaphylatoxin chemotactic receptor,P97520,1,1,5.51,
CHEMBL3596080,Uncharacterized protein,A0A8C0THM6,1,1,8.21,
CHEMBL3600276,P2X purinoceptor,A9QW74,1,1,6.89,
CHEMBL3600277,P2X7 purinoceptor,Q64F92,1,1,8.0,
CHEMBL3866,Sodium channel protein type V alpha subunit,P15389,1,1,5.7,
CHEMBL5772,Polycystin-1,P98161,1,1,7.09,
CHEMBL5773,Focal adhesion kinase 1,O35346,1,1,4.71,
CHEMBL4523342,"2',5'-phosphodiesterase 12",Q6L8Q7,1,1,9.1,
CHEMBL4523346,"Acylpyruvase FAHD1, mitochondrial",Q6P587,1,1,4.7,
CHEMBL4523293,Interferon regulatory factor 3,Q14653,1,1,4.56,
CHEMBL4523297,StAR-related lipid transfer protein 3,Q14849,1,1,4.46,
CHEMBL4523300,Transcription initiation factor TFIID subunit 11,Q15544,1,1,9.0,
CHEMBL4523308,Jacalin,Q38720,1,1,4.8,
CHEMBL4523310,TREK-2 two-pore-domain K+ channel,Q3LS20,1,1,4.95,
CHEMBL4523254,Taste receptor type 2 member 30,P59541,1,1,8.31,
CHEMBL5792,Cytochrome P450 3A43,Q9HB55,1,1,5.72,
CHEMBL5803,Spermidine synthase,Q9NFS5,1,1,5.85,
CHEMBL1293205,CCR2 protein,Q6Y3N0,1,1,4.8,
CHEMBL5806,Glycophorin-A,P02724,1,1,4.32,
CHEMBL3091264,Multidrug and toxin extrusion protein 1,Q8K0H1,1,1,6.84,
CHEMBL3091269,NAD(P)H dehydrogenase [quinone] 1,P05982,1,1,9.0,
CHEMBL4146,Vitamin D3 receptor-interacting protein,Q9ULK4,1,1,5.75,
CHEMBL4148,L-type amino acid transporter 3,O75387,1,1,4.81,
CHEMBL4523319,Phosphodiesterase,Q53I60,1,1,6.64,
CHEMBL4523326,Cyclin-dependent kinase-like 4,Q5MAI5,1,1,6.93,
CHEMBL4523252,Taste receptor type 2 member 45,P59539,1,1,8.31,
CHEMBL1287632,Renin,Q7M3D2,1,1,7.96,
CHEMBL3600280,Voltage-dependent T-type calcium channel subunit alpha-1H,O88427,1,1,7.4,
CHEMBL3605,Squalene synthetase,Q6IE76,1,1,7.68,
CHEMBL3833525,DNA polymerase epsilon subunit 3,Q9NRF9,1,1,4.25,
CHEMBL3846,Phosphodiesterase 4D,Q01063,1,1,6.89,
CHEMBL3079,Thiamine transporter 1,O60779,1,1,5.12,
CHEMBL3085616,Potassium voltage-gated channel subfamily H member 2,Q9TSZ3,1,1,4.36,
CHEMBL4523255,Taste receptor type 2 member 19,P59542,1,1,8.31,
CHEMBL4523261,Prostaglandin G/H synthase 2,P70682,1,1,6.22,
CHEMBL4523266,Prolactin-releasing peptide,P81277,1,1,8.68,
CHEMBL4523279,Lysyl oxidase homolog 1,Q08397,1,1,5.65,
CHEMBL4523282,Polypeptide N-acetylgalactosaminyltransferase 1,Q10472,1,1,5.61,
CHEMBL4523283,Cell division cycle protein 20 homolog,Q12834,1,1,4.31,
CHEMBL4523284,"Delta(3,5)-Delta(2,4)-dienoyl-CoA isomerase, mitochondrial",Q13011,1,1,5.54,
CHEMBL4523291,Polypeptide N-acetylgalactosaminyltransferase 3,Q14435,1,1,5.79,
CHEMBL4523202,Mast cell carboxypeptidase A,P21961,1,1,10.77,
CHEMBL5827,Envelope glycoprotein gp160,P03379,1,1,5.44,
CHEMBL5830,Regulatory protein E2,P04015,1,1,4.7,
CHEMBL5841,Low affinity immunoglobulin gamma Fc region receptor II-a,P12318,1,1,4.92,
CHEMBL5842,Low affinity immunoglobulin gamma Fc region receptor III-B,O75015,1,1,4.24,
CHEMBL1287608,Phosphotransferase pUL97,P16788,1,1,8.52,
CHEMBL1287626,Adenosine receptor A3,Q0VC81,1,1,6.52,
CHEMBL1275213,Heat shock cognate 71 kDa protein,P19120,1,1,6.96,
CHEMBL4523209,Protein-lysine 6-oxidase,P28301,1,1,5.76,
CHEMBL4523211,"Enoyl-CoA hydratase, mitochondrial",P30084,1,1,5.03,
CHEMBL4523223,Chloride anion exchanger,P40879,1,1,6.6,
CHEMBL4523237,Diacylglycerol kinase alpha,P51556,1,1,4.7,
CHEMBL4523243,"Glycogen [starch] synthase, liver",P54840,1,1,5.39,
CHEMBL4523249,Taste receptor type 2 member 39,P59534,1,1,8.31,
CHEMBL4523250,Taste receptor type 2 member 40,P59535,1,1,8.31,
CHEMBL4523251,Taste receptor type 2 member 43,P59537,1,1,8.31,
CHEMBL2424505,Peptidyl-prolyl cis-trans isomerase C,P45877,1,1,6.93,
CHEMBL3616353,Sodium channel protein type 4 subunit alpha,Q9ER60,1,1,7.05,
CHEMBL3617,G1/S-specific cyclin E1,P24864,1,1,8.22,
CHEMBL3619,UDP-glucuronosyltransferase 1A4,P22310,1,1,5.33,
CHEMBL3832956,Spermidine synthase,Q6QA75,1,1,5.77,
CHEMBL1287606,Beta-lactamase SHV-11,Q7X575,1,1,5.62,
CHEMBL4523147,Retinoid isomerohydrolase,O70276,1,1,4.0,
CHEMBL4523149,Potassium/sodium hyperpolarization-activated cyclic nucleotide-gated channel 4,O70507,1,1,4.96,
CHEMBL4523157,Potassium channel subfamily K member 5,O95279,1,1,4.92,
CHEMBL4523175,Phosphopantetheine adenylyltransferase,P0A6I6,1,1,5.21,
CHEMBL4523180,"Dihydrolipoyllysine-residue acetyltransferase component of pyruvate dehydrogenase complex, mitochondrial",P10515,1,1,6.24,
CHEMBL4523185,Beta-glucuronidase,P12265,1,1,6.79,
CHEMBL4523186,"Glutaminase kidney isoform, mitochondrial",P13264,1,1,5.48,
CHEMBL4523108,TANK-binding kinase 1-binding protein 1,A7MCY6,1,1,5.68,
CHEMBL4194,Alpha-galactosidase,Q5DUH8,1,1,5.19,
CHEMBL2401606,Transcription factor ETV6,P41212,1,1,5.49,
CHEMBL2423,Glutathione S-transferase theta 1,Q01579,1,1,9.17,
CHEMBL1255144,Beta-lactamase SHV-55,Q4TVR4,1,1,7.7,
CHEMBL3621034,Potassium voltage-gated channel subfamily KQT member 4,Q9JK96,1,1,6.42,
CHEMBL4517,Tyrosine-protein kinase FYN,P39688,1,1,7.4,
CHEMBL4196,Dimethylarginine dimethylaminohydrolase 1,O08557,1,1,4.66,
CHEMBL2412,G2/mitotic-specific cyclin B1,P14635,1,1,7.8,
CHEMBL4523106,Adenosine kinase,A5U4N0,1,1,6.68,
CHEMBL4504,Rho-GTPase-activating protein 3,P52757,1,1,5.82,
CHEMBL4523112,Receptor (TNFRSF)-interacting serine-threonine kinase 1 (Predicted),D3ZYL0,1,1,6.16,
CHEMBL4523113,Angiotensin-converting enzyme,F1RRW5,1,1,4.13,
CHEMBL4523114,Luteinizing hormone/choriogondaotropin receptor,F5A8F7,1,1,7.11,
CHEMBL4523132,Isopentenyl-diphosphate Delta-isomerase 1,O35760,1,1,5.77,
CHEMBL4523135,Inositol hexakisphosphate and diphosphoinositol-pentakisphosphate kinase 2,O43314,1,1,6.43,
CHEMBL4523140,Speckle-type POZ protein,O43791,1,1,4.52,
CHEMBL4523141,Carboxylesterase/lipase Culp6,O53581,1,1,5.28,
CHEMBL4523144,Sarcoplasmic/endoplasmic reticulum calcium ATPase 2,O55143,1,1,6.46,
CHEMBL4437,PI3-kinase p85-beta subunit,O00459,1,1,6.2,
CHEMBL2629,Sodium channel protein type XI alpha subunit,O88457,1,1,6.0,
CHEMBL1250405,B1 bradykinin receptor,Q8HZP2,1,1,8.11,
CHEMBL1250407,Bradykinin B1 receptor,Q61125,1,1,8.19,
CHEMBL5899,Kinesin-like protein KIF23,Q02241,1,1,4.3,
CHEMBL5902,Transcription factor p65,Q04207,1,1,5.05,
CHEMBL2554,Selectin E,P98105,1,1,5.58,
CHEMBL4249,Endopolygalactyuronase,P79074,1,1,6.7,
CHEMBL4257,Voltage-gated T-type calcium channel alpha-1G subunit,O54898,1,1,7.8,
CHEMBL4266,Voltage-gated P/Q-type calcium channel alpha-1A subunit,O00555,1,1,5.06,
CHEMBL2462,Tyrosine 3-hydroxylase,P04177,1,1,8.85,
CHEMBL4485,Histamine N-methyltransferase,Q9EST2,1,1,4.5,
CHEMBL2540,UDP-N-acetylmuramoyl-tripeptide--D-alanyl-D-alanine ligase,P11880,1,1,4.05,
CHEMBL2429707,Signal peptidase IB,P0A070,1,1,5.75,
CHEMBL4248,Voltage-gated potassium channel subunit Kv1.3,P15384,1,1,6.09,
CHEMBL2422,G1/S-specific cyclin D3,P30281,1,1,7.68,
CHEMBL2657,Leukotriene B4 receptor 1,O88855,1,1,7.52,
CHEMBL2619,Serotonin 5b (5-HT5b) receptor,P35365,1,1,7.17,
CHEMBL2620,Protein-tyrosine phosphatase 2C,P35235,1,1,8.15,
CHEMBL1250366,C-X-C chemokine receptor type 4,P79394,1,1,8.11,
CHEMBL3627588,Kynurenine 3-monooxygenase,P38169,1,1,7.13,
CHEMBL3627594,Catalase,P04040,1,1,5.96,
CHEMBL3637936,Voltage-dependent N-type calcium channel subunit alpha-1B,O55017,1,1,4.46,
CHEMBL3822347,Bromodomain-containing protein 9,Q3UQU0,1,1,6.56,
CHEMBL3822353,Patatin-like phospholipase domain-containing protein 2,Q96AD5,1,1,6.16,
CHEMBL5919,Myeloid differentiation primary response protein MyD88,Q99836,1,1,4.46,
CHEMBL4295524,Alpha-glucosidase,A0A173Z7B1,1,1,4.22,
CHEMBL4295534,"Phosphatidylinositol-4,5-bisphosphate 3-kinase, catalytic subunit gamma",D3ZFJ0,1,1,6.68,
CHEMBL4399,Scavenger receptor type A,P30204,1,1,5.7,
CHEMBL2566,Melatonin receptor 1B,P49287,1,1,9.13,
CHEMBL4419,Purinergic receptor P2Y2,P41232,1,1,6.89,
CHEMBL4284,"Serine/threonine protein phosphatase 2A, 55 kDa regulatory subunit B, alpha isoform",P63151,1,1,10.19,
CHEMBL4295548,AdoHcyase_NAD domain-containing protein,G1SVH0,1,1,8.06,
CHEMBL4295550,Uncharacterized protein,G5EB00,1,1,4.24,
CHEMBL4295558,Sensor protein kinase WalK family protein,A0A0H2UQD0,1,1,4.12,
CHEMBL4295563,rRNA adenine N-6-methyltransferase,P02979,1,1,6.35,
CHEMBL4295567,Phosphate regulon sensor protein PhoR,P08400,1,1,4.8,
CHEMBL2703,Dopamine D2 receptor,Q9GJU1,1,1,6.7,
CHEMBL1169600,Interleukin-5,P05113,1,1,4.57,
CHEMBL1250342,Deoxyribonuclease-2-alpha,O00115,1,1,6.7,
CHEMBL1250349,Myc proto-oncogene protein,P01109,1,1,4.7,
CHEMBL3804750,Testis-specific serine/threonine-protein kinase 1,Q61241,1,1,9.48,
CHEMBL3808271,Voltage-gated sodium channel Nav1.5 cardiac isoform,Q5YLN7,1,1,5.16,
CHEMBL3813588,Tyrosyl-DNA phosphodiesterase 2,Q9JJX7,1,1,4.82,
CHEMBL3817718,Potassium channel subfamily K member 2,Q920B6,1,1,7.22,
CHEMBL4359,UDP-N-acetylmuramoylalanine--D-glutamate ligase,Q97RU8,1,1,4.0,
CHEMBL4362,Tyrosine-protein kinase FGR,Q6P6U0,1,1,5.03,
CHEMBL4363,Tyrosine-protein kinase Lyn,Q07014,1,1,5.54,
CHEMBL2834,Protein tyrosine phosphatase receptor type F,Q64604,1,1,4.0,
CHEMBL1075316,Extracellular calcium-sensing receptor,P35384,1,1,7.39,
CHEMBL5960,Alpha-1-antichymotrypsin,P01011,1,1,6.84,
CHEMBL3784907,Ubiquitin-conjugating enzyme E2 B,P63146,1,1,7.6,
CHEMBL3797014,"ATP-dependent Clp protease ATP-binding subunit clpX-like, mitochondrial",O76031,1,1,5.02,
CHEMBL3797019,FAD-dependent decaprenylphosphoryl-beta-D-ribofuranose 2-oxidase,A0R607,1,1,8.28,
CHEMBL5974,Dehydrogenase/reductase SDR family member 9,Q9BPW9,1,1,4.85,
CHEMBL271,Protein farnesyltransferase/geranylgeranyltransferase type I alpha subunit,P49354,1,1,6.47,
CHEMBL2712,Phosphodiesterase 4D,P14270,1,1,8.93,
CHEMBL4295573,Protein P,P0C691,1,1,4.47,
CHEMBL4295583,Cathepsin B-like protease,P90627,1,1,4.74,
CHEMBL4295590,Beta-hexosaminidase,Q06GJ0,1,1,4.66,
CHEMBL2670,P2X purinoceptor 6,O15547,1,1,4.6,
CHEMBL2673,ADAMTS5,Q9TT92,1,1,4.66,
CHEMBL2682,Epididymis-specific alpha-mannosidase,Q9Y2E5,1,1,4.23,
CHEMBL4295546,Penicillin-binding protein 1B,G1C7A4,1,1,4.06,
CHEMBL3038451,AMPK alpha1/beta1/gamma2,Q13131,1,1,7.68,
CHEMBL1075300,Parathyroid hormone receptor,P41593,1,1,6.29,
CHEMBL5985,ADP-ribosylation factor 1,P84077,1,1,6.21,
CHEMBL3774299,Histone acetyltransferase KAT7,O95251,1,1,5.11,
CHEMBL3648,Fibroblast growth factor receptor 2,P21803,1,1,7.66,
CHEMBL2773,Voltage-gated potassium channel subunit Kv1.7,Q96RP8,1,1,7.01,
CHEMBL4296662,mTOR/FKBP12A/FKBP12B,P42345,1,1,8.1,
CHEMBL4296662,mTOR/FKBP12A/FKBP12B,P62942,1,1,8.1,
CHEMBL4296662,mTOR/FKBP12A/FKBP12B,P68106,1,1,8.1,
CHEMBL2765,GMP synthase,Q3THK7,1,1,6.46,
CHEMBL4296314,Dihydrofolate reductase,Q54801,1,1,4.38,
CHEMBL4295600,"Leucyl-tRNA synthetase, putative",Q386D9,1,1,5.96,
CHEMBL4295615,Peptidoglycan-N-acetylglucosamine deacetylase BC_1960,Q81EK9,1,1,4.18,
CHEMBL4322,Histamine H1 receptor,P70174,1,1,5.48,
CHEMBL2692,Cellular retinoic acid-binding protein II,P29373,1,1,6.8,
CHEMBL2701,Melanocortin receptor 5,P35345,1,1,5.8,
CHEMBL4296087,5-hydroxytryptamine receptor 3A/3E,A5X5Y0,1,1,6.15,
CHEMBL6010,Cyclin-dependent kinase 2-associated protein 2,O75956,1,1,4.23,
CHEMBL1075252,"Homoisocitrate dehydrogenase, mitochondrial",P40495,1,1,4.14,
CHEMBL1075255,Casein kinase II subunit alpha,P40231,1,1,6.7,
CHEMBL1075256,Proline iminopeptidase,O32449,1,1,6.3,
CHEMBL1075262,C-C chemokine receptor type 3,Q9BDS8,1,1,9.82,
CHEMBL4296261,YEATS domain-containing protein 2,Q9ULM3,1,1,4.73,
CHEMBL4296290,Capsid scaffolding protein,Q2HRB6,1,1,5.14,
CHEMBL4296299,60 kDa chaperonin,P0A6F5,1,1,5.01,
CHEMBL3038451,AMPK alpha1/beta1/gamma2,Q9UGJ0,1,1,7.68,
CHEMBL4295630,ADP-ribose glycohydrolase MACROD2,A1Z1Q3,1,1,6.82,
CHEMBL4295634,Tyrosinase,B2ZB02,1,1,4.28,
CHEMBL4295636,Beta-galactosidase,B7VU80,1,1,4.68,
CHEMBL4295638,Transient receptor potential cation channel subfamily M member 2,E9PTA2,1,1,6.48,
CHEMBL4295659,Prohibitin-2,O35129,1,1,5.6,
CHEMBL3038,Carboxypeptidase M,P14384,1,1,7.89,
CHEMBL4296091,5-hydroxytryptamine receptor 3A/3C,Q8WXA8,1,1,6.08,
CHEMBL4296106,PIK3CG/PIK3R1,P27986,1,1,8.34,
CHEMBL4296106,PIK3CG/PIK3R1,P48736,1,1,8.34,
CHEMBL4296109,Sharpin/RBCK1/RNF31,Q96EP0,1,1,6.29,
CHEMBL4296109,Sharpin/RBCK1/RNF31,Q9BYM8,1,1,6.29,
CHEMBL4296109,Sharpin/RBCK1/RNF31,Q9H0F6,1,1,6.29,
CHEMBL4296068,Cyclin-dependent kinase 8/Cyclin-C,Q8R3L8,1,1,5.85,
CHEMBL3680,Inducible nitric oxide synthase,Q9BDP5,1,1,4.52,
CHEMBL3692,Receptor-type tyrosine-protein phosphatase eta,Q12913,1,1,4.18,
CHEMBL3670,3-beta-hydroxysteroid dehydrogenase/delta 5-->4-isomerase type II,P26439,1,1,5.33,
CHEMBL1075276,Caspase-4,P70343,1,1,5.3,
CHEMBL3038451,AMPK alpha1/beta1/gamma2,Q9Y478,1,1,7.68,
CHEMBL3038452,AMPK alpha1/beta1/gamma3,Q13131,1,1,7.72,
CHEMBL3038452,AMPK alpha1/beta1/gamma3,Q9UGI9,1,1,7.72,
CHEMBL3038452,AMPK alpha1/beta1/gamma3,Q9Y478,1,1,7.72,
CHEMBL4295682,Serine/threonine-protein kinase PAK 1,O88643,1,1,6.0,
CHEMBL4296060,Gamma-aminobutyric acid receptor subunit alpha-1/beta-3,P62813,1,1,7.0,
CHEMBL4296060,Gamma-aminobutyric acid receptor subunit alpha-1/beta-3,P63079,1,1,7.0,
CHEMBL3710403,14-3-3 protein beta/alpha,P31946,1,1,7.16,
CHEMBL3710408,14-3-3 protein theta,P27348,1,1,7.16,
CHEMBL6046,Hypoxia-inducible factor 1-alpha,Q61221,1,1,7.33,
CHEMBL6048,"Cytochrome P450, family 4, subfamily X, polypeptide 1, isoform CRA_c",Q8N118,1,1,4.62,
CHEMBL4295699,"Myosin-2 heavy chain, non muscle",P05659,1,1,4.08,
CHEMBL3010,Sodium/potassium-transporting ATPase alpha-1 chain,P06685,1,1,5.08,
CHEMBL4295715,Alcohol dehydrogenase class-3,P12711,1,1,8.04,
CHEMBL4296068,Cyclin-dependent kinase 8/Cyclin-C,Q62447,1,1,5.85,
CHEMBL4296075,Glycine receptor subunit alpha-2/beta,P23416,1,1,4.52,
CHEMBL4296075,Glycine receptor subunit alpha-2/beta,P48167,1,1,4.52,
CHEMBL4296086,Cacna1b/Cacnb3,P54287,1,1,6.0,
CHEMBL4296086,Cacna1b/Cacnb3,Q02294,1,1,6.0,
CHEMBL4296087,5-hydroxytryptamine receptor 3A/3E,P46098,1,1,6.15,
CHEMBL4296091,5-hydroxytryptamine receptor 3A/3C,P46098,1,1,6.08,
CHEMBL4296046,Gamma-aminobutyric acid receptor subunit alpha-4/beta-2/delta,P47870,1,1,6.79,
CHEMBL4296046,Gamma-aminobutyric acid receptor subunit alpha-4/beta-2/delta,P48169,1,1,6.79,
CHEMBL4296047,Gamma-aminobutyric acid receptor subunit alpha-3/beta-3/gamma-2,P18508,1,1,6.18,
CHEMBL4296047,Gamma-aminobutyric acid receptor subunit alpha-3/beta-3/gamma-2,P20236,1,1,6.18,
CHEMBL4296047,Gamma-aminobutyric acid receptor subunit alpha-3/beta-3/gamma-2,P63079,1,1,6.18,
CHEMBL4296048,Gamma-aminobutyric acid receptor subunit alpha-2/beta-3/gamma-2,P18508,1,1,6.44,
CHEMBL4296048,Gamma-aminobutyric acid receptor subunit alpha-2/beta-3/gamma-2,P23576,1,1,6.44,
CHEMBL4296048,Gamma-aminobutyric acid receptor subunit alpha-2/beta-3/gamma-2,P63079,1,1,6.44,
CHEMBL4295719,Alpha-galactosidase,P16551,1,1,4.26,
CHEMBL6075,HAP protein (Putative aspartic proteinase),Q9Y006,1,1,6.16,
CHEMBL1075200,Potassium voltage-gated channel subfamily E member 1,Q28705,1,1,4.28,
CHEMBL6090,Actin-related protein 2,P61160,1,1,8.4,
CHEMBL1075239,Solute carrier family 22 member 12,Q3ZAV1,1,1,4.75,
CHEMBL4296051,Gamma-aminobutyric acid receptor subunit alpha-4/beta-3/gamma-2,P18508,1,1,5.48,
CHEMBL4296051,Gamma-aminobutyric acid receptor subunit alpha-4/beta-3/gamma-2,P28471,1,1,5.48,
CHEMBL4296051,Gamma-aminobutyric acid receptor subunit alpha-4/beta-3/gamma-2,P63079,1,1,5.48,
CHEMBL4296003,Mitogen-activated protein kinase HOG1,P32485,1,1,8.13,
CHEMBL3751659,Free fatty acid receptor 1,Q76JV1,1,1,7.54,
CHEMBL3757,Phenylalanyl-tRNA synthetase mitochondrial,Q6AYQ3,1,1,4.05,
CHEMBL3763001,"Sodium/potassium/calcium exchanger 6, mitochondrial",Q6J4K2,1,1,5.8,
CHEMBL3763002,Leucine aminopeptidase,Q29571,1,1,7.66,
CHEMBL3707468,Regulator of G-protein signaling 19,P49795,1,1,6.92,
CHEMBL3707469,Regulator of G-protein signaling 16,O15492,1,1,5.46,
CHEMBL1075176,Isochorismate synthase entC,P0AEJ2,1,1,4.25,
CHEMBL1075186,CXC chemokine receptor 3,B8PY99,1,1,8.7,
CHEMBL4295760,Epidermal growth factor receptor substrate 15,P42566,1,1,6.43,
CHEMBL4295792,Myosin-7,P79293,1,1,5.92,
CHEMBL4295806,Sodium-dependent phosphate transporter 2,Q08357,1,1,5.21,
CHEMBL2942,"N-acetyllactosaminide alpha-1,3-galactosyltransferase",P50127,1,1,5.04,
CHEMBL4295934,ADP-ribose glycohydrolase MACROD1,Q9BQ69,1,1,6.05,
CHEMBL4296024,Sodium-dependent phosphate transport protein 2A,Q06496,1,1,6.4,
CHEMBL4296046,Gamma-aminobutyric acid receptor subunit alpha-4/beta-2/delta,O14764,1,1,6.79,
CHEMBL5169172,YTH domain-containing family protein 3,Q7Z739,1,1,3.66,
CHEMBL1075098,Insulin-like growth factor 1 receptor,P24062,1,1,7.55,
CHEMBL6143,"Fumarate hydratase, mitochondrial",P10173,1,1,7.1,
CHEMBL1075070,Proteinase K,P06873,1,1,4.13,
CHEMBL1075071,Muscarinic receptor 4,Q8VH25,1,1,8.19,
CHEMBL6156,Tripeptidyl-peptidase 2,P29144,1,1,7.7,
CHEMBL1075026,Streptavidin,P22629,1,1,7.96,
CHEMBL1075056,Lanosterol synthase,Q04782,1,1,9.66,
CHEMBL4295860,Glycine receptor subunit alpha-1,Q64018,1,1,6.57,
CHEMBL4295870,Myosin-14,Q6URW6,1,1,5.5,
CHEMBL4295877,Nonmuscle myosin heavy chain,Q789A4,1,1,5.75,
CHEMBL4295891,Choline kinase,Q8IM71,1,1,5.76,
CHEMBL4295894,DCN1-like protein 3,Q8IWE4,1,1,6.23,
CHEMBL4295895,Protein mono-ADP-ribosyltransferase PARP9,Q8IXQ6,1,1,5.51,
CHEMBL4295808,Sphingomyelin phosphodiesterase,Q0VD19,1,1,4.85,
CHEMBL4295816,Sequestosome-1,Q13501,1,1,5.83,
CHEMBL5169116,Perforin-1,P10820,1,1,5.29,
CHEMBL5169118,Kallikrein 1-related peptidase b5,P15945,1,1,8.85,
CHEMBL5169119,L-lactate dehydrogenase B chain,P16125,1,1,5.85,
CHEMBL2073667,Solute carrier family 22 member 4,Q9R141,1,1,4.1,
CHEMBL2073668,Solute carrier family 22 member 4,Q9H015,1,1,4.4,
CHEMBL5169120,GTPase HRas,P20171,1,1,7.0,
CHEMBL5169123,Neuronal acetylcholine receptor subunit alpha-7,P22770,1,1,6.96,
CHEMBL5169129,Neural cell adhesion molecule L1,P32004,1,1,6.42,
CHEMBL5169135,Group IIC secretory phospholipase A2,P48076,1,1,8.0,
CHEMBL5169137,Gem-associated protein 4,P57678,1,1,4.82,
CHEMBL5169143,Ubiquitin-like modifier-activating enzyme 1,Q02053,1,1,5.82,
CHEMBL5169144,Cyclin-dependent kinase 5,Q02399,1,1,6.7,
CHEMBL5169149,Serine/arginine-rich splicing factor 6,Q13247,1,1,4.72,
CHEMBL5169159,RalA-binding protein 1,Q62172,1,1,6.72,
CHEMBL5169163,ADP-ribosyl cyclase/cyclic ADP-ribose hydrolase 1,Q64244,1,1,7.16,
CHEMBL5169169,Mediator of RNA polymerase II transcription subunit 25,Q71SY5,1,1,5.64,
